country_name,country_code,indicator_name,indicator_code,year,value
Aruba,ABW,Expenditure on primary education (% of government expenditure on education),SE.XPD.PRIM.ZS,2000,28.2486
Argentina,ARG,Expenditure on primary education (% of government expenditure on education),SE.XPD.PRIM.ZS,2000,35.69129
Australia,AUS,Expenditure on primary education (% of government expenditure on education),SE.XPD.PRIM.ZS,2000,34.06792
Austria,AUT,Expenditure on primary education (% of government expenditure on education),SE.XPD.PRIM.ZS,2000,19.6978
Burundi,BDI,Expenditure on primary education (% of government expenditure on education),SE.XPD.PRIM.ZS,2000,37.78079
Benin,BEN,Expenditure on primary education (% of government expenditure on education),SE.XPD.PRIM.ZS,2000,51.37396
Bangladesh,BGD,Expenditure on primary education (% of government expenditure on education),SE.XPD.PRIM.ZS,2000,46.49041
Belize,BLZ,Expenditure on primary education (% of government expenditure on education),SE.XPD.PRIM.ZS,2000,60.54413
Brazil,BRA,Expenditure on primary education (% of government expenditure on education),SE.XPD.PRIM.ZS,2000,30.88178
Barbados,BRB,Expenditure on primary education (% of government expenditure on education),SE.XPD.PRIM.ZS,2000,27.64804
Switzerland,CHE,Expenditure on primary education (% of government expenditure on education),SE.XPD.PRIM.ZS,2000,31.41961
Chile,CHL,Expenditure on primary education (% of government expenditure on education),SE.XPD.PRIM.ZS,2000,43.01821
Cote d'Ivoire,CIV,Expenditure on primary education (% of government expenditure on education),SE.XPD.PRIM.ZS,2000,41.55833
Colombia,COL,Expenditure on primary education (% of government expenditure on education),SE.XPD.PRIM.ZS,2000,44.55692
Costa Rica,CRI,Expenditure on primary education (% of government expenditure on education),SE.XPD.PRIM.ZS,2000,46.52694
Caribbean small states,CSS,Expenditure on primary education (% of government expenditure on education),SE.XPD.PRIM.ZS,2000,50.24321
Cuba,CUB,Expenditure on primary education (% of government expenditure on education),SE.XPD.PRIM.ZS,2000,34.50056
Cyprus,CYP,Expenditure on primary education (% of government expenditure on education),SE.XPD.PRIM.ZS,2000,27.56949
Czechia,CZE,Expenditure on primary education (% of government expenditure on education),SE.XPD.PRIM.ZS,2000,18.18888
Denmark,DNK,Expenditure on primary education (% of government expenditure on education),SE.XPD.PRIM.ZS,2000,21.0204
Ecuador,ECU,Expenditure on primary education (% of government expenditure on education),SE.XPD.PRIM.ZS,2000,38.2881
Spain,ESP,Expenditure on primary education (% of government expenditure on education),SE.XPD.PRIM.ZS,2000,25.82618
European Union,EUU,Expenditure on primary education (% of government expenditure on education),SE.XPD.PRIM.ZS,2000,21.211265
Finland,FIN,Expenditure on primary education (% of government expenditure on education),SE.XPD.PRIM.ZS,2000,21.40213
United Kingdom,GBR,Expenditure on primary education (% of government expenditure on education),SE.XPD.PRIM.ZS,2000,24.71135
Hungary,HUN,Expenditure on primary education (% of government expenditure on education),SE.XPD.PRIM.ZS,2000,19.08233
India,IND,Expenditure on primary education (% of government expenditure on education),SE.XPD.PRIM.ZS,2000,37.55736
Ireland,IRL,Expenditure on primary education (% of government expenditure on education),SE.XPD.PRIM.ZS,2000,30.84112
Iceland,ISL,Expenditure on primary education (% of government expenditure on education),SE.XPD.PRIM.ZS,2000,37.01107
Israel,ISR,Expenditure on primary education (% of government expenditure on education),SE.XPD.PRIM.ZS,2000,35.42847
Italy,ITA,Expenditure on primary education (% of government expenditure on education),SE.XPD.PRIM.ZS,2000,25.81831
Kenya,KEN,Expenditure on primary education (% of government expenditure on education),SE.XPD.PRIM.ZS,2000,68.08704
Cambodia,KHM,Expenditure on primary education (% of government expenditure on education),SE.XPD.PRIM.ZS,2000,62.6465
Kiribati,KIR,Expenditure on primary education (% of government expenditure on education),SE.XPD.PRIM.ZS,2000,39.00548
Latin America & Caribbean (excluding high income),LAC,Expenditure on primary education (% of government expenditure on education),SE.XPD.PRIM.ZS,2000,40.35094
Latin America & Caribbean,LCN,Expenditure on primary education (% of government expenditure on education),SE.XPD.PRIM.ZS,2000,41.105465
Lesotho,LSO,Expenditure on primary education (% of government expenditure on education),SE.XPD.PRIM.ZS,2000,48.63788
Latvia,LVA,Expenditure on primary education (% of government expenditure on education),SE.XPD.PRIM.ZS,2000,20.89552
"Macao SAR, China",MAC,Expenditure on primary education (% of government expenditure on education),SE.XPD.PRIM.ZS,2000,24.80577
Monaco,MCO,Expenditure on primary education (% of government expenditure on education),SE.XPD.PRIM.ZS,2000,15.75302
Mexico,MEX,Expenditure on primary education (% of government expenditure on education),SE.XPD.PRIM.ZS,2000,40.35094
Malawi,MWI,Expenditure on primary education (% of government expenditure on education),SE.XPD.PRIM.ZS,2000,52.8109
Malaysia,MYS,Expenditure on primary education (% of government expenditure on education),SE.XPD.PRIM.ZS,2000,27.16796
Namibia,NAM,Expenditure on primary education (% of government expenditure on education),SE.XPD.PRIM.ZS,2000,58.7878
Nepal,NPL,Expenditure on primary education (% of government expenditure on education),SE.XPD.PRIM.ZS,2000,55.02941
OECD members,OED,Expenditure on primary education (% of government expenditure on education),SE.XPD.PRIM.ZS,2000,26.860215
Panama,PAN,Expenditure on primary education (% of government expenditure on education),SE.XPD.PRIM.ZS,2000,37.61984
Peru,PER,Expenditure on primary education (% of government expenditure on education),SE.XPD.PRIM.ZS,2000,41.85999
Philippines,PHL,Expenditure on primary education (% of government expenditure on education),SE.XPD.PRIM.ZS,2000,60.45892
Portugal,PRT,Expenditure on primary education (% of government expenditure on education),SE.XPD.PRIM.ZS,2000,29.94187
Paraguay,PRY,Expenditure on primary education (% of government expenditure on education),SE.XPD.PRIM.ZS,2000,46.40348
Rwanda,RWA,Expenditure on primary education (% of government expenditure on education),SE.XPD.PRIM.ZS,2000,48.17785
South Asia,SAS,Expenditure on primary education (% of government expenditure on education),SE.XPD.PRIM.ZS,2000,46.49041
El Salvador,SLV,Expenditure on primary education (% of government expenditure on education),SE.XPD.PRIM.ZS,2000,53.43486
Small states,SST,Expenditure on primary education (% of government expenditure on education),SE.XPD.PRIM.ZS,2000,42.801155
Slovak Republic,SVK,Expenditure on primary education (% of government expenditure on education),SE.XPD.PRIM.ZS,2000,15.64118
Sweden,SWE,Expenditure on primary education (% of government expenditure on education),SE.XPD.PRIM.ZS,2000,27.89425
Eswatini,SWZ,Expenditure on primary education (% of government expenditure on education),SE.XPD.PRIM.ZS,2000,35.3591
Turks and Caicos Islands,TCA,Expenditure on primary education (% of government expenditure on education),SE.XPD.PRIM.ZS,2000,34.35124
Togo,TGO,Expenditure on primary education (% of government expenditure on education),SE.XPD.PRIM.ZS,2000,48.58945
Thailand,THA,Expenditure on primary education (% of government expenditure on education),SE.XPD.PRIM.ZS,2000,32.22869
Latin America & the Caribbean (IDA & IBRD countries),TLA,Expenditure on primary education (% of government expenditure on education),SE.XPD.PRIM.ZS,2000,41.85999
South Asia (IDA & IBRD),TSA,Expenditure on primary education (% of government expenditure on education),SE.XPD.PRIM.ZS,2000,46.49041
Trinidad and Tobago,TTO,Expenditure on primary education (% of government expenditure on education),SE.XPD.PRIM.ZS,2000,50.24321
Tunisia,TUN,Expenditure on primary education (% of government expenditure on education),SE.XPD.PRIM.ZS,2000,33.3144
Uruguay,URY,Expenditure on primary education (% of government expenditure on education),SE.XPD.PRIM.ZS,2000,32.55352
St. Vincent and the Grenadines,VCT,Expenditure on primary education (% of government expenditure on education),SE.XPD.PRIM.ZS,2000,48.64321
Vanuatu,VUT,Expenditure on primary education (% of government expenditure on education),SE.XPD.PRIM.ZS,2000,36.5275
Samoa,WSM,Expenditure on primary education (% of government expenditure on education),SE.XPD.PRIM.ZS,2000,31.60662
South Africa,ZAF,Expenditure on primary education (% of government expenditure on education),SE.XPD.PRIM.ZS,2000,45.93262
Zambia,ZMB,Expenditure on primary education (% of government expenditure on education),SE.XPD.PRIM.ZS,2000,54.80165
Aruba,ABW,Expenditure on primary education (% of government expenditure on education),SE.XPD.PRIM.ZS,2001,26.13369
Argentina,ARG,Expenditure on primary education (% of government expenditure on education),SE.XPD.PRIM.ZS,2001,37.91883
Austria,AUT,Expenditure on primary education (% of government expenditure on education),SE.XPD.PRIM.ZS,2001,19.63966
Burundi,BDI,Expenditure on primary education (% of government expenditure on education),SE.XPD.PRIM.ZS,2001,40.08182
Benin,BEN,Expenditure on primary education (% of government expenditure on education),SE.XPD.PRIM.ZS,2001,55.3743
Bulgaria,BGR,Expenditure on primary education (% of government expenditure on education),SE.XPD.PRIM.ZS,2001,20.78723
Brazil,BRA,Expenditure on primary education (% of government expenditure on education),SE.XPD.PRIM.ZS,2001,30.00274
Barbados,BRB,Expenditure on primary education (% of government expenditure on education),SE.XPD.PRIM.ZS,2001,29.26084
Central Europe and the Baltics,CEB,Expenditure on primary education (% of government expenditure on education),SE.XPD.PRIM.ZS,2001,19.23077
Switzerland,CHE,Expenditure on primary education (% of government expenditure on education),SE.XPD.PRIM.ZS,2001,31.51195
Cote d'Ivoire,CIV,Expenditure on primary education (% of government expenditure on education),SE.XPD.PRIM.ZS,2001,42.21462
Colombia,COL,Expenditure on primary education (% of government expenditure on education),SE.XPD.PRIM.ZS,2001,44.57196
Costa Rica,CRI,Expenditure on primary education (% of government expenditure on education),SE.XPD.PRIM.ZS,2001,42.75659
Caribbean small states,CSS,Expenditure on primary education (% of government expenditure on education),SE.XPD.PRIM.ZS,2001,45.26161
Cuba,CUB,Expenditure on primary education (% of government expenditure on education),SE.XPD.PRIM.ZS,2001,31.15979
Cyprus,CYP,Expenditure on primary education (% of government expenditure on education),SE.XPD.PRIM.ZS,2001,31.1626
Czechia,CZE,Expenditure on primary education (% of government expenditure on education),SE.XPD.PRIM.ZS,2001,16.76988
Denmark,DNK,Expenditure on primary education (% of government expenditure on education),SE.XPD.PRIM.ZS,2001,22.30624
Dominican Republic,DOM,Expenditure on primary education (% of government expenditure on education),SE.XPD.PRIM.ZS,2001,55.49953
Euro area,EMU,Expenditure on primary education (% of government expenditure on education),SE.XPD.PRIM.ZS,2001,22.8515
Eritrea,ERI,Expenditure on primary education (% of government expenditure on education),SE.XPD.PRIM.ZS,2001,26.53279
Spain,ESP,Expenditure on primary education (% of government expenditure on education),SE.XPD.PRIM.ZS,2001,26.08963
Estonia,EST,Expenditure on primary education (% of government expenditure on education),SE.XPD.PRIM.ZS,2001,29.42103
European Union,EUU,Expenditure on primary education (% of government expenditure on education),SE.XPD.PRIM.ZS,2001,21.62445
Finland,FIN,Expenditure on primary education (% of government expenditure on education),SE.XPD.PRIM.ZS,2001,21.62445
United Kingdom,GBR,Expenditure on primary education (% of government expenditure on education),SE.XPD.PRIM.ZS,2001,24.98936
Ghana,GHA,Expenditure on primary education (% of government expenditure on education),SE.XPD.PRIM.ZS,2001,41.53529
"Gambia, The",GMB,Expenditure on primary education (% of government expenditure on education),SE.XPD.PRIM.ZS,2001,57.83024
High income,HIC,Expenditure on primary education (% of government expenditure on education),SE.XPD.PRIM.ZS,2001,24.98936
"Hong Kong SAR, China",HKG,Expenditure on primary education (% of government expenditure on education),SE.XPD.PRIM.ZS,2001,23.32797
Hungary,HUN,Expenditure on primary education (% of government expenditure on education),SE.XPD.PRIM.ZS,2001,19.07292
Ireland,IRL,Expenditure on primary education (% of government expenditure on education),SE.XPD.PRIM.ZS,2001,31.94093
"Iran, Islamic Rep.",IRN,Expenditure on primary education (% of government expenditure on education),SE.XPD.PRIM.ZS,2001,25.78937
Iceland,ISL,Expenditure on primary education (% of government expenditure on education),SE.XPD.PRIM.ZS,2001,34.50186
Israel,ISR,Expenditure on primary education (% of government expenditure on education),SE.XPD.PRIM.ZS,2001,36.42922
Italy,ITA,Expenditure on primary education (% of government expenditure on education),SE.XPD.PRIM.ZS,2001,24.07855
Kenya,KEN,Expenditure on primary education (% of government expenditure on education),SE.XPD.PRIM.ZS,2001,66.0845
Cambodia,KHM,Expenditure on primary education (% of government expenditure on education),SE.XPD.PRIM.ZS,2001,74.36318
Kiribati,KIR,Expenditure on primary education (% of government expenditure on education),SE.XPD.PRIM.ZS,2001,34.33454
Kuwait,KWT,Expenditure on primary education (% of government expenditure on education),SE.XPD.PRIM.ZS,2001,18.77848
Latin America & Caribbean (excluding high income),LAC,Expenditure on primary education (% of government expenditure on education),SE.XPD.PRIM.ZS,2001,39.27035
Latin America & Caribbean,LCN,Expenditure on primary education (% of government expenditure on education),SE.XPD.PRIM.ZS,2001,39.27035
Lesotho,LSO,Expenditure on primary education (% of government expenditure on education),SE.XPD.PRIM.ZS,2001,53.22691
Latvia,LVA,Expenditure on primary education (% of government expenditure on education),SE.XPD.PRIM.ZS,2001,19.23077
Mexico,MEX,Expenditure on primary education (% of government expenditure on education),SE.XPD.PRIM.ZS,2001,39.57124
Mauritius,MUS,Expenditure on primary education (% of government expenditure on education),SE.XPD.PRIM.ZS,2001,33.17422
Malawi,MWI,Expenditure on primary education (% of government expenditure on education),SE.XPD.PRIM.ZS,2001,45.22538
Malaysia,MYS,Expenditure on primary education (% of government expenditure on education),SE.XPD.PRIM.ZS,2001,27.79817
Namibia,NAM,Expenditure on primary education (% of government expenditure on education),SE.XPD.PRIM.ZS,2001,58.7878
Nepal,NPL,Expenditure on primary education (% of government expenditure on education),SE.XPD.PRIM.ZS,2001,55.3618
OECD members,OED,Expenditure on primary education (% of government expenditure on education),SE.XPD.PRIM.ZS,2001,25.539495
Oman,OMN,Expenditure on primary education (% of government expenditure on education),SE.XPD.PRIM.ZS,2001,37.93771
Other small states,OSS,Expenditure on primary education (% of government expenditure on education),SE.XPD.PRIM.ZS,2001,32.11387
Panama,PAN,Expenditure on primary education (% of government expenditure on education),SE.XPD.PRIM.ZS,2001,33.40638
Peru,PER,Expenditure on primary education (% of government expenditure on education),SE.XPD.PRIM.ZS,2001,38.96946
Philippines,PHL,Expenditure on primary education (% of government expenditure on education),SE.XPD.PRIM.ZS,2001,60.44693
Palau,PLW,Expenditure on primary education (% of government expenditure on education),SE.XPD.PRIM.ZS,2001,44.86443
Portugal,PRT,Expenditure on primary education (% of government expenditure on education),SE.XPD.PRIM.ZS,2001,30.30813
Paraguay,PRY,Expenditure on primary education (% of government expenditure on education),SE.XPD.PRIM.ZS,2001,47.26645
Small states,SST,Expenditure on primary education (% of government expenditure on education),SE.XPD.PRIM.ZS,2001,32.644045
Slovak Republic,SVK,Expenditure on primary education (% of government expenditure on education),SE.XPD.PRIM.ZS,2001,14.89417
Slovenia,SVN,Expenditure on primary education (% of government expenditure on education),SE.XPD.PRIM.ZS,2001,19.32354
Sweden,SWE,Expenditure on primary education (% of government expenditure on education),SE.XPD.PRIM.ZS,2001,27.32787
Eswatini,SWZ,Expenditure on primary education (% of government expenditure on education),SE.XPD.PRIM.ZS,2001,32.11387
Turks and Caicos Islands,TCA,Expenditure on primary education (% of government expenditure on education),SE.XPD.PRIM.ZS,2001,34.39036
Togo,TGO,Expenditure on primary education (% of government expenditure on education),SE.XPD.PRIM.ZS,2001,49.38875
Thailand,THA,Expenditure on primary education (% of government expenditure on education),SE.XPD.PRIM.ZS,2001,32.07042
Latin America & the Caribbean (IDA & IBRD countries),TLA,Expenditure on primary education (% of government expenditure on education),SE.XPD.PRIM.ZS,2001,39.57124
Trinidad and Tobago,TTO,Expenditure on primary education (% of government expenditure on education),SE.XPD.PRIM.ZS,2001,45.26161
Tunisia,TUN,Expenditure on primary education (% of government expenditure on education),SE.XPD.PRIM.ZS,2001,33.14603
Uruguay,URY,Expenditure on primary education (% of government expenditure on education),SE.XPD.PRIM.ZS,2001,37.15629
British Virgin Islands,VGB,Expenditure on primary education (% of government expenditure on education),SE.XPD.PRIM.ZS,2001,27.89102
Vanuatu,VUT,Expenditure on primary education (% of government expenditure on education),SE.XPD.PRIM.ZS,2001,27.85167
Samoa,WSM,Expenditure on primary education (% of government expenditure on education),SE.XPD.PRIM.ZS,2001,36.23877
South Africa,ZAF,Expenditure on primary education (% of government expenditure on education),SE.XPD.PRIM.ZS,2001,44.25636
Aruba,ABW,Expenditure on primary education (% of government expenditure on education),SE.XPD.PRIM.ZS,2002,28.99817
Andorra,AND,Expenditure on primary education (% of government expenditure on education),SE.XPD.PRIM.ZS,2002,27.13887
Argentina,ARG,Expenditure on primary education (% of government expenditure on education),SE.XPD.PRIM.ZS,2002,35.4339
Antigua and Barbuda,ATG,Expenditure on primary education (% of government expenditure on education),SE.XPD.PRIM.ZS,2002,28.55169
Austria,AUT,Expenditure on primary education (% of government expenditure on education),SE.XPD.PRIM.ZS,2002,19.79905
Burundi,BDI,Expenditure on primary education (% of government expenditure on education),SE.XPD.PRIM.ZS,2002,42.86891
Benin,BEN,Expenditure on primary education (% of government expenditure on education),SE.XPD.PRIM.ZS,2002,53.98192
Bangladesh,BGD,Expenditure on primary education (% of government expenditure on education),SE.XPD.PRIM.ZS,2002,45.10525
Bulgaria,BGR,Expenditure on primary education (% of government expenditure on education),SE.XPD.PRIM.ZS,2002,20.09847
Brazil,BRA,Expenditure on primary education (% of government expenditure on education),SE.XPD.PRIM.ZS,2002,28.20427
Barbados,BRB,Expenditure on primary education (% of government expenditure on education),SE.XPD.PRIM.ZS,2002,26.56135
Central Europe and the Baltics,CEB,Expenditure on primary education (% of government expenditure on education),SE.XPD.PRIM.ZS,2002,19.414795
Switzerland,CHE,Expenditure on primary education (% of government expenditure on education),SE.XPD.PRIM.ZS,2002,31.0145
Chile,CHL,Expenditure on primary education (% of government expenditure on education),SE.XPD.PRIM.ZS,2002,42.04219
"Congo, Rep.",COG,Expenditure on primary education (% of government expenditure on education),SE.XPD.PRIM.ZS,2002,35.35986
Comoros,COM,Expenditure on primary education (% of government expenditure on education),SE.XPD.PRIM.ZS,2002,45.21472
Cabo Verde,CPV,Expenditure on primary education (% of government expenditure on education),SE.XPD.PRIM.ZS,2002,43.81183
Costa Rica,CRI,Expenditure on primary education (% of government expenditure on education),SE.XPD.PRIM.ZS,2002,42.41027
Caribbean small states,CSS,Expenditure on primary education (% of government expenditure on education),SE.XPD.PRIM.ZS,2002,48.27441
Cuba,CUB,Expenditure on primary education (% of government expenditure on education),SE.XPD.PRIM.ZS,2002,33.7636
Cyprus,CYP,Expenditure on primary education (% of government expenditure on education),SE.XPD.PRIM.ZS,2002,29.63918
Czechia,CZE,Expenditure on primary education (% of government expenditure on education),SE.XPD.PRIM.ZS,2002,16.08467
Denmark,DNK,Expenditure on primary education (% of government expenditure on education),SE.XPD.PRIM.ZS,2002,22.54934
Dominican Republic,DOM,Expenditure on primary education (% of government expenditure on education),SE.XPD.PRIM.ZS,2002,62.76927
Euro area,EMU,Expenditure on primary education (% of government expenditure on education),SE.XPD.PRIM.ZS,2002,23.708705
Eritrea,ERI,Expenditure on primary education (% of government expenditure on education),SE.XPD.PRIM.ZS,2002,26.01299
Spain,ESP,Expenditure on primary education (% of government expenditure on education),SE.XPD.PRIM.ZS,2002,25.81827
Estonia,EST,Expenditure on primary education (% of government expenditure on education),SE.XPD.PRIM.ZS,2002,28.01744
European Union,EUU,Expenditure on primary education (% of government expenditure on education),SE.XPD.PRIM.ZS,2002,22.07424
Finland,FIN,Expenditure on primary education (% of government expenditure on education),SE.XPD.PRIM.ZS,2002,21.59914
United Kingdom,GBR,Expenditure on primary education (% of government expenditure on education),SE.XPD.PRIM.ZS,2002,23.6289
"Gambia, The",GMB,Expenditure on primary education (% of government expenditure on education),SE.XPD.PRIM.ZS,2002,56.5252
Guyana,GUY,Expenditure on primary education (% of government expenditure on education),SE.XPD.PRIM.ZS,2002,43.0803
High income,HIC,Expenditure on primary education (% of government expenditure on education),SE.XPD.PRIM.ZS,2002,25.81829
"Hong Kong SAR, China",HKG,Expenditure on primary education (% of government expenditure on education),SE.XPD.PRIM.ZS,2002,23.28514
Hungary,HUN,Expenditure on primary education (% of government expenditure on education),SE.XPD.PRIM.ZS,2002,18.10654
Ireland,IRL,Expenditure on primary education (% of government expenditure on education),SE.XPD.PRIM.ZS,2002,32.52211
"Iran, Islamic Rep.",IRN,Expenditure on primary education (% of government expenditure on education),SE.XPD.PRIM.ZS,2002,25.94668
Iceland,ISL,Expenditure on primary education (% of government expenditure on education),SE.XPD.PRIM.ZS,2002,36.21417
Israel,ISR,Expenditure on primary education (% of government expenditure on education),SE.XPD.PRIM.ZS,2002,36.63361
Italy,ITA,Expenditure on primary education (% of government expenditure on education),SE.XPD.PRIM.ZS,2002,25.81831
Cambodia,KHM,Expenditure on primary education (% of government expenditure on education),SE.XPD.PRIM.ZS,2002,64.56828
Kuwait,KWT,Expenditure on primary education (% of government expenditure on education),SE.XPD.PRIM.ZS,2002,18.77843
Latin America & Caribbean (excluding high income),LAC,Expenditure on primary education (% of government expenditure on education),SE.XPD.PRIM.ZS,2002,38.114505
Lao PDR,LAO,Expenditure on primary education (% of government expenditure on education),SE.XPD.PRIM.ZS,2002,45.03373
Latin America & Caribbean,LCN,Expenditure on primary education (% of government expenditure on education),SE.XPD.PRIM.ZS,2002,39.16489
Latvia,LVA,Expenditure on primary education (% of government expenditure on education),SE.XPD.PRIM.ZS,2002,18.73112
"Macao SAR, China",MAC,Expenditure on primary education (% of government expenditure on education),SE.XPD.PRIM.ZS,2002,22.03611
Mexico,MEX,Expenditure on primary education (% of government expenditure on education),SE.XPD.PRIM.ZS,2002,39.16489
Marshall Islands,MHL,Expenditure on primary education (% of government expenditure on education),SE.XPD.PRIM.ZS,2002,45.47052
Malta,MLT,Expenditure on primary education (% of government expenditure on education),SE.XPD.PRIM.ZS,2002,25.02397
Mauritius,MUS,Expenditure on primary education (% of government expenditure on education),SE.XPD.PRIM.ZS,2002,30.528
Malaysia,MYS,Expenditure on primary education (% of government expenditure on education),SE.XPD.PRIM.ZS,2002,31.18679
Namibia,NAM,Expenditure on primary education (% of government expenditure on education),SE.XPD.PRIM.ZS,2002,60.046
Norway,NOR,Expenditure on primary education (% of government expenditure on education),SE.XPD.PRIM.ZS,2002,25.469
Nepal,NPL,Expenditure on primary education (% of government expenditure on education),SE.XPD.PRIM.ZS,2002,59.21355
Nauru,NRU,Expenditure on primary education (% of government expenditure on education),SE.XPD.PRIM.ZS,2002,67.4942
OECD members,OED,Expenditure on primary education (% of government expenditure on education),SE.XPD.PRIM.ZS,2002,25.81829
Oman,OMN,Expenditure on primary education (% of government expenditure on education),SE.XPD.PRIM.ZS,2002,46.80582
Other small states,OSS,Expenditure on primary education (% of government expenditure on education),SE.XPD.PRIM.ZS,2002,30.528
Panama,PAN,Expenditure on primary education (% of government expenditure on education),SE.XPD.PRIM.ZS,2002,32.0895
Peru,PER,Expenditure on primary education (% of government expenditure on education),SE.XPD.PRIM.ZS,2002,37.06412
Philippines,PHL,Expenditure on primary education (% of government expenditure on education),SE.XPD.PRIM.ZS,2002,57.51813
Poland,POL,Expenditure on primary education (% of government expenditure on education),SE.XPD.PRIM.ZS,2002,33.71073
Portugal,PRT,Expenditure on primary education (% of government expenditure on education),SE.XPD.PRIM.ZS,2002,30.97305
Paraguay,PRY,Expenditure on primary education (% of government expenditure on education),SE.XPD.PRIM.ZS,2002,46.87771
South Asia,SAS,Expenditure on primary education (% of government expenditure on education),SE.XPD.PRIM.ZS,2002,52.1594
El Salvador,SLV,Expenditure on primary education (% of government expenditure on education),SE.XPD.PRIM.ZS,2002,58.58606
Small states,SST,Expenditure on primary education (% of government expenditure on education),SE.XPD.PRIM.ZS,2002,34.093915
Slovak Republic,SVK,Expenditure on primary education (% of government expenditure on education),SE.XPD.PRIM.ZS,2002,13.72957
Slovenia,SVN,Expenditure on primary education (% of government expenditure on education),SE.XPD.PRIM.ZS,2002,20.91726
Sweden,SWE,Expenditure on primary education (% of government expenditure on education),SE.XPD.PRIM.ZS,2002,27.98942
Eswatini,SWZ,Expenditure on primary education (% of government expenditure on education),SE.XPD.PRIM.ZS,2002,37.65983
Seychelles,SYC,Expenditure on primary education (% of government expenditure on education),SE.XPD.PRIM.ZS,2002,32.01208
Syrian Arab Republic,SYR,Expenditure on primary education (% of government expenditure on education),SE.XPD.PRIM.ZS,2002,44.37828
Turks and Caicos Islands,TCA,Expenditure on primary education (% of government expenditure on education),SE.XPD.PRIM.ZS,2002,21.11836
Togo,TGO,Expenditure on primary education (% of government expenditure on education),SE.XPD.PRIM.ZS,2002,50.27852
Latin America & the Caribbean (IDA & IBRD countries),TLA,Expenditure on primary education (% of government expenditure on education),SE.XPD.PRIM.ZS,2002,40.60354
Tonga,TON,Expenditure on primary education (% of government expenditure on education),SE.XPD.PRIM.ZS,2002,49.16414
South Asia (IDA & IBRD),TSA,Expenditure on primary education (% of government expenditure on education),SE.XPD.PRIM.ZS,2002,52.1594
Trinidad and Tobago,TTO,Expenditure on primary education (% of government expenditure on education),SE.XPD.PRIM.ZS,2002,48.27441
Tunisia,TUN,Expenditure on primary education (% of government expenditure on education),SE.XPD.PRIM.ZS,2002,32.86089
Uruguay,URY,Expenditure on primary education (% of government expenditure on education),SE.XPD.PRIM.ZS,2002,32.96867
Samoa,WSM,Expenditure on primary education (% of government expenditure on education),SE.XPD.PRIM.ZS,2002,45.78623
South Africa,ZAF,Expenditure on primary education (% of government expenditure on education),SE.XPD.PRIM.ZS,2002,44.14791
Argentina,ARG,Expenditure on primary education (% of government expenditure on education),SE.XPD.PRIM.ZS,2003,38.0148
Austria,AUT,Expenditure on primary education (% of government expenditure on education),SE.XPD.PRIM.ZS,2003,19.72309
Benin,BEN,Expenditure on primary education (% of government expenditure on education),SE.XPD.PRIM.ZS,2003,52.58811
Bangladesh,BGD,Expenditure on primary education (% of government expenditure on education),SE.XPD.PRIM.ZS,2003,45.42799
Bulgaria,BGR,Expenditure on primary education (% of government expenditure on education),SE.XPD.PRIM.ZS,2003,19.10566
Barbados,BRB,Expenditure on primary education (% of government expenditure on education),SE.XPD.PRIM.ZS,2003,26.82197
Central Europe and the Baltics,CEB,Expenditure on primary education (% of government expenditure on education),SE.XPD.PRIM.ZS,2003,17.037685
Switzerland,CHE,Expenditure on primary education (% of government expenditure on education),SE.XPD.PRIM.ZS,2003,29.97404
Chile,CHL,Expenditure on primary education (% of government expenditure on education),SE.XPD.PRIM.ZS,2003,39.79187
Caribbean small states,CSS,Expenditure on primary education (% of government expenditure on education),SE.XPD.PRIM.ZS,2003,39.18242
Cyprus,CYP,Expenditure on primary education (% of government expenditure on education),SE.XPD.PRIM.ZS,2003,27.94729
Czechia,CZE,Expenditure on primary education (% of government expenditure on education),SE.XPD.PRIM.ZS,2003,15.71172
Denmark,DNK,Expenditure on primary education (% of government expenditure on education),SE.XPD.PRIM.ZS,2003,23.53289
Euro area,EMU,Expenditure on primary education (% of government expenditure on education),SE.XPD.PRIM.ZS,2003,21.76347
Spain,ESP,Expenditure on primary education (% of government expenditure on education),SE.XPD.PRIM.ZS,2003,25.71691
Estonia,EST,Expenditure on primary education (% of government expenditure on education),SE.XPD.PRIM.ZS,2003,26.30266
European Union,EUU,Expenditure on primary education (% of government expenditure on education),SE.XPD.PRIM.ZS,2003,21.682465
Finland,FIN,Expenditure on primary education (% of government expenditure on education),SE.XPD.PRIM.ZS,2003,21.60146
United Kingdom,GBR,Expenditure on primary education (% of government expenditure on education),SE.XPD.PRIM.ZS,2003,25.47734
"Gambia, The",GMB,Expenditure on primary education (% of government expenditure on education),SE.XPD.PRIM.ZS,2003,54.45651
Grenada,GRD,Expenditure on primary education (% of government expenditure on education),SE.XPD.PRIM.ZS,2003,36.38402
Guyana,GUY,Expenditure on primary education (% of government expenditure on education),SE.XPD.PRIM.ZS,2003,38.70894
High income,HIC,Expenditure on primary education (% of government expenditure on education),SE.XPD.PRIM.ZS,2003,25.565595
"Hong Kong SAR, China",HKG,Expenditure on primary education (% of government expenditure on education),SE.XPD.PRIM.ZS,2003,23.3798
Hungary,HUN,Expenditure on primary education (% of government expenditure on education),SE.XPD.PRIM.ZS,2003,16.909
India,IND,Expenditure on primary education (% of government expenditure on education),SE.XPD.PRIM.ZS,2003,36.07693
Ireland,IRL,Expenditure on primary education (% of government expenditure on education),SE.XPD.PRIM.ZS,2003,34.1786
"Iran, Islamic Rep.",IRN,Expenditure on primary education (% of government expenditure on education),SE.XPD.PRIM.ZS,2003,24.19935
Iceland,ISL,Expenditure on primary education (% of government expenditure on education),SE.XPD.PRIM.ZS,2003,34.86933
Israel,ISR,Expenditure on primary education (% of government expenditure on education),SE.XPD.PRIM.ZS,2003,35.89366
Italy,ITA,Expenditure on primary education (% of government expenditure on education),SE.XPD.PRIM.ZS,2003,25.65385
Jamaica,JAM,Expenditure on primary education (% of government expenditure on education),SE.XPD.PRIM.ZS,2003,36.43051
Kenya,KEN,Expenditure on primary education (% of government expenditure on education),SE.XPD.PRIM.ZS,2003,62.9527
St. Lucia,LCA,Expenditure on primary education (% of government expenditure on education),SE.XPD.PRIM.ZS,2003,47.21373
Liechtenstein,LIE,Expenditure on primary education (% of government expenditure on education),SE.XPD.PRIM.ZS,2003,29.26718
Lithuania,LTU,Expenditure on primary education (% of government expenditure on education),SE.XPD.PRIM.ZS,2003,14.79363
Latvia,LVA,Expenditure on primary education (% of government expenditure on education),SE.XPD.PRIM.ZS,2003,17.16637
"Macao SAR, China",MAC,Expenditure on primary education (% of government expenditure on education),SE.XPD.PRIM.ZS,2003,24.79608
Maldives,MDV,Expenditure on primary education (% of government expenditure on education),SE.XPD.PRIM.ZS,2003,54.12831
Mexico,MEX,Expenditure on primary education (% of government expenditure on education),SE.XPD.PRIM.ZS,2003,39.28331
Mauritius,MUS,Expenditure on primary education (% of government expenditure on education),SE.XPD.PRIM.ZS,2003,31.40319
Malawi,MWI,Expenditure on primary education (% of government expenditure on education),SE.XPD.PRIM.ZS,2003,54.9243
Malaysia,MYS,Expenditure on primary education (% of government expenditure on education),SE.XPD.PRIM.ZS,2003,29.27681
Namibia,NAM,Expenditure on primary education (% of government expenditure on education),SE.XPD.PRIM.ZS,2003,63.13306
Niger,NER,Expenditure on primary education (% of government expenditure on education),SE.XPD.PRIM.ZS,2003,72.6454
Norway,NOR,Expenditure on primary education (% of government expenditure on education),SE.XPD.PRIM.ZS,2003,26.63089
Nepal,NPL,Expenditure on primary education (% of government expenditure on education),SE.XPD.PRIM.ZS,2003,56.471
OECD members,OED,Expenditure on primary education (% of government expenditure on education),SE.XPD.PRIM.ZS,2003,25.68538
Other small states,OSS,Expenditure on primary education (% of government expenditure on education),SE.XPD.PRIM.ZS,2003,31.40319
Peru,PER,Expenditure on primary education (% of government expenditure on education),SE.XPD.PRIM.ZS,2003,35.9535
Philippines,PHL,Expenditure on primary education (% of government expenditure on education),SE.XPD.PRIM.ZS,2003,59.06715
Poland,POL,Expenditure on primary education (% of government expenditure on education),SE.XPD.PRIM.ZS,2003,33.37789
Portugal,PRT,Expenditure on primary education (% of government expenditure on education),SE.XPD.PRIM.ZS,2003,30.37897
Paraguay,PRY,Expenditure on primary education (% of government expenditure on education),SE.XPD.PRIM.ZS,2003,46.44362
Romania,ROU,Expenditure on primary education (% of government expenditure on education),SE.XPD.PRIM.ZS,2003,15.90884
South Asia,SAS,Expenditure on primary education (% of government expenditure on education),SE.XPD.PRIM.ZS,2003,45.42799
El Salvador,SLV,Expenditure on primary education (% of government expenditure on education),SE.XPD.PRIM.ZS,2003,57.18156
Small states,SST,Expenditure on primary education (% of government expenditure on education),SE.XPD.PRIM.ZS,2003,31.57643
Slovak Republic,SVK,Expenditure on primary education (% of government expenditure on education),SE.XPD.PRIM.ZS,2003,14.95036
Slovenia,SVN,Expenditure on primary education (% of government expenditure on education),SE.XPD.PRIM.ZS,2003,21.76347
Sweden,SWE,Expenditure on primary education (% of government expenditure on education),SE.XPD.PRIM.ZS,2003,27.55029
Eswatini,SWZ,Expenditure on primary education (% of government expenditure on education),SE.XPD.PRIM.ZS,2003,31.74967
Seychelles,SYC,Expenditure on primary education (% of government expenditure on education),SE.XPD.PRIM.ZS,2003,32.82093
Turks and Caicos Islands,TCA,Expenditure on primary education (% of government expenditure on education),SE.XPD.PRIM.ZS,2003,21.61944
Togo,TGO,Expenditure on primary education (% of government expenditure on education),SE.XPD.PRIM.ZS,2003,49.08111
Tonga,TON,Expenditure on primary education (% of government expenditure on education),SE.XPD.PRIM.ZS,2003,37.76228
South Asia (IDA & IBRD),TSA,Expenditure on primary education (% of government expenditure on education),SE.XPD.PRIM.ZS,2003,45.42799
Trinidad and Tobago,TTO,Expenditure on primary education (% of government expenditure on education),SE.XPD.PRIM.ZS,2003,39.18242
Tunisia,TUN,Expenditure on primary education (% of government expenditure on education),SE.XPD.PRIM.ZS,2003,34.98011
Uruguay,URY,Expenditure on primary education (% of government expenditure on education),SE.XPD.PRIM.ZS,2003,31.09611
St. Vincent and the Grenadines,VCT,Expenditure on primary education (% of government expenditure on education),SE.XPD.PRIM.ZS,2003,39.23023
South Africa,ZAF,Expenditure on primary education (% of government expenditure on education),SE.XPD.PRIM.ZS,2003,41.69572
Aruba,ABW,Expenditure on primary education (% of government expenditure on education),SE.XPD.PRIM.ZS,2004,26.70415
Andorra,AND,Expenditure on primary education (% of government expenditure on education),SE.XPD.PRIM.ZS,2004,29.27523
Argentina,ARG,Expenditure on primary education (% of government expenditure on education),SE.XPD.PRIM.ZS,2004,36.69546
Austria,AUT,Expenditure on primary education (% of government expenditure on education),SE.XPD.PRIM.ZS,2004,18.95076
Burundi,BDI,Expenditure on primary education (% of government expenditure on education),SE.XPD.PRIM.ZS,2004,50.65756
Benin,BEN,Expenditure on primary education (% of government expenditure on education),SE.XPD.PRIM.ZS,2004,51.19521
Bangladesh,BGD,Expenditure on primary education (% of government expenditure on education),SE.XPD.PRIM.ZS,2004,39.98727
Bulgaria,BGR,Expenditure on primary education (% of government expenditure on education),SE.XPD.PRIM.ZS,2004,19.49264
Belize,BLZ,Expenditure on primary education (% of government expenditure on education),SE.XPD.PRIM.ZS,2004,42.64609
Bermuda,BMU,Expenditure on primary education (% of government expenditure on education),SE.XPD.PRIM.ZS,2004,39.97492
Brazil,BRA,Expenditure on primary education (% of government expenditure on education),SE.XPD.PRIM.ZS,2004,32.93215
Barbados,BRB,Expenditure on primary education (% of government expenditure on education),SE.XPD.PRIM.ZS,2004,27.34454
Bhutan,BTN,Expenditure on primary education (% of government expenditure on education),SE.XPD.PRIM.ZS,2004,19.36391
Central Europe and the Baltics,CEB,Expenditure on primary education (% of government expenditure on education),SE.XPD.PRIM.ZS,2004,16.28647
Switzerland,CHE,Expenditure on primary education (% of government expenditure on education),SE.XPD.PRIM.ZS,2004,30.0204
Chile,CHL,Expenditure on primary education (% of government expenditure on education),SE.XPD.PRIM.ZS,2004,37.77649
Colombia,COL,Expenditure on primary education (% of government expenditure on education),SE.XPD.PRIM.ZS,2004,48.3245
Costa Rica,CRI,Expenditure on primary education (% of government expenditure on education),SE.XPD.PRIM.ZS,2004,45.45815
Cuba,CUB,Expenditure on primary education (% of government expenditure on education),SE.XPD.PRIM.ZS,2004,31.76125
Cyprus,CYP,Expenditure on primary education (% of government expenditure on education),SE.XPD.PRIM.ZS,2004,27.50617
Czechia,CZE,Expenditure on primary education (% of government expenditure on education),SE.XPD.PRIM.ZS,2004,15.18484
Denmark,DNK,Expenditure on primary education (% of government expenditure on education),SE.XPD.PRIM.ZS,2004,22.91051
Euro area,EMU,Expenditure on primary education (% of government expenditure on education),SE.XPD.PRIM.ZS,2004,25.75717
Eritrea,ERI,Expenditure on primary education (% of government expenditure on education),SE.XPD.PRIM.ZS,2004,23.06672
Spain,ESP,Expenditure on primary education (% of government expenditure on education),SE.XPD.PRIM.ZS,2004,25.98275
Estonia,EST,Expenditure on primary education (% of government expenditure on education),SE.XPD.PRIM.ZS,2004,25.75717
European Union,EUU,Expenditure on primary education (% of government expenditure on education),SE.XPD.PRIM.ZS,2004,22.149575
Finland,FIN,Expenditure on primary education (% of government expenditure on education),SE.XPD.PRIM.ZS,2004,21.38864
Fiji,FJI,Expenditure on primary education (% of government expenditure on education),SE.XPD.PRIM.ZS,2004,39.08499
United Kingdom,GBR,Expenditure on primary education (% of government expenditure on education),SE.XPD.PRIM.ZS,2004,26.19924
Ghana,GHA,Expenditure on primary education (% of government expenditure on education),SE.XPD.PRIM.ZS,2004,39.70232
"Gambia, The",GMB,Expenditure on primary education (% of government expenditure on education),SE.XPD.PRIM.ZS,2004,61.16555
Guyana,GUY,Expenditure on primary education (% of government expenditure on education),SE.XPD.PRIM.ZS,2004,32.14363
High income,HIC,Expenditure on primary education (% of government expenditure on education),SE.XPD.PRIM.ZS,2004,25.79931
"Hong Kong SAR, China",HKG,Expenditure on primary education (% of government expenditure on education),SE.XPD.PRIM.ZS,2004,22.97219
Hungary,HUN,Expenditure on primary education (% of government expenditure on education),SE.XPD.PRIM.ZS,2004,18.97679
India,IND,Expenditure on primary education (% of government expenditure on education),SE.XPD.PRIM.ZS,2004,36.37518
Ireland,IRL,Expenditure on primary education (% of government expenditure on education),SE.XPD.PRIM.ZS,2004,33.51409
"Iran, Islamic Rep.",IRN,Expenditure on primary education (% of government expenditure on education),SE.XPD.PRIM.ZS,2004,23.22785
Iceland,ISL,Expenditure on primary education (% of government expenditure on education),SE.XPD.PRIM.ZS,2004,34.75124
Israel,ISR,Expenditure on primary education (% of government expenditure on education),SE.XPD.PRIM.ZS,2004,36.89154
Italy,ITA,Expenditure on primary education (% of government expenditure on education),SE.XPD.PRIM.ZS,2004,25.79931
Jamaica,JAM,Expenditure on primary education (% of government expenditure on education),SE.XPD.PRIM.ZS,2004,32.63466
Kenya,KEN,Expenditure on primary education (% of government expenditure on education),SE.XPD.PRIM.ZS,2004,62.11754
Kuwait,KWT,Expenditure on primary education (% of government expenditure on education),SE.XPD.PRIM.ZS,2004,18.81727
Latin America & Caribbean (excluding high income),LAC,Expenditure on primary education (% of government expenditure on education),SE.XPD.PRIM.ZS,2004,36.95811
St. Lucia,LCA,Expenditure on primary education (% of government expenditure on education),SE.XPD.PRIM.ZS,2004,47.21373
Latin America & Caribbean,LCN,Expenditure on primary education (% of government expenditure on education),SE.XPD.PRIM.ZS,2004,36.95811
Liechtenstein,LIE,Expenditure on primary education (% of government expenditure on education),SE.XPD.PRIM.ZS,2004,29.00164
Late-demographic dividend,LTE,Expenditure on primary education (% of government expenditure on education),SE.XPD.PRIM.ZS,2004,31.24163
Lithuania,LTU,Expenditure on primary education (% of government expenditure on education),SE.XPD.PRIM.ZS,2004,14.31399
Latvia,LVA,Expenditure on primary education (% of government expenditure on education),SE.XPD.PRIM.ZS,2004,16.28647
Monaco,MCO,Expenditure on primary education (% of government expenditure on education),SE.XPD.PRIM.ZS,2004,15.39129
Maldives,MDV,Expenditure on primary education (% of government expenditure on education),SE.XPD.PRIM.ZS,2004,54.12893
Mexico,MEX,Expenditure on primary education (% of government expenditure on education),SE.XPD.PRIM.ZS,2004,40.00292
Malta,MLT,Expenditure on primary education (% of government expenditure on education),SE.XPD.PRIM.ZS,2004,21.09898
Mongolia,MNG,Expenditure on primary education (% of government expenditure on education),SE.XPD.PRIM.ZS,2004,25.06783
Mauritius,MUS,Expenditure on primary education (% of government expenditure on education),SE.XPD.PRIM.ZS,2004,29.93843
Malaysia,MYS,Expenditure on primary education (% of government expenditure on education),SE.XPD.PRIM.ZS,2004,29.57187
Norway,NOR,Expenditure on primary education (% of government expenditure on education),SE.XPD.PRIM.ZS,2004,25.24975
OECD members,OED,Expenditure on primary education (% of government expenditure on education),SE.XPD.PRIM.ZS,2004,25.98275
Oman,OMN,Expenditure on primary education (% of government expenditure on education),SE.XPD.PRIM.ZS,2004,47.97666
Other small states,OSS,Expenditure on primary education (% of government expenditure on education),SE.XPD.PRIM.ZS,2004,28.7223
Panama,PAN,Expenditure on primary education (% of government expenditure on education),SE.XPD.PRIM.ZS,2004,34.51866
Peru,PER,Expenditure on primary education (% of government expenditure on education),SE.XPD.PRIM.ZS,2004,37.22076
Philippines,PHL,Expenditure on primary education (% of government expenditure on education),SE.XPD.PRIM.ZS,2004,54.32305
Poland,POL,Expenditure on primary education (% of government expenditure on education),SE.XPD.PRIM.ZS,2004,31.5182
Portugal,PRT,Expenditure on primary education (% of government expenditure on education),SE.XPD.PRIM.ZS,2004,31.25675
Paraguay,PRY,Expenditure on primary education (% of government expenditure on education),SE.XPD.PRIM.ZS,2004,46.62214
Romania,ROU,Expenditure on primary education (% of government expenditure on education),SE.XPD.PRIM.ZS,2004,13.96431
South Asia,SAS,Expenditure on primary education (% of government expenditure on education),SE.XPD.PRIM.ZS,2004,38.181225
Small states,SST,Expenditure on primary education (% of government expenditure on education),SE.XPD.PRIM.ZS,2004,28.7223
Slovak Republic,SVK,Expenditure on primary education (% of government expenditure on education),SE.XPD.PRIM.ZS,2004,13.39768
Sweden,SWE,Expenditure on primary education (% of government expenditure on education),SE.XPD.PRIM.ZS,2004,26.9065
Eswatini,SWZ,Expenditure on primary education (% of government expenditure on education),SE.XPD.PRIM.ZS,2004,37.65524
Chad,TCD,Expenditure on primary education (% of government expenditure on education),SE.XPD.PRIM.ZS,2004,45.55756
Togo,TGO,Expenditure on primary education (% of government expenditure on education),SE.XPD.PRIM.ZS,2004,42.79547
Thailand,THA,Expenditure on primary education (% of government expenditure on education),SE.XPD.PRIM.ZS,2004,30.96506
Latin America & the Caribbean (IDA & IBRD countries),TLA,Expenditure on primary education (% of government expenditure on education),SE.XPD.PRIM.ZS,2004,37.22076
Tonga,TON,Expenditure on primary education (% of government expenditure on education),SE.XPD.PRIM.ZS,2004,44.4381
South Asia (IDA & IBRD),TSA,Expenditure on primary education (% of government expenditure on education),SE.XPD.PRIM.ZS,2004,38.181225
Tunisia,TUN,Expenditure on primary education (% of government expenditure on education),SE.XPD.PRIM.ZS,2004,35.24702
Tanzania,TZA,Expenditure on primary education (% of government expenditure on education),SE.XPD.PRIM.ZS,2004,61.77353
Uganda,UGA,Expenditure on primary education (% of government expenditure on education),SE.XPD.PRIM.ZS,2004,61.21026
Uruguay,URY,Expenditure on primary education (% of government expenditure on education),SE.XPD.PRIM.ZS,2004,32.46508
South Africa,ZAF,Expenditure on primary education (% of government expenditure on education),SE.XPD.PRIM.ZS,2004,40.44617
Zambia,ZMB,Expenditure on primary education (% of government expenditure on education),SE.XPD.PRIM.ZS,2004,63.86121
Aruba,ABW,Expenditure on primary education (% of government expenditure on education),SE.XPD.PRIM.ZS,2005,26.73218
Angola,AGO,Expenditure on primary education (% of government expenditure on education),SE.XPD.PRIM.ZS,2005,36.49876
Andorra,AND,Expenditure on primary education (% of government expenditure on education),SE.XPD.PRIM.ZS,2005,24.13593
Argentina,ARG,Expenditure on primary education (% of government expenditure on education),SE.XPD.PRIM.ZS,2005,34.19573
Australia,AUS,Expenditure on primary education (% of government expenditure on education),SE.XPD.PRIM.ZS,2005,34.62461
Austria,AUT,Expenditure on primary education (% of government expenditure on education),SE.XPD.PRIM.ZS,2005,18.99533
Burundi,BDI,Expenditure on primary education (% of government expenditure on education),SE.XPD.PRIM.ZS,2005,51.55736
Benin,BEN,Expenditure on primary education (% of government expenditure on education),SE.XPD.PRIM.ZS,2005,45.96998
Burkina Faso,BFA,Expenditure on primary education (% of government expenditure on education),SE.XPD.PRIM.ZS,2005,71.18099
Bulgaria,BGR,Expenditure on primary education (% of government expenditure on education),SE.XPD.PRIM.ZS,2005,20.29997
Bermuda,BMU,Expenditure on primary education (% of government expenditure on education),SE.XPD.PRIM.ZS,2005,40.74734
Brazil,BRA,Expenditure on primary education (% of government expenditure on education),SE.XPD.PRIM.ZS,2005,34.01563
Barbados,BRB,Expenditure on primary education (% of government expenditure on education),SE.XPD.PRIM.ZS,2005,27.89376
Bhutan,BTN,Expenditure on primary education (% of government expenditure on education),SE.XPD.PRIM.ZS,2005,22.31675
Botswana,BWA,Expenditure on primary education (% of government expenditure on education),SE.XPD.PRIM.ZS,2005,30.03084
Central Europe and the Baltics,CEB,Expenditure on primary education (% of government expenditure on education),SE.XPD.PRIM.ZS,2005,18.614745
Switzerland,CHE,Expenditure on primary education (% of government expenditure on education),SE.XPD.PRIM.ZS,2005,29.6854
Chile,CHL,Expenditure on primary education (% of government expenditure on education),SE.XPD.PRIM.ZS,2005,37.40762
Cameroon,CMR,Expenditure on primary education (% of government expenditure on education),SE.XPD.PRIM.ZS,2005,35.06433
"Congo, Rep.",COG,Expenditure on primary education (% of government expenditure on education),SE.XPD.PRIM.ZS,2005,27.25437
Colombia,COL,Expenditure on primary education (% of government expenditure on education),SE.XPD.PRIM.ZS,2005,47.43698
Cuba,CUB,Expenditure on primary education (% of government expenditure on education),SE.XPD.PRIM.ZS,2005,30.31329
Cayman Islands,CYM,Expenditure on primary education (% of government expenditure on education),SE.XPD.PRIM.ZS,2005,49.25914
Cyprus,CYP,Expenditure on primary education (% of government expenditure on education),SE.XPD.PRIM.ZS,2005,27.30502
Czechia,CZE,Expenditure on primary education (% of government expenditure on education),SE.XPD.PRIM.ZS,2005,14.52153
Denmark,DNK,Expenditure on primary education (% of government expenditure on education),SE.XPD.PRIM.ZS,2005,23.26011
Euro area,EMU,Expenditure on primary education (% of government expenditure on education),SE.XPD.PRIM.ZS,2005,24.937585
Spain,ESP,Expenditure on primary education (% of government expenditure on education),SE.XPD.PRIM.ZS,2005,25.77435
Estonia,EST,Expenditure on primary education (% of government expenditure on education),SE.XPD.PRIM.ZS,2005,25.2957
European Union,EUU,Expenditure on primary education (% of government expenditure on education),SE.XPD.PRIM.ZS,2005,23.26011
Finland,FIN,Expenditure on primary education (% of government expenditure on education),SE.XPD.PRIM.ZS,2005,20.75982
United Kingdom,GBR,Expenditure on primary education (% of government expenditure on education),SE.XPD.PRIM.ZS,2005,26.46495
Ghana,GHA,Expenditure on primary education (% of government expenditure on education),SE.XPD.PRIM.ZS,2005,39.45372
"Gambia, The",GMB,Expenditure on primary education (% of government expenditure on education),SE.XPD.PRIM.ZS,2005,61.44626
High income,HIC,Expenditure on primary education (% of government expenditure on education),SE.XPD.PRIM.ZS,2005,25.2957
"Hong Kong SAR, China",HKG,Expenditure on primary education (% of government expenditure on education),SE.XPD.PRIM.ZS,2005,23.10701
Hungary,HUN,Expenditure on primary education (% of government expenditure on education),SE.XPD.PRIM.ZS,2005,20.0893
India,IND,Expenditure on primary education (% of government expenditure on education),SE.XPD.PRIM.ZS,2005,35.58925
Ireland,IRL,Expenditure on primary education (% of government expenditure on education),SE.XPD.PRIM.ZS,2005,33.64608
"Iran, Islamic Rep.",IRN,Expenditure on primary education (% of government expenditure on education),SE.XPD.PRIM.ZS,2005,22.43949
Iceland,ISL,Expenditure on primary education (% of government expenditure on education),SE.XPD.PRIM.ZS,2005,35.02579
Israel,ISR,Expenditure on primary education (% of government expenditure on education),SE.XPD.PRIM.ZS,2005,37.50441
Italy,ITA,Expenditure on primary education (% of government expenditure on education),SE.XPD.PRIM.ZS,2005,24.57947
Jamaica,JAM,Expenditure on primary education (% of government expenditure on education),SE.XPD.PRIM.ZS,2005,34.22772
Kuwait,KWT,Expenditure on primary education (% of government expenditure on education),SE.XPD.PRIM.ZS,2005,19.83133
Latin America & Caribbean (excluding high income),LAC,Expenditure on primary education (% of government expenditure on education),SE.XPD.PRIM.ZS,2005,34.91046
Lao PDR,LAO,Expenditure on primary education (% of government expenditure on education),SE.XPD.PRIM.ZS,2005,62.53258
Lesotho,LSO,Expenditure on primary education (% of government expenditure on education),SE.XPD.PRIM.ZS,2005,43.03617
Lithuania,LTU,Expenditure on primary education (% of government expenditure on education),SE.XPD.PRIM.ZS,2005,14.91719
Madagascar,MDG,Expenditure on primary education (% of government expenditure on education),SE.XPD.PRIM.ZS,2005,57.30637
Maldives,MDV,Expenditure on primary education (% of government expenditure on education),SE.XPD.PRIM.ZS,2005,54.12952
Mexico,MEX,Expenditure on primary education (% of government expenditure on education),SE.XPD.PRIM.ZS,2005,39.0791
Mauritius,MUS,Expenditure on primary education (% of government expenditure on education),SE.XPD.PRIM.ZS,2005,27.16528
Norway,NOR,Expenditure on primary education (% of government expenditure on education),SE.XPD.PRIM.ZS,2005,25.02401
OECD members,OED,Expenditure on primary education (% of government expenditure on education),SE.XPD.PRIM.ZS,2005,26.006185
Oman,OMN,Expenditure on primary education (% of government expenditure on education),SE.XPD.PRIM.ZS,2005,50.5356
Other small states,OSS,Expenditure on primary education (% of government expenditure on education),SE.XPD.PRIM.ZS,2005,27.23515
Peru,PER,Expenditure on primary education (% of government expenditure on education),SE.XPD.PRIM.ZS,2005,35.5932
Philippines,PHL,Expenditure on primary education (% of government expenditure on education),SE.XPD.PRIM.ZS,2005,51.99414
Poland,POL,Expenditure on primary education (% of government expenditure on education),SE.XPD.PRIM.ZS,2005,30.95879
Portugal,PRT,Expenditure on primary education (% of government expenditure on education),SE.XPD.PRIM.ZS,2005,30.64015
Post-demographic dividend,PST,Expenditure on primary education (% of government expenditure on education),SE.XPD.PRIM.ZS,2005,24.57947
Romania,ROU,Expenditure on primary education (% of government expenditure on education),SE.XPD.PRIM.ZS,2005,13.76993
Senegal,SEN,Expenditure on primary education (% of government expenditure on education),SE.XPD.PRIM.ZS,2005,41.80923
El Salvador,SLV,Expenditure on primary education (% of government expenditure on education),SE.XPD.PRIM.ZS,2005,51.00015
Small states,SST,Expenditure on primary education (% of government expenditure on education),SE.XPD.PRIM.ZS,2005,27.23515
Slovak Republic,SVK,Expenditure on primary education (% of government expenditure on education),SE.XPD.PRIM.ZS,2005,17.14019
Sweden,SWE,Expenditure on primary education (% of government expenditure on education),SE.XPD.PRIM.ZS,2005,26.23802
Eswatini,SWZ,Expenditure on primary education (% of government expenditure on education),SE.XPD.PRIM.ZS,2005,39.85914
Turks and Caicos Islands,TCA,Expenditure on primary education (% of government expenditure on education),SE.XPD.PRIM.ZS,2005,30.00212
Chad,TCD,Expenditure on primary education (% of government expenditure on education),SE.XPD.PRIM.ZS,2005,45.78488
Togo,TGO,Expenditure on primary education (% of government expenditure on education),SE.XPD.PRIM.ZS,2005,41.77848
Tunisia,TUN,Expenditure on primary education (% of government expenditure on education),SE.XPD.PRIM.ZS,2005,34.2771
Tanzania,TZA,Expenditure on primary education (% of government expenditure on education),SE.XPD.PRIM.ZS,2005,56.02344
Uruguay,URY,Expenditure on primary education (% of government expenditure on education),SE.XPD.PRIM.ZS,2005,33.78484
St. Vincent and the Grenadines,VCT,Expenditure on primary education (% of government expenditure on education),SE.XPD.PRIM.ZS,2005,40.9659
British Virgin Islands,VGB,Expenditure on primary education (% of government expenditure on education),SE.XPD.PRIM.ZS,2005,33.74862
South Africa,ZAF,Expenditure on primary education (% of government expenditure on education),SE.XPD.PRIM.ZS,2005,42.94778
Zambia,ZMB,Expenditure on primary education (% of government expenditure on education),SE.XPD.PRIM.ZS,2005,59.7587
Africa Western and Central,AFW,Expenditure on primary education (% of government expenditure on education),SE.XPD.PRIM.ZS,2006,49.11833
Angola,AGO,Expenditure on primary education (% of government expenditure on education),SE.XPD.PRIM.ZS,2006,31.43351
Andorra,AND,Expenditure on primary education (% of government expenditure on education),SE.XPD.PRIM.ZS,2006,23.76173
Argentina,ARG,Expenditure on primary education (% of government expenditure on education),SE.XPD.PRIM.ZS,2006,35.04241
Australia,AUS,Expenditure on primary education (% of government expenditure on education),SE.XPD.PRIM.ZS,2006,34.96822
Austria,AUT,Expenditure on primary education (% of government expenditure on education),SE.XPD.PRIM.ZS,2006,18.56855
Benin,BEN,Expenditure on primary education (% of government expenditure on education),SE.XPD.PRIM.ZS,2006,53.1921
Burkina Faso,BFA,Expenditure on primary education (% of government expenditure on education),SE.XPD.PRIM.ZS,2006,66.81058
Bangladesh,BGD,Expenditure on primary education (% of government expenditure on education),SE.XPD.PRIM.ZS,2006,41.95689
Bulgaria,BGR,Expenditure on primary education (% of government expenditure on education),SE.XPD.PRIM.ZS,2006,19.71527
Brazil,BRA,Expenditure on primary education (% of government expenditure on education),SE.XPD.PRIM.ZS,2006,32.02467
Central African Republic,CAF,Expenditure on primary education (% of government expenditure on education),SE.XPD.PRIM.ZS,2006,52.45674
Central Europe and the Baltics,CEB,Expenditure on primary education (% of government expenditure on education),SE.XPD.PRIM.ZS,2006,19.605305
Switzerland,CHE,Expenditure on primary education (% of government expenditure on education),SE.XPD.PRIM.ZS,2006,29.23546
Chile,CHL,Expenditure on primary education (% of government expenditure on education),SE.XPD.PRIM.ZS,2006,35.89175
Cote d'Ivoire,CIV,Expenditure on primary education (% of government expenditure on education),SE.XPD.PRIM.ZS,2006,45.77992
Cameroon,CMR,Expenditure on primary education (% of government expenditure on education),SE.XPD.PRIM.ZS,2006,38.64605
Cabo Verde,CPV,Expenditure on primary education (% of government expenditure on education),SE.XPD.PRIM.ZS,2006,48.6778
Costa Rica,CRI,Expenditure on primary education (% of government expenditure on education),SE.XPD.PRIM.ZS,2006,39.42055
Cuba,CUB,Expenditure on primary education (% of government expenditure on education),SE.XPD.PRIM.ZS,2006,29.31407
Cayman Islands,CYM,Expenditure on primary education (% of government expenditure on education),SE.XPD.PRIM.ZS,2006,45.97365
Cyprus,CYP,Expenditure on primary education (% of government expenditure on education),SE.XPD.PRIM.ZS,2006,27.79002
Czechia,CZE,Expenditure on primary education (% of government expenditure on education),SE.XPD.PRIM.ZS,2006,13.56469
Germany,DEU,Expenditure on primary education (% of government expenditure on education),SE.XPD.PRIM.ZS,2006,14.73804
Djibouti,DJI,Expenditure on primary education (% of government expenditure on education),SE.XPD.PRIM.ZS,2006,17.57367
Denmark,DNK,Expenditure on primary education (% of government expenditure on education),SE.XPD.PRIM.ZS,2006,23.69029
Euro area,EMU,Expenditure on primary education (% of government expenditure on education),SE.XPD.PRIM.ZS,2006,25.05577
Spain,ESP,Expenditure on primary education (% of government expenditure on education),SE.XPD.PRIM.ZS,2006,25.70718
European Union,EUU,Expenditure on primary education (% of government expenditure on education),SE.XPD.PRIM.ZS,2006,24.29607
Finland,FIN,Expenditure on primary education (% of government expenditure on education),SE.XPD.PRIM.ZS,2006,20.6202
United Kingdom,GBR,Expenditure on primary education (% of government expenditure on education),SE.XPD.PRIM.ZS,2006,29.44554
Ghana,GHA,Expenditure on primary education (% of government expenditure on education),SE.XPD.PRIM.ZS,2006,36.89679
"Gambia, The",GMB,Expenditure on primary education (% of government expenditure on education),SE.XPD.PRIM.ZS,2006,63.43244
Guatemala,GTM,Expenditure on primary education (% of government expenditure on education),SE.XPD.PRIM.ZS,2006,67.15162
Guyana,GUY,Expenditure on primary education (% of government expenditure on education),SE.XPD.PRIM.ZS,2006,28.80405
High income,HIC,Expenditure on primary education (% of government expenditure on education),SE.XPD.PRIM.ZS,2006,25.499845
"Hong Kong SAR, China",HKG,Expenditure on primary education (% of government expenditure on education),SE.XPD.PRIM.ZS,2006,22.20584
Hungary,HUN,Expenditure on primary education (% of government expenditure on education),SE.XPD.PRIM.ZS,2006,19.49534
India,IND,Expenditure on primary education (% of government expenditure on education),SE.XPD.PRIM.ZS,2006,35.38399
Ireland,IRL,Expenditure on primary education (% of government expenditure on education),SE.XPD.PRIM.ZS,2006,33.87118
"Iran, Islamic Rep.",IRN,Expenditure on primary education (% of government expenditure on education),SE.XPD.PRIM.ZS,2006,28.393
Iceland,ISL,Expenditure on primary education (% of government expenditure on education),SE.XPD.PRIM.ZS,2006,34.6421
Israel,ISR,Expenditure on primary education (% of government expenditure on education),SE.XPD.PRIM.ZS,2006,37.28659
Italy,ITA,Expenditure on primary education (% of government expenditure on education),SE.XPD.PRIM.ZS,2006,25.05577
Kenya,KEN,Expenditure on primary education (% of government expenditure on education),SE.XPD.PRIM.ZS,2006,54.10875
Kuwait,KWT,Expenditure on primary education (% of government expenditure on education),SE.XPD.PRIM.ZS,2006,20.41517
Liechtenstein,LIE,Expenditure on primary education (% of government expenditure on education),SE.XPD.PRIM.ZS,2006,31.03178
Lesotho,LSO,Expenditure on primary education (% of government expenditure on education),SE.XPD.PRIM.ZS,2006,40.12473
Lithuania,LTU,Expenditure on primary education (% of government expenditure on education),SE.XPD.PRIM.ZS,2006,15.04472
Latvia,LVA,Expenditure on primary education (% of government expenditure on education),SE.XPD.PRIM.ZS,2006,25.35986
Madagascar,MDG,Expenditure on primary education (% of government expenditure on education),SE.XPD.PRIM.ZS,2006,58.65435
Maldives,MDV,Expenditure on primary education (% of government expenditure on education),SE.XPD.PRIM.ZS,2006,50.34166
Mexico,MEX,Expenditure on primary education (% of government expenditure on education),SE.XPD.PRIM.ZS,2006,38.82099
Mozambique,MOZ,Expenditure on primary education (% of government expenditure on education),SE.XPD.PRIM.ZS,2006,57.6559
Mauritius,MUS,Expenditure on primary education (% of government expenditure on education),SE.XPD.PRIM.ZS,2006,26.24491
Malaysia,MYS,Expenditure on primary education (% of government expenditure on education),SE.XPD.PRIM.ZS,2006,27.70714
Namibia,NAM,Expenditure on primary education (% of government expenditure on education),SE.XPD.PRIM.ZS,2006,60.87177
Niger,NER,Expenditure on primary education (% of government expenditure on education),SE.XPD.PRIM.ZS,2006,69.48496
Norway,NOR,Expenditure on primary education (% of government expenditure on education),SE.XPD.PRIM.ZS,2006,25.63983
OECD members,OED,Expenditure on primary education (% of government expenditure on education),SE.XPD.PRIM.ZS,2006,25.63983
Other small states,OSS,Expenditure on primary education (% of government expenditure on education),SE.XPD.PRIM.ZS,2006,27.79002
Peru,PER,Expenditure on primary education (% of government expenditure on education),SE.XPD.PRIM.ZS,2006,40.44302
Poland,POL,Expenditure on primary education (% of government expenditure on education),SE.XPD.PRIM.ZS,2006,32.53095
Portugal,PRT,Expenditure on primary education (% of government expenditure on education),SE.XPD.PRIM.ZS,2006,30.1717
Post-demographic dividend,PST,Expenditure on primary education (% of government expenditure on education),SE.XPD.PRIM.ZS,2006,24.29607
Romania,ROU,Expenditure on primary education (% of government expenditure on education),SE.XPD.PRIM.ZS,2006,37.22773
South Asia,SAS,Expenditure on primary education (% of government expenditure on education),SE.XPD.PRIM.ZS,2006,38.67044
Senegal,SEN,Expenditure on primary education (% of government expenditure on education),SE.XPD.PRIM.ZS,2006,45.30008
El Salvador,SLV,Expenditure on primary education (% of government expenditure on education),SE.XPD.PRIM.ZS,2006,48.41582
Small states,SST,Expenditure on primary education (% of government expenditure on education),SE.XPD.PRIM.ZS,2006,27.79002
Slovak Republic,SVK,Expenditure on primary education (% of government expenditure on education),SE.XPD.PRIM.ZS,2006,17.59988
Sweden,SWE,Expenditure on primary education (% of government expenditure on education),SE.XPD.PRIM.ZS,2006,24.90185
Eswatini,SWZ,Expenditure on primary education (% of government expenditure on education),SE.XPD.PRIM.ZS,2006,38.99164
Togo,TGO,Expenditure on primary education (% of government expenditure on education),SE.XPD.PRIM.ZS,2006,33.62559
South Asia (IDA & IBRD),TSA,Expenditure on primary education (% of government expenditure on education),SE.XPD.PRIM.ZS,2006,38.67044
Tanzania,TZA,Expenditure on primary education (% of government expenditure on education),SE.XPD.PRIM.ZS,2006,52.67562
Uruguay,URY,Expenditure on primary education (% of government expenditure on education),SE.XPD.PRIM.ZS,2006,33.33268
"Venezuela, RB",VEN,Expenditure on primary education (% of government expenditure on education),SE.XPD.PRIM.ZS,2006,27.74891
British Virgin Islands,VGB,Expenditure on primary education (% of government expenditure on education),SE.XPD.PRIM.ZS,2006,27.93492
South Africa,ZAF,Expenditure on primary education (% of government expenditure on education),SE.XPD.PRIM.ZS,2006,45.1061
Andorra,AND,Expenditure on primary education (% of government expenditure on education),SE.XPD.PRIM.ZS,2007,25.64062
Argentina,ARG,Expenditure on primary education (% of government expenditure on education),SE.XPD.PRIM.ZS,2007,35.47537
Australia,AUS,Expenditure on primary education (% of government expenditure on education),SE.XPD.PRIM.ZS,2007,35.14115
Austria,AUT,Expenditure on primary education (% of government expenditure on education),SE.XPD.PRIM.ZS,2007,18.03007
Benin,BEN,Expenditure on primary education (% of government expenditure on education),SE.XPD.PRIM.ZS,2007,57.22713
Burkina Faso,BFA,Expenditure on primary education (% of government expenditure on education),SE.XPD.PRIM.ZS,2007,67.0338
Bangladesh,BGD,Expenditure on primary education (% of government expenditure on education),SE.XPD.PRIM.ZS,2007,46.25168
Bulgaria,BGR,Expenditure on primary education (% of government expenditure on education),SE.XPD.PRIM.ZS,2007,19.87313
Brazil,BRA,Expenditure on primary education (% of government expenditure on education),SE.XPD.PRIM.ZS,2007,32.19858
Botswana,BWA,Expenditure on primary education (% of government expenditure on education),SE.XPD.PRIM.ZS,2007,27.54638
Central African Republic,CAF,Expenditure on primary education (% of government expenditure on education),SE.XPD.PRIM.ZS,2007,47.96444
Central Europe and the Baltics,CEB,Expenditure on primary education (% of government expenditure on education),SE.XPD.PRIM.ZS,2007,19.87313
Switzerland,CHE,Expenditure on primary education (% of government expenditure on education),SE.XPD.PRIM.ZS,2007,29.38642
Chile,CHL,Expenditure on primary education (% of government expenditure on education),SE.XPD.PRIM.ZS,2007,35.45253
Cote d'Ivoire,CIV,Expenditure on primary education (% of government expenditure on education),SE.XPD.PRIM.ZS,2007,43.95862
Cameroon,CMR,Expenditure on primary education (% of government expenditure on education),SE.XPD.PRIM.ZS,2007,36.98943
Colombia,COL,Expenditure on primary education (% of government expenditure on education),SE.XPD.PRIM.ZS,2007,36.62786
Cabo Verde,CPV,Expenditure on primary education (% of government expenditure on education),SE.XPD.PRIM.ZS,2007,41.02133
Costa Rica,CRI,Expenditure on primary education (% of government expenditure on education),SE.XPD.PRIM.ZS,2007,38.97533
Cuba,CUB,Expenditure on primary education (% of government expenditure on education),SE.XPD.PRIM.ZS,2007,30.13875
Cyprus,CYP,Expenditure on primary education (% of government expenditure on education),SE.XPD.PRIM.ZS,2007,28.14934
Czechia,CZE,Expenditure on primary education (% of government expenditure on education),SE.XPD.PRIM.ZS,2007,13.88772
Germany,DEU,Expenditure on primary education (% of government expenditure on education),SE.XPD.PRIM.ZS,2007,14.02363
Djibouti,DJI,Expenditure on primary education (% of government expenditure on education),SE.XPD.PRIM.ZS,2007,19.01406
Denmark,DNK,Expenditure on primary education (% of government expenditure on education),SE.XPD.PRIM.ZS,2007,23.81598
Dominican Republic,DOM,Expenditure on primary education (% of government expenditure on education),SE.XPD.PRIM.ZS,2007,58.67903
Europe & Central Asia,ECS,Expenditure on primary education (% of government expenditure on education),SE.XPD.PRIM.ZS,2007,24.320275
Euro area,EMU,Expenditure on primary education (% of government expenditure on education),SE.XPD.PRIM.ZS,2007,24.079515
Spain,ESP,Expenditure on primary education (% of government expenditure on education),SE.XPD.PRIM.ZS,2007,25.41683
Estonia,EST,Expenditure on primary education (% of government expenditure on education),SE.XPD.PRIM.ZS,2007,23.33446
European Union,EUU,Expenditure on primary education (% of government expenditure on education),SE.XPD.PRIM.ZS,2007,23.33446
Finland,FIN,Expenditure on primary education (% of government expenditure on education),SE.XPD.PRIM.ZS,2007,20.37513
United Kingdom,GBR,Expenditure on primary education (% of government expenditure on education),SE.XPD.PRIM.ZS,2007,30.64547
Ghana,GHA,Expenditure on primary education (% of government expenditure on education),SE.XPD.PRIM.ZS,2007,34.22735
"Gambia, The",GMB,Expenditure on primary education (% of government expenditure on education),SE.XPD.PRIM.ZS,2007,62.64226
Guatemala,GTM,Expenditure on primary education (% of government expenditure on education),SE.XPD.PRIM.ZS,2007,61.99618
Guyana,GUY,Expenditure on primary education (% of government expenditure on education),SE.XPD.PRIM.ZS,2007,33.94206
High income,HIC,Expenditure on primary education (% of government expenditure on education),SE.XPD.PRIM.ZS,2007,25.00246
"Hong Kong SAR, China",HKG,Expenditure on primary education (% of government expenditure on education),SE.XPD.PRIM.ZS,2007,21.47341
Hungary,HUN,Expenditure on primary education (% of government expenditure on education),SE.XPD.PRIM.ZS,2007,19.05888
Indonesia,IDN,Expenditure on primary education (% of government expenditure on education),SE.XPD.PRIM.ZS,2007,48.38247
Ireland,IRL,Expenditure on primary education (% of government expenditure on education),SE.XPD.PRIM.ZS,2007,35.06306
"Iran, Islamic Rep.",IRN,Expenditure on primary education (% of government expenditure on education),SE.XPD.PRIM.ZS,2007,28.67484
Iceland,ISL,Expenditure on primary education (% of government expenditure on education),SE.XPD.PRIM.ZS,2007,34.28524
Israel,ISR,Expenditure on primary education (% of government expenditure on education),SE.XPD.PRIM.ZS,2007,37.90018
Italy,ITA,Expenditure on primary education (% of government expenditure on education),SE.XPD.PRIM.ZS,2007,25.08452
Jamaica,JAM,Expenditure on primary education (% of government expenditure on education),SE.XPD.PRIM.ZS,2007,36.89191
Latin America & Caribbean (excluding high income),LAC,Expenditure on primary education (% of government expenditure on education),SE.XPD.PRIM.ZS,2007,38.24865
Latin America & Caribbean,LCN,Expenditure on primary education (% of government expenditure on education),SE.XPD.PRIM.ZS,2007,37.57028
Liechtenstein,LIE,Expenditure on primary education (% of government expenditure on education),SE.XPD.PRIM.ZS,2007,30.56831
Lithuania,LTU,Expenditure on primary education (% of government expenditure on education),SE.XPD.PRIM.ZS,2007,14.44313
Latvia,LVA,Expenditure on primary education (% of government expenditure on education),SE.XPD.PRIM.ZS,2007,24.82457
Moldova,MDA,Expenditure on primary education (% of government expenditure on education),SE.XPD.PRIM.ZS,2007,17.11075
Madagascar,MDG,Expenditure on primary education (% of government expenditure on education),SE.XPD.PRIM.ZS,2007,54.69952
Mexico,MEX,Expenditure on primary education (% of government expenditure on education),SE.XPD.PRIM.ZS,2007,38.24865
Malta,MLT,Expenditure on primary education (% of government expenditure on education),SE.XPD.PRIM.ZS,2007,21.78029
Mongolia,MNG,Expenditure on primary education (% of government expenditure on education),SE.XPD.PRIM.ZS,2007,26.71402
Malaysia,MYS,Expenditure on primary education (% of government expenditure on education),SE.XPD.PRIM.ZS,2007,29.82499
Niger,NER,Expenditure on primary education (% of government expenditure on education),SE.XPD.PRIM.ZS,2007,70.09502
Norway,NOR,Expenditure on primary education (% of government expenditure on education),SE.XPD.PRIM.ZS,2007,25.00246
OECD members,OED,Expenditure on primary education (% of government expenditure on education),SE.XPD.PRIM.ZS,2007,25.08452
Peru,PER,Expenditure on primary education (% of government expenditure on education),SE.XPD.PRIM.ZS,2007,40.88647
Philippines,PHL,Expenditure on primary education (% of government expenditure on education),SE.XPD.PRIM.ZS,2007,50.47004
Poland,POL,Expenditure on primary education (% of government expenditure on education),SE.XPD.PRIM.ZS,2007,32.28669
Portugal,PRT,Expenditure on primary education (% of government expenditure on education),SE.XPD.PRIM.ZS,2007,27.90047
Paraguay,PRY,Expenditure on primary education (% of government expenditure on education),SE.XPD.PRIM.ZS,2007,39.21369
Post-demographic dividend,PST,Expenditure on primary education (% of government expenditure on education),SE.XPD.PRIM.ZS,2007,24.40922
Romania,ROU,Expenditure on primary education (% of government expenditure on education),SE.XPD.PRIM.ZS,2007,19.89485
Rwanda,RWA,Expenditure on primary education (% of government expenditure on education),SE.XPD.PRIM.ZS,2007,46.26699
Sierra Leone,SLE,Expenditure on primary education (% of government expenditure on education),SE.XPD.PRIM.ZS,2007,52.04204
El Salvador,SLV,Expenditure on primary education (% of government expenditure on education),SE.XPD.PRIM.ZS,2007,46.39688
Serbia,SRB,Expenditure on primary education (% of government expenditure on education),SE.XPD.PRIM.ZS,2007,48.1122
Slovak Republic,SVK,Expenditure on primary education (% of government expenditure on education),SE.XPD.PRIM.ZS,2007,18.45534
Sweden,SWE,Expenditure on primary education (% of government expenditure on education),SE.XPD.PRIM.ZS,2007,25.0466
Syrian Arab Republic,SYR,Expenditure on primary education (% of government expenditure on education),SE.XPD.PRIM.ZS,2007,42.81054
Togo,TGO,Expenditure on primary education (% of government expenditure on education),SE.XPD.PRIM.ZS,2007,40.72418
Latin America & the Caribbean (IDA & IBRD countries),TLA,Expenditure on primary education (% of government expenditure on education),SE.XPD.PRIM.ZS,2007,38.24865
Tanzania,TZA,Expenditure on primary education (% of government expenditure on education),SE.XPD.PRIM.ZS,2007,49.16853
St. Vincent and the Grenadines,VCT,Expenditure on primary education (% of government expenditure on education),SE.XPD.PRIM.ZS,2007,51.92939
"Venezuela, RB",VEN,Expenditure on primary education (% of government expenditure on education),SE.XPD.PRIM.ZS,2007,31.8146
British Virgin Islands,VGB,Expenditure on primary education (% of government expenditure on education),SE.XPD.PRIM.ZS,2007,28.442
South Africa,ZAF,Expenditure on primary education (% of government expenditure on education),SE.XPD.PRIM.ZS,2007,42.29146
Africa Western and Central,AFW,Expenditure on primary education (% of government expenditure on education),SE.XPD.PRIM.ZS,2008,43.547835
Argentina,ARG,Expenditure on primary education (% of government expenditure on education),SE.XPD.PRIM.ZS,2008,35.11319
Australia,AUS,Expenditure on primary education (% of government expenditure on education),SE.XPD.PRIM.ZS,2008,35.42323
Austria,AUT,Expenditure on primary education (% of government expenditure on education),SE.XPD.PRIM.ZS,2008,17.83971
Burundi,BDI,Expenditure on primary education (% of government expenditure on education),SE.XPD.PRIM.ZS,2008,51.78716
Benin,BEN,Expenditure on primary education (% of government expenditure on education),SE.XPD.PRIM.ZS,2008,56.48592
Bangladesh,BGD,Expenditure on primary education (% of government expenditure on education),SE.XPD.PRIM.ZS,2008,45.29479
Bulgaria,BGR,Expenditure on primary education (% of government expenditure on education),SE.XPD.PRIM.ZS,2008,18.92772
Belize,BLZ,Expenditure on primary education (% of government expenditure on education),SE.XPD.PRIM.ZS,2008,47.32667
Brazil,BRA,Expenditure on primary education (% of government expenditure on education),SE.XPD.PRIM.ZS,2008,31.91941
Barbados,BRB,Expenditure on primary education (% of government expenditure on education),SE.XPD.PRIM.ZS,2008,36.85655
Bhutan,BTN,Expenditure on primary education (% of government expenditure on education),SE.XPD.PRIM.ZS,2008,23.3702
Central Europe and the Baltics,CEB,Expenditure on primary education (% of government expenditure on education),SE.XPD.PRIM.ZS,2008,18.89312
Switzerland,CHE,Expenditure on primary education (% of government expenditure on education),SE.XPD.PRIM.ZS,2008,25.3011
Chile,CHL,Expenditure on primary education (% of government expenditure on education),SE.XPD.PRIM.ZS,2008,36.4039
Cote d'Ivoire,CIV,Expenditure on primary education (% of government expenditure on education),SE.XPD.PRIM.ZS,2008,43.09156
Cameroon,CMR,Expenditure on primary education (% of government expenditure on education),SE.XPD.PRIM.ZS,2008,32.55445
Colombia,COL,Expenditure on primary education (% of government expenditure on education),SE.XPD.PRIM.ZS,2008,37.30254
Comoros,COM,Expenditure on primary education (% of government expenditure on education),SE.XPD.PRIM.ZS,2008,61.72591
Cabo Verde,CPV,Expenditure on primary education (% of government expenditure on education),SE.XPD.PRIM.ZS,2008,36.32377
Costa Rica,CRI,Expenditure on primary education (% of government expenditure on education),SE.XPD.PRIM.ZS,2008,39.53444
Cuba,CUB,Expenditure on primary education (% of government expenditure on education),SE.XPD.PRIM.ZS,2008,25.47863
Cyprus,CYP,Expenditure on primary education (% of government expenditure on education),SE.XPD.PRIM.ZS,2008,27.78074
Czechia,CZE,Expenditure on primary education (% of government expenditure on education),SE.XPD.PRIM.ZS,2008,14.70676
Germany,DEU,Expenditure on primary education (% of government expenditure on education),SE.XPD.PRIM.ZS,2008,13.49708
Denmark,DNK,Expenditure on primary education (% of government expenditure on education),SE.XPD.PRIM.ZS,2008,24.08552
Europe & Central Asia,ECS,Expenditure on primary education (% of government expenditure on education),SE.XPD.PRIM.ZS,2008,25.21059
Euro area,EMU,Expenditure on primary education (% of government expenditure on education),SE.XPD.PRIM.ZS,2008,25.309675
Spain,ESP,Expenditure on primary education (% of government expenditure on education),SE.XPD.PRIM.ZS,2008,25.38798
Estonia,EST,Expenditure on primary education (% of government expenditure on education),SE.XPD.PRIM.ZS,2008,25.51536
European Union,EUU,Expenditure on primary education (% of government expenditure on education),SE.XPD.PRIM.ZS,2008,24.08552
Finland,FIN,Expenditure on primary education (% of government expenditure on education),SE.XPD.PRIM.ZS,2008,20.36713
United Kingdom,GBR,Expenditure on primary education (% of government expenditure on education),SE.XPD.PRIM.ZS,2008,31.57509
Georgia,GEO,Expenditure on primary education (% of government expenditure on education),SE.XPD.PRIM.ZS,2008,35.99981
Ghana,GHA,Expenditure on primary education (% of government expenditure on education),SE.XPD.PRIM.ZS,2008,34.57418
Guinea,GIN,Expenditure on primary education (% of government expenditure on education),SE.XPD.PRIM.ZS,2008,40.79846
"Gambia, The",GMB,Expenditure on primary education (% of government expenditure on education),SE.XPD.PRIM.ZS,2008,61.13542
Guatemala,GTM,Expenditure on primary education (% of government expenditure on education),SE.XPD.PRIM.ZS,2008,59.78975
High income,HIC,Expenditure on primary education (% of government expenditure on education),SE.XPD.PRIM.ZS,2008,25.22098
"Hong Kong SAR, China",HKG,Expenditure on primary education (% of government expenditure on education),SE.XPD.PRIM.ZS,2008,21.39712
Hungary,HUN,Expenditure on primary education (% of government expenditure on education),SE.XPD.PRIM.ZS,2008,16.89833
Indonesia,IDN,Expenditure on primary education (% of government expenditure on education),SE.XPD.PRIM.ZS,2008,49.04317
Ireland,IRL,Expenditure on primary education (% of government expenditure on education),SE.XPD.PRIM.ZS,2008,35.95779
"Iran, Islamic Rep.",IRN,Expenditure on primary education (% of government expenditure on education),SE.XPD.PRIM.ZS,2008,27.86351
Iceland,ISL,Expenditure on primary education (% of government expenditure on education),SE.XPD.PRIM.ZS,2008,33.41234
Israel,ISR,Expenditure on primary education (% of government expenditure on education),SE.XPD.PRIM.ZS,2008,37.8556
Italy,ITA,Expenditure on primary education (% of government expenditure on education),SE.XPD.PRIM.ZS,2008,25.23137
Jamaica,JAM,Expenditure on primary education (% of government expenditure on education),SE.XPD.PRIM.ZS,2008,30.2266
Latin America & Caribbean (excluding high income),LAC,Expenditure on primary education (% of government expenditure on education),SE.XPD.PRIM.ZS,2008,37.20858
Liechtenstein,LIE,Expenditure on primary education (% of government expenditure on education),SE.XPD.PRIM.ZS,2008,31.06497
Lesotho,LSO,Expenditure on primary education (% of government expenditure on education),SE.XPD.PRIM.ZS,2008,35.99421
Late-demographic dividend,LTE,Expenditure on primary education (% of government expenditure on education),SE.XPD.PRIM.ZS,2008,31.04745
Lithuania,LTU,Expenditure on primary education (% of government expenditure on education),SE.XPD.PRIM.ZS,2008,14.91504
Latvia,LVA,Expenditure on primary education (% of government expenditure on education),SE.XPD.PRIM.ZS,2008,26.67222
Morocco,MAR,Expenditure on primary education (% of government expenditure on education),SE.XPD.PRIM.ZS,2008,35.53307
Moldova,MDA,Expenditure on primary education (% of government expenditure on education),SE.XPD.PRIM.ZS,2008,17.35672
Madagascar,MDG,Expenditure on primary education (% of government expenditure on education),SE.XPD.PRIM.ZS,2008,53.57201
Maldives,MDV,Expenditure on primary education (% of government expenditure on education),SE.XPD.PRIM.ZS,2008,50.35274
Mexico,MEX,Expenditure on primary education (% of government expenditure on education),SE.XPD.PRIM.ZS,2008,37.20858
Mali,MLI,Expenditure on primary education (% of government expenditure on education),SE.XPD.PRIM.ZS,2008,39.02518
Malta,MLT,Expenditure on primary education (% of government expenditure on education),SE.XPD.PRIM.ZS,2008,23.11467
Mauritania,MRT,Expenditure on primary education (% of government expenditure on education),SE.XPD.PRIM.ZS,2008,42.63684
Mauritius,MUS,Expenditure on primary education (% of government expenditure on education),SE.XPD.PRIM.ZS,2008,28.39471
Malaysia,MYS,Expenditure on primary education (% of government expenditure on education),SE.XPD.PRIM.ZS,2008,39.06479
Namibia,NAM,Expenditure on primary education (% of government expenditure on education),SE.XPD.PRIM.ZS,2008,47.60078
Niger,NER,Expenditure on primary education (% of government expenditure on education),SE.XPD.PRIM.ZS,2008,69.34212
Norway,NOR,Expenditure on primary education (% of government expenditure on education),SE.XPD.PRIM.ZS,2008,25.21059
Nepal,NPL,Expenditure on primary education (% of government expenditure on education),SE.XPD.PRIM.ZS,2008,62.3792
OECD members,OED,Expenditure on primary education (% of government expenditure on education),SE.XPD.PRIM.ZS,2008,25.38798
Other small states,OSS,Expenditure on primary education (% of government expenditure on education),SE.XPD.PRIM.ZS,2008,28.087725
Peru,PER,Expenditure on primary education (% of government expenditure on education),SE.XPD.PRIM.ZS,2008,40.47731
Philippines,PHL,Expenditure on primary education (% of government expenditure on education),SE.XPD.PRIM.ZS,2008,50.63602
Poland,POL,Expenditure on primary education (% of government expenditure on education),SE.XPD.PRIM.ZS,2008,31.04745
Portugal,PRT,Expenditure on primary education (% of government expenditure on education),SE.XPD.PRIM.ZS,2008,28.82131
Post-demographic dividend,PST,Expenditure on primary education (% of government expenditure on education),SE.XPD.PRIM.ZS,2008,24.08552
Romania,ROU,Expenditure on primary education (% of government expenditure on education),SE.XPD.PRIM.ZS,2008,18.89312
Rwanda,RWA,Expenditure on primary education (% of government expenditure on education),SE.XPD.PRIM.ZS,2008,45.59538
South Asia,SAS,Expenditure on primary education (% of government expenditure on education),SE.XPD.PRIM.ZS,2008,53.836995
Senegal,SEN,Expenditure on primary education (% of government expenditure on education),SE.XPD.PRIM.ZS,2008,44.92799
Singapore,SGP,Expenditure on primary education (% of government expenditure on education),SE.XPD.PRIM.ZS,2008,22.46982
Sierra Leone,SLE,Expenditure on primary education (% of government expenditure on education),SE.XPD.PRIM.ZS,2008,50.16805
El Salvador,SLV,Expenditure on primary education (% of government expenditure on education),SE.XPD.PRIM.ZS,2008,37.99142
Serbia,SRB,Expenditure on primary education (% of government expenditure on education),SE.XPD.PRIM.ZS,2008,47.23863
Small states,SST,Expenditure on primary education (% of government expenditure on education),SE.XPD.PRIM.ZS,2008,28.087725
Slovak Republic,SVK,Expenditure on primary education (% of government expenditure on education),SE.XPD.PRIM.ZS,2008,17.98809
Sweden,SWE,Expenditure on primary education (% of government expenditure on education),SE.XPD.PRIM.ZS,2008,24.60966
Eswatini,SWZ,Expenditure on primary education (% of government expenditure on education),SE.XPD.PRIM.ZS,2008,33.62956
Togo,TGO,Expenditure on primary education (% of government expenditure on education),SE.XPD.PRIM.ZS,2008,44.00411
Thailand,THA,Expenditure on primary education (% of government expenditure on education),SE.XPD.PRIM.ZS,2008,45.13959
South Asia (IDA & IBRD),TSA,Expenditure on primary education (% of government expenditure on education),SE.XPD.PRIM.ZS,2008,53.836995
Tunisia,TUN,Expenditure on primary education (% of government expenditure on education),SE.XPD.PRIM.ZS,2008,27.65974
Tanzania,TZA,Expenditure on primary education (% of government expenditure on education),SE.XPD.PRIM.ZS,2008,45.43192
Viet Nam,VNM,Expenditure on primary education (% of government expenditure on education),SE.XPD.PRIM.ZS,2008,29.38257
Vanuatu,VUT,Expenditure on primary education (% of government expenditure on education),SE.XPD.PRIM.ZS,2008,49.72826
South Africa,ZAF,Expenditure on primary education (% of government expenditure on education),SE.XPD.PRIM.ZS,2008,40.73365
Africa Western and Central,AFW,Expenditure on primary education (% of government expenditure on education),SE.XPD.PRIM.ZS,2009,48.44996
Andorra,AND,Expenditure on primary education (% of government expenditure on education),SE.XPD.PRIM.ZS,2009,26.37233
Argentina,ARG,Expenditure on primary education (% of government expenditure on education),SE.XPD.PRIM.ZS,2009,32.80265
Antigua and Barbuda,ATG,Expenditure on primary education (% of government expenditure on education),SE.XPD.PRIM.ZS,2009,41.61324
Australia,AUS,Expenditure on primary education (% of government expenditure on education),SE.XPD.PRIM.ZS,2009,35.9633
Austria,AUT,Expenditure on primary education (% of government expenditure on education),SE.XPD.PRIM.ZS,2009,17.42743
Burundi,BDI,Expenditure on primary education (% of government expenditure on education),SE.XPD.PRIM.ZS,2009,53.26733
Benin,BEN,Expenditure on primary education (% of government expenditure on education),SE.XPD.PRIM.ZS,2009,57.46588
Bangladesh,BGD,Expenditure on primary education (% of government expenditure on education),SE.XPD.PRIM.ZS,2009,44.72804
Bulgaria,BGR,Expenditure on primary education (% of government expenditure on education),SE.XPD.PRIM.ZS,2009,18.60716
Belize,BLZ,Expenditure on primary education (% of government expenditure on education),SE.XPD.PRIM.ZS,2009,45.26097
Brazil,BRA,Expenditure on primary education (% of government expenditure on education),SE.XPD.PRIM.ZS,2009,32.37881
Bhutan,BTN,Expenditure on primary education (% of government expenditure on education),SE.XPD.PRIM.ZS,2009,29.80438
Botswana,BWA,Expenditure on primary education (% of government expenditure on education),SE.XPD.PRIM.ZS,2009,17.82233
Central African Republic,CAF,Expenditure on primary education (% of government expenditure on education),SE.XPD.PRIM.ZS,2009,48.44996
Central Europe and the Baltics,CEB,Expenditure on primary education (% of government expenditure on education),SE.XPD.PRIM.ZS,2009,18.42169
Switzerland,CHE,Expenditure on primary education (% of government expenditure on education),SE.XPD.PRIM.ZS,2009,27.92763
Chile,CHL,Expenditure on primary education (% of government expenditure on education),SE.XPD.PRIM.ZS,2009,36.38675
Cote d'Ivoire,CIV,Expenditure on primary education (% of government expenditure on education),SE.XPD.PRIM.ZS,2009,41.76716
Cameroon,CMR,Expenditure on primary education (% of government expenditure on education),SE.XPD.PRIM.ZS,2009,34.19688
Colombia,COL,Expenditure on primary education (% of government expenditure on education),SE.XPD.PRIM.ZS,2009,38.40722
Cabo Verde,CPV,Expenditure on primary education (% of government expenditure on education),SE.XPD.PRIM.ZS,2009,44.08231
Costa Rica,CRI,Expenditure on primary education (% of government expenditure on education),SE.XPD.PRIM.ZS,2009,41.24669
Cuba,CUB,Expenditure on primary education (% of government expenditure on education),SE.XPD.PRIM.ZS,2009,25.46623
Cyprus,CYP,Expenditure on primary education (% of government expenditure on education),SE.XPD.PRIM.ZS,2009,27.70021
Czechia,CZE,Expenditure on primary education (% of government expenditure on education),SE.XPD.PRIM.ZS,2009,15.91159
Germany,DEU,Expenditure on primary education (% of government expenditure on education),SE.XPD.PRIM.ZS,2009,13.54903
Denmark,DNK,Expenditure on primary education (% of government expenditure on education),SE.XPD.PRIM.ZS,2009,24.35669
East Asia & Pacific (excluding high income),EAP,Expenditure on primary education (% of government expenditure on education),SE.XPD.PRIM.ZS,2009,42.548945
East Asia & Pacific,EAS,Expenditure on primary education (% of government expenditure on education),SE.XPD.PRIM.ZS,2009,35.9633
Europe & Central Asia,ECS,Expenditure on primary education (% of government expenditure on education),SE.XPD.PRIM.ZS,2009,24.734295
Ecuador,ECU,Expenditure on primary education (% of government expenditure on education),SE.XPD.PRIM.ZS,2009,36.3525
Euro area,EMU,Expenditure on primary education (% of government expenditure on education),SE.XPD.PRIM.ZS,2009,25.145475
Spain,ESP,Expenditure on primary education (% of government expenditure on education),SE.XPD.PRIM.ZS,2009,25.30394
Estonia,EST,Expenditure on primary education (% of government expenditure on education),SE.XPD.PRIM.ZS,2009,25.1119
Ethiopia,ETH,Expenditure on primary education (% of government expenditure on education),SE.XPD.PRIM.ZS,2009,33.95361
European Union,EUU,Expenditure on primary education (% of government expenditure on education),SE.XPD.PRIM.ZS,2009,24.07469
Finland,FIN,Expenditure on primary education (% of government expenditure on education),SE.XPD.PRIM.ZS,2009,19.79262
United Kingdom,GBR,Expenditure on primary education (% of government expenditure on education),SE.XPD.PRIM.ZS,2009,31.11967
Ghana,GHA,Expenditure on primary education (% of government expenditure on education),SE.XPD.PRIM.ZS,2009,33.13483
Guinea,GIN,Expenditure on primary education (% of government expenditure on education),SE.XPD.PRIM.ZS,2009,41.69703
"Gambia, The",GMB,Expenditure on primary education (% of government expenditure on education),SE.XPD.PRIM.ZS,2009,60.39031
Guyana,GUY,Expenditure on primary education (% of government expenditure on education),SE.XPD.PRIM.ZS,2009,32.72708
High income,HIC,Expenditure on primary education (% of government expenditure on education),SE.XPD.PRIM.ZS,2009,25.145475
"Hong Kong SAR, China",HKG,Expenditure on primary education (% of government expenditure on education),SE.XPD.PRIM.ZS,2009,16.28242
Hungary,HUN,Expenditure on primary education (% of government expenditure on education),SE.XPD.PRIM.ZS,2009,16.88135
Indonesia,IDN,Expenditure on primary education (% of government expenditure on education),SE.XPD.PRIM.ZS,2009,47.94577
India,IND,Expenditure on primary education (% of government expenditure on education),SE.XPD.PRIM.ZS,2009,26.68135
Ireland,IRL,Expenditure on primary education (% of government expenditure on education),SE.XPD.PRIM.ZS,2009,35.75473
"Iran, Islamic Rep.",IRN,Expenditure on primary education (% of government expenditure on education),SE.XPD.PRIM.ZS,2009,25.40941
Iceland,ISL,Expenditure on primary education (% of government expenditure on education),SE.XPD.PRIM.ZS,2009,32.60843
Israel,ISR,Expenditure on primary education (% of government expenditure on education),SE.XPD.PRIM.ZS,2009,38.15643
Italy,ITA,Expenditure on primary education (% of government expenditure on education),SE.XPD.PRIM.ZS,2009,25.17905
Jamaica,JAM,Expenditure on primary education (% of government expenditure on education),SE.XPD.PRIM.ZS,2009,33.2067
Cambodia,KHM,Expenditure on primary education (% of government expenditure on education),SE.XPD.PRIM.ZS,2009,51.02882
Latin America & Caribbean (excluding high income),LAC,Expenditure on primary education (% of government expenditure on education),SE.XPD.PRIM.ZS,2009,34.71158
Lao PDR,LAO,Expenditure on primary education (% of government expenditure on education),SE.XPD.PRIM.ZS,2009,38.95958
St. Lucia,LCA,Expenditure on primary education (% of government expenditure on education),SE.XPD.PRIM.ZS,2009,42.78284
Sri Lanka,LKA,Expenditure on primary education (% of government expenditure on education),SE.XPD.PRIM.ZS,2009,28.30164
Late-demographic dividend,LTE,Expenditure on primary education (% of government expenditure on education),SE.XPD.PRIM.ZS,2009,30.93658
Lithuania,LTU,Expenditure on primary education (% of government expenditure on education),SE.XPD.PRIM.ZS,2009,12.96967
Latvia,LVA,Expenditure on primary education (% of government expenditure on education),SE.XPD.PRIM.ZS,2009,28.18896
Morocco,MAR,Expenditure on primary education (% of government expenditure on education),SE.XPD.PRIM.ZS,2009,37.72544
Monaco,MCO,Expenditure on primary education (% of government expenditure on education),SE.XPD.PRIM.ZS,2009,15.05183
Moldova,MDA,Expenditure on primary education (% of government expenditure on education),SE.XPD.PRIM.ZS,2009,17.88562
Madagascar,MDG,Expenditure on primary education (% of government expenditure on education),SE.XPD.PRIM.ZS,2009,52.28206
Maldives,MDV,Expenditure on primary education (% of government expenditure on education),SE.XPD.PRIM.ZS,2009,43.40023
Mexico,MEX,Expenditure on primary education (% of government expenditure on education),SE.XPD.PRIM.ZS,2009,36.21646
Mali,MLI,Expenditure on primary education (% of government expenditure on education),SE.XPD.PRIM.ZS,2009,43.99744
Malta,MLT,Expenditure on primary education (% of government expenditure on education),SE.XPD.PRIM.ZS,2009,21.98299
Mongolia,MNG,Expenditure on primary education (% of government expenditure on education),SE.XPD.PRIM.ZS,2009,27.37934
Mauritius,MUS,Expenditure on primary education (% of government expenditure on education),SE.XPD.PRIM.ZS,2009,26.45663
Malaysia,MYS,Expenditure on primary education (% of government expenditure on education),SE.XPD.PRIM.ZS,2009,27.67631
Niger,NER,Expenditure on primary education (% of government expenditure on education),SE.XPD.PRIM.ZS,2009,63.41115
Norway,NOR,Expenditure on primary education (% of government expenditure on education),SE.XPD.PRIM.ZS,2009,26.05567
Nepal,NPL,Expenditure on primary education (% of government expenditure on education),SE.XPD.PRIM.ZS,2009,62.97432
OECD members,OED,Expenditure on primary education (% of government expenditure on education),SE.XPD.PRIM.ZS,2009,26.05567
Oman,OMN,Expenditure on primary education (% of government expenditure on education),SE.XPD.PRIM.ZS,2009,32.95369
Other small states,OSS,Expenditure on primary education (% of government expenditure on education),SE.XPD.PRIM.ZS,2009,27.07842
Peru,PER,Expenditure on primary education (% of government expenditure on education),SE.XPD.PRIM.ZS,2009,40.3786
Philippines,PHL,Expenditure on primary education (% of government expenditure on education),SE.XPD.PRIM.ZS,2009,54.97509
Poland,POL,Expenditure on primary education (% of government expenditure on education),SE.XPD.PRIM.ZS,2009,31.04314
Portugal,PRT,Expenditure on primary education (% of government expenditure on education),SE.XPD.PRIM.ZS,2009,27.01513
Post-demographic dividend,PST,Expenditure on primary education (% of government expenditure on education),SE.XPD.PRIM.ZS,2009,24.07469
Qatar,QAT,Expenditure on primary education (% of government expenditure on education),SE.XPD.PRIM.ZS,2009,17.63843
Romania,ROU,Expenditure on primary education (% of government expenditure on education),SE.XPD.PRIM.ZS,2009,18.42169
South Asia,SAS,Expenditure on primary education (% of government expenditure on education),SE.XPD.PRIM.ZS,2009,36.51484
Senegal,SEN,Expenditure on primary education (% of government expenditure on education),SE.XPD.PRIM.ZS,2009,47.5286
Singapore,SGP,Expenditure on primary education (% of government expenditure on education),SE.XPD.PRIM.ZS,2009,21.6226
Sierra Leone,SLE,Expenditure on primary education (% of government expenditure on education),SE.XPD.PRIM.ZS,2009,48.89005
Serbia,SRB,Expenditure on primary education (% of government expenditure on education),SE.XPD.PRIM.ZS,2009,47.13679
Small states,SST,Expenditure on primary education (% of government expenditure on education),SE.XPD.PRIM.ZS,2009,27.07842
Slovak Republic,SVK,Expenditure on primary education (% of government expenditure on education),SE.XPD.PRIM.ZS,2009,18.40057
Sweden,SWE,Expenditure on primary education (% of government expenditure on education),SE.XPD.PRIM.ZS,2009,24.07469
Eswatini,SWZ,Expenditure on primary education (% of government expenditure on education),SE.XPD.PRIM.ZS,2009,41.73746
Syrian Arab Republic,SYR,Expenditure on primary education (% of government expenditure on education),SE.XPD.PRIM.ZS,2009,38.87276
Chad,TCD,Expenditure on primary education (% of government expenditure on education),SE.XPD.PRIM.ZS,2009,59.24125
East Asia & Pacific (IDA & IBRD countries),TEA,Expenditure on primary education (% of government expenditure on education),SE.XPD.PRIM.ZS,2009,42.548945
Togo,TGO,Expenditure on primary education (% of government expenditure on education),SE.XPD.PRIM.ZS,2009,50.20335
Thailand,THA,Expenditure on primary education (% of government expenditure on education),SE.XPD.PRIM.ZS,2009,46.13831
South Asia (IDA & IBRD),TSA,Expenditure on primary education (% of government expenditure on education),SE.XPD.PRIM.ZS,2009,36.51484
Tanzania,TZA,Expenditure on primary education (% of government expenditure on education),SE.XPD.PRIM.ZS,2009,41.90611
St. Vincent and the Grenadines,VCT,Expenditure on primary education (% of government expenditure on education),SE.XPD.PRIM.ZS,2009,41.89948
"Venezuela, RB",VEN,Expenditure on primary education (% of government expenditure on education),SE.XPD.PRIM.ZS,2009,31.5452
British Virgin Islands,VGB,Expenditure on primary education (% of government expenditure on education),SE.XPD.PRIM.ZS,2009,28.3646
Viet Nam,VNM,Expenditure on primary education (% of government expenditure on education),SE.XPD.PRIM.ZS,2009,30.93658
Vanuatu,VUT,Expenditure on primary education (% of government expenditure on education),SE.XPD.PRIM.ZS,2009,54.26613
South Africa,ZAF,Expenditure on primary education (% of government expenditure on education),SE.XPD.PRIM.ZS,2009,41.09463
Afghanistan,AFG,Expenditure on primary education (% of government expenditure on education),SE.XPD.PRIM.ZS,2010,62.13647
Africa Western and Central,AFW,Expenditure on primary education (% of government expenditure on education),SE.XPD.PRIM.ZS,2010,47.133055
Andorra,AND,Expenditure on primary education (% of government expenditure on education),SE.XPD.PRIM.ZS,2010,28.89524
Argentina,ARG,Expenditure on primary education (% of government expenditure on education),SE.XPD.PRIM.ZS,2010,33.05494
Australia,AUS,Expenditure on primary education (% of government expenditure on education),SE.XPD.PRIM.ZS,2010,36.80703
Austria,AUT,Expenditure on primary education (% of government expenditure on education),SE.XPD.PRIM.ZS,2010,17.13281
Burundi,BDI,Expenditure on primary education (% of government expenditure on education),SE.XPD.PRIM.ZS,2010,45.41761
Benin,BEN,Expenditure on primary education (% of government expenditure on education),SE.XPD.PRIM.ZS,2010,52.82559
Burkina Faso,BFA,Expenditure on primary education (% of government expenditure on education),SE.XPD.PRIM.ZS,2010,60.34116
Bulgaria,BGR,Expenditure on primary education (% of government expenditure on education),SE.XPD.PRIM.ZS,2010,19.58745
Belize,BLZ,Expenditure on primary education (% of government expenditure on education),SE.XPD.PRIM.ZS,2010,46.05287
Bermuda,BMU,Expenditure on primary education (% of government expenditure on education),SE.XPD.PRIM.ZS,2010,30.84477
Brazil,BRA,Expenditure on primary education (% of government expenditure on education),SE.XPD.PRIM.ZS,2010,31.32595
Brunei Darussalam,BRN,Expenditure on primary education (% of government expenditure on education),SE.XPD.PRIM.ZS,2010,28.54099
Bhutan,BTN,Expenditure on primary education (% of government expenditure on education),SE.XPD.PRIM.ZS,2010,29.93319
Central African Republic,CAF,Expenditure on primary education (% of government expenditure on education),SE.XPD.PRIM.ZS,2010,53.26402
Central Europe and the Baltics,CEB,Expenditure on primary education (% of government expenditure on education),SE.XPD.PRIM.ZS,2010,20.120575
Switzerland,CHE,Expenditure on primary education (% of government expenditure on education),SE.XPD.PRIM.ZS,2010,27.96992
Chile,CHL,Expenditure on primary education (% of government expenditure on education),SE.XPD.PRIM.ZS,2010,31.73536
Cote d'Ivoire,CIV,Expenditure on primary education (% of government expenditure on education),SE.XPD.PRIM.ZS,2010,42.66416
Cameroon,CMR,Expenditure on primary education (% of government expenditure on education),SE.XPD.PRIM.ZS,2010,34.1618
"Congo, Dem. Rep.",COD,Expenditure on primary education (% of government expenditure on education),SE.XPD.PRIM.ZS,2010,33.33619
"Congo, Rep.",COG,Expenditure on primary education (% of government expenditure on education),SE.XPD.PRIM.ZS,2010,30.99831
Colombia,COL,Expenditure on primary education (% of government expenditure on education),SE.XPD.PRIM.ZS,2010,35.92155
Costa Rica,CRI,Expenditure on primary education (% of government expenditure on education),SE.XPD.PRIM.ZS,2010,41.90412
Cuba,CUB,Expenditure on primary education (% of government expenditure on education),SE.XPD.PRIM.ZS,2010,29.03501
Cyprus,CYP,Expenditure on primary education (% of government expenditure on education),SE.XPD.PRIM.ZS,2010,31.00808
Czechia,CZE,Expenditure on primary education (% of government expenditure on education),SE.XPD.PRIM.ZS,2010,16.17658
Germany,DEU,Expenditure on primary education (% of government expenditure on education),SE.XPD.PRIM.ZS,2010,13.48298
Djibouti,DJI,Expenditure on primary education (% of government expenditure on education),SE.XPD.PRIM.ZS,2010,34.08652
Denmark,DNK,Expenditure on primary education (% of government expenditure on education),SE.XPD.PRIM.ZS,2010,23.68345
East Asia & Pacific (excluding high income),EAP,Expenditure on primary education (% of government expenditure on education),SE.XPD.PRIM.ZS,2010,40.08495
East Asia & Pacific,EAS,Expenditure on primary education (% of government expenditure on education),SE.XPD.PRIM.ZS,2010,33.41125
Europe & Central Asia,ECS,Expenditure on primary education (% of government expenditure on education),SE.XPD.PRIM.ZS,2010,24.58166
Ecuador,ECU,Expenditure on primary education (% of government expenditure on education),SE.XPD.PRIM.ZS,2010,32.38737
Euro area,EMU,Expenditure on primary education (% of government expenditure on education),SE.XPD.PRIM.ZS,2010,24.97795
Spain,ESP,Expenditure on primary education (% of government expenditure on education),SE.XPD.PRIM.ZS,2010,25.54465
Estonia,EST,Expenditure on primary education (% of government expenditure on education),SE.XPD.PRIM.ZS,2010,24.58166
Ethiopia,ETH,Expenditure on primary education (% of government expenditure on education),SE.XPD.PRIM.ZS,2010,28.39528
European Union,EUU,Expenditure on primary education (% of government expenditure on education),SE.XPD.PRIM.ZS,2010,23.985025
Finland,FIN,Expenditure on primary education (% of government expenditure on education),SE.XPD.PRIM.ZS,2010,19.90681
Gabon,GAB,Expenditure on primary education (% of government expenditure on education),SE.XPD.PRIM.ZS,2010,29.6186
United Kingdom,GBR,Expenditure on primary education (% of government expenditure on education),SE.XPD.PRIM.ZS,2010,30.09235
Ghana,GHA,Expenditure on primary education (% of government expenditure on education),SE.XPD.PRIM.ZS,2010,30.86661
Guinea,GIN,Expenditure on primary education (% of government expenditure on education),SE.XPD.PRIM.ZS,2010,38.90463
"Gambia, The",GMB,Expenditure on primary education (% of government expenditure on education),SE.XPD.PRIM.ZS,2010,65.32845
Guinea-Bissau,GNB,Expenditure on primary education (% of government expenditure on education),SE.XPD.PRIM.ZS,2010,46.72003
Guatemala,GTM,Expenditure on primary education (% of government expenditure on education),SE.XPD.PRIM.ZS,2010,55.5538
Guyana,GUY,Expenditure on primary education (% of government expenditure on education),SE.XPD.PRIM.ZS,2010,29.06004
High income,HIC,Expenditure on primary education (% of government expenditure on education),SE.XPD.PRIM.ZS,2010,24.97795
"Hong Kong SAR, China",HKG,Expenditure on primary education (% of government expenditure on education),SE.XPD.PRIM.ZS,2010,20.93063
Heavily indebted poor countries (HIPC),HPC,Expenditure on primary education (% of government expenditure on education),SE.XPD.PRIM.ZS,2010,45.41761
Hungary,HUN,Expenditure on primary education (% of government expenditure on education),SE.XPD.PRIM.ZS,2010,17.8417
IDA & IBRD total,IBT,Expenditure on primary education (% of government expenditure on education),SE.XPD.PRIM.ZS,2010,39.81187
IDA total,IDA,Expenditure on primary education (% of government expenditure on education),SE.XPD.PRIM.ZS,2010,46.72003
Indonesia,IDN,Expenditure on primary education (% of government expenditure on education),SE.XPD.PRIM.ZS,2010,44.44568
IDA only,IDX,Expenditure on primary education (% of government expenditure on education),SE.XPD.PRIM.ZS,2010,46.994385
India,IND,Expenditure on primary education (% of government expenditure on education),SE.XPD.PRIM.ZS,2010,25.20659
Ireland,IRL,Expenditure on primary education (% of government expenditure on education),SE.XPD.PRIM.ZS,2010,35.34528
"Iran, Islamic Rep.",IRN,Expenditure on primary education (% of government expenditure on education),SE.XPD.PRIM.ZS,2010,24.68077
Iceland,ISL,Expenditure on primary education (% of government expenditure on education),SE.XPD.PRIM.ZS,2010,32.37552
Israel,ISR,Expenditure on primary education (% of government expenditure on education),SE.XPD.PRIM.ZS,2010,41.17368
Italy,ITA,Expenditure on primary education (% of government expenditure on education),SE.XPD.PRIM.ZS,2010,24.97795
Jamaica,JAM,Expenditure on primary education (% of government expenditure on education),SE.XPD.PRIM.ZS,2010,36.31668
Cambodia,KHM,Expenditure on primary education (% of government expenditure on education),SE.XPD.PRIM.ZS,2010,49.96293
Latin America & Caribbean (excluding high income),LAC,Expenditure on primary education (% of government expenditure on education),SE.XPD.PRIM.ZS,2010,36.150255
Lao PDR,LAO,Expenditure on primary education (% of government expenditure on education),SE.XPD.PRIM.ZS,2010,46.46746
St. Lucia,LCA,Expenditure on primary education (% of government expenditure on education),SE.XPD.PRIM.ZS,2010,42.279
Latin America & Caribbean,LCN,Expenditure on primary education (% of government expenditure on education),SE.XPD.PRIM.ZS,2010,36.150255
Least developed countries: UN classification,LDC,Expenditure on primary education (% of government expenditure on education),SE.XPD.PRIM.ZS,2010,47.54608
Low income,LIC,Expenditure on primary education (% of government expenditure on education),SE.XPD.PRIM.ZS,2010,50.72296
Sri Lanka,LKA,Expenditure on primary education (% of government expenditure on education),SE.XPD.PRIM.ZS,2010,25.0467
Low & middle income,LMY,Expenditure on primary education (% of government expenditure on education),SE.XPD.PRIM.ZS,2010,39.936795
Late-demographic dividend,LTE,Expenditure on primary education (% of government expenditure on education),SE.XPD.PRIM.ZS,2010,30.511775
Lithuania,LTU,Expenditure on primary education (% of government expenditure on education),SE.XPD.PRIM.ZS,2010,16.71388
Latvia,LVA,Expenditure on primary education (% of government expenditure on education),SE.XPD.PRIM.ZS,2010,28.48895
Monaco,MCO,Expenditure on primary education (% of government expenditure on education),SE.XPD.PRIM.ZS,2010,15.25156
Moldova,MDA,Expenditure on primary education (% of government expenditure on education),SE.XPD.PRIM.ZS,2010,18.01822
Maldives,MDV,Expenditure on primary education (% of government expenditure on education),SE.XPD.PRIM.ZS,2010,42.51502
Mexico,MEX,Expenditure on primary education (% of government expenditure on education),SE.XPD.PRIM.ZS,2010,35.98383
Mali,MLI,Expenditure on primary education (% of government expenditure on education),SE.XPD.PRIM.ZS,2010,25.28056
Malta,MLT,Expenditure on primary education (% of government expenditure on education),SE.XPD.PRIM.ZS,2010,21.64769
Mongolia,MNG,Expenditure on primary education (% of government expenditure on education),SE.XPD.PRIM.ZS,2010,26.89597
Mauritania,MRT,Expenditure on primary education (% of government expenditure on education),SE.XPD.PRIM.ZS,2010,47.54608
Mauritius,MUS,Expenditure on primary education (% of government expenditure on education),SE.XPD.PRIM.ZS,2010,26.96169
Malawi,MWI,Expenditure on primary education (% of government expenditure on education),SE.XPD.PRIM.ZS,2010,34.76037
Malaysia,MYS,Expenditure on primary education (% of government expenditure on education),SE.XPD.PRIM.ZS,2010,28.5825
Namibia,NAM,Expenditure on primary education (% of government expenditure on education),SE.XPD.PRIM.ZS,2010,40.01321
Niger,NER,Expenditure on primary education (% of government expenditure on education),SE.XPD.PRIM.ZS,2010,60.97789
Nicaragua,NIC,Expenditure on primary education (% of government expenditure on education),SE.XPD.PRIM.ZS,2010,39.81187
Norway,NOR,Expenditure on primary education (% of government expenditure on education),SE.XPD.PRIM.ZS,2010,26.66643
Nepal,NPL,Expenditure on primary education (% of government expenditure on education),SE.XPD.PRIM.ZS,2010,55.70124
OECD members,OED,Expenditure on primary education (% of government expenditure on education),SE.XPD.PRIM.ZS,2010,26.818865
Other small states,OSS,Expenditure on primary education (% of government expenditure on education),SE.XPD.PRIM.ZS,2010,28.984885
Peru,PER,Expenditure on primary education (% of government expenditure on education),SE.XPD.PRIM.ZS,2010,39.86038
Poland,POL,Expenditure on primary education (% of government expenditure on education),SE.XPD.PRIM.ZS,2010,31.03347
Pre-demographic dividend,PRE,Expenditure on primary education (% of government expenditure on education),SE.XPD.PRIM.ZS,2010,47.26874
Portugal,PRT,Expenditure on primary education (% of government expenditure on education),SE.XPD.PRIM.ZS,2010,26.9713
Paraguay,PRY,Expenditure on primary education (% of government expenditure on education),SE.XPD.PRIM.ZS,2010,38.50655
Post-demographic dividend,PST,Expenditure on primary education (% of government expenditure on education),SE.XPD.PRIM.ZS,2010,23.985025
Romania,ROU,Expenditure on primary education (% of government expenditure on education),SE.XPD.PRIM.ZS,2010,16.40806
Rwanda,RWA,Expenditure on primary education (% of government expenditure on education),SE.XPD.PRIM.ZS,2010,36.73722
South Asia,SAS,Expenditure on primary education (% of government expenditure on education),SE.XPD.PRIM.ZS,2010,25.20659
Senegal,SEN,Expenditure on primary education (% of government expenditure on education),SE.XPD.PRIM.ZS,2010,43.21233
Singapore,SGP,Expenditure on primary education (% of government expenditure on education),SE.XPD.PRIM.ZS,2010,20.82998
Sierra Leone,SLE,Expenditure on primary education (% of government expenditure on education),SE.XPD.PRIM.ZS,2010,50.72296
El Salvador,SLV,Expenditure on primary education (% of government expenditure on education),SE.XPD.PRIM.ZS,2010,42.66873
San Marino,SMR,Expenditure on primary education (% of government expenditure on education),SE.XPD.PRIM.ZS,2010,31.69543
Serbia,SRB,Expenditure on primary education (% of government expenditure on education),SE.XPD.PRIM.ZS,2010,45.85546
Sub-Saharan Africa (excluding high income),SSA,Expenditure on primary education (% of government expenditure on education),SE.XPD.PRIM.ZS,2010,44.31497
Sub-Saharan Africa,SSF,Expenditure on primary education (% of government expenditure on education),SE.XPD.PRIM.ZS,2010,43.21233
Small states,SST,Expenditure on primary education (% of government expenditure on education),SE.XPD.PRIM.ZS,2010,28.984885
Slovak Republic,SVK,Expenditure on primary education (% of government expenditure on education),SE.XPD.PRIM.ZS,2010,20.6537
Slovenia,SVN,Expenditure on primary education (% of government expenditure on education),SE.XPD.PRIM.ZS,2010,28.52712
Sweden,SWE,Expenditure on primary education (% of government expenditure on education),SE.XPD.PRIM.ZS,2010,24.2866
Eswatini,SWZ,Expenditure on primary education (% of government expenditure on education),SE.XPD.PRIM.ZS,2010,47.16451
Chad,TCD,Expenditure on primary education (% of government expenditure on education),SE.XPD.PRIM.ZS,2010,51.61933
East Asia & Pacific (IDA & IBRD countries),TEA,Expenditure on primary education (% of government expenditure on education),SE.XPD.PRIM.ZS,2010,40.08495
Togo,TGO,Expenditure on primary education (% of government expenditure on education),SE.XPD.PRIM.ZS,2010,51.67602
Thailand,THA,Expenditure on primary education (% of government expenditure on education),SE.XPD.PRIM.ZS,2010,40.08495
Latin America & the Caribbean (IDA & IBRD countries),TLA,Expenditure on primary education (% of government expenditure on education),SE.XPD.PRIM.ZS,2010,36.31668
South Asia (IDA & IBRD),TSA,Expenditure on primary education (% of government expenditure on education),SE.XPD.PRIM.ZS,2010,25.20659
Sub-Saharan Africa (IDA & IBRD countries),TSS,Expenditure on primary education (% of government expenditure on education),SE.XPD.PRIM.ZS,2010,43.21233
Uganda,UGA,Expenditure on primary education (% of government expenditure on education),SE.XPD.PRIM.ZS,2010,47.26874
Upper middle income,UMC,Expenditure on primary education (% of government expenditure on education),SE.XPD.PRIM.ZS,2010,35.92155
St. Vincent and the Grenadines,VCT,Expenditure on primary education (% of government expenditure on education),SE.XPD.PRIM.ZS,2010,41.38267
British Virgin Islands,VGB,Expenditure on primary education (% of government expenditure on education),SE.XPD.PRIM.ZS,2010,34.06786
Viet Nam,VNM,Expenditure on primary education (% of government expenditure on education),SE.XPD.PRIM.ZS,2010,30.01547
World,WLD,Expenditure on primary education (% of government expenditure on education),SE.XPD.PRIM.ZS,2010,33.195565
South Africa,ZAF,Expenditure on primary education (% of government expenditure on education),SE.XPD.PRIM.ZS,2010,42.46292
Zimbabwe,ZWE,Expenditure on primary education (% of government expenditure on education),SE.XPD.PRIM.ZS,2010,51.58009
Afghanistan,AFG,Expenditure on primary education (% of government expenditure on education),SE.XPD.PRIM.ZS,2011,61.97491
Africa Western and Central,AFW,Expenditure on primary education (% of government expenditure on education),SE.XPD.PRIM.ZS,2011,45.07309
Andorra,AND,Expenditure on primary education (% of government expenditure on education),SE.XPD.PRIM.ZS,2011,28.80875
Argentina,ARG,Expenditure on primary education (% of government expenditure on education),SE.XPD.PRIM.ZS,2011,31.96866
Australia,AUS,Expenditure on primary education (% of government expenditure on education),SE.XPD.PRIM.ZS,2011,35.97164
Austria,AUT,Expenditure on primary education (% of government expenditure on education),SE.XPD.PRIM.ZS,2011,17.09498
Burundi,BDI,Expenditure on primary education (% of government expenditure on education),SE.XPD.PRIM.ZS,2011,49.70045
Burkina Faso,BFA,Expenditure on primary education (% of government expenditure on education),SE.XPD.PRIM.ZS,2011,62.6415
Bangladesh,BGD,Expenditure on primary education (% of government expenditure on education),SE.XPD.PRIM.ZS,2011,47.13705
Bulgaria,BGR,Expenditure on primary education (% of government expenditure on education),SE.XPD.PRIM.ZS,2011,18.50048
Brazil,BRA,Expenditure on primary education (% of government expenditure on education),SE.XPD.PRIM.ZS,2011,29.28556
Bhutan,BTN,Expenditure on primary education (% of government expenditure on education),SE.XPD.PRIM.ZS,2011,31.51219
Central Europe and the Baltics,CEB,Expenditure on primary education (% of government expenditure on education),SE.XPD.PRIM.ZS,2011,18.77303
Switzerland,CHE,Expenditure on primary education (% of government expenditure on education),SE.XPD.PRIM.ZS,2011,28.91115
Chile,CHL,Expenditure on primary education (% of government expenditure on education),SE.XPD.PRIM.ZS,2011,32.75136
Cote d'Ivoire,CIV,Expenditure on primary education (% of government expenditure on education),SE.XPD.PRIM.ZS,2011,39.55984
Cameroon,CMR,Expenditure on primary education (% of government expenditure on education),SE.XPD.PRIM.ZS,2011,32.7006
Colombia,COL,Expenditure on primary education (% of government expenditure on education),SE.XPD.PRIM.ZS,2011,35.57678
Comoros,COM,Expenditure on primary education (% of government expenditure on education),SE.XPD.PRIM.ZS,2011,56.13321
Cabo Verde,CPV,Expenditure on primary education (% of government expenditure on education),SE.XPD.PRIM.ZS,2011,43.13784
Costa Rica,CRI,Expenditure on primary education (% of government expenditure on education),SE.XPD.PRIM.ZS,2011,39.33338
Cyprus,CYP,Expenditure on primary education (% of government expenditure on education),SE.XPD.PRIM.ZS,2011,31.3219
Czechia,CZE,Expenditure on primary education (% of government expenditure on education),SE.XPD.PRIM.ZS,2011,16.08905
Germany,DEU,Expenditure on primary education (% of government expenditure on education),SE.XPD.PRIM.ZS,2011,13.21104
Denmark,DNK,Expenditure on primary education (% of government expenditure on education),SE.XPD.PRIM.ZS,2011,21.60023
East Asia & Pacific (excluding high income),EAP,Expenditure on primary education (% of government expenditure on education),SE.XPD.PRIM.ZS,2011,42.68569
East Asia & Pacific,EAS,Expenditure on primary education (% of government expenditure on education),SE.XPD.PRIM.ZS,2011,35.93258
Europe & Central Asia,ECS,Expenditure on primary education (% of government expenditure on education),SE.XPD.PRIM.ZS,2011,24.44533
Ecuador,ECU,Expenditure on primary education (% of government expenditure on education),SE.XPD.PRIM.ZS,2011,32.69247
Euro area,EMU,Expenditure on primary education (% of government expenditure on education),SE.XPD.PRIM.ZS,2011,24.72651
Spain,ESP,Expenditure on primary education (% of government expenditure on education),SE.XPD.PRIM.ZS,2011,25.54465
Estonia,EST,Expenditure on primary education (% of government expenditure on education),SE.XPD.PRIM.ZS,2011,24.44533
Ethiopia,ETH,Expenditure on primary education (% of government expenditure on education),SE.XPD.PRIM.ZS,2011,26.51449
European Union,EUU,Expenditure on primary education (% of government expenditure on education),SE.XPD.PRIM.ZS,2011,22.92982
Finland,FIN,Expenditure on primary education (% of government expenditure on education),SE.XPD.PRIM.ZS,2011,20.01115
Fiji,FJI,Expenditure on primary education (% of government expenditure on education),SE.XPD.PRIM.ZS,2011,44.41272
Gabon,GAB,Expenditure on primary education (% of government expenditure on education),SE.XPD.PRIM.ZS,2011,29.78869
United Kingdom,GBR,Expenditure on primary education (% of government expenditure on education),SE.XPD.PRIM.ZS,2011,30.77206
Georgia,GEO,Expenditure on primary education (% of government expenditure on education),SE.XPD.PRIM.ZS,2011,31.24477
Ghana,GHA,Expenditure on primary education (% of government expenditure on education),SE.XPD.PRIM.ZS,2011,45.48806
Guinea,GIN,Expenditure on primary education (% of government expenditure on education),SE.XPD.PRIM.ZS,2011,35.14098
"Gambia, The",GMB,Expenditure on primary education (% of government expenditure on education),SE.XPD.PRIM.ZS,2011,63.8134
Guinea-Bissau,GNB,Expenditure on primary education (% of government expenditure on education),SE.XPD.PRIM.ZS,2011,50.64565
Guatemala,GTM,Expenditure on primary education (% of government expenditure on education),SE.XPD.PRIM.ZS,2011,56.42242
Guyana,GUY,Expenditure on primary education (% of government expenditure on education),SE.XPD.PRIM.ZS,2011,28.51444
High income,HIC,Expenditure on primary education (% of government expenditure on education),SE.XPD.PRIM.ZS,2011,24.72651
"Hong Kong SAR, China",HKG,Expenditure on primary education (% of government expenditure on education),SE.XPD.PRIM.ZS,2011,20.50594
Heavily indebted poor countries (HIPC),HPC,Expenditure on primary education (% of government expenditure on education),SE.XPD.PRIM.ZS,2011,45.48806
Hungary,HUN,Expenditure on primary education (% of government expenditure on education),SE.XPD.PRIM.ZS,2011,16.14951
IDA & IBRD total,IBT,Expenditure on primary education (% of government expenditure on education),SE.XPD.PRIM.ZS,2011,37.20057
IDA total,IDA,Expenditure on primary education (% of government expenditure on education),SE.XPD.PRIM.ZS,2011,47.13705
IDA only,IDX,Expenditure on primary education (% of government expenditure on education),SE.XPD.PRIM.ZS,2011,47.970865
India,IND,Expenditure on primary education (% of government expenditure on education),SE.XPD.PRIM.ZS,2011,26.54745
Ireland,IRL,Expenditure on primary education (% of government expenditure on education),SE.XPD.PRIM.ZS,2011,35.71834
"Iran, Islamic Rep.",IRN,Expenditure on primary education (% of government expenditure on education),SE.XPD.PRIM.ZS,2011,27.21379
Iceland,ISL,Expenditure on primary education (% of government expenditure on education),SE.XPD.PRIM.ZS,2011,33.66935
Israel,ISR,Expenditure on primary education (% of government expenditure on education),SE.XPD.PRIM.ZS,2011,42.61741
Italy,ITA,Expenditure on primary education (% of government expenditure on education),SE.XPD.PRIM.ZS,2011,24.72651
Jamaica,JAM,Expenditure on primary education (% of government expenditure on education),SE.XPD.PRIM.ZS,2011,35.46353
Kenya,KEN,Expenditure on primary education (% of government expenditure on education),SE.XPD.PRIM.ZS,2011,38.60215
Cambodia,KHM,Expenditure on primary education (% of government expenditure on education),SE.XPD.PRIM.ZS,2011,49.4388
Latin America & Caribbean (excluding high income),LAC,Expenditure on primary education (% of government expenditure on education),SE.XPD.PRIM.ZS,2011,35.46353
Lao PDR,LAO,Expenditure on primary education (% of government expenditure on education),SE.XPD.PRIM.ZS,2011,35.93258
St. Lucia,LCA,Expenditure on primary education (% of government expenditure on education),SE.XPD.PRIM.ZS,2011,42.30461
Latin America & Caribbean,LCN,Expenditure on primary education (% of government expenditure on education),SE.XPD.PRIM.ZS,2011,32.75136
Least developed countries: UN classification,LDC,Expenditure on primary education (% of government expenditure on education),SE.XPD.PRIM.ZS,2011,49.4388
Low income,LIC,Expenditure on primary education (% of government expenditure on education),SE.XPD.PRIM.ZS,2011,50.64565
Liechtenstein,LIE,Expenditure on primary education (% of government expenditure on education),SE.XPD.PRIM.ZS,2011,38.62014
Sri Lanka,LKA,Expenditure on primary education (% of government expenditure on education),SE.XPD.PRIM.ZS,2011,24.21295
Late-demographic dividend,LTE,Expenditure on primary education (% of government expenditure on education),SE.XPD.PRIM.ZS,2011,29.99806
Lithuania,LTU,Expenditure on primary education (% of government expenditure on education),SE.XPD.PRIM.ZS,2011,15.23921
Latvia,LVA,Expenditure on primary education (% of government expenditure on education),SE.XPD.PRIM.ZS,2011,27.62784
Monaco,MCO,Expenditure on primary education (% of government expenditure on education),SE.XPD.PRIM.ZS,2011,11.88624
Moldova,MDA,Expenditure on primary education (% of government expenditure on education),SE.XPD.PRIM.ZS,2011,18.8651
Madagascar,MDG,Expenditure on primary education (% of government expenditure on education),SE.XPD.PRIM.ZS,2011,47.06569
Maldives,MDV,Expenditure on primary education (% of government expenditure on education),SE.XPD.PRIM.ZS,2011,43.9081
Mexico,MEX,Expenditure on primary education (% of government expenditure on education),SE.XPD.PRIM.ZS,2011,35.50244
Mali,MLI,Expenditure on primary education (% of government expenditure on education),SE.XPD.PRIM.ZS,2011,38.46856
Malta,MLT,Expenditure on primary education (% of government expenditure on education),SE.XPD.PRIM.ZS,2011,14.78764
Myanmar,MMR,Expenditure on primary education (% of government expenditure on education),SE.XPD.PRIM.ZS,2011,50.48816
Mongolia,MNG,Expenditure on primary education (% of government expenditure on education),SE.XPD.PRIM.ZS,2011,32.73583
Mauritania,MRT,Expenditure on primary education (% of government expenditure on education),SE.XPD.PRIM.ZS,2011,45.07309
Mauritius,MUS,Expenditure on primary education (% of government expenditure on education),SE.XPD.PRIM.ZS,2011,27.10349
Malawi,MWI,Expenditure on primary education (% of government expenditure on education),SE.XPD.PRIM.ZS,2011,34.64087
Malaysia,MYS,Expenditure on primary education (% of government expenditure on education),SE.XPD.PRIM.ZS,2011,29.27143
Niger,NER,Expenditure on primary education (% of government expenditure on education),SE.XPD.PRIM.ZS,2011,56.36256
Norway,NOR,Expenditure on primary education (% of government expenditure on education),SE.XPD.PRIM.ZS,2011,25.95561
Nepal,NPL,Expenditure on primary education (% of government expenditure on education),SE.XPD.PRIM.ZS,2011,54.50737
OECD members,OED,Expenditure on primary education (% of government expenditure on education),SE.XPD.PRIM.ZS,2011,26.791725
Other small states,OSS,Expenditure on primary education (% of government expenditure on education),SE.XPD.PRIM.ZS,2011,31.3219
Panama,PAN,Expenditure on primary education (% of government expenditure on education),SE.XPD.PRIM.ZS,2011,23.47102
Peru,PER,Expenditure on primary education (% of government expenditure on education),SE.XPD.PRIM.ZS,2011,38.83053
Poland,POL,Expenditure on primary education (% of government expenditure on education),SE.XPD.PRIM.ZS,2011,30.71056
Pre-demographic dividend,PRE,Expenditure on primary education (% of government expenditure on education),SE.XPD.PRIM.ZS,2011,48.80468
Portugal,PRT,Expenditure on primary education (% of government expenditure on education),SE.XPD.PRIM.ZS,2011,27.67996
Paraguay,PRY,Expenditure on primary education (% of government expenditure on education),SE.XPD.PRIM.ZS,2011,30.24235
Post-demographic dividend,PST,Expenditure on primary education (% of government expenditure on education),SE.XPD.PRIM.ZS,2011,21.053085
Romania,ROU,Expenditure on primary education (% of government expenditure on education),SE.XPD.PRIM.ZS,2011,15.80244
Rwanda,RWA,Expenditure on primary education (% of government expenditure on education),SE.XPD.PRIM.ZS,2011,31.8464
South Asia,SAS,Expenditure on primary education (% of government expenditure on education),SE.XPD.PRIM.ZS,2011,36.84225
Senegal,SEN,Expenditure on primary education (% of government expenditure on education),SE.XPD.PRIM.ZS,2011,41.34595
Singapore,SGP,Expenditure on primary education (% of government expenditure on education),SE.XPD.PRIM.ZS,2011,20.24218
Sierra Leone,SLE,Expenditure on primary education (% of government expenditure on education),SE.XPD.PRIM.ZS,2011,52.55665
San Marino,SMR,Expenditure on primary education (% of government expenditure on education),SE.XPD.PRIM.ZS,2011,33.32141
Serbia,SRB,Expenditure on primary education (% of government expenditure on education),SE.XPD.PRIM.ZS,2011,45.2564
Sub-Saharan Africa (excluding high income),SSA,Expenditure on primary education (% of government expenditure on education),SE.XPD.PRIM.ZS,2011,45.07309
South Sudan,SSD,Expenditure on primary education (% of government expenditure on education),SE.XPD.PRIM.ZS,2011,62.5572
Sub-Saharan Africa,SSF,Expenditure on primary education (% of government expenditure on education),SE.XPD.PRIM.ZS,2011,43.20952
Small states,SST,Expenditure on primary education (% of government expenditure on education),SE.XPD.PRIM.ZS,2011,31.3219
Slovak Republic,SVK,Expenditure on primary education (% of government expenditure on education),SE.XPD.PRIM.ZS,2011,19.04558
Slovenia,SVN,Expenditure on primary education (% of government expenditure on education),SE.XPD.PRIM.ZS,2011,28.08915
Sweden,SWE,Expenditure on primary education (% of government expenditure on education),SE.XPD.PRIM.ZS,2011,24.25941
Eswatini,SWZ,Expenditure on primary education (% of government expenditure on education),SE.XPD.PRIM.ZS,2011,48.66897
Seychelles,SYC,Expenditure on primary education (% of government expenditure on education),SE.XPD.PRIM.ZS,2011,23.95993
Chad,TCD,Expenditure on primary education (% of government expenditure on education),SE.XPD.PRIM.ZS,2011,40.66676
East Asia & Pacific (IDA & IBRD countries),TEA,Expenditure on primary education (% of government expenditure on education),SE.XPD.PRIM.ZS,2011,42.68569
Togo,TGO,Expenditure on primary education (% of government expenditure on education),SE.XPD.PRIM.ZS,2011,48.80468
Thailand,THA,Expenditure on primary education (% of government expenditure on education),SE.XPD.PRIM.ZS,2011,50.4469
Latin America & the Caribbean (IDA & IBRD countries),TLA,Expenditure on primary education (% of government expenditure on education),SE.XPD.PRIM.ZS,2011,32.75136
Timor-Leste,TLS,Expenditure on primary education (% of government expenditure on education),SE.XPD.PRIM.ZS,2011,72.75833
South Asia (IDA & IBRD),TSA,Expenditure on primary education (% of government expenditure on education),SE.XPD.PRIM.ZS,2011,36.84225
Sub-Saharan Africa (IDA & IBRD countries),TSS,Expenditure on primary education (% of government expenditure on education),SE.XPD.PRIM.ZS,2011,43.20952
Uganda,UGA,Expenditure on primary education (% of government expenditure on education),SE.XPD.PRIM.ZS,2011,56.85624
Ukraine,UKR,Expenditure on primary education (% of government expenditure on education),SE.XPD.PRIM.ZS,2011,15.6148
Upper middle income,UMC,Expenditure on primary education (% of government expenditure on education),SE.XPD.PRIM.ZS,2011,32.330565
Uruguay,URY,Expenditure on primary education (% of government expenditure on education),SE.XPD.PRIM.ZS,2011,27.87636
Viet Nam,VNM,Expenditure on primary education (% of government expenditure on education),SE.XPD.PRIM.ZS,2011,28.97733
World,WLD,Expenditure on primary education (% of government expenditure on education),SE.XPD.PRIM.ZS,2011,32.696535
South Africa,ZAF,Expenditure on primary education (% of government expenditure on education),SE.XPD.PRIM.ZS,2011,40.49419
Aruba,ABW,Expenditure on primary education (% of government expenditure on education),SE.XPD.PRIM.ZS,2012,24.32748
Afghanistan,AFG,Expenditure on primary education (% of government expenditure on education),SE.XPD.PRIM.ZS,2012,59.11301
Africa Western and Central,AFW,Expenditure on primary education (% of government expenditure on education),SE.XPD.PRIM.ZS,2012,46.70011
Argentina,ARG,Expenditure on primary education (% of government expenditure on education),SE.XPD.PRIM.ZS,2012,31.79885
Armenia,ARM,Expenditure on primary education (% of government expenditure on education),SE.XPD.PRIM.ZS,2012,18.67795
Australia,AUS,Expenditure on primary education (% of government expenditure on education),SE.XPD.PRIM.ZS,2012,34.14038
Austria,AUT,Expenditure on primary education (% of government expenditure on education),SE.XPD.PRIM.ZS,2012,15.49043
Burundi,BDI,Expenditure on primary education (% of government expenditure on education),SE.XPD.PRIM.ZS,2012,43.99556
Benin,BEN,Expenditure on primary education (% of government expenditure on education),SE.XPD.PRIM.ZS,2012,51.12865
Burkina Faso,BFA,Expenditure on primary education (% of government expenditure on education),SE.XPD.PRIM.ZS,2012,60.62655
Bangladesh,BGD,Expenditure on primary education (% of government expenditure on education),SE.XPD.PRIM.ZS,2012,44.60291
Bulgaria,BGR,Expenditure on primary education (% of government expenditure on education),SE.XPD.PRIM.ZS,2012,18.62869
Brazil,BRA,Expenditure on primary education (% of government expenditure on education),SE.XPD.PRIM.ZS,2012,28.57004
Central Europe and the Baltics,CEB,Expenditure on primary education (% of government expenditure on education),SE.XPD.PRIM.ZS,2012,18.6999
Switzerland,CHE,Expenditure on primary education (% of government expenditure on education),SE.XPD.PRIM.ZS,2012,29.33262
Cote d'Ivoire,CIV,Expenditure on primary education (% of government expenditure on education),SE.XPD.PRIM.ZS,2012,39.59923
Cameroon,CMR,Expenditure on primary education (% of government expenditure on education),SE.XPD.PRIM.ZS,2012,36.1927
Colombia,COL,Expenditure on primary education (% of government expenditure on education),SE.XPD.PRIM.ZS,2012,34.96379
Comoros,COM,Expenditure on primary education (% of government expenditure on education),SE.XPD.PRIM.ZS,2012,56.6082
Costa Rica,CRI,Expenditure on primary education (% of government expenditure on education),SE.XPD.PRIM.ZS,2012,39.10221
Czechia,CZE,Expenditure on primary education (% of government expenditure on education),SE.XPD.PRIM.ZS,2012,16.77759
Germany,DEU,Expenditure on primary education (% of government expenditure on education),SE.XPD.PRIM.ZS,2012,12.8105
Denmark,DNK,Expenditure on primary education (% of government expenditure on education),SE.XPD.PRIM.ZS,2012,29.72291
East Asia & Pacific (excluding high income),EAP,Expenditure on primary education (% of government expenditure on education),SE.XPD.PRIM.ZS,2012,42.661295
East Asia & Pacific,EAS,Expenditure on primary education (% of government expenditure on education),SE.XPD.PRIM.ZS,2012,34.14038
Europe & Central Asia,ECS,Expenditure on primary education (% of government expenditure on education),SE.XPD.PRIM.ZS,2012,21.98401
Ecuador,ECU,Expenditure on primary education (% of government expenditure on education),SE.XPD.PRIM.ZS,2012,31.15291
Euro area,EMU,Expenditure on primary education (% of government expenditure on education),SE.XPD.PRIM.ZS,2012,24.964005
Spain,ESP,Expenditure on primary education (% of government expenditure on education),SE.XPD.PRIM.ZS,2012,25.94887
Estonia,EST,Expenditure on primary education (% of government expenditure on education),SE.XPD.PRIM.ZS,2012,27.01287
Ethiopia,ETH,Expenditure on primary education (% of government expenditure on education),SE.XPD.PRIM.ZS,2012,24.45891
European Union,EUU,Expenditure on primary education (% of government expenditure on education),SE.XPD.PRIM.ZS,2012,21.98401
Finland,FIN,Expenditure on primary education (% of government expenditure on education),SE.XPD.PRIM.ZS,2012,18.3978
Gabon,GAB,Expenditure on primary education (% of government expenditure on education),SE.XPD.PRIM.ZS,2012,27.17582
Georgia,GEO,Expenditure on primary education (% of government expenditure on education),SE.XPD.PRIM.ZS,2012,34.33925
Ghana,GHA,Expenditure on primary education (% of government expenditure on education),SE.XPD.PRIM.ZS,2012,32.30511
Guinea,GIN,Expenditure on primary education (% of government expenditure on education),SE.XPD.PRIM.ZS,2012,43.56377
"Gambia, The",GMB,Expenditure on primary education (% of government expenditure on education),SE.XPD.PRIM.ZS,2012,59.95219
Guinea-Bissau,GNB,Expenditure on primary education (% of government expenditure on education),SE.XPD.PRIM.ZS,2012,56.24621
Guatemala,GTM,Expenditure on primary education (% of government expenditure on education),SE.XPD.PRIM.ZS,2012,55.54988
Guyana,GUY,Expenditure on primary education (% of government expenditure on education),SE.XPD.PRIM.ZS,2012,30.55537
High income,HIC,Expenditure on primary education (% of government expenditure on education),SE.XPD.PRIM.ZS,2012,23.005545
"Hong Kong SAR, China",HKG,Expenditure on primary education (% of government expenditure on education),SE.XPD.PRIM.ZS,2012,18.65048
Heavily indebted poor countries (HIPC),HPC,Expenditure on primary education (% of government expenditure on education),SE.XPD.PRIM.ZS,2012,47.26514
Hungary,HUN,Expenditure on primary education (% of government expenditure on education),SE.XPD.PRIM.ZS,2012,17.43041
IDA & IBRD total,IBT,Expenditure on primary education (% of government expenditure on education),SE.XPD.PRIM.ZS,2012,38.31502
IDA total,IDA,Expenditure on primary education (% of government expenditure on education),SE.XPD.PRIM.ZS,2012,46.93089
Indonesia,IDN,Expenditure on primary education (% of government expenditure on education),SE.XPD.PRIM.ZS,2012,41.76111
IDA only,IDX,Expenditure on primary education (% of government expenditure on education),SE.XPD.PRIM.ZS,2012,47.308465
India,IND,Expenditure on primary education (% of government expenditure on education),SE.XPD.PRIM.ZS,2012,27.21284
Ireland,IRL,Expenditure on primary education (% of government expenditure on education),SE.XPD.PRIM.ZS,2012,36.8972
"Iran, Islamic Rep.",IRN,Expenditure on primary education (% of government expenditure on education),SE.XPD.PRIM.ZS,2012,25.4062
Iceland,ISL,Expenditure on primary education (% of government expenditure on education),SE.XPD.PRIM.ZS,2012,28.35367
Israel,ISR,Expenditure on primary education (% of government expenditure on education),SE.XPD.PRIM.ZS,2012,38.8639
Italy,ITA,Expenditure on primary education (% of government expenditure on education),SE.XPD.PRIM.ZS,2012,23.97914
Jamaica,JAM,Expenditure on primary education (% of government expenditure on education),SE.XPD.PRIM.ZS,2012,37.24792
Kenya,KEN,Expenditure on primary education (% of government expenditure on education),SE.XPD.PRIM.ZS,2012,34.18959
Cambodia,KHM,Expenditure on primary education (% of government expenditure on education),SE.XPD.PRIM.ZS,2012,49.2463
Latin America & Caribbean (excluding high income),LAC,Expenditure on primary education (% of government expenditure on education),SE.XPD.PRIM.ZS,2012,35.788045
Lao PDR,LAO,Expenditure on primary education (% of government expenditure on education),SE.XPD.PRIM.ZS,2012,43.56148
Liberia,LBR,Expenditure on primary education (% of government expenditure on education),SE.XPD.PRIM.ZS,2012,30.72199
St. Lucia,LCA,Expenditure on primary education (% of government expenditure on education),SE.XPD.PRIM.ZS,2012,40.27038
Least developed countries: UN classification,LDC,Expenditure on primary education (% of government expenditure on education),SE.XPD.PRIM.ZS,2012,49.2463
Low income,LIC,Expenditure on primary education (% of government expenditure on education),SE.XPD.PRIM.ZS,2012,51.92901
Sri Lanka,LKA,Expenditure on primary education (% of government expenditure on education),SE.XPD.PRIM.ZS,2012,23.89616
Low & middle income,LMY,Expenditure on primary education (% of government expenditure on education),SE.XPD.PRIM.ZS,2012,39.757625
Lithuania,LTU,Expenditure on primary education (% of government expenditure on education),SE.XPD.PRIM.ZS,2012,15.26518
Luxembourg,LUX,Expenditure on primary education (% of government expenditure on education),SE.XPD.PRIM.ZS,2012,34.10333
Latvia,LVA,Expenditure on primary education (% of government expenditure on education),SE.XPD.PRIM.ZS,2012,28.14921
Monaco,MCO,Expenditure on primary education (% of government expenditure on education),SE.XPD.PRIM.ZS,2012,10.25539
Moldova,MDA,Expenditure on primary education (% of government expenditure on education),SE.XPD.PRIM.ZS,2012,18.26737
Madagascar,MDG,Expenditure on primary education (% of government expenditure on education),SE.XPD.PRIM.ZS,2012,47.35179
Maldives,MDV,Expenditure on primary education (% of government expenditure on education),SE.XPD.PRIM.ZS,2012,40.33419
Mexico,MEX,Expenditure on primary education (% of government expenditure on education),SE.XPD.PRIM.ZS,2012,34.66095
Mali,MLI,Expenditure on primary education (% of government expenditure on education),SE.XPD.PRIM.ZS,2012,38.31502
Malta,MLT,Expenditure on primary education (% of government expenditure on education),SE.XPD.PRIM.ZS,2012,22.72691
Mongolia,MNG,Expenditure on primary education (% of government expenditure on education),SE.XPD.PRIM.ZS,2012,18.39382
Mozambique,MOZ,Expenditure on primary education (% of government expenditure on education),SE.XPD.PRIM.ZS,2012,51.92901
Mauritania,MRT,Expenditure on primary education (% of government expenditure on education),SE.XPD.PRIM.ZS,2012,47.26514
Mauritius,MUS,Expenditure on primary education (% of government expenditure on education),SE.XPD.PRIM.ZS,2012,26.41398
Malaysia,MYS,Expenditure on primary education (% of government expenditure on education),SE.XPD.PRIM.ZS,2012,33.58851
Niger,NER,Expenditure on primary education (% of government expenditure on education),SE.XPD.PRIM.ZS,2012,51.94162
Norway,NOR,Expenditure on primary education (% of government expenditure on education),SE.XPD.PRIM.ZS,2012,22.03195
Nepal,NPL,Expenditure on primary education (% of government expenditure on education),SE.XPD.PRIM.ZS,2012,54.24189
OECD members,OED,Expenditure on primary education (% of government expenditure on education),SE.XPD.PRIM.ZS,2012,27.395065
Other small states,OSS,Expenditure on primary education (% of government expenditure on education),SE.XPD.PRIM.ZS,2012,27.01287
Peru,PER,Expenditure on primary education (% of government expenditure on education),SE.XPD.PRIM.ZS,2012,36.6123
Poland,POL,Expenditure on primary education (% of government expenditure on education),SE.XPD.PRIM.ZS,2012,30.47298
Pre-demographic dividend,PRE,Expenditure on primary education (% of government expenditure on education),SE.XPD.PRIM.ZS,2012,48.44173
Portugal,PRT,Expenditure on primary education (% of government expenditure on education),SE.XPD.PRIM.ZS,2012,28.56929
Paraguay,PRY,Expenditure on primary education (% of government expenditure on education),SE.XPD.PRIM.ZS,2012,38.25415
Post-demographic dividend,PST,Expenditure on primary education (% of government expenditure on education),SE.XPD.PRIM.ZS,2012,20.56534
Romania,ROU,Expenditure on primary education (% of government expenditure on education),SE.XPD.PRIM.ZS,2012,15.91537
Rwanda,RWA,Expenditure on primary education (% of government expenditure on education),SE.XPD.PRIM.ZS,2012,36.24898
South Asia,SAS,Expenditure on primary education (% of government expenditure on education),SE.XPD.PRIM.ZS,2012,35.907875
Senegal,SEN,Expenditure on primary education (% of government expenditure on education),SE.XPD.PRIM.ZS,2012,42.05119
Singapore,SGP,Expenditure on primary education (% of government expenditure on education),SE.XPD.PRIM.ZS,2012,20.56534
Sierra Leone,SLE,Expenditure on primary education (% of government expenditure on education),SE.XPD.PRIM.ZS,2012,49.53167
El Salvador,SLV,Expenditure on primary education (% of government expenditure on education),SE.XPD.PRIM.ZS,2012,42.75137
Sub-Saharan Africa (excluding high income),SSA,Expenditure on primary education (% of government expenditure on education),SE.XPD.PRIM.ZS,2012,45.347835
Sub-Saharan Africa,SSF,Expenditure on primary education (% of government expenditure on education),SE.XPD.PRIM.ZS,2012,43.99556
Small states,SST,Expenditure on primary education (% of government expenditure on education),SE.XPD.PRIM.ZS,2012,27.01287
Sao Tome and Principe,STP,Expenditure on primary education (% of government expenditure on education),SE.XPD.PRIM.ZS,2012,51.52398
Slovak Republic,SVK,Expenditure on primary education (% of government expenditure on education),SE.XPD.PRIM.ZS,2012,18.77111
Slovenia,SVN,Expenditure on primary education (% of government expenditure on education),SE.XPD.PRIM.ZS,2012,27.77726
Sweden,SWE,Expenditure on primary education (% of government expenditure on education),SE.XPD.PRIM.ZS,2012,21.98401
Seychelles,SYC,Expenditure on primary education (% of government expenditure on education),SE.XPD.PRIM.ZS,2012,38.71649
Chad,TCD,Expenditure on primary education (% of government expenditure on education),SE.XPD.PRIM.ZS,2012,46.70011
East Asia & Pacific (IDA & IBRD countries),TEA,Expenditure on primary education (% of government expenditure on education),SE.XPD.PRIM.ZS,2012,42.661295
Togo,TGO,Expenditure on primary education (% of government expenditure on education),SE.XPD.PRIM.ZS,2012,63.62988
Thailand,THA,Expenditure on primary education (% of government expenditure on education),SE.XPD.PRIM.ZS,2012,44.78126
Latin America & the Caribbean (IDA & IBRD countries),TLA,Expenditure on primary education (% of government expenditure on education),SE.XPD.PRIM.ZS,2012,36.6123
Timor-Leste,TLS,Expenditure on primary education (% of government expenditure on education),SE.XPD.PRIM.ZS,2012,65.55491
South Asia (IDA & IBRD),TSA,Expenditure on primary education (% of government expenditure on education),SE.XPD.PRIM.ZS,2012,35.907875
Sub-Saharan Africa (IDA & IBRD countries),TSS,Expenditure on primary education (% of government expenditure on education),SE.XPD.PRIM.ZS,2012,43.99556
Uganda,UGA,Expenditure on primary education (% of government expenditure on education),SE.XPD.PRIM.ZS,2012,57.97867
Ukraine,UKR,Expenditure on primary education (% of government expenditure on education),SE.XPD.PRIM.ZS,2012,16.81825
Upper middle income,UMC,Expenditure on primary education (% of government expenditure on education),SE.XPD.PRIM.ZS,2012,33.96388
Viet Nam,VNM,Expenditure on primary education (% of government expenditure on education),SE.XPD.PRIM.ZS,2012,29.80566
World,WLD,Expenditure on primary education (% of government expenditure on education),SE.XPD.PRIM.ZS,2012,34.18959
South Africa,ZAF,Expenditure on primary education (% of government expenditure on education),SE.XPD.PRIM.ZS,2012,39.91602
Zimbabwe,ZWE,Expenditure on primary education (% of government expenditure on education),SE.XPD.PRIM.ZS,2012,46.93089
Aruba,ABW,Expenditure on primary education (% of government expenditure on education),SE.XPD.PRIM.ZS,2013,24.23744
Afghanistan,AFG,Expenditure on primary education (% of government expenditure on education),SE.XPD.PRIM.ZS,2013,60.00801
Africa Western and Central,AFW,Expenditure on primary education (% of government expenditure on education),SE.XPD.PRIM.ZS,2013,43.20938
Andorra,AND,Expenditure on primary education (% of government expenditure on education),SE.XPD.PRIM.ZS,2013,32.14382
Argentina,ARG,Expenditure on primary education (% of government expenditure on education),SE.XPD.PRIM.ZS,2013,30.03234
Armenia,ARM,Expenditure on primary education (% of government expenditure on education),SE.XPD.PRIM.ZS,2013,20.11078
Australia,AUS,Expenditure on primary education (% of government expenditure on education),SE.XPD.PRIM.ZS,2013,32.81864
Austria,AUT,Expenditure on primary education (% of government expenditure on education),SE.XPD.PRIM.ZS,2013,16.30241
Burundi,BDI,Expenditure on primary education (% of government expenditure on education),SE.XPD.PRIM.ZS,2013,45.42999
Belgium,BEL,Expenditure on primary education (% of government expenditure on education),SE.XPD.PRIM.ZS,2013,23.35235
Benin,BEN,Expenditure on primary education (% of government expenditure on education),SE.XPD.PRIM.ZS,2013,50.12866
Burkina Faso,BFA,Expenditure on primary education (% of government expenditure on education),SE.XPD.PRIM.ZS,2013,59.7878
Bulgaria,BGR,Expenditure on primary education (% of government expenditure on education),SE.XPD.PRIM.ZS,2013,19.69638
Bahrain,BHR,Expenditure on primary education (% of government expenditure on education),SE.XPD.PRIM.ZS,2013,32.07181
Belize,BLZ,Expenditure on primary education (% of government expenditure on education),SE.XPD.PRIM.ZS,2013,40.04288
Brazil,BRA,Expenditure on primary education (% of government expenditure on education),SE.XPD.PRIM.ZS,2013,28.07656
Bhutan,BTN,Expenditure on primary education (% of government expenditure on education),SE.XPD.PRIM.ZS,2013,21.82037
Central Europe and the Baltics,CEB,Expenditure on primary education (% of government expenditure on education),SE.XPD.PRIM.ZS,2013,20.53072
Switzerland,CHE,Expenditure on primary education (% of government expenditure on education),SE.XPD.PRIM.ZS,2013,29.69646
Chile,CHL,Expenditure on primary education (% of government expenditure on education),SE.XPD.PRIM.ZS,2013,29.20625
Cote d'Ivoire,CIV,Expenditure on primary education (% of government expenditure on education),SE.XPD.PRIM.ZS,2013,39.28107
Cameroon,CMR,Expenditure on primary education (% of government expenditure on education),SE.XPD.PRIM.ZS,2013,33.87925
"Congo, Dem. Rep.",COD,Expenditure on primary education (% of government expenditure on education),SE.XPD.PRIM.ZS,2013,61.59357
Colombia,COL,Expenditure on primary education (% of government expenditure on education),SE.XPD.PRIM.ZS,2013,34.4199
Comoros,COM,Expenditure on primary education (% of government expenditure on education),SE.XPD.PRIM.ZS,2013,55.13961
Cabo Verde,CPV,Expenditure on primary education (% of government expenditure on education),SE.XPD.PRIM.ZS,2013,38.39872
Costa Rica,CRI,Expenditure on primary education (% of government expenditure on education),SE.XPD.PRIM.ZS,2013,36.5971
Curacao,CUW,Expenditure on primary education (% of government expenditure on education),SE.XPD.PRIM.ZS,2013,27.46553
Cyprus,CYP,Expenditure on primary education (% of government expenditure on education),SE.XPD.PRIM.ZS,2013,30.59917
Czechia,CZE,Expenditure on primary education (% of government expenditure on education),SE.XPD.PRIM.ZS,2013,17.75912
Germany,DEU,Expenditure on primary education (% of government expenditure on education),SE.XPD.PRIM.ZS,2013,12.78433
Denmark,DNK,Expenditure on primary education (% of government expenditure on education),SE.XPD.PRIM.ZS,2013,24.87314
East Asia & Pacific (excluding high income),EAP,Expenditure on primary education (% of government expenditure on education),SE.XPD.PRIM.ZS,2013,41.222595
East Asia & Pacific,EAS,Expenditure on primary education (% of government expenditure on education),SE.XPD.PRIM.ZS,2013,32.81864
Europe & Central Asia,ECS,Expenditure on primary education (% of government expenditure on education),SE.XPD.PRIM.ZS,2013,23.35235
Ecuador,ECU,Expenditure on primary education (% of government expenditure on education),SE.XPD.PRIM.ZS,2013,30.95661
Euro area,EMU,Expenditure on primary education (% of government expenditure on education),SE.XPD.PRIM.ZS,2013,25.25887
Spain,ESP,Expenditure on primary education (% of government expenditure on education),SE.XPD.PRIM.ZS,2013,26.1203
Estonia,EST,Expenditure on primary education (% of government expenditure on education),SE.XPD.PRIM.ZS,2013,30.69622
Ethiopia,ETH,Expenditure on primary education (% of government expenditure on education),SE.XPD.PRIM.ZS,2013,24.04599
European Union,EUU,Expenditure on primary education (% of government expenditure on education),SE.XPD.PRIM.ZS,2013,23.874895
Finland,FIN,Expenditure on primary education (% of government expenditure on education),SE.XPD.PRIM.ZS,2013,18.61582
Fiji,FJI,Expenditure on primary education (% of government expenditure on education),SE.XPD.PRIM.ZS,2013,38.60385
Gabon,GAB,Expenditure on primary education (% of government expenditure on education),SE.XPD.PRIM.ZS,2013,25.24234
United Kingdom,GBR,Expenditure on primary education (% of government expenditure on education),SE.XPD.PRIM.ZS,2013,29.7885
Ghana,GHA,Expenditure on primary education (% of government expenditure on education),SE.XPD.PRIM.ZS,2013,24.37899
Guinea,GIN,Expenditure on primary education (% of government expenditure on education),SE.XPD.PRIM.ZS,2013,40.13794
"Gambia, The",GMB,Expenditure on primary education (% of government expenditure on education),SE.XPD.PRIM.ZS,2013,51.80921
Guinea-Bissau,GNB,Expenditure on primary education (% of government expenditure on education),SE.XPD.PRIM.ZS,2013,64.41775
Guatemala,GTM,Expenditure on primary education (% of government expenditure on education),SE.XPD.PRIM.ZS,2013,52.71151
High income,HIC,Expenditure on primary education (% of government expenditure on education),SE.XPD.PRIM.ZS,2013,25.49672
"Hong Kong SAR, China",HKG,Expenditure on primary education (% of government expenditure on education),SE.XPD.PRIM.ZS,2013,17.54439
Honduras,HND,Expenditure on primary education (% of government expenditure on education),SE.XPD.PRIM.ZS,2013,48.90042
Heavily indebted poor countries (HIPC),HPC,Expenditure on primary education (% of government expenditure on education),SE.XPD.PRIM.ZS,2013,48.85806
Hungary,HUN,Expenditure on primary education (% of government expenditure on education),SE.XPD.PRIM.ZS,2013,20.53072
IDA total,IDA,Expenditure on primary education (% of government expenditure on education),SE.XPD.PRIM.ZS,2013,47.71795
IDA blend,IDB,Expenditure on primary education (% of government expenditure on education),SE.XPD.PRIM.ZS,2013,37.714815
Indonesia,IDN,Expenditure on primary education (% of government expenditure on education),SE.XPD.PRIM.ZS,2013,42.46006
IDA only,IDX,Expenditure on primary education (% of government expenditure on education),SE.XPD.PRIM.ZS,2013,49.07353
India,IND,Expenditure on primary education (% of government expenditure on education),SE.XPD.PRIM.ZS,2013,28.40116
Ireland,IRL,Expenditure on primary education (% of government expenditure on education),SE.XPD.PRIM.ZS,2013,36.2493
"Iran, Islamic Rep.",IRN,Expenditure on primary education (% of government expenditure on education),SE.XPD.PRIM.ZS,2013,26.2146
Iceland,ISL,Expenditure on primary education (% of government expenditure on education),SE.XPD.PRIM.ZS,2013,28.59841
Israel,ISR,Expenditure on primary education (% of government expenditure on education),SE.XPD.PRIM.ZS,2013,37.57518
Italy,ITA,Expenditure on primary education (% of government expenditure on education),SE.XPD.PRIM.ZS,2013,24.39744
Jamaica,JAM,Expenditure on primary education (% of government expenditure on education),SE.XPD.PRIM.ZS,2013,36.28717
Japan,JPN,Expenditure on primary education (% of government expenditure on education),SE.XPD.PRIM.ZS,2013,33.39922
Kenya,KEN,Expenditure on primary education (% of government expenditure on education),SE.XPD.PRIM.ZS,2013,36.14856
Cambodia,KHM,Expenditure on primary education (% of government expenditure on education),SE.XPD.PRIM.ZS,2013,49.70352
Latin America & Caribbean (excluding high income),LAC,Expenditure on primary education (% of government expenditure on education),SE.XPD.PRIM.ZS,2013,37.020995
Lao PDR,LAO,Expenditure on primary education (% of government expenditure on education),SE.XPD.PRIM.ZS,2013,41.33919
St. Lucia,LCA,Expenditure on primary education (% of government expenditure on education),SE.XPD.PRIM.ZS,2013,37.07721
Latin America & Caribbean,LCN,Expenditure on primary education (% of government expenditure on education),SE.XPD.PRIM.ZS,2013,36.28717
Least developed countries: UN classification,LDC,Expenditure on primary education (% of government expenditure on education),SE.XPD.PRIM.ZS,2013,49.91609
Low income,LIC,Expenditure on primary education (% of government expenditure on education),SE.XPD.PRIM.ZS,2013,53.25917
Sri Lanka,LKA,Expenditure on primary education (% of government expenditure on education),SE.XPD.PRIM.ZS,2013,22.99159
Lithuania,LTU,Expenditure on primary education (% of government expenditure on education),SE.XPD.PRIM.ZS,2013,15.24667
Latvia,LVA,Expenditure on primary education (% of government expenditure on education),SE.XPD.PRIM.ZS,2013,30.02162
Monaco,MCO,Expenditure on primary education (% of government expenditure on education),SE.XPD.PRIM.ZS,2013,13.11917
Maldives,MDV,Expenditure on primary education (% of government expenditure on education),SE.XPD.PRIM.ZS,2013,39.17938
Mexico,MEX,Expenditure on primary education (% of government expenditure on education),SE.XPD.PRIM.ZS,2013,37.75482
Mali,MLI,Expenditure on primary education (% of government expenditure on education),SE.XPD.PRIM.ZS,2013,39.45815
Malta,MLT,Expenditure on primary education (% of government expenditure on education),SE.XPD.PRIM.ZS,2013,20.23959
Mongolia,MNG,Expenditure on primary education (% of government expenditure on education),SE.XPD.PRIM.ZS,2013,22.57306
Mozambique,MOZ,Expenditure on primary education (% of government expenditure on education),SE.XPD.PRIM.ZS,2013,49.24664
Mauritania,MRT,Expenditure on primary education (% of government expenditure on education),SE.XPD.PRIM.ZS,2013,43.20938
Mauritius,MUS,Expenditure on primary education (% of government expenditure on education),SE.XPD.PRIM.ZS,2013,27.47102
Malawi,MWI,Expenditure on primary education (% of government expenditure on education),SE.XPD.PRIM.ZS,2013,36.73603
Malaysia,MYS,Expenditure on primary education (% of government expenditure on education),SE.XPD.PRIM.ZS,2013,32.14839
North America,NAC,Expenditure on primary education (% of government expenditure on education),SE.XPD.PRIM.ZS,2013,31.10906
Niger,NER,Expenditure on primary education (% of government expenditure on education),SE.XPD.PRIM.ZS,2013,53.25917
Norway,NOR,Expenditure on primary education (% of government expenditure on education),SE.XPD.PRIM.ZS,2013,22.33785
Nepal,NPL,Expenditure on primary education (% of government expenditure on education),SE.XPD.PRIM.ZS,2013,54.78521
New Zealand,NZL,Expenditure on primary education (% of government expenditure on education),SE.XPD.PRIM.ZS,2013,23.02841
OECD members,OED,Expenditure on primary education (% of government expenditure on education),SE.XPD.PRIM.ZS,2013,28.569515
Other small states,OSS,Expenditure on primary education (% of government expenditure on education),SE.XPD.PRIM.ZS,2013,30.647695
Pakistan,PAK,Expenditure on primary education (% of government expenditure on education),SE.XPD.PRIM.ZS,2013,32.6824
Peru,PER,Expenditure on primary education (% of government expenditure on education),SE.XPD.PRIM.ZS,2013,39.69055
Poland,POL,Expenditure on primary education (% of government expenditure on education),SE.XPD.PRIM.ZS,2013,30.3008
Pre-demographic dividend,PRE,Expenditure on primary education (% of government expenditure on education),SE.XPD.PRIM.ZS,2013,49.68765
Puerto Rico (US),PRI,Expenditure on primary education (% of government expenditure on education),SE.XPD.PRIM.ZS,2013,21.64043
Portugal,PRT,Expenditure on primary education (% of government expenditure on education),SE.XPD.PRIM.ZS,2013,29.68287
Post-demographic dividend,PST,Expenditure on primary education (% of government expenditure on education),SE.XPD.PRIM.ZS,2013,22.70418
Rwanda,RWA,Expenditure on primary education (% of government expenditure on education),SE.XPD.PRIM.ZS,2013,30.11024
South Asia,SAS,Expenditure on primary education (% of government expenditure on education),SE.XPD.PRIM.ZS,2013,28.40116
Senegal,SEN,Expenditure on primary education (% of government expenditure on education),SE.XPD.PRIM.ZS,2013,35.58587
Singapore,SGP,Expenditure on primary education (% of government expenditure on education),SE.XPD.PRIM.ZS,2013,21.98366
Sierra Leone,SLE,Expenditure on primary education (% of government expenditure on education),SE.XPD.PRIM.ZS,2013,48.85806
El Salvador,SLV,Expenditure on primary education (% of government expenditure on education),SE.XPD.PRIM.ZS,2013,42.76012
Sub-Saharan Africa (excluding high income),SSA,Expenditure on primary education (% of government expenditure on education),SE.XPD.PRIM.ZS,2013,45.42999
South Sudan,SSD,Expenditure on primary education (% of government expenditure on education),SE.XPD.PRIM.ZS,2013,62.42745
Sub-Saharan Africa,SSF,Expenditure on primary education (% of government expenditure on education),SE.XPD.PRIM.ZS,2013,44.319685
Small states,SST,Expenditure on primary education (% of government expenditure on education),SE.XPD.PRIM.ZS,2013,30.647695
Sao Tome and Principe,STP,Expenditure on primary education (% of government expenditure on education),SE.XPD.PRIM.ZS,2013,53.29614
Slovak Republic,SVK,Expenditure on primary education (% of government expenditure on education),SE.XPD.PRIM.ZS,2013,19.65779
Slovenia,SVN,Expenditure on primary education (% of government expenditure on education),SE.XPD.PRIM.ZS,2013,27.93278
Sweden,SWE,Expenditure on primary education (% of government expenditure on education),SE.XPD.PRIM.ZS,2013,22.37995
Seychelles,SYC,Expenditure on primary education (% of government expenditure on education),SE.XPD.PRIM.ZS,2013,34.37999
East Asia & Pacific (IDA & IBRD countries),TEA,Expenditure on primary education (% of government expenditure on education),SE.XPD.PRIM.ZS,2013,41.222595
Togo,TGO,Expenditure on primary education (% of government expenditure on education),SE.XPD.PRIM.ZS,2013,58.58388
Thailand,THA,Expenditure on primary education (% of government expenditure on education),SE.XPD.PRIM.ZS,2013,41.106
Latin America & the Caribbean (IDA & IBRD countries),TLA,Expenditure on primary education (% of government expenditure on education),SE.XPD.PRIM.ZS,2013,36.442135
Timor-Leste,TLS,Expenditure on primary education (% of government expenditure on education),SE.XPD.PRIM.ZS,2013,64.73953
South Asia (IDA & IBRD),TSA,Expenditure on primary education (% of government expenditure on education),SE.XPD.PRIM.ZS,2013,28.40116
Sub-Saharan Africa (IDA & IBRD countries),TSS,Expenditure on primary education (% of government expenditure on education),SE.XPD.PRIM.ZS,2013,44.319685
Uganda,UGA,Expenditure on primary education (% of government expenditure on education),SE.XPD.PRIM.ZS,2013,57.23354
Ukraine,UKR,Expenditure on primary education (% of government expenditure on education),SE.XPD.PRIM.ZS,2013,17.46466
United States,USA,Expenditure on primary education (% of government expenditure on education),SE.XPD.PRIM.ZS,2013,31.10906
Viet Nam,VNM,Expenditure on primary education (% of government expenditure on education),SE.XPD.PRIM.ZS,2013,29.68927
World,WLD,Expenditure on primary education (% of government expenditure on education),SE.XPD.PRIM.ZS,2013,31.590435
Zimbabwe,ZWE,Expenditure on primary education (% of government expenditure on education),SE.XPD.PRIM.ZS,2013,46.57784
Aruba,ABW,Expenditure on primary education (% of government expenditure on education),SE.XPD.PRIM.ZS,2014,26.21662
Afghanistan,AFG,Expenditure on primary education (% of government expenditure on education),SE.XPD.PRIM.ZS,2014,59.1065
Africa Western and Central,AFW,Expenditure on primary education (% of government expenditure on education),SE.XPD.PRIM.ZS,2014,43.14119
Andorra,AND,Expenditure on primary education (% of government expenditure on education),SE.XPD.PRIM.ZS,2014,22.28986
Argentina,ARG,Expenditure on primary education (% of government expenditure on education),SE.XPD.PRIM.ZS,2014,30.06039
Australia,AUS,Expenditure on primary education (% of government expenditure on education),SE.XPD.PRIM.ZS,2014,32.62542
Austria,AUT,Expenditure on primary education (% of government expenditure on education),SE.XPD.PRIM.ZS,2014,16.29671
Belgium,BEL,Expenditure on primary education (% of government expenditure on education),SE.XPD.PRIM.ZS,2014,23.1117
Benin,BEN,Expenditure on primary education (% of government expenditure on education),SE.XPD.PRIM.ZS,2014,48.94131
Burkina Faso,BFA,Expenditure on primary education (% of government expenditure on education),SE.XPD.PRIM.ZS,2014,65.40953
Bahrain,BHR,Expenditure on primary education (% of government expenditure on education),SE.XPD.PRIM.ZS,2014,32.49759
Belize,BLZ,Expenditure on primary education (% of government expenditure on education),SE.XPD.PRIM.ZS,2014,37.83702
Bermuda,BMU,Expenditure on primary education (% of government expenditure on education),SE.XPD.PRIM.ZS,2014,29.9363
Brazil,BRA,Expenditure on primary education (% of government expenditure on education),SE.XPD.PRIM.ZS,2014,26.81877
Bhutan,BTN,Expenditure on primary education (% of government expenditure on education),SE.XPD.PRIM.ZS,2014,31.97081
Central Europe and the Baltics,CEB,Expenditure on primary education (% of government expenditure on education),SE.XPD.PRIM.ZS,2014,19.05136
Switzerland,CHE,Expenditure on primary education (% of government expenditure on education),SE.XPD.PRIM.ZS,2014,29.57548
Chile,CHL,Expenditure on primary education (% of government expenditure on education),SE.XPD.PRIM.ZS,2014,24.79976
Cote d'Ivoire,CIV,Expenditure on primary education (% of government expenditure on education),SE.XPD.PRIM.ZS,2014,39.09514
Colombia,COL,Expenditure on primary education (% of government expenditure on education),SE.XPD.PRIM.ZS,2014,35.60003
Comoros,COM,Expenditure on primary education (% of government expenditure on education),SE.XPD.PRIM.ZS,2014,56.35296
Cabo Verde,CPV,Expenditure on primary education (% of government expenditure on education),SE.XPD.PRIM.ZS,2014,42.91625
Costa Rica,CRI,Expenditure on primary education (% of government expenditure on education),SE.XPD.PRIM.ZS,2014,36.30857
Cyprus,CYP,Expenditure on primary education (% of government expenditure on education),SE.XPD.PRIM.ZS,2014,31.52549
Czechia,CZE,Expenditure on primary education (% of government expenditure on education),SE.XPD.PRIM.ZS,2014,18.63894
Germany,DEU,Expenditure on primary education (% of government expenditure on education),SE.XPD.PRIM.ZS,2014,12.7934
Denmark,DNK,Expenditure on primary education (% of government expenditure on education),SE.XPD.PRIM.ZS,2014,27.20674
East Asia & Pacific,EAS,Expenditure on primary education (% of government expenditure on education),SE.XPD.PRIM.ZS,2014,32.85365
Europe & Central Asia,ECS,Expenditure on primary education (% of government expenditure on education),SE.XPD.PRIM.ZS,2014,23.1117
Ecuador,ECU,Expenditure on primary education (% of government expenditure on education),SE.XPD.PRIM.ZS,2014,25.71007
Euro area,EMU,Expenditure on primary education (% of government expenditure on education),SE.XPD.PRIM.ZS,2014,24.547465
Spain,ESP,Expenditure on primary education (% of government expenditure on education),SE.XPD.PRIM.ZS,2014,26.32772
Estonia,EST,Expenditure on primary education (% of government expenditure on education),SE.XPD.PRIM.ZS,2014,24.60631
Ethiopia,ETH,Expenditure on primary education (% of government expenditure on education),SE.XPD.PRIM.ZS,2014,30.47454
European Union,EUU,Expenditure on primary education (% of government expenditure on education),SE.XPD.PRIM.ZS,2014,23.80016
Finland,FIN,Expenditure on primary education (% of government expenditure on education),SE.XPD.PRIM.ZS,2014,19.1145
Gabon,GAB,Expenditure on primary education (% of government expenditure on education),SE.XPD.PRIM.ZS,2014,29.23549
United Kingdom,GBR,Expenditure on primary education (% of government expenditure on education),SE.XPD.PRIM.ZS,2014,28.91542
Ghana,GHA,Expenditure on primary education (% of government expenditure on education),SE.XPD.PRIM.ZS,2014,21.69728
Guinea,GIN,Expenditure on primary education (% of government expenditure on education),SE.XPD.PRIM.ZS,2014,38.906
"Gambia, The",GMB,Expenditure on primary education (% of government expenditure on education),SE.XPD.PRIM.ZS,2014,55.18407
Guatemala,GTM,Expenditure on primary education (% of government expenditure on education),SE.XPD.PRIM.ZS,2014,49.13356
High income,HIC,Expenditure on primary education (% of government expenditure on education),SE.XPD.PRIM.ZS,2014,24.79976
"Hong Kong SAR, China",HKG,Expenditure on primary education (% of government expenditure on education),SE.XPD.PRIM.ZS,2014,18.85407
Hungary,HUN,Expenditure on primary education (% of government expenditure on education),SE.XPD.PRIM.ZS,2014,12.53291
IDA blend,IDB,Expenditure on primary education (% of government expenditure on education),SE.XPD.PRIM.ZS,2014,43.43181
Indonesia,IDN,Expenditure on primary education (% of government expenditure on education),SE.XPD.PRIM.ZS,2014,43.6768
Ireland,IRL,Expenditure on primary education (% of government expenditure on education),SE.XPD.PRIM.ZS,2014,36.42884
"Iran, Islamic Rep.",IRN,Expenditure on primary education (% of government expenditure on education),SE.XPD.PRIM.ZS,2014,26.88802
Iceland,ISL,Expenditure on primary education (% of government expenditure on education),SE.XPD.PRIM.ZS,2014,29.0133
Israel,ISR,Expenditure on primary education (% of government expenditure on education),SE.XPD.PRIM.ZS,2014,37.87992
Italy,ITA,Expenditure on primary education (% of government expenditure on education),SE.XPD.PRIM.ZS,2014,24.48862
Jamaica,JAM,Expenditure on primary education (% of government expenditure on education),SE.XPD.PRIM.ZS,2014,36.41514
Japan,JPN,Expenditure on primary education (% of government expenditure on education),SE.XPD.PRIM.ZS,2014,33.08188
Kenya,KEN,Expenditure on primary education (% of government expenditure on education),SE.XPD.PRIM.ZS,2014,36.08843
Cambodia,KHM,Expenditure on primary education (% of government expenditure on education),SE.XPD.PRIM.ZS,2014,48.45392
Latin America & Caribbean (excluding high income),LAC,Expenditure on primary education (% of government expenditure on education),SE.XPD.PRIM.ZS,2014,35.60003
Lao PDR,LAO,Expenditure on primary education (% of government expenditure on education),SE.XPD.PRIM.ZS,2014,40.64278
St. Lucia,LCA,Expenditure on primary education (% of government expenditure on education),SE.XPD.PRIM.ZS,2014,35.54416
Latin America & Caribbean,LCN,Expenditure on primary education (% of government expenditure on education),SE.XPD.PRIM.ZS,2014,34.17878
Sri Lanka,LKA,Expenditure on primary education (% of government expenditure on education),SE.XPD.PRIM.ZS,2014,28.6699
Lithuania,LTU,Expenditure on primary education (% of government expenditure on education),SE.XPD.PRIM.ZS,2014,15.16924
Luxembourg,LUX,Expenditure on primary education (% of government expenditure on education),SE.XPD.PRIM.ZS,2014,30.8396
Latvia,LVA,Expenditure on primary education (% of government expenditure on education),SE.XPD.PRIM.ZS,2014,30.04865
Monaco,MCO,Expenditure on primary education (% of government expenditure on education),SE.XPD.PRIM.ZS,2014,15.99401
Moldova,MDA,Expenditure on primary education (% of government expenditure on education),SE.XPD.PRIM.ZS,2014,22.69672
Maldives,MDV,Expenditure on primary education (% of government expenditure on education),SE.XPD.PRIM.ZS,2014,39.78179
Mexico,MEX,Expenditure on primary education (% of government expenditure on education),SE.XPD.PRIM.ZS,2014,32.75753
Mali,MLI,Expenditure on primary education (% of government expenditure on education),SE.XPD.PRIM.ZS,2014,43.18799
Malta,MLT,Expenditure on primary education (% of government expenditure on education),SE.XPD.PRIM.ZS,2014,21.017
Mongolia,MNG,Expenditure on primary education (% of government expenditure on education),SE.XPD.PRIM.ZS,2014,24.35391
Mauritius,MUS,Expenditure on primary education (% of government expenditure on education),SE.XPD.PRIM.ZS,2014,22.6824
Malawi,MWI,Expenditure on primary education (% of government expenditure on education),SE.XPD.PRIM.ZS,2014,49.47836
Malaysia,MYS,Expenditure on primary education (% of government expenditure on education),SE.XPD.PRIM.ZS,2014,32.2474
North America,NAC,Expenditure on primary education (% of government expenditure on education),SE.XPD.PRIM.ZS,2014,30.96455
Namibia,NAM,Expenditure on primary education (% of government expenditure on education),SE.XPD.PRIM.ZS,2014,16.86639
Niger,NER,Expenditure on primary education (% of government expenditure on education),SE.XPD.PRIM.ZS,2014,52.18609
Norway,NOR,Expenditure on primary education (% of government expenditure on education),SE.XPD.PRIM.ZS,2014,21.61796
Nepal,NPL,Expenditure on primary education (% of government expenditure on education),SE.XPD.PRIM.ZS,2014,53.47322
New Zealand,NZL,Expenditure on primary education (% of government expenditure on education),SE.XPD.PRIM.ZS,2014,22.99917
OECD members,OED,Expenditure on primary education (% of government expenditure on education),SE.XPD.PRIM.ZS,2014,26.76723
Other small states,OSS,Expenditure on primary education (% of government expenditure on education),SE.XPD.PRIM.ZS,2014,31.52549
Pakistan,PAK,Expenditure on primary education (% of government expenditure on education),SE.XPD.PRIM.ZS,2014,35.13516
Peru,PER,Expenditure on primary education (% of government expenditure on education),SE.XPD.PRIM.ZS,2014,38.47043
Poland,POL,Expenditure on primary education (% of government expenditure on education),SE.XPD.PRIM.ZS,2014,31.41403
Puerto Rico (US),PRI,Expenditure on primary education (% of government expenditure on education),SE.XPD.PRIM.ZS,2014,22.00395
Portugal,PRT,Expenditure on primary education (% of government expenditure on education),SE.XPD.PRIM.ZS,2014,29.88879
Post-demographic dividend,PST,Expenditure on primary education (% of government expenditure on education),SE.XPD.PRIM.ZS,2014,23.055435
Romania,ROU,Expenditure on primary education (% of government expenditure on education),SE.XPD.PRIM.ZS,2014,13.71868
South Asia,SAS,Expenditure on primary education (% of government expenditure on education),SE.XPD.PRIM.ZS,2014,41.07156
Senegal,SEN,Expenditure on primary education (% of government expenditure on education),SE.XPD.PRIM.ZS,2014,34.85562
Sierra Leone,SLE,Expenditure on primary education (% of government expenditure on education),SE.XPD.PRIM.ZS,2014,43.09439
El Salvador,SLV,Expenditure on primary education (% of government expenditure on education),SE.XPD.PRIM.ZS,2014,42.48886
Sub-Saharan Africa (excluding high income),SSA,Expenditure on primary education (% of government expenditure on education),SE.XPD.PRIM.ZS,2014,45.478235
South Sudan,SSD,Expenditure on primary education (% of government expenditure on education),SE.XPD.PRIM.ZS,2014,57.53555
Sub-Saharan Africa,SSF,Expenditure on primary education (% of government expenditure on education),SE.XPD.PRIM.ZS,2014,43.18799
Small states,SST,Expenditure on primary education (% of government expenditure on education),SE.XPD.PRIM.ZS,2014,31.52549
Sao Tome and Principe,STP,Expenditure on primary education (% of government expenditure on education),SE.XPD.PRIM.ZS,2014,55.81724
Slovak Republic,SVK,Expenditure on primary education (% of government expenditure on education),SE.XPD.PRIM.ZS,2014,19.05136
Slovenia,SVN,Expenditure on primary education (% of government expenditure on education),SE.XPD.PRIM.ZS,2014,28.23871
Sweden,SWE,Expenditure on primary education (% of government expenditure on education),SE.XPD.PRIM.ZS,2014,22.78019
Eswatini,SWZ,Expenditure on primary education (% of government expenditure on education),SE.XPD.PRIM.ZS,2014,50.78768
Seychelles,SYC,Expenditure on primary education (% of government expenditure on education),SE.XPD.PRIM.ZS,2014,37.4361
East Asia & Pacific (IDA & IBRD countries),TEA,Expenditure on primary education (% of government expenditure on education),SE.XPD.PRIM.ZS,2014,42.15979
Togo,TGO,Expenditure on primary education (% of government expenditure on education),SE.XPD.PRIM.ZS,2014,58.94724
Latin America & the Caribbean (IDA & IBRD countries),TLA,Expenditure on primary education (% of government expenditure on education),SE.XPD.PRIM.ZS,2014,35.60003
Timor-Leste,TLS,Expenditure on primary education (% of government expenditure on education),SE.XPD.PRIM.ZS,2014,64.89132
South Asia (IDA & IBRD),TSA,Expenditure on primary education (% of government expenditure on education),SE.XPD.PRIM.ZS,2014,41.07156
Sub-Saharan Africa (IDA & IBRD countries),TSS,Expenditure on primary education (% of government expenditure on education),SE.XPD.PRIM.ZS,2014,43.18799
Tanzania,TZA,Expenditure on primary education (% of government expenditure on education),SE.XPD.PRIM.ZS,2014,49.15033
Uganda,UGA,Expenditure on primary education (% of government expenditure on education),SE.XPD.PRIM.ZS,2014,59.15504
Ukraine,UKR,Expenditure on primary education (% of government expenditure on education),SE.XPD.PRIM.ZS,2014,18.0335
United States,USA,Expenditure on primary education (% of government expenditure on education),SE.XPD.PRIM.ZS,2014,30.96455
Vanuatu,VUT,Expenditure on primary education (% of government expenditure on education),SE.XPD.PRIM.ZS,2014,47.10356
South Africa,ZAF,Expenditure on primary education (% of government expenditure on education),SE.XPD.PRIM.ZS,2014,38.79543
Zimbabwe,ZWE,Expenditure on primary education (% of government expenditure on education),SE.XPD.PRIM.ZS,2014,47.76848
Aruba,ABW,Expenditure on primary education (% of government expenditure on education),SE.XPD.PRIM.ZS,2015,23.84105
Afghanistan,AFG,Expenditure on primary education (% of government expenditure on education),SE.XPD.PRIM.ZS,2015,56.69549
Albania,ALB,Expenditure on primary education (% of government expenditure on education),SE.XPD.PRIM.ZS,2015,56.76693
Andorra,AND,Expenditure on primary education (% of government expenditure on education),SE.XPD.PRIM.ZS,2015,22.07571
Argentina,ARG,Expenditure on primary education (% of government expenditure on education),SE.XPD.PRIM.ZS,2015,30.04134
Armenia,ARM,Expenditure on primary education (% of government expenditure on education),SE.XPD.PRIM.ZS,2015,19.3593
Australia,AUS,Expenditure on primary education (% of government expenditure on education),SE.XPD.PRIM.ZS,2015,31.78434
Austria,AUT,Expenditure on primary education (% of government expenditure on education),SE.XPD.PRIM.ZS,2015,16.56793
Belgium,BEL,Expenditure on primary education (% of government expenditure on education),SE.XPD.PRIM.ZS,2015,23.53562
Benin,BEN,Expenditure on primary education (% of government expenditure on education),SE.XPD.PRIM.ZS,2015,49.80869
Burkina Faso,BFA,Expenditure on primary education (% of government expenditure on education),SE.XPD.PRIM.ZS,2015,57.86803
Bahrain,BHR,Expenditure on primary education (% of government expenditure on education),SE.XPD.PRIM.ZS,2015,32.98692
Belize,BLZ,Expenditure on primary education (% of government expenditure on education),SE.XPD.PRIM.ZS,2015,32.90297
Bermuda,BMU,Expenditure on primary education (% of government expenditure on education),SE.XPD.PRIM.ZS,2015,30.69482
Brazil,BRA,Expenditure on primary education (% of government expenditure on education),SE.XPD.PRIM.ZS,2015,25.61507
Central Europe and the Baltics,CEB,Expenditure on primary education (% of government expenditure on education),SE.XPD.PRIM.ZS,2015,19.12471
Switzerland,CHE,Expenditure on primary education (% of government expenditure on education),SE.XPD.PRIM.ZS,2015,28.52372
Chile,CHL,Expenditure on primary education (% of government expenditure on education),SE.XPD.PRIM.ZS,2015,25.61475
Cote d'Ivoire,CIV,Expenditure on primary education (% of government expenditure on education),SE.XPD.PRIM.ZS,2015,41.4065
Colombia,COL,Expenditure on primary education (% of government expenditure on education),SE.XPD.PRIM.ZS,2015,36.72368
Comoros,COM,Expenditure on primary education (% of government expenditure on education),SE.XPD.PRIM.ZS,2015,54.61209
Cabo Verde,CPV,Expenditure on primary education (% of government expenditure on education),SE.XPD.PRIM.ZS,2015,39.44762
Costa Rica,CRI,Expenditure on primary education (% of government expenditure on education),SE.XPD.PRIM.ZS,2015,36.83827
Cyprus,CYP,Expenditure on primary education (% of government expenditure on education),SE.XPD.PRIM.ZS,2015,32.20746
Czechia,CZE,Expenditure on primary education (% of government expenditure on education),SE.XPD.PRIM.ZS,2015,13.28089
Germany,DEU,Expenditure on primary education (% of government expenditure on education),SE.XPD.PRIM.ZS,2015,12.93305
Dominica,DMA,Expenditure on primary education (% of government expenditure on education),SE.XPD.PRIM.ZS,2015,45.82869
Europe & Central Asia,ECS,Expenditure on primary education (% of government expenditure on education),SE.XPD.PRIM.ZS,2015,23.79064
Ecuador,ECU,Expenditure on primary education (% of government expenditure on education),SE.XPD.PRIM.ZS,2015,23.25516
Euro area,EMU,Expenditure on primary education (% of government expenditure on education),SE.XPD.PRIM.ZS,2015,23.86188
Spain,ESP,Expenditure on primary education (% of government expenditure on education),SE.XPD.PRIM.ZS,2015,26.64219
Estonia,EST,Expenditure on primary education (% of government expenditure on education),SE.XPD.PRIM.ZS,2015,23.86188
Ethiopia,ETH,Expenditure on primary education (% of government expenditure on education),SE.XPD.PRIM.ZS,2015,27.45268
European Union,EUU,Expenditure on primary education (% of government expenditure on education),SE.XPD.PRIM.ZS,2015,23.43973
Finland,FIN,Expenditure on primary education (% of government expenditure on education),SE.XPD.PRIM.ZS,2015,20.24408
United Kingdom,GBR,Expenditure on primary education (% of government expenditure on education),SE.XPD.PRIM.ZS,2015,32.16658
Guinea,GIN,Expenditure on primary education (% of government expenditure on education),SE.XPD.PRIM.ZS,2015,38.93171
"Gambia, The",GMB,Expenditure on primary education (% of government expenditure on education),SE.XPD.PRIM.ZS,2015,55.83699
Guatemala,GTM,Expenditure on primary education (% of government expenditure on education),SE.XPD.PRIM.ZS,2015,49.91589
High income,HIC,Expenditure on primary education (% of government expenditure on education),SE.XPD.PRIM.ZS,2015,24.41703
"Hong Kong SAR, China",HKG,Expenditure on primary education (% of government expenditure on education),SE.XPD.PRIM.ZS,2015,20.94026
Hungary,HUN,Expenditure on primary education (% of government expenditure on education),SE.XPD.PRIM.ZS,2015,16.39606
Indonesia,IDN,Expenditure on primary education (% of government expenditure on education),SE.XPD.PRIM.ZS,2015,42.59993
Ireland,IRL,Expenditure on primary education (% of government expenditure on education),SE.XPD.PRIM.ZS,2015,36.86934
"Iran, Islamic Rep.",IRN,Expenditure on primary education (% of government expenditure on education),SE.XPD.PRIM.ZS,2015,26.73435
Iceland,ISL,Expenditure on primary education (% of government expenditure on education),SE.XPD.PRIM.ZS,2015,28.62802
Israel,ISR,Expenditure on primary education (% of government expenditure on education),SE.XPD.PRIM.ZS,2015,38.68047
Italy,ITA,Expenditure on primary education (% of government expenditure on education),SE.XPD.PRIM.ZS,2015,24.97218
Jamaica,JAM,Expenditure on primary education (% of government expenditure on education),SE.XPD.PRIM.ZS,2015,36.68302
Kenya,KEN,Expenditure on primary education (% of government expenditure on education),SE.XPD.PRIM.ZS,2015,36.33889
St. Kitts and Nevis,KNA,Expenditure on primary education (% of government expenditure on education),SE.XPD.PRIM.ZS,2015,21.38185
Latin America & Caribbean (excluding high income),LAC,Expenditure on primary education (% of government expenditure on education),SE.XPD.PRIM.ZS,2015,36.48986
St. Lucia,LCA,Expenditure on primary education (% of government expenditure on education),SE.XPD.PRIM.ZS,2015,34.17837
Sri Lanka,LKA,Expenditure on primary education (% of government expenditure on education),SE.XPD.PRIM.ZS,2015,28.30497
Lithuania,LTU,Expenditure on primary education (% of government expenditure on education),SE.XPD.PRIM.ZS,2015,16.54827
Luxembourg,LUX,Expenditure on primary education (% of government expenditure on education),SE.XPD.PRIM.ZS,2015,31.59853
Latvia,LVA,Expenditure on primary education (% of government expenditure on education),SE.XPD.PRIM.ZS,2015,30.08773
Maldives,MDV,Expenditure on primary education (% of government expenditure on education),SE.XPD.PRIM.ZS,2015,39.66326
Mexico,MEX,Expenditure on primary education (% of government expenditure on education),SE.XPD.PRIM.ZS,2015,32.46972
Mali,MLI,Expenditure on primary education (% of government expenditure on education),SE.XPD.PRIM.ZS,2015,45.132
Malta,MLT,Expenditure on primary education (% of government expenditure on education),SE.XPD.PRIM.ZS,2015,24.27479
Mongolia,MNG,Expenditure on primary education (% of government expenditure on education),SE.XPD.PRIM.ZS,2015,26.44065
Mauritius,MUS,Expenditure on primary education (% of government expenditure on education),SE.XPD.PRIM.ZS,2015,20.61997
Malawi,MWI,Expenditure on primary education (% of government expenditure on education),SE.XPD.PRIM.ZS,2015,43.9515
Malaysia,MYS,Expenditure on primary education (% of government expenditure on education),SE.XPD.PRIM.ZS,2015,33.197
Niger,NER,Expenditure on primary education (% of government expenditure on education),SE.XPD.PRIM.ZS,2015,45.77702
Netherlands,NLD,Expenditure on primary education (% of government expenditure on education),SE.XPD.PRIM.ZS,2015,22.34611
Norway,NOR,Expenditure on primary education (% of government expenditure on education),SE.XPD.PRIM.ZS,2015,23.7194
Nepal,NPL,Expenditure on primary education (% of government expenditure on education),SE.XPD.PRIM.ZS,2015,53.77015
New Zealand,NZL,Expenditure on primary education (% of government expenditure on education),SE.XPD.PRIM.ZS,2015,23.23655
OECD members,OED,Expenditure on primary education (% of government expenditure on education),SE.XPD.PRIM.ZS,2015,25.293465
Other small states,OSS,Expenditure on primary education (% of government expenditure on education),SE.XPD.PRIM.ZS,2015,23.86188
Pakistan,PAK,Expenditure on primary education (% of government expenditure on education),SE.XPD.PRIM.ZS,2015,31.0512
Peru,PER,Expenditure on primary education (% of government expenditure on education),SE.XPD.PRIM.ZS,2015,36.48986
Poland,POL,Expenditure on primary education (% of government expenditure on education),SE.XPD.PRIM.ZS,2015,30.84707
Portugal,PRT,Expenditure on primary education (% of government expenditure on education),SE.XPD.PRIM.ZS,2015,28.9628
Post-demographic dividend,PST,Expenditure on primary education (% of government expenditure on education),SE.XPD.PRIM.ZS,2015,23.34384
Romania,ROU,Expenditure on primary education (% of government expenditure on education),SE.XPD.PRIM.ZS,2015,13.31386
Rwanda,RWA,Expenditure on primary education (% of government expenditure on education),SE.XPD.PRIM.ZS,2015,32.66495
South Asia,SAS,Expenditure on primary education (% of government expenditure on education),SE.XPD.PRIM.ZS,2015,41.03756
Senegal,SEN,Expenditure on primary education (% of government expenditure on education),SE.XPD.PRIM.ZS,2015,34.16164
El Salvador,SLV,Expenditure on primary education (% of government expenditure on education),SE.XPD.PRIM.ZS,2015,40.6445
Serbia,SRB,Expenditure on primary education (% of government expenditure on education),SE.XPD.PRIM.ZS,2015,45.33953
South Sudan,SSD,Expenditure on primary education (% of government expenditure on education),SE.XPD.PRIM.ZS,2015,53.77061
Slovak Republic,SVK,Expenditure on primary education (% of government expenditure on education),SE.XPD.PRIM.ZS,2015,19.12471
Slovenia,SVN,Expenditure on primary education (% of government expenditure on education),SE.XPD.PRIM.ZS,2015,28.33658
Sweden,SWE,Expenditure on primary education (% of government expenditure on education),SE.XPD.PRIM.ZS,2015,23.34384
Turks and Caicos Islands,TCA,Expenditure on primary education (% of government expenditure on education),SE.XPD.PRIM.ZS,2015,36.1024
Togo,TGO,Expenditure on primary education (% of government expenditure on education),SE.XPD.PRIM.ZS,2015,64.47254
Latin America & the Caribbean (IDA & IBRD countries),TLA,Expenditure on primary education (% of government expenditure on education),SE.XPD.PRIM.ZS,2015,36.48986
South Asia (IDA & IBRD),TSA,Expenditure on primary education (% of government expenditure on education),SE.XPD.PRIM.ZS,2015,41.03756
British Virgin Islands,VGB,Expenditure on primary education (% of government expenditure on education),SE.XPD.PRIM.ZS,2015,16.56414
Vanuatu,VUT,Expenditure on primary education (% of government expenditure on education),SE.XPD.PRIM.ZS,2015,41.29508
Zambia,ZMB,Expenditure on primary education (% of government expenditure on education),SE.XPD.PRIM.ZS,2015,62.71365
Aruba,ABW,Expenditure on primary education (% of government expenditure on education),SE.XPD.PRIM.ZS,2016,27.52589
Afghanistan,AFG,Expenditure on primary education (% of government expenditure on education),SE.XPD.PRIM.ZS,2016,43.30205
Andorra,AND,Expenditure on primary education (% of government expenditure on education),SE.XPD.PRIM.ZS,2016,21.50379
Argentina,ARG,Expenditure on primary education (% of government expenditure on education),SE.XPD.PRIM.ZS,2016,30.07402
Armenia,ARM,Expenditure on primary education (% of government expenditure on education),SE.XPD.PRIM.ZS,2016,20.66574
Australia,AUS,Expenditure on primary education (% of government expenditure on education),SE.XPD.PRIM.ZS,2016,32.99107
Austria,AUT,Expenditure on primary education (% of government expenditure on education),SE.XPD.PRIM.ZS,2016,16.60016
Belgium,BEL,Expenditure on primary education (% of government expenditure on education),SE.XPD.PRIM.ZS,2016,23.81164
Belize,BLZ,Expenditure on primary education (% of government expenditure on education),SE.XPD.PRIM.ZS,2016,33.03149
Barbados,BRB,Expenditure on primary education (% of government expenditure on education),SE.XPD.PRIM.ZS,2016,29.6064
Brunei Darussalam,BRN,Expenditure on primary education (% of government expenditure on education),SE.XPD.PRIM.ZS,2016,19.5228
Central Europe and the Baltics,CEB,Expenditure on primary education (% of government expenditure on education),SE.XPD.PRIM.ZS,2016,22.21594
Switzerland,CHE,Expenditure on primary education (% of government expenditure on education),SE.XPD.PRIM.ZS,2016,28.94818
Chile,CHL,Expenditure on primary education (% of government expenditure on education),SE.XPD.PRIM.ZS,2016,28.08302
Cote d'Ivoire,CIV,Expenditure on primary education (% of government expenditure on education),SE.XPD.PRIM.ZS,2016,44.45114
Colombia,COL,Expenditure on primary education (% of government expenditure on education),SE.XPD.PRIM.ZS,2016,35.98056
Cabo Verde,CPV,Expenditure on primary education (% of government expenditure on education),SE.XPD.PRIM.ZS,2016,39.08446
Costa Rica,CRI,Expenditure on primary education (% of government expenditure on education),SE.XPD.PRIM.ZS,2016,34.0248
Cyprus,CYP,Expenditure on primary education (% of government expenditure on education),SE.XPD.PRIM.ZS,2016,32.74563
Czechia,CZE,Expenditure on primary education (% of government expenditure on education),SE.XPD.PRIM.ZS,2016,13.23953
Germany,DEU,Expenditure on primary education (% of government expenditure on education),SE.XPD.PRIM.ZS,2016,12.92094
Djibouti,DJI,Expenditure on primary education (% of government expenditure on education),SE.XPD.PRIM.ZS,2016,42.83605
Europe & Central Asia,ECS,Expenditure on primary education (% of government expenditure on education),SE.XPD.PRIM.ZS,2016,22.83837
Euro area,EMU,Expenditure on primary education (% of government expenditure on education),SE.XPD.PRIM.ZS,2016,23.878595
Spain,ESP,Expenditure on primary education (% of government expenditure on education),SE.XPD.PRIM.ZS,2016,26.93569
Estonia,EST,Expenditure on primary education (% of government expenditure on education),SE.XPD.PRIM.ZS,2016,24.96741
European Union,EUU,Expenditure on primary education (% of government expenditure on education),SE.XPD.PRIM.ZS,2016,23.81164
Finland,FIN,Expenditure on primary education (% of government expenditure on education),SE.XPD.PRIM.ZS,2016,20.51118
United Kingdom,GBR,Expenditure on primary education (% of government expenditure on education),SE.XPD.PRIM.ZS,2016,32.32674
Guinea,GIN,Expenditure on primary education (% of government expenditure on education),SE.XPD.PRIM.ZS,2016,40.52155
Guatemala,GTM,Expenditure on primary education (% of government expenditure on education),SE.XPD.PRIM.ZS,2016,55.46525
High income,HIC,Expenditure on primary education (% of government expenditure on education),SE.XPD.PRIM.ZS,2016,24.96741
"Hong Kong SAR, China",HKG,Expenditure on primary education (% of government expenditure on education),SE.XPD.PRIM.ZS,2016,21.33549
Hungary,HUN,Expenditure on primary education (% of government expenditure on education),SE.XPD.PRIM.ZS,2016,16.21778
Ireland,IRL,Expenditure on primary education (% of government expenditure on education),SE.XPD.PRIM.ZS,2016,37.31684
"Iran, Islamic Rep.",IRN,Expenditure on primary education (% of government expenditure on education),SE.XPD.PRIM.ZS,2016,28.85249
Iceland,ISL,Expenditure on primary education (% of government expenditure on education),SE.XPD.PRIM.ZS,2016,27.93969
Israel,ISR,Expenditure on primary education (% of government expenditure on education),SE.XPD.PRIM.ZS,2016,38.91034
Italy,ITA,Expenditure on primary education (% of government expenditure on education),SE.XPD.PRIM.ZS,2016,23.94555
Jamaica,JAM,Expenditure on primary education (% of government expenditure on education),SE.XPD.PRIM.ZS,2016,35.87399
Jordan,JOR,Expenditure on primary education (% of government expenditure on education),SE.XPD.PRIM.ZS,2016,42.53879
Japan,JPN,Expenditure on primary education (% of government expenditure on education),SE.XPD.PRIM.ZS,2016,35.11972
"Korea, Rep.",KOR,Expenditure on primary education (% of government expenditure on education),SE.XPD.PRIM.ZS,2016,31.69974
Latin America & Caribbean (excluding high income),LAC,Expenditure on primary education (% of government expenditure on education),SE.XPD.PRIM.ZS,2016,35.927275
St. Lucia,LCA,Expenditure on primary education (% of government expenditure on education),SE.XPD.PRIM.ZS,2016,26.37935
Sri Lanka,LKA,Expenditure on primary education (% of government expenditure on education),SE.XPD.PRIM.ZS,2016,34.89671
Lithuania,LTU,Expenditure on primary education (% of government expenditure on education),SE.XPD.PRIM.ZS,2016,18.8941
Latvia,LVA,Expenditure on primary education (% of government expenditure on education),SE.XPD.PRIM.ZS,2016,32.01818
Monaco,MCO,Expenditure on primary education (% of government expenditure on education),SE.XPD.PRIM.ZS,2016,12.70133
Moldova,MDA,Expenditure on primary education (% of government expenditure on education),SE.XPD.PRIM.ZS,2016,22.51997
Maldives,MDV,Expenditure on primary education (% of government expenditure on education),SE.XPD.PRIM.ZS,2016,36.39613
Mexico,MEX,Expenditure on primary education (% of government expenditure on education),SE.XPD.PRIM.ZS,2016,32.45208
Mali,MLI,Expenditure on primary education (% of government expenditure on education),SE.XPD.PRIM.ZS,2016,39.57861
Mongolia,MNG,Expenditure on primary education (% of government expenditure on education),SE.XPD.PRIM.ZS,2016,28.74937
Mauritania,MRT,Expenditure on primary education (% of government expenditure on education),SE.XPD.PRIM.ZS,2016,55.90347
Mauritius,MUS,Expenditure on primary education (% of government expenditure on education),SE.XPD.PRIM.ZS,2016,21.64483
Malawi,MWI,Expenditure on primary education (% of government expenditure on education),SE.XPD.PRIM.ZS,2016,43.92015
Malaysia,MYS,Expenditure on primary education (% of government expenditure on education),SE.XPD.PRIM.ZS,2016,33.78704
Niger,NER,Expenditure on primary education (% of government expenditure on education),SE.XPD.PRIM.ZS,2016,50.66764
Netherlands,NLD,Expenditure on primary education (% of government expenditure on education),SE.XPD.PRIM.ZS,2016,21.22068
Norway,NOR,Expenditure on primary education (% of government expenditure on education),SE.XPD.PRIM.ZS,2016,22.83837
New Zealand,NZL,Expenditure on primary education (% of government expenditure on education),SE.XPD.PRIM.ZS,2016,26.12523
OECD members,OED,Expenditure on primary education (% of government expenditure on education),SE.XPD.PRIM.ZS,2016,26.93569
Other small states,OSS,Expenditure on primary education (% of government expenditure on education),SE.XPD.PRIM.ZS,2016,28.85652
Peru,PER,Expenditure on primary education (% of government expenditure on education),SE.XPD.PRIM.ZS,2016,34.8408
Poland,POL,Expenditure on primary education (% of government expenditure on education),SE.XPD.PRIM.ZS,2016,31.70244
Paraguay,PRY,Expenditure on primary education (% of government expenditure on education),SE.XPD.PRIM.ZS,2016,36.43652
Post-demographic dividend,PST,Expenditure on primary education (% of government expenditure on education),SE.XPD.PRIM.ZS,2016,23.81164
Romania,ROU,Expenditure on primary education (% of government expenditure on education),SE.XPD.PRIM.ZS,2016,12.49516
Rwanda,RWA,Expenditure on primary education (% of government expenditure on education),SE.XPD.PRIM.ZS,2016,34.61112
Senegal,SEN,Expenditure on primary education (% of government expenditure on education),SE.XPD.PRIM.ZS,2016,31.31751
Sierra Leone,SLE,Expenditure on primary education (% of government expenditure on education),SE.XPD.PRIM.ZS,2016,35.65482
El Salvador,SLV,Expenditure on primary education (% of government expenditure on education),SE.XPD.PRIM.ZS,2016,47.18061
South Sudan,SSD,Expenditure on primary education (% of government expenditure on education),SE.XPD.PRIM.ZS,2016,36.35943
Small states,SST,Expenditure on primary education (% of government expenditure on education),SE.XPD.PRIM.ZS,2016,28.85652
Slovak Republic,SVK,Expenditure on primary education (% of government expenditure on education),SE.XPD.PRIM.ZS,2016,22.21594
Slovenia,SVN,Expenditure on primary education (% of government expenditure on education),SE.XPD.PRIM.ZS,2016,28.76522
Sweden,SWE,Expenditure on primary education (% of government expenditure on education),SE.XPD.PRIM.ZS,2016,24.1059
Seychelles,SYC,Expenditure on primary education (% of government expenditure on education),SE.XPD.PRIM.ZS,2016,30.57084
Togo,TGO,Expenditure on primary education (% of government expenditure on education),SE.XPD.PRIM.ZS,2016,64.06315
Latin America & the Caribbean (IDA & IBRD countries),TLA,Expenditure on primary education (% of government expenditure on education),SE.XPD.PRIM.ZS,2016,34.8408
Ukraine,UKR,Expenditure on primary education (% of government expenditure on education),SE.XPD.PRIM.ZS,2016,19.63951
Uruguay,URY,Expenditure on primary education (% of government expenditure on education),SE.XPD.PRIM.ZS,2016,23.55671
St. Vincent and the Grenadines,VCT,Expenditure on primary education (% of government expenditure on education),SE.XPD.PRIM.ZS,2016,37.51336
Samoa,WSM,Expenditure on primary education (% of government expenditure on education),SE.XPD.PRIM.ZS,2016,37.04896
Zambia,ZMB,Expenditure on primary education (% of government expenditure on education),SE.XPD.PRIM.ZS,2016,67.44895
Afghanistan,AFG,Expenditure on primary education (% of government expenditure on education),SE.XPD.PRIM.ZS,2017,44.1906
Albania,ALB,Expenditure on primary education (% of government expenditure on education),SE.XPD.PRIM.ZS,2017,57.60767
Andorra,AND,Expenditure on primary education (% of government expenditure on education),SE.XPD.PRIM.ZS,2017,22.04794
Argentina,ARG,Expenditure on primary education (% of government expenditure on education),SE.XPD.PRIM.ZS,2017,29.59458
Armenia,ARM,Expenditure on primary education (% of government expenditure on education),SE.XPD.PRIM.ZS,2017,19.37351
Belize,BLZ,Expenditure on primary education (% of government expenditure on education),SE.XPD.PRIM.ZS,2017,31.38068
Bermuda,BMU,Expenditure on primary education (% of government expenditure on education),SE.XPD.PRIM.ZS,2017,32.15812
Chile,CHL,Expenditure on primary education (% of government expenditure on education),SE.XPD.PRIM.ZS,2017,27.90774
Cote d'Ivoire,CIV,Expenditure on primary education (% of government expenditure on education),SE.XPD.PRIM.ZS,2017,39.52525
Colombia,COL,Expenditure on primary education (% of government expenditure on education),SE.XPD.PRIM.ZS,2017,35.00704
Cabo Verde,CPV,Expenditure on primary education (% of government expenditure on education),SE.XPD.PRIM.ZS,2017,38.09451
Costa Rica,CRI,Expenditure on primary education (% of government expenditure on education),SE.XPD.PRIM.ZS,2017,28.92008
Guinea,GIN,Expenditure on primary education (% of government expenditure on education),SE.XPD.PRIM.ZS,2017,40.52155
Grenada,GRD,Expenditure on primary education (% of government expenditure on education),SE.XPD.PRIM.ZS,2017,31.31984
Guatemala,GTM,Expenditure on primary education (% of government expenditure on education),SE.XPD.PRIM.ZS,2017,56.4745
"Hong Kong SAR, China",HKG,Expenditure on primary education (% of government expenditure on education),SE.XPD.PRIM.ZS,2017,21.69319
"Iran, Islamic Rep.",IRN,Expenditure on primary education (% of government expenditure on education),SE.XPD.PRIM.ZS,2017,30.12441
Jamaica,JAM,Expenditure on primary education (% of government expenditure on education),SE.XPD.PRIM.ZS,2017,37.87799
Jordan,JOR,Expenditure on primary education (% of government expenditure on education),SE.XPD.PRIM.ZS,2017,43.24167
Kazakhstan,KAZ,Expenditure on primary education (% of government expenditure on education),SE.XPD.PRIM.ZS,2017,0.70626
Sri Lanka,LKA,Expenditure on primary education (% of government expenditure on education),SE.XPD.PRIM.ZS,2017,33.3783
Moldova,MDA,Expenditure on primary education (% of government expenditure on education),SE.XPD.PRIM.ZS,2017,22.73416
Mali,MLI,Expenditure on primary education (% of government expenditure on education),SE.XPD.PRIM.ZS,2017,44.67033
Myanmar,MMR,Expenditure on primary education (% of government expenditure on education),SE.XPD.PRIM.ZS,2017,35.97823
Mongolia,MNG,Expenditure on primary education (% of government expenditure on education),SE.XPD.PRIM.ZS,2017,32.2161
Mauritius,MUS,Expenditure on primary education (% of government expenditure on education),SE.XPD.PRIM.ZS,2017,23.05301
Malaysia,MYS,Expenditure on primary education (% of government expenditure on education),SE.XPD.PRIM.ZS,2017,33.75627
Niger,NER,Expenditure on primary education (% of government expenditure on education),SE.XPD.PRIM.ZS,2017,48.11675
Peru,PER,Expenditure on primary education (% of government expenditure on education),SE.XPD.PRIM.ZS,2017,33.48605
Sierra Leone,SLE,Expenditure on primary education (% of government expenditure on education),SE.XPD.PRIM.ZS,2017,20.38712
El Salvador,SLV,Expenditure on primary education (% of government expenditure on education),SE.XPD.PRIM.ZS,2017,45.60598
San Marino,SMR,Expenditure on primary education (% of government expenditure on education),SE.XPD.PRIM.ZS,2017,34.43817
South Sudan,SSD,Expenditure on primary education (% of government expenditure on education),SE.XPD.PRIM.ZS,2017,48.57579
Ukraine,UKR,Expenditure on primary education (% of government expenditure on education),SE.XPD.PRIM.ZS,2017,21.67802
Uruguay,URY,Expenditure on primary education (% of government expenditure on education),SE.XPD.PRIM.ZS,2017,23.12419
St. Vincent and the Grenadines,VCT,Expenditure on primary education (% of government expenditure on education),SE.XPD.PRIM.ZS,2017,36.5981
British Virgin Islands,VGB,Expenditure on primary education (% of government expenditure on education),SE.XPD.PRIM.ZS,2017,29.8569
Vanuatu,VUT,Expenditure on primary education (% of government expenditure on education),SE.XPD.PRIM.ZS,2017,44.63634
South Africa,ZAF,Expenditure on primary education (% of government expenditure on education),SE.XPD.PRIM.ZS,2017,38.88623
Zambia,ZMB,Expenditure on primary education (% of government expenditure on education),SE.XPD.PRIM.ZS,2017,67.35112
Andorra,AND,Expenditure on primary education (% of government expenditure on education),SE.XPD.PRIM.ZS,2018,21.42039
Cote d'Ivoire,CIV,Expenditure on primary education (% of government expenditure on education),SE.XPD.PRIM.ZS,2018,47.29398
Colombia,COL,Expenditure on primary education (% of government expenditure on education),SE.XPD.PRIM.ZS,2018,32.70964
Costa Rica,CRI,Expenditure on primary education (% of government expenditure on education),SE.XPD.PRIM.ZS,2018,28.67492
Guinea,GIN,Expenditure on primary education (% of government expenditure on education),SE.XPD.PRIM.ZS,2018,61.64747
Guatemala,GTM,Expenditure on primary education (% of government expenditure on education),SE.XPD.PRIM.ZS,2018,55.59887
"Hong Kong SAR, China",HKG,Expenditure on primary education (% of government expenditure on education),SE.XPD.PRIM.ZS,2018,22.08105
"Iran, Islamic Rep.",IRN,Expenditure on primary education (% of government expenditure on education),SE.XPD.PRIM.ZS,2018,33.07452
Jamaica,JAM,Expenditure on primary education (% of government expenditure on education),SE.XPD.PRIM.ZS,2018,34.16447
Jordan,JOR,Expenditure on primary education (% of government expenditure on education),SE.XPD.PRIM.ZS,2018,42.23935
Kazakhstan,KAZ,Expenditure on primary education (% of government expenditure on education),SE.XPD.PRIM.ZS,2018,0.65782
Liberia,LBR,Expenditure on primary education (% of government expenditure on education),SE.XPD.PRIM.ZS,2018,42.38775
St. Lucia,LCA,Expenditure on primary education (% of government expenditure on education),SE.XPD.PRIM.ZS,2018,35.06908
Sri Lanka,LKA,Expenditure on primary education (% of government expenditure on education),SE.XPD.PRIM.ZS,2018,29.85557
Lesotho,LSO,Expenditure on primary education (% of government expenditure on education),SE.XPD.PRIM.ZS,2018,55.95786
Moldova,MDA,Expenditure on primary education (% of government expenditure on education),SE.XPD.PRIM.ZS,2018,23.33213
Myanmar,MMR,Expenditure on primary education (% of government expenditure on education),SE.XPD.PRIM.ZS,2018,39.33033
Mauritius,MUS,Expenditure on primary education (% of government expenditure on education),SE.XPD.PRIM.ZS,2018,22.82639
Malaysia,MYS,Expenditure on primary education (% of government expenditure on education),SE.XPD.PRIM.ZS,2018,34.03561
Peru,PER,Expenditure on primary education (% of government expenditure on education),SE.XPD.PRIM.ZS,2018,33.88491
Rwanda,RWA,Expenditure on primary education (% of government expenditure on education),SE.XPD.PRIM.ZS,2018,28.56429
Senegal,SEN,Expenditure on primary education (% of government expenditure on education),SE.XPD.PRIM.ZS,2018,31.67194
Sierra Leone,SLE,Expenditure on primary education (% of government expenditure on education),SE.XPD.PRIM.ZS,2018,31.02487
El Salvador,SLV,Expenditure on primary education (% of government expenditure on education),SE.XPD.PRIM.ZS,2018,46.16494
Turks and Caicos Islands,TCA,Expenditure on primary education (% of government expenditure on education),SE.XPD.PRIM.ZS,2018,19.40703
St. Vincent and the Grenadines,VCT,Expenditure on primary education (% of government expenditure on education),SE.XPD.PRIM.ZS,2018,36.89875
South Africa,ZAF,Expenditure on primary education (% of government expenditure on education),SE.XPD.PRIM.ZS,2018,38.74843
Myanmar,MMR,Expenditure on primary education (% of government expenditure on education),SE.XPD.PRIM.ZS,2019,36.32866
