country_name,country_code,indicator_name,indicator_code,year,value
Aruba,ABW,GDP per capita (current US$),NY.GDP.PCAP.CD,2000,20681.0230269625
Africa Eastern and Southern,AFE,GDP per capita (current US$),NY.GDP.PCAP.CD,2000,706.727260967009
Afghanistan,AFG,GDP per capita (current US$),NY.GDP.PCAP.CD,2000,174.930991430166
Africa Western and Central,AFW,GDP per capita (current US$),NY.GDP.PCAP.CD,2000,518.969226054683
Angola,AGO,GDP per capita (current US$),NY.GDP.PCAP.CD,2000,563.733795571487
Albania,ALB,GDP per capita (current US$),NY.GDP.PCAP.CD,2000,1160.42047054038
Andorra,AND,GDP per capita (current US$),NY.GDP.PCAP.CD,2000,21810.2503808666
Arab World,ARB,GDP per capita (current US$),NY.GDP.PCAP.CD,2000,2664.12520122649
United Arab Emirates,ARE,GDP per capita (current US$),NY.GDP.PCAP.CD,2000,29865.502347066
Argentina,ARG,GDP per capita (current US$),NY.GDP.PCAP.CD,2000,7637.01489203628
Armenia,ARM,GDP per capita (current US$),NY.GDP.PCAP.CD,2000,593.450581742282
Antigua and Barbuda,ATG,GDP per capita (current US$),NY.GDP.PCAP.CD,2000,12027.4949768222
Australia,AUS,GDP per capita (current US$),NY.GDP.PCAP.CD,2000,21908.9968019784
Austria,AUT,GDP per capita (current US$),NY.GDP.PCAP.CD,2000,24487.2974685956
Azerbaijan,AZE,GDP per capita (current US$),NY.GDP.PCAP.CD,2000,655.097249579917
Burundi,BDI,GDP per capita (current US$),NY.GDP.PCAP.CD,2000,134.537861752389
Belgium,BEL,GDP per capita (current US$),NY.GDP.PCAP.CD,2000,23098.8865077401
Benin,BEN,GDP per capita (current US$),NY.GDP.PCAP.CD,2000,487.424141384242
Burkina Faso,BFA,GDP per capita (current US$),NY.GDP.PCAP.CD,2000,248.908526921752
Bangladesh,BGD,GDP per capita (current US$),NY.GDP.PCAP.CD,2000,396.670730249751
Bulgaria,BGR,GDP per capita (current US$),NY.GDP.PCAP.CD,2000,1621.26210738992
Bahrain,BHR,GDP per capita (current US$),NY.GDP.PCAP.CD,2000,14214.4836839343
"Bahamas, The",BHS,GDP per capita (current US$),NY.GDP.PCAP.CD,2000,24940.0775086078
Bosnia and Herzegovina,BIH,GDP per capita (current US$),NY.GDP.PCAP.CD,2000,1338.48059636261
Belarus,BLR,GDP per capita (current US$),NY.GDP.PCAP.CD,2000,1276.2880341
Belize,BLZ,GDP per capita (current US$),NY.GDP.PCAP.CD,2000,4726.50675459616
Bermuda,BMU,GDP per capita (current US$),NY.GDP.PCAP.CD,2000,56542.9569455727
Bolivia,BOL,GDP per capita (current US$),NY.GDP.PCAP.CD,2000,975.777060358751
Brazil,BRA,GDP per capita (current US$),NY.GDP.PCAP.CD,2000,3766.54786339835
Barbados,BRB,GDP per capita (current US$),NY.GDP.PCAP.CD,2000,11674.6736471764
Brunei Darussalam,BRN,GDP per capita (current US$),NY.GDP.PCAP.CD,2000,20130.2572346624
Bhutan,BTN,GDP per capita (current US$),NY.GDP.PCAP.CD,2000,771.924911410619
Botswana,BWA,GDP per capita (current US$),NY.GDP.PCAP.CD,2000,3450.81180622992
Central African Republic,CAF,GDP per capita (current US$),NY.GDP.PCAP.CD,2000,239.154133726071
Canada,CAN,GDP per capita (current US$),NY.GDP.PCAP.CD,2000,24271.0020563821
Central Europe and the Baltics,CEB,GDP per capita (current US$),NY.GDP.PCAP.CD,2000,3959.62494896645
Switzerland,CHE,GDP per capita (current US$),NY.GDP.PCAP.CD,2000,38865.021939688
Channel Islands,CHI,GDP per capita (current US$),NY.GDP.PCAP.CD,2000,43479.1940767689
Chile,CHL,GDP per capita (current US$),NY.GDP.PCAP.CD,2000,5052.99245766325
China,CHN,GDP per capita (current US$),NY.GDP.PCAP.CD,2000,969.199513696287
Cote d'Ivoire,CIV,GDP per capita (current US$),NY.GDP.PCAP.CD,2000,936.636541348798
Cameroon,CMR,GDP per capita (current US$),NY.GDP.PCAP.CD,2000,708.565731625965
"Congo, Dem. Rep.",COD,GDP per capita (current US$),NY.GDP.PCAP.CD,2000,377.925421481395
"Congo, Rep.",COG,GDP per capita (current US$),NY.GDP.PCAP.CD,2000,1024.30159109181
Colombia,COL,GDP per capita (current US$),NY.GDP.PCAP.CD,2000,2555.00751039968
Comoros,COM,GDP per capita (current US$),NY.GDP.PCAP.CD,2000,633.309032776244
Cabo Verde,CPV,GDP per capita (current US$),NY.GDP.PCAP.CD,2000,1189.51479345891
Costa Rica,CRI,GDP per capita (current US$),NY.GDP.PCAP.CD,2000,3812.75388284924
Caribbean small states,CSS,GDP per capita (current US$),NY.GDP.PCAP.CD,2000,6477.26482123395
Cuba,CUB,GDP per capita (current US$),NY.GDP.PCAP.CD,2000,2751.3817714814
Curacao,CUW,GDP per capita (current US$),NY.GDP.PCAP.CD,2000,15841.2612359949
Cyprus,CYP,GDP per capita (current US$),NY.GDP.PCAP.CD,2000,14388.3525390625
Czechia,CZE,GDP per capita (current US$),NY.GDP.PCAP.CD,2000,6062.92152842793
Germany,DEU,GDP per capita (current US$),NY.GDP.PCAP.CD,2000,23925.8559901991
Djibouti,DJI,GDP per capita (current US$),NY.GDP.PCAP.CD,2000,737.612183644052
Dominica,DMA,GDP per capita (current US$),NY.GDP.PCAP.CD,2000,4867.39896323759
Denmark,DNK,GDP per capita (current US$),NY.GDP.PCAP.CD,2000,30722.0251837567
Dominican Republic,DOM,GDP per capita (current US$),NY.GDP.PCAP.CD,2000,2831.45883638033
Algeria,DZA,GDP per capita (current US$),NY.GDP.PCAP.CD,2000,1772.92869122761
East Asia & Pacific (excluding high income),EAP,GDP per capita (current US$),NY.GDP.PCAP.CD,2000,961.301422369963
Early-demographic dividend,EAR,GDP per capita (current US$),NY.GDP.PCAP.CD,2000,1346.2395395696
East Asia & Pacific,EAS,GDP per capita (current US$),NY.GDP.PCAP.CD,2000,4103.33628080966
Europe & Central Asia (excluding high income),ECA,GDP per capita (current US$),NY.GDP.PCAP.CD,2000,1790.77072090719
Europe & Central Asia,ECS,GDP per capita (current US$),NY.GDP.PCAP.CD,2000,11652.9290294061
Ecuador,ECU,GDP per capita (current US$),NY.GDP.PCAP.CD,2000,1382.23421759909
"Egypt, Arab Rep.",EGY,GDP per capita (current US$),NY.GDP.PCAP.CD,2000,1366.09274372613
Euro area,EMU,GDP per capita (current US$),NY.GDP.PCAP.CD,2000,20039.4002655128
Eritrea,ERI,GDP per capita (current US$),NY.GDP.PCAP.CD,2000,314.357396753501
Spain,ESP,GDP per capita (current US$),NY.GDP.PCAP.CD,2000,14743.2671031455
Estonia,EST,GDP per capita (current US$),NY.GDP.PCAP.CD,2000,4070.60902410208
Ethiopia,ETH,GDP per capita (current US$),NY.GDP.PCAP.CD,2000,122.269202606069
European Union,EUU,GDP per capita (current US$),NY.GDP.PCAP.CD,2000,16976.0452668705
Fragile and conflict affected situations,FCS,GDP per capita (current US$),NY.GDP.PCAP.CD,2000,751.801263034453
Finland,FIN,GDP per capita (current US$),NY.GDP.PCAP.CD,2000,24335.9225082659
Fiji,FJI,GDP per capita (current US$),NY.GDP.PCAP.CD,2000,1995.72071163264
France,FRA,GDP per capita (current US$),NY.GDP.PCAP.CD,2000,22340.5939516217
Faroe Islands,FRO,GDP per capita (current US$),NY.GDP.PCAP.CD,2000,23322.7593357515
"Micronesia, Fed. Sts.",FSM,GDP per capita (current US$),NY.GDP.PCAP.CD,2000,2049.3453246655
Gabon,GAB,GDP per capita (current US$),NY.GDP.PCAP.CD,2000,3982.906200928
United Kingdom,GBR,GDP per capita (current US$),NY.GDP.PCAP.CD,2000,28383.8761094996
Georgia,GEO,GDP per capita (current US$),NY.GDP.PCAP.CD,2000,749.908534993961
Ghana,GHA,GDP per capita (current US$),NY.GDP.PCAP.CD,2000,253.746936203344
Guinea,GIN,GDP per capita (current US$),NY.GDP.PCAP.CD,2000,518.157066924026
"Gambia, The",GMB,GDP per capita (current US$),NY.GDP.PCAP.CD,2000,538.054072348854
Guinea-Bissau,GNB,GDP per capita (current US$),NY.GDP.PCAP.CD,2000,316.945495037639
Equatorial Guinea,GNQ,GDP per capita (current US$),NY.GDP.PCAP.CD,2000,1487.3165506701
Greece,GRC,GDP per capita (current US$),NY.GDP.PCAP.CD,2000,11638.2010697215
Grenada,GRD,GDP per capita (current US$),NY.GDP.PCAP.CD,2000,4839.82811114248
Greenland,GRL,GDP per capita (current US$),NY.GDP.PCAP.CD,2000,19009.0774407515
Guatemala,GTM,GDP per capita (current US$),NY.GDP.PCAP.CD,2000,1648.96578971559
Guyana,GUY,GDP per capita (current US$),NY.GDP.PCAP.CD,2000,931.796651718955
High income,HIC,GDP per capita (current US$),NY.GDP.PCAP.CD,2000,22374.3254750161
"Hong Kong SAR, China",HKG,GDP per capita (current US$),NY.GDP.PCAP.CD,2000,25756.7728723704
Honduras,HND,GDP per capita (current US$),NY.GDP.PCAP.CD,2000,1092.56400746252
Heavily indebted poor countries (HIPC),HPC,GDP per capita (current US$),NY.GDP.PCAP.CD,2000,377.459385908018
Croatia,HRV,GDP per capita (current US$),NY.GDP.PCAP.CD,2000,4953.65158789022
Haiti,HTI,GDP per capita (current US$),NY.GDP.PCAP.CD,2000,820.600046761464
Hungary,HUN,GDP per capita (current US$),NY.GDP.PCAP.CD,2000,4629.91760812548
IBRD only,IBD,GDP per capita (current US$),NY.GDP.PCAP.CD,2000,1477.69257780304
IDA & IBRD total,IBT,GDP per capita (current US$),NY.GDP.PCAP.CD,2000,1251.80798458527
IDA total,IDA,GDP per capita (current US$),NY.GDP.PCAP.CD,2000,458.298938832863
IDA blend,IDB,GDP per capita (current US$),NY.GDP.PCAP.CD,2000,619.821306002406
Indonesia,IDN,GDP per capita (current US$),NY.GDP.PCAP.CD,2000,763.711124950924
IDA only,IDX,GDP per capita (current US$),NY.GDP.PCAP.CD,2000,372.859415968736
Isle of Man,IMN,GDP per capita (current US$),NY.GDP.PCAP.CD,2000,21161.3963073772
India,IND,GDP per capita (current US$),NY.GDP.PCAP.CD,2000,442.750218937263
Ireland,IRL,GDP per capita (current US$),NY.GDP.PCAP.CD,2000,26334.5672050501
"Iran, Islamic Rep.",IRN,GDP per capita (current US$),NY.GDP.PCAP.CD,2000,1650.01385833785
Iraq,IRQ,GDP per capita (current US$),NY.GDP.PCAP.CD,2000,1980.18916038782
Iceland,ISL,GDP per capita (current US$),NY.GDP.PCAP.CD,2000,32503.578963236
Israel,ISR,GDP per capita (current US$),NY.GDP.PCAP.CD,2000,21706.5194056329
Italy,ITA,GDP per capita (current US$),NY.GDP.PCAP.CD,2000,20190.0035636084
Jamaica,JAM,GDP per capita (current US$),NY.GDP.PCAP.CD,2000,3453.09252800226
Jordan,JOR,GDP per capita (current US$),NY.GDP.PCAP.CD,2000,1570.61002940477
Japan,JPN,GDP per capita (current US$),NY.GDP.PCAP.CD,2000,39169.3595701504
Kazakhstan,KAZ,GDP per capita (current US$),NY.GDP.PCAP.CD,2000,1180.0444563226
Kenya,KEN,GDP per capita (current US$),NY.GDP.PCAP.CD,2000,414.626365130846
Kyrgyz Republic,KGZ,GDP per capita (current US$),NY.GDP.PCAP.CD,2000,279.621738464365
Cambodia,KHM,GDP per capita (current US$),NY.GDP.PCAP.CD,2000,296.426687526334
Kiribati,KIR,GDP per capita (current US$),NY.GDP.PCAP.CD,2000,845.367240231973
St. Kitts and Nevis,KNA,GDP per capita (current US$),NY.GDP.PCAP.CD,2000,9319.65545093525
"Korea, Rep.",KOR,GDP per capita (current US$),NY.GDP.PCAP.CD,2000,12710.2995795579
Kuwait,KWT,GDP per capita (current US$),NY.GDP.PCAP.CD,2000,19296.3471698729
Latin America & Caribbean (excluding high income),LAC,GDP per capita (current US$),NY.GDP.PCAP.CD,2000,4290.89542947118
Lao PDR,LAO,GDP per capita (current US$),NY.GDP.PCAP.CD,2000,318.749852236965
Lebanon,LBN,GDP per capita (current US$),NY.GDP.PCAP.CD,2000,3986.83513941026
Liberia,LBR,GDP per capita (current US$),NY.GDP.PCAP.CD,2000,298.485340578945
Libya,LBY,GDP per capita (current US$),NY.GDP.PCAP.CD,2000,7214.10040377084
St. Lucia,LCA,GDP per capita (current US$),NY.GDP.PCAP.CD,2000,5879.56191426207
Latin America & Caribbean,LCN,GDP per capita (current US$),NY.GDP.PCAP.CD,2000,4472.58404552831
Least developed countries: UN classification,LDC,GDP per capita (current US$),NY.GDP.PCAP.CD,2000,333.3638860949
Low income,LIC,GDP per capita (current US$),NY.GDP.PCAP.CD,2000,361.877753824032
Liechtenstein,LIE,GDP per capita (current US$),NY.GDP.PCAP.CD,2000,76087.911114202
Sri Lanka,LKA,GDP per capita (current US$),NY.GDP.PCAP.CD,2000,860.199884304769
Lower middle income,LMC,GDP per capita (current US$),NY.GDP.PCAP.CD,2000,559.072816607956
Low & middle income,LMY,GDP per capita (current US$),NY.GDP.PCAP.CD,2000,1178.01096453065
Lesotho,LSO,GDP per capita (current US$),NY.GDP.PCAP.CD,2000,442.779545779081
Late-demographic dividend,LTE,GDP per capita (current US$),NY.GDP.PCAP.CD,2000,1677.20655312269
Lithuania,LTU,GDP per capita (current US$),NY.GDP.PCAP.CD,2000,3300.63634928559
Luxembourg,LUX,GDP per capita (current US$),NY.GDP.PCAP.CD,2000,48659.5988753233
Latvia,LVA,GDP per capita (current US$),NY.GDP.PCAP.CD,2000,3278.17896440803
"Macao SAR, China",MAC,GDP per capita (current US$),NY.GDP.PCAP.CD,2000,15731.4081633771
Morocco,MAR,GDP per capita (current US$),NY.GDP.PCAP.CD,2000,1499.107421875
Monaco,MCO,GDP per capita (current US$),NY.GDP.PCAP.CD,2000,81789.0206522549
Moldova,MDA,GDP per capita (current US$),NY.GDP.PCAP.CD,2000,440.538683980372
Madagascar,MDG,GDP per capita (current US$),NY.GDP.PCAP.CD,2000,280.282905559649
Maldives,MDV,GDP per capita (current US$),NY.GDP.PCAP.CD,2000,2213.81235053178
"Middle East, North Africa, Afghanistan & Pakistan",MEA,GDP per capita (current US$),NY.GDP.PCAP.CD,2000,2220.38439290516
Mexico,MEX,GDP per capita (current US$),NY.GDP.PCAP.CD,2000,7524.0271380091
Marshall Islands,MHL,GDP per capita (current US$),NY.GDP.PCAP.CD,2000,2264.79114897645
Middle income,MIC,GDP per capita (current US$),NY.GDP.PCAP.CD,2000,1237.10225471924
North Macedonia,MKD,GDP per capita (current US$),NY.GDP.PCAP.CD,2000,1861.89899780644
Mali,MLI,GDP per capita (current US$),NY.GDP.PCAP.CD,2000,304.652870194271
Malta,MLT,GDP per capita (current US$),NY.GDP.PCAP.CD,2000,10348.4858902403
Myanmar,MMR,GDP per capita (current US$),NY.GDP.PCAP.CD,2000,196.619580625284
"Middle East, North Africa, Afghanistan & Pakistan (excluding high income)",MNA,GDP per capita (current US$),NY.GDP.PCAP.CD,2000,1247.47238123443
Montenegro,MNE,GDP per capita (current US$),NY.GDP.PCAP.CD,2000,1627.06511911987
Mongolia,MNG,GDP per capita (current US$),NY.GDP.PCAP.CD,2000,476.02755082717
Mozambique,MOZ,GDP per capita (current US$),NY.GDP.PCAP.CD,2000,327.12623979157
Mauritania,MRT,GDP per capita (current US$),NY.GDP.PCAP.CD,2000,680.911061879778
Mauritius,MUS,GDP per capita (current US$),NY.GDP.PCAP.CD,2000,3981.98343249582
Malawi,MWI,GDP per capita (current US$),NY.GDP.PCAP.CD,2000,224.22415918428
Malaysia,MYS,GDP per capita (current US$),NY.GDP.PCAP.CD,2000,4083.52874483605
North America,NAC,GDP per capita (current US$),NY.GDP.PCAP.CD,2000,35151.3613936987
Namibia,NAM,GDP per capita (current US$),NY.GDP.PCAP.CD,2000,2156.67590512714
New Caledonia,NCL,GDP per capita (current US$),NY.GDP.PCAP.CD,2000,15329.7297200058
Niger,NER,GDP per capita (current US$),NY.GDP.PCAP.CD,2000,194.771959898935
Nigeria,NGA,GDP per capita (current US$),NY.GDP.PCAP.CD,2000,547.318298903379
Nicaragua,NIC,GDP per capita (current US$),NY.GDP.PCAP.CD,2000,1017.3124434882
Netherlands,NLD,GDP per capita (current US$),NY.GDP.PCAP.CD,2000,26225.1697734149
Norway,NOR,GDP per capita (current US$),NY.GDP.PCAP.CD,2000,38178.2368777076
Nepal,NPL,GDP per capita (current US$),NY.GDP.PCAP.CD,2000,223.830289183078
Nauru,NRU,GDP per capita (current US$),NY.GDP.PCAP.CD,2000,2648.60152860938
New Zealand,NZL,GDP per capita (current US$),NY.GDP.PCAP.CD,2000,13641.1027183822
OECD members,OED,GDP per capita (current US$),NY.GDP.PCAP.CD,2000,23049.6329362256
Oman,OMN,GDP per capita (current US$),NY.GDP.PCAP.CD,2000,9753.84755185404
Other small states,OSS,GDP per capita (current US$),NY.GDP.PCAP.CD,2000,4847.45033301194
Pakistan,PAK,GDP per capita (current US$),NY.GDP.PCAP.CD,2000,642.338346499898
Panama,PAN,GDP per capita (current US$),NY.GDP.PCAP.CD,2000,3975.09310275544
Peru,PER,GDP per capita (current US$),NY.GDP.PCAP.CD,2000,1945.41338451698
Philippines,PHL,GDP per capita (current US$),NY.GDP.PCAP.CD,2000,1050.79273107952
Palau,PLW,GDP per capita (current US$),NY.GDP.PCAP.CD,2000,7798.07504193852
Papua New Guinea,PNG,GDP per capita (current US$),NY.GDP.PCAP.CD,2000,635.957919047725
Poland,POL,GDP per capita (current US$),NY.GDP.PCAP.CD,2000,4520.64100449111
Pre-demographic dividend,PRE,GDP per capita (current US$),NY.GDP.PCAP.CD,2000,503.562641272677
Puerto Rico (US),PRI,GDP per capita (current US$),NY.GDP.PCAP.CD,2000,16192.1269719638
Portugal,PRT,GDP per capita (current US$),NY.GDP.PCAP.CD,2000,11526.3720667968
Paraguay,PRY,GDP per capita (current US$),NY.GDP.PCAP.CD,2000,1736.11729210765
West Bank and Gaza,PSE,GDP per capita (current US$),NY.GDP.PCAP.CD,2000,1476.17185000238
Pacific island small states,PSS,GDP per capita (current US$),NY.GDP.PCAP.CD,2000,1686.60570445369
Post-demographic dividend,PST,GDP per capita (current US$),NY.GDP.PCAP.CD,2000,25890.8986396573
French Polynesia,PYF,GDP per capita (current US$),NY.GDP.PCAP.CD,2000,14978.324104668
Qatar,QAT,GDP per capita (current US$),NY.GDP.PCAP.CD,2000,27535.182940934
Romania,ROU,GDP per capita (current US$),NY.GDP.PCAP.CD,2000,1659.92904910528
Russian Federation,RUS,GDP per capita (current US$),NY.GDP.PCAP.CD,2000,1771.59411621094
Rwanda,RWA,GDP per capita (current US$),NY.GDP.PCAP.CD,2000,251.86926386091
South Asia,SAS,GDP per capita (current US$),NY.GDP.PCAP.CD,2000,440.467918910931
Saudi Arabia,SAU,GDP per capita (current US$),NY.GDP.PCAP.CD,2000,11714.5623675159
Sudan,SDN,GDP per capita (current US$),NY.GDP.PCAP.CD,2000,362.116882324219
Senegal,SEN,GDP per capita (current US$),NY.GDP.PCAP.CD,2000,603.233162455158
Singapore,SGP,GDP per capita (current US$),NY.GDP.PCAP.CD,2000,23852.8389514753
Solomon Islands,SLB,GDP per capita (current US$),NY.GDP.PCAP.CD,2000,953.17190137706
Sierra Leone,SLE,GDP per capita (current US$),NY.GDP.PCAP.CD,2000,143.743743239644
El Salvador,SLV,GDP per capita (current US$),NY.GDP.PCAP.CD,2000,1982.87093542615
San Marino,SMR,GDP per capita (current US$),NY.GDP.PCAP.CD,2000,37600.7077379601
"Somalia, Fed. Rep.",SOM,GDP per capita (current US$),NY.GDP.PCAP.CD,2000,386.119274401275
Serbia,SRB,GDP per capita (current US$),NY.GDP.PCAP.CD,2000,974.725469278615
Sub-Saharan Africa (excluding high income),SSA,GDP per capita (current US$),NY.GDP.PCAP.CD,2000,684.279233995118
Sub-Saharan Africa,SSF,GDP per capita (current US$),NY.GDP.PCAP.CD,2000,629.529731613317
Small states,SST,GDP per capita (current US$),NY.GDP.PCAP.CD,2000,4846.98212617811
Sao Tome and Principe,STP,GDP per capita (current US$),NY.GDP.PCAP.CD,2000,529.089383412262
Suriname,SUR,GDP per capita (current US$),NY.GDP.PCAP.CD,2000,1988.22172925433
Slovak Republic,SVK,GDP per capita (current US$),NY.GDP.PCAP.CD,2000,5421.6448441887
Slovenia,SVN,GDP per capita (current US$),NY.GDP.PCAP.CD,2000,10135.7219109212
Sweden,SWE,GDP per capita (current US$),NY.GDP.PCAP.CD,2000,29632.5890811623
Eswatini,SWZ,GDP per capita (current US$),NY.GDP.PCAP.CD,2000,1629.67038842815
Seychelles,SYC,GDP per capita (current US$),NY.GDP.PCAP.CD,2000,8063.65500575169
Syrian Arab Republic,SYR,GDP per capita (current US$),NY.GDP.PCAP.CD,2000,1138.1884854278
Chad,TCD,GDP per capita (current US$),NY.GDP.PCAP.CD,2000,163.121663683369
East Asia & Pacific (IDA & IBRD countries),TEA,GDP per capita (current US$),NY.GDP.PCAP.CD,2000,972.833173916046
Europe & Central Asia (IDA & IBRD countries),TEC,GDP per capita (current US$),NY.GDP.PCAP.CD,2000,2044.35074576548
Togo,TGO,GDP per capita (current US$),NY.GDP.PCAP.CD,2000,409.889802792768
Thailand,THA,GDP per capita (current US$),NY.GDP.PCAP.CD,2000,2005.97694514234
Tajikistan,TJK,GDP per capita (current US$),NY.GDP.PCAP.CD,2000,136.925716400723
Turkmenistan,TKM,GDP per capita (current US$),NY.GDP.PCAP.CD,2000,633.835487638011
Latin America & the Caribbean (IDA & IBRD countries),TLA,GDP per capita (current US$),NY.GDP.PCAP.CD,2000,4388.92611014216
Timor-Leste,TLS,GDP per capita (current US$),NY.GDP.PCAP.CD,2000,492.457637913906
"Middle East, North Africa, Afghanistan & Pakistan (IDA & IBRD)",TMN,GDP per capita (current US$),NY.GDP.PCAP.CD,2000,1246.01975069059
Tonga,TON,GDP per capita (current US$),NY.GDP.PCAP.CD,2000,1995.07667546271
South Asia (IDA & IBRD),TSA,GDP per capita (current US$),NY.GDP.PCAP.CD,2000,440.467918910931
Sub-Saharan Africa (IDA & IBRD countries),TSS,GDP per capita (current US$),NY.GDP.PCAP.CD,2000,629.529731613317
Trinidad and Tobago,TTO,GDP per capita (current US$),NY.GDP.PCAP.CD,2000,6178.58975559687
Tunisia,TUN,GDP per capita (current US$),NY.GDP.PCAP.CD,2000,2199.04465936314
Turkiye,TUR,GDP per capita (current US$),NY.GDP.PCAP.CD,2000,4199.3798635759
Tuvalu,TUV,GDP per capita (current US$),NY.GDP.PCAP.CD,2000,1579.41906275542
Tanzania,TZA,GDP per capita (current US$),NY.GDP.PCAP.CD,2000,401.698150634766
Uganda,UGA,GDP per capita (current US$),NY.GDP.PCAP.CD,2000,258.050338731086
Ukraine,UKR,GDP per capita (current US$),NY.GDP.PCAP.CD,2000,653.294311523438
Upper middle income,UMC,GDP per capita (current US$),NY.GDP.PCAP.CD,2000,1846.75293360867
Uruguay,URY,GDP per capita (current US$),NY.GDP.PCAP.CD,2000,6987.70098766257
United States,USA,GDP per capita (current US$),NY.GDP.PCAP.CD,2000,36329.9560727102
Uzbekistan,UZB,GDP per capita (current US$),NY.GDP.PCAP.CD,2000,555.149231099186
St. Vincent and the Grenadines,VCT,GDP per capita (current US$),NY.GDP.PCAP.CD,2000,3768.95536604022
"Venezuela, RB",VEN,GDP per capita (current US$),NY.GDP.PCAP.CD,2000,4776.2816763938
Viet Nam,VNM,GDP per capita (current US$),NY.GDP.PCAP.CD,2000,404.029784055118
Vanuatu,VUT,GDP per capita (current US$),NY.GDP.PCAP.CD,2000,1460.23817692229
World,WLD,GDP per capita (current US$),NY.GDP.PCAP.CD,2000,5501.26421816454
Samoa,WSM,GDP per capita (current US$),NY.GDP.PCAP.CD,2000,1424.75240002471
"Yemen, Rep.",YEM,GDP per capita (current US$),NY.GDP.PCAP.CD,2000,493.235182634814
South Africa,ZAF,GDP per capita (current US$),NY.GDP.PCAP.CD,2000,3217.84693448467
Zambia,ZMB,GDP per capita (current US$),NY.GDP.PCAP.CD,2000,359.429500988221
Zimbabwe,ZWE,GDP per capita (current US$),NY.GDP.PCAP.CD,2000,562.833757496076
Aruba,ABW,GDP per capita (current US$),NY.GDP.PCAP.CD,2001,20740.1325828172
Africa Eastern and Southern,AFE,GDP per capita (current US$),NY.GDP.PCAP.CD,2001,625.82781544115
Afghanistan,AFG,GDP per capita (current US$),NY.GDP.PCAP.CD,2001,138.706821676113
Africa Western and Central,AFW,GDP per capita (current US$),NY.GDP.PCAP.CD,2001,532.972787221754
Angola,AGO,GDP per capita (current US$),NY.GDP.PCAP.CD,2001,533.586202412447
Albania,ALB,GDP per capita (current US$),NY.GDP.PCAP.CD,2001,1326.41652388077
Andorra,AND,GDP per capita (current US$),NY.GDP.PCAP.CD,2001,23511.2969500881
Arab World,ARB,GDP per capita (current US$),NY.GDP.PCAP.CD,2001,2536.69232600737
United Arab Emirates,ARE,GDP per capita (current US$),NY.GDP.PCAP.CD,2001,27745.1708087672
Argentina,ARG,GDP per capita (current US$),NY.GDP.PCAP.CD,2001,7141.47507662826
Armenia,ARM,GDP per capita (current US$),NY.GDP.PCAP.CD,2001,659.588988535629
Antigua and Barbuda,ATG,GDP per capita (current US$),NY.GDP.PCAP.CD,2001,11539.1825063308
Australia,AUS,GDP per capita (current US$),NY.GDP.PCAP.CD,2001,19733.6510102645
Austria,AUT,GDP per capita (current US$),NY.GDP.PCAP.CD,2001,24430.495982841
Azerbaijan,AZE,GDP per capita (current US$),NY.GDP.PCAP.CD,2001,703.670998584686
Burundi,BDI,GDP per capita (current US$),NY.GDP.PCAP.CD,2001,132.159554541932
Belgium,BEL,GDP per capita (current US$),NY.GDP.PCAP.CD,2001,23015.0712632462
Benin,BEN,GDP per capita (current US$),NY.GDP.PCAP.CD,2001,492.401499509072
Burkina Faso,BFA,GDP per capita (current US$),NY.GDP.PCAP.CD,2001,259.485223380436
Bangladesh,BGD,GDP per capita (current US$),NY.GDP.PCAP.CD,2001,394.65641001891
Bulgaria,BGR,GDP per capita (current US$),NY.GDP.PCAP.CD,2001,1770.90704918691
Bahrain,BHR,GDP per capita (current US$),NY.GDP.PCAP.CD,2001,13573.2339887597
"Bahamas, The",BHS,GDP per capita (current US$),NY.GDP.PCAP.CD,2001,25371.9237667614
Bosnia and Herzegovina,BIH,GDP per capita (current US$),NY.GDP.PCAP.CD,2001,1387.89362942121
Belarus,BLR,GDP per capita (current US$),NY.GDP.PCAP.CD,2001,1244.37318523431
Belize,BLZ,GDP per capita (current US$),NY.GDP.PCAP.CD,2001,4718.77715104739
Bermuda,BMU,GDP per capita (current US$),NY.GDP.PCAP.CD,2001,59490.2452034202
Bolivia,BOL,GDP per capita (current US$),NY.GDP.PCAP.CD,2001,930.168227214313
Brazil,BRA,GDP per capita (current US$),NY.GDP.PCAP.CD,2001,3176.28975052524
Barbados,BRB,GDP per capita (current US$),NY.GDP.PCAP.CD,2001,11639.5160522054
Brunei Darussalam,BRN,GDP per capita (current US$),NY.GDP.PCAP.CD,2001,18287.8272281914
Bhutan,BTN,GDP per capita (current US$),NY.GDP.PCAP.CD,2001,812.238210772056
Botswana,BWA,GDP per capita (current US$),NY.GDP.PCAP.CD,2001,3206.07123689853
Central African Republic,CAF,GDP per capita (current US$),NY.GDP.PCAP.CD,2001,237.951702544735
Canada,CAN,GDP per capita (current US$),NY.GDP.PCAP.CD,2001,23822.096210932
Central Europe and the Baltics,CEB,GDP per capita (current US$),NY.GDP.PCAP.CD,2001,4360.9626352209
Switzerland,CHE,GDP per capita (current US$),NY.GDP.PCAP.CD,2001,39638.7911061864
Channel Islands,CHI,GDP per capita (current US$),NY.GDP.PCAP.CD,2001,41873.7406146127
Chile,CHL,GDP per capita (current US$),NY.GDP.PCAP.CD,2001,4563.5952986689
China,CHN,GDP per capita (current US$),NY.GDP.PCAP.CD,2001,1065.40597574519
Cote d'Ivoire,CIV,GDP per capita (current US$),NY.GDP.PCAP.CD,2001,924.727294962066
Cameroon,CMR,GDP per capita (current US$),NY.GDP.PCAP.CD,2001,715.470296470585
"Congo, Dem. Rep.",COD,GDP per capita (current US$),NY.GDP.PCAP.CD,2001,142.678142604412
"Congo, Rep.",COG,GDP per capita (current US$),NY.GDP.PCAP.CD,2001,854.598314408095
Colombia,COL,GDP per capita (current US$),NY.GDP.PCAP.CD,2001,2472.99084035833
Comoros,COM,GDP per capita (current US$),NY.GDP.PCAP.CD,2001,681.163857619963
Cabo Verde,CPV,GDP per capita (current US$),NY.GDP.PCAP.CD,2001,1223.33055331575
Costa Rica,CRI,GDP per capita (current US$),NY.GDP.PCAP.CD,2001,3985.12984506207
Caribbean small states,CSS,GDP per capita (current US$),NY.GDP.PCAP.CD,2001,6647.62547849072
Cuba,CUB,GDP per capita (current US$),NY.GDP.PCAP.CD,2001,2842.96704310394
Curacao,CUW,GDP per capita (current US$),NY.GDP.PCAP.CD,2001,16609.8454536485
Cyprus,CYP,GDP per capita (current US$),NY.GDP.PCAP.CD,2001,14821.44921875
Czechia,CZE,GDP per capita (current US$),NY.GDP.PCAP.CD,2001,6669.07494847497
Germany,DEU,GDP per capita (current US$),NY.GDP.PCAP.CD,2001,23878.3641471651
Djibouti,DJI,GDP per capita (current US$),NY.GDP.PCAP.CD,2001,742.133791107063
Dominica,DMA,GDP per capita (current US$),NY.GDP.PCAP.CD,2001,5527.51527300496
Denmark,DNK,GDP per capita (current US$),NY.GDP.PCAP.CD,2001,30768.4775471112
Dominican Republic,DOM,GDP per capita (current US$),NY.GDP.PCAP.CD,2001,2935.89367312668
Algeria,DZA,GDP per capita (current US$),NY.GDP.PCAP.CD,2001,1896.30020878013
East Asia & Pacific (excluding high income),EAP,GDP per capita (current US$),NY.GDP.PCAP.CD,2001,1014.52467003618
Early-demographic dividend,EAR,GDP per capita (current US$),NY.GDP.PCAP.CD,2001,1311.18270829395
East Asia & Pacific,EAS,GDP per capita (current US$),NY.GDP.PCAP.CD,2001,3783.30921974687
Europe & Central Asia (excluding high income),ECA,GDP per capita (current US$),NY.GDP.PCAP.CD,2001,1529.60615620796
Europe & Central Asia,ECS,GDP per capita (current US$),NY.GDP.PCAP.CD,2001,11757.603659314
Ecuador,ECU,GDP per capita (current US$),NY.GDP.PCAP.CD,2001,1791.30359685037
"Egypt, Arab Rep.",EGY,GDP per capita (current US$),NY.GDP.PCAP.CD,2001,1295.1374184163
Euro area,EMU,GDP per capita (current US$),NY.GDP.PCAP.CD,2001,20289.6505275093
Eritrea,ERI,GDP per capita (current US$),NY.GDP.PCAP.CD,2001,325.409161513593
Spain,ESP,GDP per capita (current US$),NY.GDP.PCAP.CD,2001,15368.2337984435
Estonia,EST,GDP per capita (current US$),NY.GDP.PCAP.CD,2001,4502.66614992392
Ethiopia,ETH,GDP per capita (current US$),NY.GDP.PCAP.CD,2001,118.457204255261
European Union,EUU,GDP per capita (current US$),NY.GDP.PCAP.CD,2001,17230.6480095869
Fragile and conflict affected situations,FCS,GDP per capita (current US$),NY.GDP.PCAP.CD,2001,719.215886038336
Finland,FIN,GDP per capita (current US$),NY.GDP.PCAP.CD,2001,24965.202996776
Fiji,FJI,GDP per capita (current US$),NY.GDP.PCAP.CD,2001,1944.997414609
France,FRA,GDP per capita (current US$),NY.GDP.PCAP.CD,2001,22331.7948343036
Faroe Islands,FRO,GDP per capita (current US$),NY.GDP.PCAP.CD,2001,24879.7729617864
"Micronesia, Fed. Sts.",FSM,GDP per capita (current US$),NY.GDP.PCAP.CD,2001,2103.74859460914
Gabon,GAB,GDP per capita (current US$),NY.GDP.PCAP.CD,2001,3835.75718279727
United Kingdom,GBR,GDP per capita (current US$),NY.GDP.PCAP.CD,2001,28013.8729635508
Georgia,GEO,GDP per capita (current US$),NY.GDP.PCAP.CD,2001,801.98383707929
Ghana,GHA,GDP per capita (current US$),NY.GDP.PCAP.CD,2001,263.542156494853
Guinea,GIN,GDP per capita (current US$),NY.GDP.PCAP.CD,2001,483.085120214741
"Gambia, The",GMB,GDP per capita (current US$),NY.GDP.PCAP.CD,2001,459.803068381399
Guinea-Bissau,GNB,GDP per capita (current US$),NY.GDP.PCAP.CD,2001,327.138431972397
Equatorial Guinea,GNQ,GDP per capita (current US$),NY.GDP.PCAP.CD,2001,1948.61145907844
Greece,GRC,GDP per capita (current US$),NY.GDP.PCAP.CD,2001,12156.9572824221
Grenada,GRD,GDP per capita (current US$),NY.GDP.PCAP.CD,2001,4819.50776653843
Greenland,GRL,GDP per capita (current US$),NY.GDP.PCAP.CD,2001,19265.5191468738
Guatemala,GTM,GDP per capita (current US$),NY.GDP.PCAP.CD,2001,1537.68663578252
Guyana,GUY,GDP per capita (current US$),NY.GDP.PCAP.CD,2001,931.574723847673
High income,HIC,GDP per capita (current US$),NY.GDP.PCAP.CD,2001,22083.4201672758
"Hong Kong SAR, China",HKG,GDP per capita (current US$),NY.GDP.PCAP.CD,2001,25230.3780910304
Honduras,HND,GDP per capita (current US$),NY.GDP.PCAP.CD,2001,1132.1648753329
Heavily indebted poor countries (HIPC),HPC,GDP per capita (current US$),NY.GDP.PCAP.CD,2001,355.171230947667
Croatia,HRV,GDP per capita (current US$),NY.GDP.PCAP.CD,2001,5364.83824691607
Haiti,HTI,GDP per capita (current US$),NY.GDP.PCAP.CD,2001,748.821159844528
Hungary,HUN,GDP per capita (current US$),NY.GDP.PCAP.CD,2001,5280.94887987063
IBRD only,IBD,GDP per capita (current US$),NY.GDP.PCAP.CD,2001,1481.39193527337
IDA & IBRD total,IBT,GDP per capita (current US$),NY.GDP.PCAP.CD,2001,1248.91735602024
IDA total,IDA,GDP per capita (current US$),NY.GDP.PCAP.CD,2001,442.145183436089
IDA blend,IDB,GDP per capita (current US$),NY.GDP.PCAP.CD,2001,602.892871654224
Indonesia,IDN,GDP per capita (current US$),NY.GDP.PCAP.CD,2001,732.307093405708
IDA only,IDX,GDP per capita (current US$),NY.GDP.PCAP.CD,2001,356.727000119663
Isle of Man,IMN,GDP per capita (current US$),NY.GDP.PCAP.CD,2001,21819.7123825606
India,IND,GDP per capita (current US$),NY.GDP.PCAP.CD,2001,450.357900514128
Ireland,IRL,GDP per capita (current US$),NY.GDP.PCAP.CD,2001,28282.409882073
"Iran, Islamic Rep.",IRN,GDP per capita (current US$),NY.GDP.PCAP.CD,2001,1881.02266635283
Iraq,IRQ,GDP per capita (current US$),NY.GDP.PCAP.CD,2001,1435.695683789
Iceland,ISL,GDP per capita (current US$),NY.GDP.PCAP.CD,2001,29208.1981853568
Israel,ISR,GDP per capita (current US$),NY.GDP.PCAP.CD,2001,20966.3052667971
Italy,ITA,GDP per capita (current US$),NY.GDP.PCAP.CD,2001,20570.4385917862
Jamaica,JAM,GDP per capita (current US$),NY.GDP.PCAP.CD,2001,3503.55026688858
Jordan,JOR,GDP per capita (current US$),NY.GDP.PCAP.CD,2001,1632.29454010563
Japan,JPN,GDP per capita (current US$),NY.GDP.PCAP.CD,2001,34406.1824638092
Kazakhstan,KAZ,GDP per capita (current US$),NY.GDP.PCAP.CD,2001,1422.27331810957
Kenya,KEN,GDP per capita (current US$),NY.GDP.PCAP.CD,2001,410.700452474814
Kyrgyz Republic,KGZ,GDP per capita (current US$),NY.GDP.PCAP.CD,2001,308.41129550148
Cambodia,KHM,GDP per capita (current US$),NY.GDP.PCAP.CD,2001,327.500984314444
Kiribati,KIR,GDP per capita (current US$),NY.GDP.PCAP.CD,2001,718.833787096781
St. Kitts and Nevis,KNA,GDP per capita (current US$),NY.GDP.PCAP.CD,2001,10022.5919235637
"Korea, Rep.",KOR,GDP per capita (current US$),NY.GDP.PCAP.CD,2001,11981.4828218758
Kuwait,KWT,GDP per capita (current US$),NY.GDP.PCAP.CD,2001,17374.2318664227
Latin America & Caribbean (excluding high income),LAC,GDP per capita (current US$),NY.GDP.PCAP.CD,2001,4122.79587535484
Lao PDR,LAO,GDP per capita (current US$),NY.GDP.PCAP.CD,2001,320.316005439568
Lebanon,LBN,GDP per capita (current US$),NY.GDP.PCAP.CD,2001,4009.55929751102
Liberia,LBR,GDP per capita (current US$),NY.GDP.PCAP.CD,2001,300.463828598983
Libya,LBY,GDP per capita (current US$),NY.GDP.PCAP.CD,2001,6312.80030498965
St. Lucia,LCA,GDP per capita (current US$),NY.GDP.PCAP.CD,2001,5570.45247098106
Latin America & Caribbean,LCN,GDP per capita (current US$),NY.GDP.PCAP.CD,2001,4326.6400704264
Least developed countries: UN classification,LDC,GDP per capita (current US$),NY.GDP.PCAP.CD,2001,313.947863828234
Low income,LIC,GDP per capita (current US$),NY.GDP.PCAP.CD,2001,332.003849693569
Liechtenstein,LIE,GDP per capita (current US$),NY.GDP.PCAP.CD,2001,75067.8001680043
Sri Lanka,LKA,GDP per capita (current US$),NY.GDP.PCAP.CD,2001,803.544026627385
Lower middle income,LMC,GDP per capita (current US$),NY.GDP.PCAP.CD,2001,553.497178396772
Low & middle income,LMY,GDP per capita (current US$),NY.GDP.PCAP.CD,2001,1162.27956492439
Lesotho,LSO,GDP per capita (current US$),NY.GDP.PCAP.CD,2001,412.677473676821
Late-demographic dividend,LTE,GDP per capita (current US$),NY.GDP.PCAP.CD,2001,1722.30765767874
Lithuania,LTU,GDP per capita (current US$),NY.GDP.PCAP.CD,2001,3532.52787363242
Luxembourg,LUX,GDP per capita (current US$),NY.GDP.PCAP.CD,2001,48440.1420151355
Latvia,LVA,GDP per capita (current US$),NY.GDP.PCAP.CD,2001,3504.61829462397
"Macao SAR, China",MAC,GDP per capita (current US$),NY.GDP.PCAP.CD,2001,15810.7227666562
Morocco,MAR,GDP per capita (current US$),NY.GDP.PCAP.CD,2001,1506.24523925781
Monaco,MCO,GDP per capita (current US$),NY.GDP.PCAP.CD,2001,82402.7809570189
Moldova,MDA,GDP per capita (current US$),NY.GDP.PCAP.CD,2001,507.404076252819
Madagascar,MDG,GDP per capita (current US$),NY.GDP.PCAP.CD,2001,319.283278235657
Maldives,MDV,GDP per capita (current US$),NY.GDP.PCAP.CD,2001,3033.93234507036
"Middle East, North Africa, Afghanistan & Pakistan",MEA,GDP per capita (current US$),NY.GDP.PCAP.CD,2001,2153.19332542263
Mexico,MEX,GDP per capita (current US$),NY.GDP.PCAP.CD,2001,7952.76479510706
Marshall Islands,MHL,GDP per capita (current US$),NY.GDP.PCAP.CD,2001,2394.34501105178
Middle income,MIC,GDP per capita (current US$),NY.GDP.PCAP.CD,2001,1222.94251438049
North Macedonia,MKD,GDP per capita (current US$),NY.GDP.PCAP.CD,2001,1823.02267682636
Mali,MLI,GDP per capita (current US$),NY.GDP.PCAP.CD,2001,346.224554251022
Malta,MLT,GDP per capita (current US$),NY.GDP.PCAP.CD,2001,10357.7025891731
Myanmar,MMR,GDP per capita (current US$),NY.GDP.PCAP.CD,2001,141.525660705722
"Middle East, North Africa, Afghanistan & Pakistan (excluding high income)",MNA,GDP per capita (current US$),NY.GDP.PCAP.CD,2001,1226.50991412098
Montenegro,MNE,GDP per capita (current US$),NY.GDP.PCAP.CD,2001,1909.59870186179
Mongolia,MNG,GDP per capita (current US$),NY.GDP.PCAP.CD,2001,524.453483552485
Mozambique,MOZ,GDP per capita (current US$),NY.GDP.PCAP.CD,2001,304.792138621913
Mauritania,MRT,GDP per capita (current US$),NY.GDP.PCAP.CD,2001,651.817840199777
Mauritius,MUS,GDP per capita (current US$),NY.GDP.PCAP.CD,2001,3908.55694927435
Malawi,MWI,GDP per capita (current US$),NY.GDP.PCAP.CD,2001,215.474524898357
Malaysia,MYS,GDP per capita (current US$),NY.GDP.PCAP.CD,2001,3943.79943910239
North America,NAC,GDP per capita (current US$),NY.GDP.PCAP.CD,2001,35831.4569213799
Namibia,NAM,GDP per capita (current US$),NY.GDP.PCAP.CD,2001,1915.58926594875
New Caledonia,NCL,GDP per capita (current US$),NY.GDP.PCAP.CD,2001,14482.3606263602
Niger,NER,GDP per capita (current US$),NY.GDP.PCAP.CD,2001,205.417936120931
Nigeria,NGA,GDP per capita (current US$),NY.GDP.PCAP.CD,2001,566.428231812933
Nicaragua,NIC,GDP per capita (current US$),NY.GDP.PCAP.CD,2001,1051.874235891
Netherlands,NLD,GDP per capita (current US$),NY.GDP.PCAP.CD,2001,26955.7128032278
Norway,NOR,GDP per capita (current US$),NY.GDP.PCAP.CD,2001,38601.897639231
Nepal,NPL,GDP per capita (current US$),NY.GDP.PCAP.CD,2001,240.795114544664
Nauru,NRU,GDP per capita (current US$),NY.GDP.PCAP.CD,2001,2232.30874026726
New Zealand,NZL,GDP per capita (current US$),NY.GDP.PCAP.CD,2001,13882.8568268586
OECD members,OED,GDP per capita (current US$),NY.GDP.PCAP.CD,2001,22671.1632008523
Oman,OMN,GDP per capita (current US$),NY.GDP.PCAP.CD,2001,9611.96360191054
Other small states,OSS,GDP per capita (current US$),NY.GDP.PCAP.CD,2001,4780.95492978974
Pakistan,PAK,GDP per capita (current US$),NY.GDP.PCAP.CD,2001,609.939506905073
Panama,PAN,GDP per capita (current US$),NY.GDP.PCAP.CD,2001,3991.77672094655
Peru,PER,GDP per capita (current US$),NY.GDP.PCAP.CD,2001,1929.57273038846
Philippines,PHL,GDP per capita (current US$),NY.GDP.PCAP.CD,2001,969.530611744453
Palau,PLW,GDP per capita (current US$),NY.GDP.PCAP.CD,2001,8239.26354006532
Papua New Guinea,PNG,GDP per capita (current US$),NY.GDP.PCAP.CD,2001,537.847459634131
Poland,POL,GDP per capita (current US$),NY.GDP.PCAP.CD,2001,5015.23790036613
Pre-demographic dividend,PRE,GDP per capita (current US$),NY.GDP.PCAP.CD,2001,465.954902190537
Puerto Rico (US),PRI,GDP per capita (current US$),NY.GDP.PCAP.CD,2001,18123.1987019918
Portugal,PRT,GDP per capita (current US$),NY.GDP.PCAP.CD,2001,11734.7649743954
Paraguay,PRY,GDP per capita (current US$),NY.GDP.PCAP.CD,2001,1637.68615122932
West Bank and Gaza,PSE,GDP per capita (current US$),NY.GDP.PCAP.CD,2001,1335.55319529359
Pacific island small states,PSS,GDP per capita (current US$),NY.GDP.PCAP.CD,2001,1637.06349284566
Post-demographic dividend,PST,GDP per capita (current US$),NY.GDP.PCAP.CD,2001,25517.8708554
French Polynesia,PYF,GDP per capita (current US$),NY.GDP.PCAP.CD,2001,14640.9360062298
Qatar,QAT,GDP per capita (current US$),NY.GDP.PCAP.CD,2001,25870.7991864314
Romania,ROU,GDP per capita (current US$),NY.GDP.PCAP.CD,2001,1825.19299373184
Russian Federation,RUS,GDP per capita (current US$),NY.GDP.PCAP.CD,2001,2100.3525390625
Rwanda,RWA,GDP per capita (current US$),NY.GDP.PCAP.CD,2001,237.308846200901
South Asia,SAS,GDP per capita (current US$),NY.GDP.PCAP.CD,2001,446.418919348871
Saudi Arabia,SAU,GDP per capita (current US$),NY.GDP.PCAP.CD,2001,10805.311325122
Sudan,SDN,GDP per capita (current US$),NY.GDP.PCAP.CD,2001,451.293304443359
Senegal,SEN,GDP per capita (current US$),NY.GDP.PCAP.CD,2001,637.213530563724
Singapore,SGP,GDP per capita (current US$),NY.GDP.PCAP.CD,2001,21699.7414868907
Solomon Islands,SLB,GDP per capita (current US$),NY.GDP.PCAP.CD,2001,911.791935385411
Sierra Leone,SLE,GDP per capita (current US$),NY.GDP.PCAP.CD,2001,358.315716051546
El Salvador,SLV,GDP per capita (current US$),NY.GDP.PCAP.CD,2001,2058.04459070452
San Marino,SMR,GDP per capita (current US$),NY.GDP.PCAP.CD,2001,39035.1034290445
"Somalia, Fed. Rep.",SOM,GDP per capita (current US$),NY.GDP.PCAP.CD,2001,244.914842538455
Serbia,SRB,GDP per capita (current US$),NY.GDP.PCAP.CD,2001,1812.42088281393
Sub-Saharan Africa (excluding high income),SSA,GDP per capita (current US$),NY.GDP.PCAP.CD,2001,638.142786998755
Sub-Saharan Africa,SSF,GDP per capita (current US$),NY.GDP.PCAP.CD,2001,587.397048570739
Small states,SST,GDP per capita (current US$),NY.GDP.PCAP.CD,2001,4839.48717828643
Sao Tome and Principe,STP,GDP per capita (current US$),NY.GDP.PCAP.CD,2001,518.88050130005
Suriname,SUR,GDP per capita (current US$),NY.GDP.PCAP.CD,2001,1714.64846637242
Slovak Republic,SVK,GDP per capita (current US$),NY.GDP.PCAP.CD,2001,5712.47802761654
Slovenia,SVN,GDP per capita (current US$),NY.GDP.PCAP.CD,2001,10375.6255869861
Sweden,SWE,GDP per capita (current US$),NY.GDP.PCAP.CD,2001,27259.3174300217
Eswatini,SWZ,GDP per capita (current US$),NY.GDP.PCAP.CD,2001,1429.85630359447
Seychelles,SYC,GDP per capita (current US$),NY.GDP.PCAP.CD,2001,8153.2986369879
Syrian Arab Republic,SYR,GDP per capita (current US$),NY.GDP.PCAP.CD,2001,1186.82913474027
Turks and Caicos Islands,TCA,GDP per capita (current US$),NY.GDP.PCAP.CD,2001,18325.7458111974
Chad,TCD,GDP per capita (current US$),NY.GDP.PCAP.CD,2001,194.32295331156
East Asia & Pacific (IDA & IBRD countries),TEA,GDP per capita (current US$),NY.GDP.PCAP.CD,2001,1026.6492096959
Europe & Central Asia (IDA & IBRD countries),TEC,GDP per capita (current US$),NY.GDP.PCAP.CD,2001,2080.98419116363
Togo,TGO,GDP per capita (current US$),NY.GDP.PCAP.CD,2001,396.692654520135
Thailand,THA,GDP per capita (current US$),NY.GDP.PCAP.CD,2001,1889.93432467144
Tajikistan,TJK,GDP per capita (current US$),NY.GDP.PCAP.CD,2001,168.676285365186
Turkmenistan,TKM,GDP per capita (current US$),NY.GDP.PCAP.CD,2001,756.034976276398
Latin America & the Caribbean (IDA & IBRD countries),TLA,GDP per capita (current US$),NY.GDP.PCAP.CD,2001,4222.97461927511
Timor-Leste,TLS,GDP per capita (current US$),NY.GDP.PCAP.CD,2001,587.700634429079
"Middle East, North Africa, Afghanistan & Pakistan (IDA & IBRD)",TMN,GDP per capita (current US$),NY.GDP.PCAP.CD,2001,1225.81474139889
Tonga,TON,GDP per capita (current US$),NY.GDP.PCAP.CD,2001,1753.51667576626
South Asia (IDA & IBRD),TSA,GDP per capita (current US$),NY.GDP.PCAP.CD,2001,446.418919348871
Sub-Saharan Africa (IDA & IBRD countries),TSS,GDP per capita (current US$),NY.GDP.PCAP.CD,2001,587.397048570739
Trinidad and Tobago,TTO,GDP per capita (current US$),NY.GDP.PCAP.CD,2001,6657.41466937221
Tunisia,TUN,GDP per capita (current US$),NY.GDP.PCAP.CD,2001,2235.71981624751
Turkiye,TUR,GDP per capita (current US$),NY.GDP.PCAP.CD,2001,3052.2256706793
Tuvalu,TUV,GDP per capita (current US$),NY.GDP.PCAP.CD,2001,1456.78409421177
Tanzania,TZA,GDP per capita (current US$),NY.GDP.PCAP.CD,2001,396.638732910156
Uganda,UGA,GDP per capita (current US$),NY.GDP.PCAP.CD,2001,236.021188853993
Ukraine,UKR,GDP per capita (current US$),NY.GDP.PCAP.CD,2001,800.49072265625
Upper middle income,UMC,GDP per capita (current US$),NY.GDP.PCAP.CD,2001,1831.16075225617
Uruguay,URY,GDP per capita (current US$),NY.GDP.PCAP.CD,2001,6382.76104740859
United States,USA,GDP per capita (current US$),NY.GDP.PCAP.CD,2001,37133.623113437
Uzbekistan,UZB,GDP per capita (current US$),NY.GDP.PCAP.CD,2001,454.415812256778
St. Vincent and the Grenadines,VCT,GDP per capita (current US$),NY.GDP.PCAP.CD,2001,4071.08601098962
"Venezuela, RB",VEN,GDP per capita (current US$),NY.GDP.PCAP.CD,2001,4920.39313600453
Viet Nam,VNM,GDP per capita (current US$),NY.GDP.PCAP.CD,2001,419.205677580901
Vanuatu,VUT,GDP per capita (current US$),NY.GDP.PCAP.CD,2001,1350.18338238522
World,WLD,GDP per capita (current US$),NY.GDP.PCAP.CD,2001,5394.68512526724
Samoa,WSM,GDP per capita (current US$),NY.GDP.PCAP.CD,2001,1453.87021324606
"Yemen, Rep.",YEM,GDP per capita (current US$),NY.GDP.PCAP.CD,2001,487.141257946318
South Africa,ZAF,GDP per capita (current US$),NY.GDP.PCAP.CD,2001,2847.15191945908
Zambia,ZMB,GDP per capita (current US$),NY.GDP.PCAP.CD,2001,396.548952993504
Zimbabwe,ZWE,GDP per capita (current US$),NY.GDP.PCAP.CD,2001,566.388746448872
Aruba,ABW,GDP per capita (current US$),NY.GDP.PCAP.CD,2002,21307.2482505267
Africa Eastern and Southern,AFE,GDP per capita (current US$),NY.GDP.PCAP.CD,2002,630.512327648462
Afghanistan,AFG,GDP per capita (current US$),NY.GDP.PCAP.CD,2002,178.954088379235
Africa Western and Central,AFW,GDP per capita (current US$),NY.GDP.PCAP.CD,2002,619.337335030759
Angola,AGO,GDP per capita (current US$),NY.GDP.PCAP.CD,2002,999.065855913758
Albania,ALB,GDP per capita (current US$),NY.GDP.PCAP.CD,2002,1479.83884572006
Andorra,AND,GDP per capita (current US$),NY.GDP.PCAP.CD,2002,26528.1300628236
Arab World,ARB,GDP per capita (current US$),NY.GDP.PCAP.CD,2002,2483.11187485029
United Arab Emirates,ARE,GDP per capita (current US$),NY.GDP.PCAP.CD,2002,27753.6089526346
Argentina,ARG,GDP per capita (current US$),NY.GDP.PCAP.CD,2002,2569.69963519124
Armenia,ARM,GDP per capita (current US$),NY.GDP.PCAP.CD,2002,742.651118319819
American Samoa,ASM,GDP per capita (current US$),NY.GDP.PCAP.CD,2002,8972.69636535698
Antigua and Barbuda,ATG,GDP per capita (current US$),NY.GDP.PCAP.CD,2002,11658.6949915956
Australia,AUS,GDP per capita (current US$),NY.GDP.PCAP.CD,2002,20335.0960191023
Austria,AUT,GDP per capita (current US$),NY.GDP.PCAP.CD,2002,26334.862215032
Azerbaijan,AZE,GDP per capita (current US$),NY.GDP.PCAP.CD,2002,763.108895463487
Burundi,BDI,GDP per capita (current US$),NY.GDP.PCAP.CD,2002,120.952308575468
Belgium,BEL,GDP per capita (current US$),NY.GDP.PCAP.CD,2002,25006.191397109
Benin,BEN,GDP per capita (current US$),NY.GDP.PCAP.CD,2002,546.463829658159
Burkina Faso,BFA,GDP per capita (current US$),NY.GDP.PCAP.CD,2002,285.654087637533
Bangladesh,BGD,GDP per capita (current US$),NY.GDP.PCAP.CD,2002,393.886422327628
Bulgaria,BGR,GDP per capita (current US$),NY.GDP.PCAP.CD,2002,2092.98288625558
Bahrain,BHR,GDP per capita (current US$),NY.GDP.PCAP.CD,2002,13501.4708801425
"Bahamas, The",BHS,GDP per capita (current US$),NY.GDP.PCAP.CD,2002,26781.6195938652
Bosnia and Herzegovina,BIH,GDP per capita (current US$),NY.GDP.PCAP.CD,2002,1606.5467454132
Belarus,BLR,GDP per capita (current US$),NY.GDP.PCAP.CD,2002,1479.38066337175
Belize,BLZ,GDP per capita (current US$),NY.GDP.PCAP.CD,2002,4858.86062599362
Bermuda,BMU,GDP per capita (current US$),NY.GDP.PCAP.CD,2002,63358.5658652763
Bolivia,BOL,GDP per capita (current US$),NY.GDP.PCAP.CD,2002,888.221328974352
Brazil,BRA,GDP per capita (current US$),NY.GDP.PCAP.CD,2002,2855.94017137049
Barbados,BRB,GDP per capita (current US$),NY.GDP.PCAP.CD,2002,11760.4524736133
Brunei Darussalam,BRN,GDP per capita (current US$),NY.GDP.PCAP.CD,2002,18621.2922577525
Bhutan,BTN,GDP per capita (current US$),NY.GDP.PCAP.CD,2002,895.799489930972
Botswana,BWA,GDP per capita (current US$),NY.GDP.PCAP.CD,2002,3117.25087183011
Central African Republic,CAF,GDP per capita (current US$),NY.GDP.PCAP.CD,2002,248.639290978403
Canada,CAN,GDP per capita (current US$),NY.GDP.PCAP.CD,2002,24256.0192337185
Central Europe and the Baltics,CEB,GDP per capita (current US$),NY.GDP.PCAP.CD,2002,4941.34251407648
Switzerland,CHE,GDP per capita (current US$),NY.GDP.PCAP.CD,2002,42458.7384679187
Channel Islands,CHI,GDP per capita (current US$),NY.GDP.PCAP.CD,2002,44459.7318188977
Chile,CHL,GDP per capita (current US$),NY.GDP.PCAP.CD,2002,4430.84741157984
China,CHN,GDP per capita (current US$),NY.GDP.PCAP.CD,2002,1163.55957673426
Cote d'Ivoire,CIV,GDP per capita (current US$),NY.GDP.PCAP.CD,2002,967.815864415991
Cameroon,CMR,GDP per capita (current US$),NY.GDP.PCAP.CD,2002,789.623811072554
"Congo, Dem. Rep.",COD,GDP per capita (current US$),NY.GDP.PCAP.CD,2002,162.38052907429
"Congo, Rep.",COG,GDP per capita (current US$),NY.GDP.PCAP.CD,2002,905.538135544704
Colombia,COL,GDP per capita (current US$),NY.GDP.PCAP.CD,2002,2428.92969771584
Comoros,COM,GDP per capita (current US$),NY.GDP.PCAP.CD,2002,764.61349832543
Cabo Verde,CPV,GDP per capita (current US$),NY.GDP.PCAP.CD,2002,1328.57874270666
Costa Rica,CRI,GDP per capita (current US$),NY.GDP.PCAP.CD,2002,4067.71851429092
Caribbean small states,CSS,GDP per capita (current US$),NY.GDP.PCAP.CD,2002,6903.07418576198
Cuba,CUB,GDP per capita (current US$),NY.GDP.PCAP.CD,2002,3005.21104247868
Curacao,CUW,GDP per capita (current US$),NY.GDP.PCAP.CD,2002,16723.6925253468
Cyprus,CYP,GDP per capita (current US$),NY.GDP.PCAP.CD,2002,16093.2158203125
Czechia,CZE,GDP per capita (current US$),NY.GDP.PCAP.CD,2002,8101.26018588111
Germany,DEU,GDP per capita (current US$),NY.GDP.PCAP.CD,2002,25486.5942008748
Djibouti,DJI,GDP per capita (current US$),NY.GDP.PCAP.CD,2002,743.013270420348
Dominica,DMA,GDP per capita (current US$),NY.GDP.PCAP.CD,2002,5488.02784969357
Denmark,DNK,GDP per capita (current US$),NY.GDP.PCAP.CD,2002,33257.1622586509
Dominican Republic,DOM,GDP per capita (current US$),NY.GDP.PCAP.CD,2002,3065.60329524196
Algeria,DZA,GDP per capita (current US$),NY.GDP.PCAP.CD,2002,1937.46411413019
East Asia & Pacific (excluding high income),EAP,GDP per capita (current US$),NY.GDP.PCAP.CD,2002,1113.99915249896
Early-demographic dividend,EAR,GDP per capita (current US$),NY.GDP.PCAP.CD,2002,1251.30296598532
East Asia & Pacific,EAS,GDP per capita (current US$),NY.GDP.PCAP.CD,2002,3813.81685560294
Europe & Central Asia (excluding high income),ECA,GDP per capita (current US$),NY.GDP.PCAP.CD,2002,1771.9219856658
Europe & Central Asia,ECS,GDP per capita (current US$),NY.GDP.PCAP.CD,2002,12849.7232593553
Ecuador,ECU,GDP per capita (current US$),NY.GDP.PCAP.CD,2002,2059.1585535974
"Egypt, Arab Rep.",EGY,GDP per capita (current US$),NY.GDP.PCAP.CD,2002,1116.82884626213
Euro area,EMU,GDP per capita (current US$),NY.GDP.PCAP.CD,2002,22047.2795660791
Eritrea,ERI,GDP per capita (current US$),NY.GDP.PCAP.CD,2002,304.775756465092
Spain,ESP,GDP per capita (current US$),NY.GDP.PCAP.CD,2002,17111.0685058941
Estonia,EST,GDP per capita (current US$),NY.GDP.PCAP.CD,2002,5343.18310760735
Ethiopia,ETH,GDP per capita (current US$),NY.GDP.PCAP.CD,2002,109.593813612988
European Union,EUU,GDP per capita (current US$),NY.GDP.PCAP.CD,2002,18797.8116316074
Fragile and conflict affected situations,FCS,GDP per capita (current US$),NY.GDP.PCAP.CD,2002,684.998396992158
Finland,FIN,GDP per capita (current US$),NY.GDP.PCAP.CD,2002,26989.389260959
Fiji,FJI,GDP per capita (current US$),NY.GDP.PCAP.CD,2002,2136.56794118683
France,FRA,GDP per capita (current US$),NY.GDP.PCAP.CD,2002,24144.5727019529
Faroe Islands,FRO,GDP per capita (current US$),NY.GDP.PCAP.CD,2002,26937.6505602847
"Micronesia, Fed. Sts.",FSM,GDP per capita (current US$),NY.GDP.PCAP.CD,2002,2113.45987332485
Gabon,GAB,GDP per capita (current US$),NY.GDP.PCAP.CD,2002,3966.48001864663
United Kingdom,GBR,GDP per capita (current US$),NY.GDP.PCAP.CD,2002,30158.7017807858
Georgia,GEO,GDP per capita (current US$),NY.GDP.PCAP.CD,2002,853.526171868939
Ghana,GHA,GDP per capita (current US$),NY.GDP.PCAP.CD,2002,297.46164468774
Guinea,GIN,GDP per capita (current US$),NY.GDP.PCAP.CD,2002,495.916073559269
"Gambia, The",GMB,GDP per capita (current US$),NY.GDP.PCAP.CD,2002,376.531026962584
Guinea-Bissau,GNB,GDP per capita (current US$),NY.GDP.PCAP.CD,2002,362.034574570354
Equatorial Guinea,GNQ,GDP per capita (current US$),NY.GDP.PCAP.CD,2002,2264.21065580365
Greece,GRC,GDP per capita (current US$),NY.GDP.PCAP.CD,2002,13782.195640943
Grenada,GRD,GDP per capita (current US$),NY.GDP.PCAP.CD,2002,4984.47405931447
Greenland,GRL,GDP per capita (current US$),NY.GDP.PCAP.CD,2002,20657.9506323097
Guatemala,GTM,GDP per capita (current US$),NY.GDP.PCAP.CD,2002,1669.33517469705
Guam,GUM,GDP per capita (current US$),NY.GDP.PCAP.CD,2002,20909.9590302806
Guyana,GUY,GDP per capita (current US$),NY.GDP.PCAP.CD,2002,950.866932470993
High income,HIC,GDP per capita (current US$),NY.GDP.PCAP.CD,2002,22929.756695357
"Hong Kong SAR, China",HKG,GDP per capita (current US$),NY.GDP.PCAP.CD,2002,24665.8362318216
Honduras,HND,GDP per capita (current US$),NY.GDP.PCAP.CD,2002,1132.49965345317
Heavily indebted poor countries (HIPC),HPC,GDP per capita (current US$),NY.GDP.PCAP.CD,2002,374.531772057964
Croatia,HRV,GDP per capita (current US$),NY.GDP.PCAP.CD,2002,6219.58164143945
Haiti,HTI,GDP per capita (current US$),NY.GDP.PCAP.CD,2002,720.969568042522
Hungary,HUN,GDP per capita (current US$),NY.GDP.PCAP.CD,2002,6658.04494326809
IBRD only,IBD,GDP per capita (current US$),NY.GDP.PCAP.CD,2002,1487.7220754011
IDA & IBRD total,IBT,GDP per capita (current US$),NY.GDP.PCAP.CD,2002,1256.62539530548
IDA total,IDA,GDP per capita (current US$),NY.GDP.PCAP.CD,2002,465.333742769282
IDA blend,IDB,GDP per capita (current US$),NY.GDP.PCAP.CD,2002,644.972024005814
Indonesia,IDN,GDP per capita (current US$),NY.GDP.PCAP.CD,2002,881.002913569131
IDA only,IDX,GDP per capita (current US$),NY.GDP.PCAP.CD,2002,369.569993774013
Isle of Man,IMN,GDP per capita (current US$),NY.GDP.PCAP.CD,2002,24471.0798814847
India,IND,GDP per capita (current US$),NY.GDP.PCAP.CD,2002,469.149928973927
Ireland,IRL,GDP per capita (current US$),NY.GDP.PCAP.CD,2002,32705.4345565698
"Iran, Islamic Rep.",IRN,GDP per capita (current US$),NY.GDP.PCAP.CD,2002,1891.25756091033
Iraq,IRQ,GDP per capita (current US$),NY.GDP.PCAP.CD,2002,1266.15961275094
Iceland,ISL,GDP per capita (current US$),NY.GDP.PCAP.CD,2002,32749.379004627
Israel,ISR,GDP per capita (current US$),NY.GDP.PCAP.CD,2002,19076.4584298321
Italy,ITA,GDP per capita (current US$),NY.GDP.PCAP.CD,2002,22451.3964379368
Jamaica,JAM,GDP per capita (current US$),NY.GDP.PCAP.CD,2002,3680.64551727724
Jordan,JOR,GDP per capita (current US$),NY.GDP.PCAP.CD,2002,1706.26744384401
Japan,JPN,GDP per capita (current US$),NY.GDP.PCAP.CD,2002,32820.7936433254
Kazakhstan,KAZ,GDP per capita (current US$),NY.GDP.PCAP.CD,2002,1573.55219932325
Kenya,KEN,GDP per capita (current US$),NY.GDP.PCAP.CD,2002,402.936385605382
Kyrgyz Republic,KGZ,GDP per capita (current US$),NY.GDP.PCAP.CD,2002,321.726775366804
Cambodia,KHM,GDP per capita (current US$),NY.GDP.PCAP.CD,2002,350.147276634294
Kiribati,KIR,GDP per capita (current US$),NY.GDP.PCAP.CD,2002,810.10870037444
St. Kitts and Nevis,KNA,GDP per capita (current US$),NY.GDP.PCAP.CD,2002,10453.6587064313
"Korea, Rep.",KOR,GDP per capita (current US$),NY.GDP.PCAP.CD,2002,13642.9424537101
Kuwait,KWT,GDP per capita (current US$),NY.GDP.PCAP.CD,2002,18512.7523035862
Latin America & Caribbean (excluding high income),LAC,GDP per capita (current US$),NY.GDP.PCAP.CD,2002,3658.15950641339
Lao PDR,LAO,GDP per capita (current US$),NY.GDP.PCAP.CD,2002,313.350817148131
Lebanon,LBN,GDP per capita (current US$),NY.GDP.PCAP.CD,2002,4290.85283803266
Liberia,LBR,GDP per capita (current US$),NY.GDP.PCAP.CD,2002,299.536445539621
Libya,LBY,GDP per capita (current US$),NY.GDP.PCAP.CD,2002,3718.29434696755
St. Lucia,LCA,GDP per capita (current US$),NY.GDP.PCAP.CD,2002,5567.89428424719
Latin America & Caribbean,LCN,GDP per capita (current US$),NY.GDP.PCAP.CD,2002,3839.19615833069
Least developed countries: UN classification,LDC,GDP per capita (current US$),NY.GDP.PCAP.CD,2002,337.91579001411
Low income,LIC,GDP per capita (current US$),NY.GDP.PCAP.CD,2002,358.708085875867
Liechtenstein,LIE,GDP per capita (current US$),NY.GDP.PCAP.CD,2002,79795.1785891101
Sri Lanka,LKA,GDP per capita (current US$),NY.GDP.PCAP.CD,2002,834.936014905338
Lower middle income,LMC,GDP per capita (current US$),NY.GDP.PCAP.CD,2002,573.648227115116
Low & middle income,LMY,GDP per capita (current US$),NY.GDP.PCAP.CD,2002,1168.21008818899
Lesotho,LSO,GDP per capita (current US$),NY.GDP.PCAP.CD,2002,388.92334985135
Late-demographic dividend,LTE,GDP per capita (current US$),NY.GDP.PCAP.CD,2002,1814.54824372473
Lithuania,LTU,GDP per capita (current US$),NY.GDP.PCAP.CD,2002,4148.13091485015
Luxembourg,LUX,GDP per capita (current US$),NY.GDP.PCAP.CD,2002,53005.7339209179
Latvia,LVA,GDP per capita (current US$),NY.GDP.PCAP.CD,2002,4003.60935783538
"Macao SAR, China",MAC,GDP per capita (current US$),NY.GDP.PCAP.CD,2002,16814.9926424134
Morocco,MAR,GDP per capita (current US$),NY.GDP.PCAP.CD,2002,1596.02062988281
Monaco,MCO,GDP per capita (current US$),NY.GDP.PCAP.CD,2002,90051.4459877468
Moldova,MDA,GDP per capita (current US$),NY.GDP.PCAP.CD,2002,570.799866188293
Madagascar,MDG,GDP per capita (current US$),NY.GDP.PCAP.CD,2002,304.941777398445
Maldives,MDV,GDP per capita (current US$),NY.GDP.PCAP.CD,2002,3076.07007160101
"Middle East, North Africa, Afghanistan & Pakistan",MEA,GDP per capita (current US$),NY.GDP.PCAP.CD,2002,2092.42427637017
Mexico,MEX,GDP per capita (current US$),NY.GDP.PCAP.CD,2002,7983.03398381759
Marshall Islands,MHL,GDP per capita (current US$),NY.GDP.PCAP.CD,2002,2566.06708799222
Middle income,MIC,GDP per capita (current US$),NY.GDP.PCAP.CD,2002,1228.47350986789
North Macedonia,MKD,GDP per capita (current US$),NY.GDP.PCAP.CD,2002,1989.13537265159
Mali,MLI,GDP per capita (current US$),NY.GDP.PCAP.CD,2002,378.191678628285
Malta,MLT,GDP per capita (current US$),NY.GDP.PCAP.CD,2002,11251.2025296416
Myanmar,MMR,GDP per capita (current US$),NY.GDP.PCAP.CD,2002,146.598390364449
"Middle East, North Africa, Afghanistan & Pakistan (excluding high income)",MNA,GDP per capita (current US$),NY.GDP.PCAP.CD,2002,1168.28204981285
Montenegro,MNE,GDP per capita (current US$),NY.GDP.PCAP.CD,2002,2106.6350684523
Mongolia,MNG,GDP per capita (current US$),NY.GDP.PCAP.CD,2002,570.249213248399
Northern Mariana Islands,MNP,GDP per capita (current US$),NY.GDP.PCAP.CD,2002,19227.8894246608
Mozambique,MOZ,GDP per capita (current US$),NY.GDP.PCAP.CD,2002,313.886661721198
Mauritania,MRT,GDP per capita (current US$),NY.GDP.PCAP.CD,2002,648.879643934862
Mauritius,MUS,GDP per capita (current US$),NY.GDP.PCAP.CD,2002,4073.06053055903
Malawi,MWI,GDP per capita (current US$),NY.GDP.PCAP.CD,2002,428.210439838398
Malaysia,MYS,GDP per capita (current US$),NY.GDP.PCAP.CD,2002,4184.03163773539
North America,NAC,GDP per capita (current US$),NY.GDP.PCAP.CD,2002,36652.0186585008
Namibia,NAM,GDP per capita (current US$),NY.GDP.PCAP.CD,2002,1772.07565537493
New Caledonia,NCL,GDP per capita (current US$),NY.GDP.PCAP.CD,2002,16104.5520406819
Niger,NER,GDP per capita (current US$),NY.GDP.PCAP.CD,2002,225.294391147438
Nigeria,NGA,GDP per capita (current US$),NY.GDP.PCAP.CD,2002,712.164852077686
Nicaragua,NIC,GDP per capita (current US$),NY.GDP.PCAP.CD,2002,1014.3339042591
Netherlands,NLD,GDP per capita (current US$),NY.GDP.PCAP.CD,2002,29446.5330872868
Norway,NOR,GDP per capita (current US$),NY.GDP.PCAP.CD,2002,43170.557174499
Nepal,NPL,GDP per capita (current US$),NY.GDP.PCAP.CD,2002,238.89140296106
Nauru,NRU,GDP per capita (current US$),NY.GDP.PCAP.CD,2002,2084.64824520971
New Zealand,NZL,GDP per capita (current US$),NY.GDP.PCAP.CD,2002,16874.1874918196
OECD members,OED,GDP per capita (current US$),NY.GDP.PCAP.CD,2002,23479.8118974849
Oman,OMN,GDP per capita (current US$),NY.GDP.PCAP.CD,2002,9869.13050219438
Other small states,OSS,GDP per capita (current US$),NY.GDP.PCAP.CD,2002,5142.08694078179
Pakistan,PAK,GDP per capita (current US$),NY.GDP.PCAP.CD,2002,599.937345723927
Panama,PAN,GDP per capita (current US$),NY.GDP.PCAP.CD,2002,4090.58616456082
Peru,PER,GDP per capita (current US$),NY.GDP.PCAP.CD,2002,2007.37019626753
Philippines,PHL,GDP per capita (current US$),NY.GDP.PCAP.CD,2002,1014.90879320106
Palau,PLW,GDP per capita (current US$),NY.GDP.PCAP.CD,2002,8340.18981304558
Papua New Guinea,PNG,GDP per capita (current US$),NY.GDP.PCAP.CD,2002,506.331789534482
Poland,POL,GDP per capita (current US$),NY.GDP.PCAP.CD,2002,5223.45178967082
Pre-demographic dividend,PRE,GDP per capita (current US$),NY.GDP.PCAP.CD,2002,523.615860228603
Puerto Rico (US),PRI,GDP per capita (current US$),NY.GDP.PCAP.CD,2002,18731.4593897378
Portugal,PRT,GDP per capita (current US$),NY.GDP.PCAP.CD,2002,12936.6928204482
Paraguay,PRY,GDP per capita (current US$),NY.GDP.PCAP.CD,2002,1367.76506935997
West Bank and Gaza,PSE,GDP per capita (current US$),NY.GDP.PCAP.CD,2002,1156.21747345769
Pacific island small states,PSS,GDP per capita (current US$),NY.GDP.PCAP.CD,2002,1695.01149741751
Post-demographic dividend,PST,GDP per capita (current US$),NY.GDP.PCAP.CD,2002,26484.3378337689
French Polynesia,PYF,GDP per capita (current US$),NY.GDP.PCAP.CD,2002,16004.0583292112
Qatar,QAT,GDP per capita (current US$),NY.GDP.PCAP.CD,2002,27226.6593510117
Romania,ROU,GDP per capita (current US$),NY.GDP.PCAP.CD,2002,2119.85509684554
Russian Federation,RUS,GDP per capita (current US$),NY.GDP.PCAP.CD,2002,2377.52954101563
Rwanda,RWA,GDP per capita (current US$),NY.GDP.PCAP.CD,2002,234.043016755733
South Asia,SAS,GDP per capita (current US$),NY.GDP.PCAP.CD,2002,462.898836496672
Saudi Arabia,SAU,GDP per capita (current US$),NY.GDP.PCAP.CD,2002,10586.0543471363
Sudan,SDN,GDP per capita (current US$),NY.GDP.PCAP.CD,2002,506.262634277344
Senegal,SEN,GDP per capita (current US$),NY.GDP.PCAP.CD,2002,669.430447319209
Singapore,SGP,GDP per capita (current US$),NY.GDP.PCAP.CD,2002,22159.8373710639
Solomon Islands,SLB,GDP per capita (current US$),NY.GDP.PCAP.CD,2002,756.890296490792
Sierra Leone,SLE,GDP per capita (current US$),NY.GDP.PCAP.CD,2002,388.995111216836
El Salvador,SLV,GDP per capita (current US$),NY.GDP.PCAP.CD,2002,2115.41187355626
San Marino,SMR,GDP per capita (current US$),NY.GDP.PCAP.CD,2002,41790.8432718184
"Somalia, Fed. Rep.",SOM,GDP per capita (current US$),NY.GDP.PCAP.CD,2002,229.598918310039
Serbia,SRB,GDP per capita (current US$),NY.GDP.PCAP.CD,2002,2390.73459447107
Sub-Saharan Africa (excluding high income),SSA,GDP per capita (current US$),NY.GDP.PCAP.CD,2002,681.544934837755
Sub-Saharan Africa,SSF,GDP per capita (current US$),NY.GDP.PCAP.CD,2002,625.468994411852
Small states,SST,GDP per capita (current US$),NY.GDP.PCAP.CD,2002,5133.13224592248
Sao Tome and Principe,STP,GDP per capita (current US$),NY.GDP.PCAP.CD,2002,568.10257252271
Suriname,SUR,GDP per capita (current US$),NY.GDP.PCAP.CD,2002,2202.340682196
Slovak Republic,SVK,GDP per capita (current US$),NY.GDP.PCAP.CD,2002,6554.62808369461
Slovenia,SVN,GDP per capita (current US$),NY.GDP.PCAP.CD,2002,11639.1297780477
Sweden,SWE,GDP per capita (current US$),NY.GDP.PCAP.CD,2002,29957.7776664916
Eswatini,SWZ,GDP per capita (current US$),NY.GDP.PCAP.CD,2002,1315.73634647994
Seychelles,SYC,GDP per capita (current US$),NY.GDP.PCAP.CD,2002,8864.16919495467
Syrian Arab Republic,SYR,GDP per capita (current US$),NY.GDP.PCAP.CD,2002,1183.2473451033
Turks and Caicos Islands,TCA,GDP per capita (current US$),NY.GDP.PCAP.CD,2002,17803.9471767733
Chad,TCD,GDP per capita (current US$),NY.GDP.PCAP.CD,2002,219.061391951349
East Asia & Pacific (IDA & IBRD countries),TEA,GDP per capita (current US$),NY.GDP.PCAP.CD,2002,1127.25093374819
Europe & Central Asia (IDA & IBRD countries),TEC,GDP per capita (current US$),NY.GDP.PCAP.CD,2002,2340.82503908743
Togo,TGO,GDP per capita (current US$),NY.GDP.PCAP.CD,2002,445.238691488925
Thailand,THA,GDP per capita (current US$),NY.GDP.PCAP.CD,2002,2089.75183111554
Tajikistan,TJK,GDP per capita (current US$),NY.GDP.PCAP.CD,2002,186.951638285222
Turkmenistan,TKM,GDP per capita (current US$),NY.GDP.PCAP.CD,2002,935.540801478466
Latin America & the Caribbean (IDA & IBRD countries),TLA,GDP per capita (current US$),NY.GDP.PCAP.CD,2002,3714.3747812476
Timor-Leste,TLS,GDP per capita (current US$),NY.GDP.PCAP.CD,2002,533.982465942154
"Middle East, North Africa, Afghanistan & Pakistan (IDA & IBRD)",TMN,GDP per capita (current US$),NY.GDP.PCAP.CD,2002,1168.35927304729
Tonga,TON,GDP per capita (current US$),NY.GDP.PCAP.CD,2002,1759.4805324576
South Asia (IDA & IBRD),TSA,GDP per capita (current US$),NY.GDP.PCAP.CD,2002,462.898836496672
Sub-Saharan Africa (IDA & IBRD countries),TSS,GDP per capita (current US$),NY.GDP.PCAP.CD,2002,625.468994411852
Trinidad and Tobago,TTO,GDP per capita (current US$),NY.GDP.PCAP.CD,2002,6762.93080808096
Tunisia,TUN,GDP per capita (current US$),NY.GDP.PCAP.CD,2002,2320.7723805785
Turkiye,TUR,GDP per capita (current US$),NY.GDP.PCAP.CD,2002,3591.08628982587
Tuvalu,TUV,GDP per capita (current US$),NY.GDP.PCAP.CD,2002,1750.25175052348
Tanzania,TZA,GDP per capita (current US$),NY.GDP.PCAP.CD,2002,402.649047851563
Uganda,UGA,GDP per capita (current US$),NY.GDP.PCAP.CD,2002,241.984688408335
Ukraine,UKR,GDP per capita (current US$),NY.GDP.PCAP.CD,2002,903.011901855469
Upper middle income,UMC,GDP per capita (current US$),NY.GDP.PCAP.CD,2002,1829.51821405556
Uruguay,URY,GDP per capita (current US$),NY.GDP.PCAP.CD,2002,4149.76140312687
United States,USA,GDP per capita (current US$),NY.GDP.PCAP.CD,2002,37997.7596573051
Uzbekistan,UZB,GDP per capita (current US$),NY.GDP.PCAP.CD,2002,381.409296889283
St. Vincent and the Grenadines,VCT,GDP per capita (current US$),NY.GDP.PCAP.CD,2002,4303.27976789727
"Venezuela, RB",VEN,GDP per capita (current US$),NY.GDP.PCAP.CD,2002,3652.09896501865
Virgin Islands (U.S.),VIR,GDP per capita (current US$),NY.GDP.PCAP.CD,2002,30062.0225050457
Viet Nam,VNM,GDP per capita (current US$),NY.GDP.PCAP.CD,2002,445.132861817313
Vanuatu,VUT,GDP per capita (current US$),NY.GDP.PCAP.CD,2002,1340.71537528287
World,WLD,GDP per capita (current US$),NY.GDP.PCAP.CD,2002,5530.02104262965
Samoa,WSM,GDP per capita (current US$),NY.GDP.PCAP.CD,2002,1527.55790455937
"Yemen, Rep.",YEM,GDP per capita (current US$),NY.GDP.PCAP.CD,2002,513.241486570603
South Africa,ZAF,GDP per capita (current US$),NY.GDP.PCAP.CD,2002,2688.23676032806
Zambia,ZMB,GDP per capita (current US$),NY.GDP.PCAP.CD,2002,393.864625518616
Zimbabwe,ZWE,GDP per capita (current US$),NY.GDP.PCAP.CD,2002,524.936478570323
Aruba,ABW,GDP per capita (current US$),NY.GDP.PCAP.CD,2003,21949.4859960868
Africa Eastern and Southern,AFE,GDP per capita (current US$),NY.GDP.PCAP.CD,2003,815.432296267735
Afghanistan,AFG,GDP per capita (current US$),NY.GDP.PCAP.CD,2003,198.871115728727
Africa Western and Central,AFW,GDP per capita (current US$),NY.GDP.PCAP.CD,2003,697.481256337088
Angola,AGO,GDP per capita (current US$),NY.GDP.PCAP.CD,2003,1133.66331960607
Albania,ALB,GDP per capita (current US$),NY.GDP.PCAP.CD,2003,1908.69900687608
Andorra,AND,GDP per capita (current US$),NY.GDP.PCAP.CD,2003,34063.575598394
Arab World,ARB,GDP per capita (current US$),NY.GDP.PCAP.CD,2003,2696.67212547749
United Arab Emirates,ARE,GDP per capita (current US$),NY.GDP.PCAP.CD,2003,29659.5428567811
Argentina,ARG,GDP per capita (current US$),NY.GDP.PCAP.CD,2003,3320.47775133903
Armenia,ARM,GDP per capita (current US$),NY.GDP.PCAP.CD,2003,882.030167695474
American Samoa,ASM,GDP per capita (current US$),NY.GDP.PCAP.CD,2003,9197.66196836987
Antigua and Barbuda,ATG,GDP per capita (current US$),NY.GDP.PCAP.CD,2003,12173.2319860305
Australia,AUS,GDP per capita (current US$),NY.GDP.PCAP.CD,2003,23757.5898471684
Austria,AUT,GDP per capita (current US$),NY.GDP.PCAP.CD,2003,32110.1159661425
Azerbaijan,AZE,GDP per capita (current US$),NY.GDP.PCAP.CD,2003,883.692580745256
Burundi,BDI,GDP per capita (current US$),NY.GDP.PCAP.CD,2003,111.406682804391
Belgium,BEL,GDP per capita (current US$),NY.GDP.PCAP.CD,2003,30655.2092679024
Benin,BEN,GDP per capita (current US$),NY.GDP.PCAP.CD,2003,676.002878084282
Burkina Faso,BFA,GDP per capita (current US$),NY.GDP.PCAP.CD,2003,362.373899996953
Bangladesh,BGD,GDP per capita (current US$),NY.GDP.PCAP.CD,2003,426.74880754362
Bulgaria,BGR,GDP per capita (current US$),NY.GDP.PCAP.CD,2003,2719.49436859287
Bahrain,BHR,GDP per capita (current US$),NY.GDP.PCAP.CD,2003,14486.0269029822
"Bahamas, The",BHS,GDP per capita (current US$),NY.GDP.PCAP.CD,2003,26429.1247787663
Bosnia and Herzegovina,BIH,GDP per capita (current US$),NY.GDP.PCAP.CD,2003,2033.94700935864
Belarus,BLR,GDP per capita (current US$),NY.GDP.PCAP.CD,2003,1819.52653114699
Belize,BLZ,GDP per capita (current US$),NY.GDP.PCAP.CD,2003,4959.74012434605
Bermuda,BMU,GDP per capita (current US$),NY.GDP.PCAP.CD,2003,67106.8028083224
Bolivia,BOL,GDP per capita (current US$),NY.GDP.PCAP.CD,2003,893.013760211149
Brazil,BRA,GDP per capita (current US$),NY.GDP.PCAP.CD,2003,3090.6068907839
Barbados,BRB,GDP per capita (current US$),NY.GDP.PCAP.CD,2003,12075.9587020649
Brunei Darussalam,BRN,GDP per capita (current US$),NY.GDP.PCAP.CD,2003,20677.9001143188
Bhutan,BTN,GDP per capita (current US$),NY.GDP.PCAP.CD,2003,1022.38240311018
Botswana,BWA,GDP per capita (current US$),NY.GDP.PCAP.CD,2003,4230.12326909926
Central African Republic,CAF,GDP per capita (current US$),NY.GDP.PCAP.CD,2003,278.403992150941
Canada,CAN,GDP per capita (current US$),NY.GDP.PCAP.CD,2003,28301.8645937428
Central Europe and the Baltics,CEB,GDP per capita (current US$),NY.GDP.PCAP.CD,2003,5948.84961048537
Switzerland,CHE,GDP per capita (current US$),NY.GDP.PCAP.CD,2003,49335.7456291067
Channel Islands,CHI,GDP per capita (current US$),NY.GDP.PCAP.CD,2003,48570.7796632166
Chile,CHL,GDP per capita (current US$),NY.GDP.PCAP.CD,2003,4773.40177520754
China,CHN,GDP per capita (current US$),NY.GDP.PCAP.CD,2003,1306.97245408557
Cote d'Ivoire,CIV,GDP per capita (current US$),NY.GDP.PCAP.CD,2003,1111.17135087887
Cameroon,CMR,GDP per capita (current US$),NY.GDP.PCAP.CD,2003,988.241276791846
"Congo, Dem. Rep.",COD,GDP per capita (current US$),NY.GDP.PCAP.CD,2003,161.491553524396
"Congo, Rep.",COG,GDP per capita (current US$),NY.GDP.PCAP.CD,2003,1016.82363412143
Colombia,COL,GDP per capita (current US$),NY.GDP.PCAP.CD,2003,2311.94218760291
Comoros,COM,GDP per capita (current US$),NY.GDP.PCAP.CD,2003,959.691049354812
Cabo Verde,CPV,GDP per capita (current US$),NY.GDP.PCAP.CD,2003,1717.97565369655
Costa Rica,CRI,GDP per capita (current US$),NY.GDP.PCAP.CD,2003,4173.14856415514
Caribbean small states,CSS,GDP per capita (current US$),NY.GDP.PCAP.CD,2003,7551.08983381761
Cuba,CUB,GDP per capita (current US$),NY.GDP.PCAP.CD,2003,3202.78109865637
Curacao,CUW,GDP per capita (current US$),NY.GDP.PCAP.CD,2003,16695.7351137757
Cyprus,CYP,GDP per capita (current US$),NY.GDP.PCAP.CD,2003,20252.24609375
Czechia,CZE,GDP per capita (current US$),NY.GDP.PCAP.CD,2003,9852.45677945801
Germany,DEU,GDP per capita (current US$),NY.GDP.PCAP.CD,2003,30711.1022511331
Djibouti,DJI,GDP per capita (current US$),NY.GDP.PCAP.CD,2003,764.634465224597
Dominica,DMA,GDP per capita (current US$),NY.GDP.PCAP.CD,2003,5447.44011496284
Denmark,DNK,GDP per capita (current US$),NY.GDP.PCAP.CD,2003,40519.0974905924
Dominican Republic,DOM,GDP per capita (current US$),NY.GDP.PCAP.CD,2003,2383.26171780393
Algeria,DZA,GDP per capita (current US$),NY.GDP.PCAP.CD,2003,2283.77299346126
East Asia & Pacific (excluding high income),EAP,GDP per capita (current US$),NY.GDP.PCAP.CD,2003,1251.27771535816
Early-demographic dividend,EAR,GDP per capita (current US$),NY.GDP.PCAP.CD,2003,1368.47911219559
East Asia & Pacific,EAS,GDP per capita (current US$),NY.GDP.PCAP.CD,2003,4162.83398166818
Europe & Central Asia (excluding high income),ECA,GDP per capita (current US$),NY.GDP.PCAP.CD,2003,2249.74301490831
Europe & Central Asia,ECS,GDP per capita (current US$),NY.GDP.PCAP.CD,2003,15584.8646461506
Ecuador,ECU,GDP per capita (current US$),NY.GDP.PCAP.CD,2003,2315.62215223014
"Egypt, Arab Rep.",EGY,GDP per capita (current US$),NY.GDP.PCAP.CD,2003,1031.27556291284
Euro area,EMU,GDP per capita (current US$),NY.GDP.PCAP.CD,2003,27010.5876151819
Eritrea,ERI,GDP per capita (current US$),NY.GDP.PCAP.CD,2003,348.950327077742
Spain,ESP,GDP per capita (current US$),NY.GDP.PCAP.CD,2003,21522.0170990262
Estonia,EST,GDP per capita (current US$),NY.GDP.PCAP.CD,2003,7205.40703313243
Ethiopia,ETH,GDP per capita (current US$),NY.GDP.PCAP.CD,2003,116.800491132777
European Union,EUU,GDP per capita (current US$),NY.GDP.PCAP.CD,2003,23020.9558032659
Fragile and conflict affected situations,FCS,GDP per capita (current US$),NY.GDP.PCAP.CD,2003,703.739369790737
Finland,FIN,GDP per capita (current US$),NY.GDP.PCAP.CD,2003,32920.0857192568
Fiji,FJI,GDP per capita (current US$),NY.GDP.PCAP.CD,2003,2655.58079586044
France,FRA,GDP per capita (current US$),NY.GDP.PCAP.CD,2003,29479.5222101175
Faroe Islands,FRO,GDP per capita (current US$),NY.GDP.PCAP.CD,2003,31269.6031997217
"Micronesia, Fed. Sts.",FSM,GDP per capita (current US$),NY.GDP.PCAP.CD,2003,2145.87755337517
Gabon,GAB,GDP per capita (current US$),NY.GDP.PCAP.CD,2003,4710.74862768151
United Kingdom,GBR,GDP per capita (current US$),NY.GDP.PCAP.CD,2003,34556.7726095905
Georgia,GEO,GDP per capita (current US$),NY.GDP.PCAP.CD,2003,1010.03151630868
Ghana,GHA,GDP per capita (current US$),NY.GDP.PCAP.CD,2003,358.39927142073
Guinea,GIN,GDP per capita (current US$),NY.GDP.PCAP.CD,2003,566.48540588068
"Gambia, The",GMB,GDP per capita (current US$),NY.GDP.PCAP.CD,2003,308.719123437587
Guinea-Bissau,GNB,GDP per capita (current US$),NY.GDP.PCAP.CD,2003,419.78486611807
Equatorial Guinea,GNQ,GDP per capita (current US$),NY.GDP.PCAP.CD,2003,2930.60183743733
Greece,GRC,GDP per capita (current US$),NY.GDP.PCAP.CD,2003,18020.612039764
Grenada,GRD,GDP per capita (current US$),NY.GDP.PCAP.CD,2003,5427.96377252312
Greenland,GRL,GDP per capita (current US$),NY.GDP.PCAP.CD,2003,27466.6494525504
Guatemala,GTM,GDP per capita (current US$),NY.GDP.PCAP.CD,2003,1722.54701910774
Guam,GUM,GDP per capita (current US$),NY.GDP.PCAP.CD,2003,21877.3178371553
Guyana,GUY,GDP per capita (current US$),NY.GDP.PCAP.CD,2003,973.742598054188
High income,HIC,GDP per capita (current US$),NY.GDP.PCAP.CD,2003,25606.6766440821
"Hong Kong SAR, China",HKG,GDP per capita (current US$),NY.GDP.PCAP.CD,2003,23977.1734120477
Honduras,HND,GDP per capita (current US$),NY.GDP.PCAP.CD,2003,1156.08162681357
Heavily indebted poor countries (HIPC),HPC,GDP per capita (current US$),NY.GDP.PCAP.CD,2003,412.76823992883
Croatia,HRV,GDP per capita (current US$),NY.GDP.PCAP.CD,2003,8190.11135193887
Haiti,HTI,GDP per capita (current US$),NY.GDP.PCAP.CD,2003,578.995291079709
Hungary,HUN,GDP per capita (current US$),NY.GDP.PCAP.CD,2003,8410.09248198479
IBRD only,IBD,GDP per capita (current US$),NY.GDP.PCAP.CD,2003,1652.80701731862
IDA & IBRD total,IBT,GDP per capita (current US$),NY.GDP.PCAP.CD,2003,1392.4121168826
IDA total,IDA,GDP per capita (current US$),NY.GDP.PCAP.CD,2003,512.41649453404
IDA blend,IDB,GDP per capita (current US$),NY.GDP.PCAP.CD,2003,712.27750643014
Indonesia,IDN,GDP per capita (current US$),NY.GDP.PCAP.CD,2003,1043.2105838671
IDA only,IDX,GDP per capita (current US$),NY.GDP.PCAP.CD,2003,405.748336914012
Isle of Man,IMN,GDP per capita (current US$),NY.GDP.PCAP.CD,2003,28861.6178062918
India,IND,GDP per capita (current US$),NY.GDP.PCAP.CD,2003,544.143133545002
Ireland,IRL,GDP per capita (current US$),NY.GDP.PCAP.CD,2003,41203.5295847568
"Iran, Islamic Rep.",IRN,GDP per capita (current US$),NY.GDP.PCAP.CD,2003,2208.99636552406
Iraq,IRQ,GDP per capita (current US$),NY.GDP.PCAP.CD,2003,817.887862499622
Iceland,ISL,GDP per capita (current US$),NY.GDP.PCAP.CD,2003,39944.2104095591
Israel,ISR,GDP per capita (current US$),NY.GDP.PCAP.CD,2003,19643.4690380742
Italy,ITA,GDP per capita (current US$),NY.GDP.PCAP.CD,2003,27577.5700319855
Jamaica,JAM,GDP per capita (current US$),NY.GDP.PCAP.CD,2003,3549.70758394618
Jordan,JOR,GDP per capita (current US$),NY.GDP.PCAP.CD,2003,1775.67625581432
Japan,JPN,GDP per capita (current US$),NY.GDP.PCAP.CD,2003,35387.0374203599
Kazakhstan,KAZ,GDP per capita (current US$),NY.GDP.PCAP.CD,2003,1958.02050246511
Kenya,KEN,GDP per capita (current US$),NY.GDP.PCAP.CD,2003,442.898457253405
Kyrgyz Republic,KGZ,GDP per capita (current US$),NY.GDP.PCAP.CD,2003,380.505828812441
Cambodia,KHM,GDP per capita (current US$),NY.GDP.PCAP.CD,2003,386.691123931778
Kiribati,KIR,GDP per capita (current US$),NY.GDP.PCAP.CD,2003,1020.50033851394
St. Kitts and Nevis,KNA,GDP per capita (current US$),NY.GDP.PCAP.CD,2003,10175.6295449989
"Korea, Rep.",KOR,GDP per capita (current US$),NY.GDP.PCAP.CD,2003,15211.5483770422
Kuwait,KWT,GDP per capita (current US$),NY.GDP.PCAP.CD,2003,22690.655175144
Latin America & Caribbean (excluding high income),LAC,GDP per capita (current US$),NY.GDP.PCAP.CD,2003,3686.28727046314
Lao PDR,LAO,GDP per capita (current US$),NY.GDP.PCAP.CD,2003,355.097216151461
Lebanon,LBN,GDP per capita (current US$),NY.GDP.PCAP.CD,2003,4437.71588507526
Liberia,LBR,GDP per capita (current US$),NY.GDP.PCAP.CD,2003,239.779556677091
Libya,LBY,GDP per capita (current US$),NY.GDP.PCAP.CD,2003,4674.09943200321
St. Lucia,LCA,GDP per capita (current US$),NY.GDP.PCAP.CD,2003,6058.60622059326
Latin America & Caribbean,LCN,GDP per capita (current US$),NY.GDP.PCAP.CD,2003,3862.13747257956
Least developed countries: UN classification,LDC,GDP per capita (current US$),NY.GDP.PCAP.CD,2003,373.651845746871
Low income,LIC,GDP per capita (current US$),NY.GDP.PCAP.CD,2003,389.594478375983
Liechtenstein,LIE,GDP per capita (current US$),NY.GDP.PCAP.CD,2003,90108.3673647008
Sri Lanka,LKA,GDP per capita (current US$),NY.GDP.PCAP.CD,2003,946.382255128072
Lower middle income,LMC,GDP per capita (current US$),NY.GDP.PCAP.CD,2003,639.329708425508
Low & middle income,LMY,GDP per capita (current US$),NY.GDP.PCAP.CD,2003,1289.04927474148
Lesotho,LSO,GDP per capita (current US$),NY.GDP.PCAP.CD,2003,583.270036200288
Late-demographic dividend,LTE,GDP per capita (current US$),NY.GDP.PCAP.CD,2003,2054.82227278492
Lithuania,LTU,GDP per capita (current US$),NY.GDP.PCAP.CD,2003,5507.47434187652
Luxembourg,LUX,GDP per capita (current US$),NY.GDP.PCAP.CD,2003,65689.3214536911
Latvia,LVA,GDP per capita (current US$),NY.GDP.PCAP.CD,2003,4914.57992829302
"Macao SAR, China",MAC,GDP per capita (current US$),NY.GDP.PCAP.CD,2003,18589.8998330534
Morocco,MAR,GDP per capita (current US$),NY.GDP.PCAP.CD,2003,1941.87255859375
Monaco,MCO,GDP per capita (current US$),NY.GDP.PCAP.CD,2003,111110.451312249
Moldova,MDA,GDP per capita (current US$),NY.GDP.PCAP.CD,2003,682.319095965299
Madagascar,MDG,GDP per capita (current US$),NY.GDP.PCAP.CD,2003,352.620095849925
Maldives,MDV,GDP per capita (current US$),NY.GDP.PCAP.CD,2003,3548.5767011056
"Middle East, North Africa, Afghanistan & Pakistan",MEA,GDP per capita (current US$),NY.GDP.PCAP.CD,2003,2279.51886072397
Mexico,MEX,GDP per capita (current US$),NY.GDP.PCAP.CD,2003,7434.0746485155
Marshall Islands,MHL,GDP per capita (current US$),NY.GDP.PCAP.CD,2003,2539.3307383954
Middle income,MIC,GDP per capita (current US$),NY.GDP.PCAP.CD,2003,1357.07541063235
North Macedonia,MKD,GDP per capita (current US$),NY.GDP.PCAP.CD,2003,2445.36286400013
Mali,MLI,GDP per capita (current US$),NY.GDP.PCAP.CD,2003,441.910358475095
Malta,MLT,GDP per capita (current US$),NY.GDP.PCAP.CD,2003,13593.9787155682
Myanmar,MMR,GDP per capita (current US$),NY.GDP.PCAP.CD,2003,224.292688912409
"Middle East, North Africa, Afghanistan & Pakistan (excluding high income)",MNA,GDP per capita (current US$),NY.GDP.PCAP.CD,2003,1263.87606211705
Montenegro,MNE,GDP per capita (current US$),NY.GDP.PCAP.CD,2003,2789.15906483509
Mongolia,MNG,GDP per capita (current US$),NY.GDP.PCAP.CD,2003,643.168068921658
Northern Mariana Islands,MNP,GDP per capita (current US$),NY.GDP.PCAP.CD,2003,18938.8728389967
Mozambique,MOZ,GDP per capita (current US$),NY.GDP.PCAP.CD,2003,339.488737800648
Mauritania,MRT,GDP per capita (current US$),NY.GDP.PCAP.CD,2003,732.017820812675
Mauritius,MUS,GDP per capita (current US$),NY.GDP.PCAP.CD,2003,4858.26575549747
Malawi,MWI,GDP per capita (current US$),NY.GDP.PCAP.CD,2003,383.348596852642
Malaysia,MYS,GDP per capita (current US$),NY.GDP.PCAP.CD,2003,4465.32194567208
North America,NAC,GDP per capita (current US$),NY.GDP.PCAP.CD,2003,38395.5205652019
Namibia,NAM,GDP per capita (current US$),NY.GDP.PCAP.CD,2003,2569.24739317883
New Caledonia,NCL,GDP per capita (current US$),NY.GDP.PCAP.CD,2003,20768.1061488848
Niger,NER,GDP per capita (current US$),NY.GDP.PCAP.CD,2003,265.225363452469
Nigeria,NGA,GDP per capita (current US$),NY.GDP.PCAP.CD,2003,763.388745367223
Nicaragua,NIC,GDP per capita (current US$),NY.GDP.PCAP.CD,2003,1021.35216668794
Netherlands,NLD,GDP per capita (current US$),NY.GDP.PCAP.CD,2003,35896.7504630706
Norway,NOR,GDP per capita (current US$),NY.GDP.PCAP.CD,2003,50250.3298214345
Nepal,NPL,GDP per capita (current US$),NY.GDP.PCAP.CD,2003,246.429706587633
Nauru,NRU,GDP per capita (current US$),NY.GDP.PCAP.CD,2003,2463.28259078079
New Zealand,NZL,GDP per capita (current US$),NY.GDP.PCAP.CD,2003,21913.7081719961
OECD members,OED,GDP per capita (current US$),NY.GDP.PCAP.CD,2003,26073.4116073956
Oman,OMN,GDP per capita (current US$),NY.GDP.PCAP.CD,2003,10463.5425832141
Other small states,OSS,GDP per capita (current US$),NY.GDP.PCAP.CD,2003,6311.76435003034
Pakistan,PAK,GDP per capita (current US$),NY.GDP.PCAP.CD,2003,672.44178669894
Panama,PAN,GDP per capita (current US$),NY.GDP.PCAP.CD,2003,4264.66428949623
Peru,PER,GDP per capita (current US$),NY.GDP.PCAP.CD,2003,2129.44114197634
Philippines,PHL,GDP per capita (current US$),NY.GDP.PCAP.CD,2003,1027.2301192843
Palau,PLW,GDP per capita (current US$),NY.GDP.PCAP.CD,2003,7862.3931898737
Papua New Guinea,PNG,GDP per capita (current US$),NY.GDP.PCAP.CD,2003,577.467922387259
Poland,POL,GDP per capita (current US$),NY.GDP.PCAP.CD,2003,5720.81366178104
Pre-demographic dividend,PRE,GDP per capita (current US$),NY.GDP.PCAP.CD,2003,554.26625446439
Puerto Rico (US),PRI,GDP per capita (current US$),NY.GDP.PCAP.CD,2003,19557.1202492358
Portugal,PRT,GDP per capita (current US$),NY.GDP.PCAP.CD,2003,15797.7821340276
Paraguay,PRY,GDP per capita (current US$),NY.GDP.PCAP.CD,2003,1443.99885236205
West Bank and Gaza,PSE,GDP per capita (current US$),NY.GDP.PCAP.CD,2003,1257.69857009689
Pacific island small states,PSS,GDP per capita (current US$),NY.GDP.PCAP.CD,2003,1997.28052538689
Post-demographic dividend,PST,GDP per capita (current US$),NY.GDP.PCAP.CD,2003,29550.1857442906
French Polynesia,PYF,GDP per capita (current US$),NY.GDP.PCAP.CD,2003,19582.8936395312
Qatar,QAT,GDP per capita (current US$),NY.GDP.PCAP.CD,2003,31602.470865136
Romania,ROU,GDP per capita (current US$),NY.GDP.PCAP.CD,2003,2679.40626016154
Russian Federation,RUS,GDP per capita (current US$),NY.GDP.PCAP.CD,2003,2975.123046875
Rwanda,RWA,GDP per capita (current US$),NY.GDP.PCAP.CD,2003,249.012274982252
South Asia,SAS,GDP per capita (current US$),NY.GDP.PCAP.CD,2003,532.66154684429
Saudi Arabia,SAU,GDP per capita (current US$),NY.GDP.PCAP.CD,2003,11487.220410693
Sudan,SDN,GDP per capita (current US$),NY.GDP.PCAP.CD,2003,580.320251464844
Senegal,SEN,GDP per capita (current US$),NY.GDP.PCAP.CD,2003,817.888034221442
Singapore,SGP,GDP per capita (current US$),NY.GDP.PCAP.CD,2003,23730.3840054566
Solomon Islands,SLB,GDP per capita (current US$),NY.GDP.PCAP.CD,2003,895.984242546501
Sierra Leone,SLE,GDP per capita (current US$),NY.GDP.PCAP.CD,2003,413.817607346927
El Salvador,SLV,GDP per capita (current US$),NY.GDP.PCAP.CD,2003,2207.83089518069
San Marino,SMR,GDP per capita (current US$),NY.GDP.PCAP.CD,2003,52529.9093701059
"Somalia, Fed. Rep.",SOM,GDP per capita (current US$),NY.GDP.PCAP.CD,2003,286.273025198975
Serbia,SRB,GDP per capita (current US$),NY.GDP.PCAP.CD,2003,3153.9011312754
Sub-Saharan Africa (excluding high income),SSA,GDP per capita (current US$),NY.GDP.PCAP.CD,2003,837.714582574766
Sub-Saharan Africa,SSF,GDP per capita (current US$),NY.GDP.PCAP.CD,2003,766.500842930002
Small states,SST,GDP per capita (current US$),NY.GDP.PCAP.CD,2003,6060.64034085427
Sao Tome and Principe,STP,GDP per capita (current US$),NY.GDP.PCAP.CD,2003,663.696211810494
Suriname,SUR,GDP per capita (current US$),NY.GDP.PCAP.CD,2003,2516.10404020956
Slovak Republic,SVK,GDP per capita (current US$),NY.GDP.PCAP.CD,2003,8675.39633696465
Slovenia,SVN,GDP per capita (current US$),NY.GDP.PCAP.CD,2003,14711.674874253
Sweden,SWE,GDP per capita (current US$),NY.GDP.PCAP.CD,2003,37292.2419727801
Eswatini,SWZ,GDP per capita (current US$),NY.GDP.PCAP.CD,2003,2015.21743065251
Seychelles,SYC,GDP per capita (current US$),NY.GDP.PCAP.CD,2003,9070.28460757013
Syrian Arab Republic,SYR,GDP per capita (current US$),NY.GDP.PCAP.CD,2003,1220.179077256
Turks and Caicos Islands,TCA,GDP per capita (current US$),NY.GDP.PCAP.CD,2003,18859.1890274773
Chad,TCD,GDP per capita (current US$),NY.GDP.PCAP.CD,2003,289.087621122168
East Asia & Pacific (IDA & IBRD countries),TEA,GDP per capita (current US$),NY.GDP.PCAP.CD,2003,1266.10778867241
Europe & Central Asia (IDA & IBRD countries),TEC,GDP per capita (current US$),NY.GDP.PCAP.CD,2003,2879.65363440365
Togo,TGO,GDP per capita (current US$),NY.GDP.PCAP.CD,2003,538.16537776929
Thailand,THA,GDP per capita (current US$),NY.GDP.PCAP.CD,2003,2347.54001286066
Tajikistan,TJK,GDP per capita (current US$),NY.GDP.PCAP.CD,2003,233.58124845289
Turkmenistan,TKM,GDP per capita (current US$),NY.GDP.PCAP.CD,2003,1228.94870289404
Latin America & the Caribbean (IDA & IBRD countries),TLA,GDP per capita (current US$),NY.GDP.PCAP.CD,2003,3728.72739078731
Timor-Leste,TLS,GDP per capita (current US$),NY.GDP.PCAP.CD,2003,534.901171348385
"Middle East, North Africa, Afghanistan & Pakistan (IDA & IBRD)",TMN,GDP per capita (current US$),NY.GDP.PCAP.CD,2003,1263.91574540151
Tonga,TON,GDP per capita (current US$),NY.GDP.PCAP.CD,2003,1936.04104012389
South Asia (IDA & IBRD),TSA,GDP per capita (current US$),NY.GDP.PCAP.CD,2003,532.66154684429
Sub-Saharan Africa (IDA & IBRD countries),TSS,GDP per capita (current US$),NY.GDP.PCAP.CD,2003,766.500842930002
Trinidad and Tobago,TTO,GDP per capita (current US$),NY.GDP.PCAP.CD,2003,8445.04653518298
Tunisia,TUN,GDP per capita (current US$),NY.GDP.PCAP.CD,2003,2725.8643148859
Turkiye,TUR,GDP per capita (current US$),NY.GDP.PCAP.CD,2003,4649.63668068586
Tuvalu,TUV,GDP per capita (current US$),NY.GDP.PCAP.CD,2003,2006.84249941442
Tanzania,TZA,GDP per capita (current US$),NY.GDP.PCAP.CD,2003,422.18359375
Uganda,UGA,GDP per capita (current US$),NY.GDP.PCAP.CD,2003,250.71543664681
Ukraine,UKR,GDP per capita (current US$),NY.GDP.PCAP.CD,2003,1076.48156738281
Upper middle income,UMC,GDP per capita (current US$),NY.GDP.PCAP.CD,2003,2022.46978917982
Uruguay,URY,GDP per capita (current US$),NY.GDP.PCAP.CD,2003,3671.12329256883
United States,USA,GDP per capita (current US$),NY.GDP.PCAP.CD,2003,39490.2749557007
Uzbekistan,UZB,GDP per capita (current US$),NY.GDP.PCAP.CD,2003,394.164028897235
St. Vincent and the Grenadines,VCT,GDP per capita (current US$),NY.GDP.PCAP.CD,2003,4499.61454193342
"Venezuela, RB",VEN,GDP per capita (current US$),NY.GDP.PCAP.CD,2003,3229.50557082079
Virgin Islands (U.S.),VIR,GDP per capita (current US$),NY.GDP.PCAP.CD,2003,31731.2566241187
Viet Nam,VNM,GDP per capita (current US$),NY.GDP.PCAP.CD,2003,497.117089249256
Vanuatu,VUT,GDP per capita (current US$),NY.GDP.PCAP.CD,2003,1566.51396790858
World,WLD,GDP per capita (current US$),NY.GDP.PCAP.CD,2003,6122.43446098027
Samoa,WSM,GDP per capita (current US$),NY.GDP.PCAP.CD,2003,1798.12429714048
"Yemen, Rep.",YEM,GDP per capita (current US$),NY.GDP.PCAP.CD,2003,548.905883049973
South Africa,ZAF,GDP per capita (current US$),NY.GDP.PCAP.CD,2003,4062.21755993786
Zambia,ZMB,GDP per capita (current US$),NY.GDP.PCAP.CD,2003,446.290104839041
Zimbabwe,ZWE,GDP per capita (current US$),NY.GDP.PCAP.CD,2003,468.471932927213
Aruba,ABW,GDP per capita (current US$),NY.GDP.PCAP.CD,2004,23700.6319899197
Africa Eastern and Southern,AFE,GDP per capita (current US$),NY.GDP.PCAP.CD,2004,989.015463629244
Afghanistan,AFG,GDP per capita (current US$),NY.GDP.PCAP.CD,2004,221.763653873013
Africa Western and Central,AFW,GDP per capita (current US$),NY.GDP.PCAP.CD,2004,838.213391665852
Angola,AGO,GDP per capita (current US$),NY.GDP.PCAP.CD,2004,1451.47117872493
Albania,ALB,GDP per capita (current US$),NY.GDP.PCAP.CD,2004,2446.90949947798
Andorra,AND,GDP per capita (current US$),NY.GDP.PCAP.CD,2004,39021.1107100919
Arab World,ARB,GDP per capita (current US$),NY.GDP.PCAP.CD,2004,3133.70187873975
United Arab Emirates,ARE,GDP per capita (current US$),NY.GDP.PCAP.CD,2004,33376.7152295209
Argentina,ARG,GDP per capita (current US$),NY.GDP.PCAP.CD,2004,4242.02099089422
Armenia,ARM,GDP per capita (current US$),NY.GDP.PCAP.CD,2004,1130.08791444158
American Samoa,ASM,GDP per capita (current US$),NY.GDP.PCAP.CD,2004,8958.42866697173
Antigua and Barbuda,ATG,GDP per capita (current US$),NY.GDP.PCAP.CD,2004,13037.8895772257
Australia,AUS,GDP per capita (current US$),NY.GDP.PCAP.CD,2004,30886.0500949401
Austria,AUT,GDP per capita (current US$),NY.GDP.PCAP.CD,2004,36614.2506533707
Azerbaijan,AZE,GDP per capita (current US$),NY.GDP.PCAP.CD,2004,1045.0136328106
Burundi,BDI,GDP per capita (current US$),NY.GDP.PCAP.CD,2004,125.194965184533
Belgium,BEL,GDP per capita (current US$),NY.GDP.PCAP.CD,2004,35429.4077933344
Benin,BEN,GDP per capita (current US$),NY.GDP.PCAP.CD,2004,758.695803786371
Burkina Faso,BFA,GDP per capita (current US$),NY.GDP.PCAP.CD,2004,403.81283743461
Bangladesh,BGD,GDP per capita (current US$),NY.GDP.PCAP.CD,2004,455.614016909798
Bulgaria,BGR,GDP per capita (current US$),NY.GDP.PCAP.CD,2004,3389.68743360274
Bahrain,BHR,GDP per capita (current US$),NY.GDP.PCAP.CD,2004,15963.9493171617
"Bahamas, The",BHS,GDP per capita (current US$),NY.GDP.PCAP.CD,2004,26650.2934234303
Bosnia and Herzegovina,BIH,GDP per capita (current US$),NY.GDP.PCAP.CD,2004,2452.6860917386
Belarus,BLR,GDP per capita (current US$),NY.GDP.PCAP.CD,2004,2378.33700470129
Belize,BLZ,GDP per capita (current US$),NY.GDP.PCAP.CD,2004,5153.71308265363
Bermuda,BMU,GDP per capita (current US$),NY.GDP.PCAP.CD,2004,71692.1589001679
Bolivia,BOL,GDP per capita (current US$),NY.GDP.PCAP.CD,2004,953.191893246277
Brazil,BRA,GDP per capita (current US$),NY.GDP.PCAP.CD,2004,3663.82262497811
Barbados,BRB,GDP per capita (current US$),NY.GDP.PCAP.CD,2004,12886.3665272467
Brunei Darussalam,BRN,GDP per capita (current US$),NY.GDP.PCAP.CD,2004,24423.0946995548
Bhutan,BTN,GDP per capita (current US$),NY.GDP.PCAP.CD,2004,1130.35934606796
Botswana,BWA,GDP per capita (current US$),NY.GDP.PCAP.CD,2004,4956.69287735214
Central African Republic,CAF,GDP per capita (current US$),NY.GDP.PCAP.CD,2004,303.461321152782
Canada,CAN,GDP per capita (current US$),NY.GDP.PCAP.CD,2004,32145.5412620217
Central Europe and the Baltics,CEB,GDP per capita (current US$),NY.GDP.PCAP.CD,2004,7180.27037029658
Switzerland,CHE,GDP per capita (current US$),NY.GDP.PCAP.CD,2004,54659.4571488233
Channel Islands,CHI,GDP per capita (current US$),NY.GDP.PCAP.CD,2004,56259.5344226334
Chile,CHL,GDP per capita (current US$),NY.GDP.PCAP.CD,2004,6120.59152055344
China,CHN,GDP per capita (current US$),NY.GDP.PCAP.CD,2004,1530.92726215723
Cote d'Ivoire,CIV,GDP per capita (current US$),NY.GDP.PCAP.CD,2004,1199.82524528546
Cameroon,CMR,GDP per capita (current US$),NY.GDP.PCAP.CD,2004,1133.39326749673
"Congo, Dem. Rep.",COD,GDP per capita (current US$),NY.GDP.PCAP.CD,2004,180.664764963633
"Congo, Rep.",COG,GDP per capita (current US$),NY.GDP.PCAP.CD,2004,1306.10136324599
Colombia,COL,GDP per capita (current US$),NY.GDP.PCAP.CD,2004,2818.57195413044
Comoros,COM,GDP per capita (current US$),NY.GDP.PCAP.CD,2004,1072.28409029621
Cabo Verde,CPV,GDP per capita (current US$),NY.GDP.PCAP.CD,2004,1929.49081468781
Costa Rica,CRI,GDP per capita (current US$),NY.GDP.PCAP.CD,2004,4431.0117207843
Caribbean small states,CSS,GDP per capita (current US$),NY.GDP.PCAP.CD,2004,8233.61082543875
Cuba,CUB,GDP per capita (current US$),NY.GDP.PCAP.CD,2004,3399.21962893402
Curacao,CUW,GDP per capita (current US$),NY.GDP.PCAP.CD,2004,16671.3403391655
Cyprus,CYP,GDP per capita (current US$),NY.GDP.PCAP.CD,2004,23792.619140625
Czechia,CZE,GDP per capita (current US$),NY.GDP.PCAP.CD,2004,11782.5546676117
Germany,DEU,GDP per capita (current US$),NY.GDP.PCAP.CD,2004,34566.7359143735
Djibouti,DJI,GDP per capita (current US$),NY.GDP.PCAP.CD,2004,806.261652944964
Dominica,DMA,GDP per capita (current US$),NY.GDP.PCAP.CD,2004,5778.83306546506
Denmark,DNK,GDP per capita (current US$),NY.GDP.PCAP.CD,2004,46625.050098011
Dominican Republic,DOM,GDP per capita (current US$),NY.GDP.PCAP.CD,2004,2451.69161616569
Algeria,DZA,GDP per capita (current US$),NY.GDP.PCAP.CD,2004,2816.99384960555
East Asia & Pacific (excluding high income),EAP,GDP per capita (current US$),NY.GDP.PCAP.CD,2004,1439.93214543391
Early-demographic dividend,EAR,GDP per capita (current US$),NY.GDP.PCAP.CD,2004,1563.10591131168
East Asia & Pacific,EAS,GDP per capita (current US$),NY.GDP.PCAP.CD,2004,4634.6623943391
Europe & Central Asia (excluding high income),ECA,GDP per capita (current US$),NY.GDP.PCAP.CD,2004,2883.55689723687
Europe & Central Asia,ECS,GDP per capita (current US$),NY.GDP.PCAP.CD,2004,18114.0702003259
Ecuador,ECU,GDP per capita (current US$),NY.GDP.PCAP.CD,2004,2586.20914663347
"Egypt, Arab Rep.",EGY,GDP per capita (current US$),NY.GDP.PCAP.CD,2004,991.255689145253
Euro area,EMU,GDP per capita (current US$),NY.GDP.PCAP.CD,2004,30803.286099919
Eritrea,ERI,GDP per capita (current US$),NY.GDP.PCAP.CD,2004,426.840947887032
Spain,ESP,GDP per capita (current US$),NY.GDP.PCAP.CD,2004,24925.0267844576
Estonia,EST,GDP per capita (current US$),NY.GDP.PCAP.CD,2004,8916.0728274602
Ethiopia,ETH,GDP per capita (current US$),NY.GDP.PCAP.CD,2004,133.169812538096
European Union,EUU,GDP per capita (current US$),NY.GDP.PCAP.CD,2004,26368.6780464333
Fragile and conflict affected situations,FCS,GDP per capita (current US$),NY.GDP.PCAP.CD,2004,871.155012151521
Finland,FIN,GDP per capita (current US$),NY.GDP.PCAP.CD,2004,37768.1334202029
Fiji,FJI,GDP per capita (current US$),NY.GDP.PCAP.CD,2004,3097.19096651759
France,FRA,GDP per capita (current US$),NY.GDP.PCAP.CD,2004,33644.9282220364
Faroe Islands,FRO,GDP per capita (current US$),NY.GDP.PCAP.CD,2004,35647.5440400531
"Micronesia, Fed. Sts.",FSM,GDP per capita (current US$),NY.GDP.PCAP.CD,2004,2104.42804750084
Gabon,GAB,GDP per capita (current US$),NY.GDP.PCAP.CD,2004,5465.79193590708
United Kingdom,GBR,GDP per capita (current US$),NY.GDP.PCAP.CD,2004,40504.4118103928
Georgia,GEO,GDP per capita (current US$),NY.GDP.PCAP.CD,2004,1305.04748557208
Ghana,GHA,GDP per capita (current US$),NY.GDP.PCAP.CD,2004,406.132105329565
Guinea,GIN,GDP per capita (current US$),NY.GDP.PCAP.CD,2004,584.897740538081
"Gambia, The",GMB,GDP per capita (current US$),NY.GDP.PCAP.CD,2004,593.285346326581
Guinea-Bissau,GNB,GDP per capita (current US$),NY.GDP.PCAP.CD,2004,431.376557669634
Equatorial Guinea,GNQ,GDP per capita (current US$),NY.GDP.PCAP.CD,2004,4901.30127408119
Greece,GRC,GDP per capita (current US$),NY.GDP.PCAP.CD,2004,21449.2552764245
Grenada,GRD,GDP per capita (current US$),NY.GDP.PCAP.CD,2004,5480.26117644588
Greenland,GRL,GDP per capita (current US$),NY.GDP.PCAP.CD,2004,32030.9987915109
Guatemala,GTM,GDP per capita (current US$),NY.GDP.PCAP.CD,2004,1840.91184884
Guam,GUM,GDP per capita (current US$),NY.GDP.PCAP.CD,2004,23618.8266894573
Guyana,GUY,GDP per capita (current US$),NY.GDP.PCAP.CD,2004,1033.31030902188
High income,HIC,GDP per capita (current US$),NY.GDP.PCAP.CD,2004,28451.5065479041
"Hong Kong SAR, China",HKG,GDP per capita (current US$),NY.GDP.PCAP.CD,2004,24928.1003722551
Honduras,HND,GDP per capita (current US$),NY.GDP.PCAP.CD,2004,1215.13995412761
Heavily indebted poor countries (HIPC),HPC,GDP per capita (current US$),NY.GDP.PCAP.CD,2004,462.336970473255
Croatia,HRV,GDP per capita (current US$),NY.GDP.PCAP.CD,2004,9718.97322801967
Haiti,HTI,GDP per capita (current US$),NY.GDP.PCAP.CD,2004,683.185298155273
Hungary,HUN,GDP per capita (current US$),NY.GDP.PCAP.CD,2004,10291.2694721409
IBRD only,IBD,GDP per capita (current US$),NY.GDP.PCAP.CD,2004,1947.23386392599
IDA & IBRD total,IBT,GDP per capita (current US$),NY.GDP.PCAP.CD,2004,1633.14212751517
IDA total,IDA,GDP per capita (current US$),NY.GDP.PCAP.CD,2004,584.965672067294
IDA blend,IDB,GDP per capita (current US$),NY.GDP.PCAP.CD,2004,837.139763701924
Indonesia,IDN,GDP per capita (current US$),NY.GDP.PCAP.CD,2004,1126.84004447173
IDA only,IDX,GDP per capita (current US$),NY.GDP.PCAP.CD,2004,449.659876396916
Isle of Man,IMN,GDP per capita (current US$),NY.GDP.PCAP.CD,2004,35564.6023910146
India,IND,GDP per capita (current US$),NY.GDP.PCAP.CD,2004,624.258826510066
Ireland,IRL,GDP per capita (current US$),NY.GDP.PCAP.CD,2004,47754.2023194244
"Iran, Islamic Rep.",IRN,GDP per capita (current US$),NY.GDP.PCAP.CD,2004,2672.4226651404
Iraq,IRQ,GDP per capita (current US$),NY.GDP.PCAP.CD,2004,1328.37157628292
Iceland,ISL,GDP per capita (current US$),NY.GDP.PCAP.CD,2004,47809.6073050042
Israel,ISR,GDP per capita (current US$),NY.GDP.PCAP.CD,2004,20568.0694088834
Italy,ITA,GDP per capita (current US$),NY.GDP.PCAP.CD,2004,31348.1901841445
Jamaica,JAM,GDP per capita (current US$),NY.GDP.PCAP.CD,2004,3807.56293124552
Jordan,JOR,GDP per capita (current US$),NY.GDP.PCAP.CD,2004,1940.08641342805
Japan,JPN,GDP per capita (current US$),NY.GDP.PCAP.CD,2004,38298.9801712303
Kazakhstan,KAZ,GDP per capita (current US$),NY.GDP.PCAP.CD,2004,2722.47407755402
Kenya,KEN,GDP per capita (current US$),NY.GDP.PCAP.CD,2004,463.662781300121
Kyrgyz Republic,KGZ,GDP per capita (current US$),NY.GDP.PCAP.CD,2004,433.233873286
Cambodia,KHM,GDP per capita (current US$),NY.GDP.PCAP.CD,2004,444.199067529081
Kiribati,KIR,GDP per capita (current US$),NY.GDP.PCAP.CD,2004,1083.2688987175
St. Kitts and Nevis,KNA,GDP per capita (current US$),NY.GDP.PCAP.CD,2004,10944.6183741768
"Korea, Rep.",KOR,GDP per capita (current US$),NY.GDP.PCAP.CD,2004,17121.6301633201
Kuwait,KWT,GDP per capita (current US$),NY.GDP.PCAP.CD,2004,27552.2827399787
Latin America & Caribbean (excluding high income),LAC,GDP per capita (current US$),NY.GDP.PCAP.CD,2004,4149.53705480589
Lao PDR,LAO,GDP per capita (current US$),NY.GDP.PCAP.CD,2004,409.296298284117
Lebanon,LBN,GDP per capita (current US$),NY.GDP.PCAP.CD,2004,4600.68371412993
Liberia,LBR,GDP per capita (current US$),NY.GDP.PCAP.CD,2004,284.140223992458
Libya,LBY,GDP per capita (current US$),NY.GDP.PCAP.CD,2004,5773.76333234281
St. Lucia,LCA,GDP per capita (current US$),NY.GDP.PCAP.CD,2004,6494.60034867886
Latin America & Caribbean,LCN,GDP per capita (current US$),NY.GDP.PCAP.CD,2004,4385.89813693867
Least developed countries: UN classification,LDC,GDP per capita (current US$),NY.GDP.PCAP.CD,2004,419.798333896442
Low income,LIC,GDP per capita (current US$),NY.GDP.PCAP.CD,2004,442.426324281659
Liechtenstein,LIE,GDP per capita (current US$),NY.GDP.PCAP.CD,2004,100280.831356705
Sri Lanka,LKA,GDP per capita (current US$),NY.GDP.PCAP.CD,2004,1028.62068132555
Lower middle income,LMC,GDP per capita (current US$),NY.GDP.PCAP.CD,2004,722.628943297013
Low & middle income,LMY,GDP per capita (current US$),NY.GDP.PCAP.CD,2004,1490.85593705627
Lesotho,LSO,GDP per capita (current US$),NY.GDP.PCAP.CD,2004,766.685820928242
Late-demographic dividend,LTE,GDP per capita (current US$),NY.GDP.PCAP.CD,2004,2453.98769875258
Lithuania,LTU,GDP per capita (current US$),NY.GDP.PCAP.CD,2004,6734.57487061946
Luxembourg,LUX,GDP per capita (current US$),NY.GDP.PCAP.CD,2004,76544.9170868473
Latvia,LVA,GDP per capita (current US$),NY.GDP.PCAP.CD,2004,6109.73265186817
"Macao SAR, China",MAC,GDP per capita (current US$),NY.GDP.PCAP.CD,2004,23407.1993692194
Morocco,MAR,GDP per capita (current US$),NY.GDP.PCAP.CD,2004,2183.55541992188
Monaco,MCO,GDP per capita (current US$),NY.GDP.PCAP.CD,2004,125160.228087598
Moldova,MDA,GDP per capita (current US$),NY.GDP.PCAP.CD,2004,897.178494749468
Madagascar,MDG,GDP per capita (current US$),NY.GDP.PCAP.CD,2004,272.20074858856
Maldives,MDV,GDP per capita (current US$),NY.GDP.PCAP.CD,2004,4070.2609459446
"Middle East, North Africa, Afghanistan & Pakistan",MEA,GDP per capita (current US$),NY.GDP.PCAP.CD,2004,2624.1893550003
Mexico,MEX,GDP per capita (current US$),NY.GDP.PCAP.CD,2004,7849.66759649565
Marshall Islands,MHL,GDP per capita (current US$),NY.GDP.PCAP.CD,2004,2566.08291015814
Middle income,MIC,GDP per capita (current US$),NY.GDP.PCAP.CD,2004,1571.30392795213
North Macedonia,MKD,GDP per capita (current US$),NY.GDP.PCAP.CD,2004,2818.5814561242
Mali,MLI,GDP per capita (current US$),NY.GDP.PCAP.CD,2004,495.006294680645
Malta,MLT,GDP per capita (current US$),NY.GDP.PCAP.CD,2004,15212.1313438497
Myanmar,MMR,GDP per capita (current US$),NY.GDP.PCAP.CD,2004,224.508811413327
"Middle East, North Africa, Afghanistan & Pakistan (excluding high income)",MNA,GDP per capita (current US$),NY.GDP.PCAP.CD,2004,1463.04148806759
Montenegro,MNE,GDP per capita (current US$),NY.GDP.PCAP.CD,2004,3380.16512135859
Mongolia,MNG,GDP per capita (current US$),NY.GDP.PCAP.CD,2004,794.154552001815
Northern Mariana Islands,MNP,GDP per capita (current US$),NY.GDP.PCAP.CD,2004,18924.5831899653
Mozambique,MOZ,GDP per capita (current US$),NY.GDP.PCAP.CD,2004,400.056973161545
Mauritania,MRT,GDP per capita (current US$),NY.GDP.PCAP.CD,2004,823.554457141893
Mauritius,MUS,GDP per capita (current US$),NY.GDP.PCAP.CD,2004,5460.60800184198
Malawi,MWI,GDP per capita (current US$),NY.GDP.PCAP.CD,2004,404.674248445428
Malaysia,MYS,GDP per capita (current US$),NY.GDP.PCAP.CD,2004,4939.24851854427
North America,NAC,GDP per capita (current US$),NY.GDP.PCAP.CD,2004,40788.4744089861
Namibia,NAM,GDP per capita (current US$),NY.GDP.PCAP.CD,2004,3403.15496192955
New Caledonia,NCL,GDP per capita (current US$),NY.GDP.PCAP.CD,2004,24475.6488547037
Niger,NER,GDP per capita (current US$),NY.GDP.PCAP.CD,2004,283.468281798296
Nigeria,NGA,GDP per capita (current US$),NY.GDP.PCAP.CD,2004,962.48104194733
Nicaragua,NIC,GDP per capita (current US$),NY.GDP.PCAP.CD,2004,1098.62118662335
Netherlands,NLD,GDP per capita (current US$),NY.GDP.PCAP.CD,2004,40611.3414353091
Norway,NOR,GDP per capita (current US$),NY.GDP.PCAP.CD,2004,57768.6980958462
Nepal,NPL,GDP per capita (current US$),NY.GDP.PCAP.CD,2004,279.587750044428
Nauru,NRU,GDP per capita (current US$),NY.GDP.PCAP.CD,2004,3040.51349889
New Zealand,NZL,GDP per capita (current US$),NY.GDP.PCAP.CD,2004,25420.234882944
OECD members,OED,GDP per capita (current US$),NY.GDP.PCAP.CD,2004,28822.9827767557
Oman,OMN,GDP per capita (current US$),NY.GDP.PCAP.CD,2004,11800.8507411171
Other small states,OSS,GDP per capita (current US$),NY.GDP.PCAP.CD,2004,7419.39387365304
Pakistan,PAK,GDP per capita (current US$),NY.GDP.PCAP.CD,2004,771.902247348954
Panama,PAN,GDP per capita (current US$),NY.GDP.PCAP.CD,2004,4644.56581177581
Peru,PER,GDP per capita (current US$),NY.GDP.PCAP.CD,2004,2397.25147277714
Philippines,PHL,GDP per capita (current US$),NY.GDP.PCAP.CD,2004,1099.63013023758
Palau,PLW,GDP per capita (current US$),NY.GDP.PCAP.CD,2004,8393.73052541231
Papua New Guinea,PNG,GDP per capita (current US$),NY.GDP.PCAP.CD,2004,620.596147680561
Poland,POL,GDP per capita (current US$),NY.GDP.PCAP.CD,2004,6711.72715262967
Pre-demographic dividend,PRE,GDP per capita (current US$),NY.GDP.PCAP.CD,2004,670.783711150831
Puerto Rico (US),PRI,GDP per capita (current US$),NY.GDP.PCAP.CD,2004,20988.9923326534
Portugal,PRT,GDP per capita (current US$),NY.GDP.PCAP.CD,2004,18064.1580932987
Paraguay,PRY,GDP per capita (current US$),NY.GDP.PCAP.CD,2004,1786.21533938543
West Bank and Gaza,PSE,GDP per capita (current US$),NY.GDP.PCAP.CD,2004,1422.19088643544
Pacific island small states,PSS,GDP per capita (current US$),NY.GDP.PCAP.CD,2004,2270.72657843606
Post-demographic dividend,PST,GDP per capita (current US$),NY.GDP.PCAP.CD,2004,32671.0834694674
French Polynesia,PYF,GDP per capita (current US$),NY.GDP.PCAP.CD,2004,21764.2203208782
Qatar,QAT,GDP per capita (current US$),NY.GDP.PCAP.CD,2004,41035.5008380177
Romania,ROU,GDP per capita (current US$),NY.GDP.PCAP.CD,2004,3494.99056448955
Russian Federation,RUS,GDP per capita (current US$),NY.GDP.PCAP.CD,2004,4102.36474609375
Rwanda,RWA,GDP per capita (current US$),NY.GDP.PCAP.CD,2004,269.540446333402
South Asia,SAS,GDP per capita (current US$),NY.GDP.PCAP.CD,2004,606.478041696258
Saudi Arabia,SAU,GDP per capita (current US$),NY.GDP.PCAP.CD,2004,13154.4978989446
Sudan,SDN,GDP per capita (current US$),NY.GDP.PCAP.CD,2004,705.113342285156
Senegal,SEN,GDP per capita (current US$),NY.GDP.PCAP.CD,2004,918.102079522155
Singapore,SGP,GDP per capita (current US$),NY.GDP.PCAP.CD,2004,27608.080013423
Solomon Islands,SLB,GDP per capita (current US$),NY.GDP.PCAP.CD,2004,986.070953503889
Sierra Leone,SLE,GDP per capita (current US$),NY.GDP.PCAP.CD,2004,417.749983329227
El Salvador,SLV,GDP per capita (current US$),NY.GDP.PCAP.CD,2004,2285.68907438892
San Marino,SMR,GDP per capita (current US$),NY.GDP.PCAP.CD,2004,58232.0176184948
"Somalia, Fed. Rep.",SOM,GDP per capita (current US$),NY.GDP.PCAP.CD,2004,375.410326225387
Serbia,SRB,GDP per capita (current US$),NY.GDP.PCAP.CD,2004,3597.08798057009
Sub-Saharan Africa (excluding high income),SSA,GDP per capita (current US$),NY.GDP.PCAP.CD,2004,1013.73402157662
Sub-Saharan Africa,SSF,GDP per capita (current US$),NY.GDP.PCAP.CD,2004,926.435499820007
Small states,SST,GDP per capita (current US$),NY.GDP.PCAP.CD,2004,6954.01090826418
Sao Tome and Principe,STP,GDP per capita (current US$),NY.GDP.PCAP.CD,2004,726.560882130444
Suriname,SUR,GDP per capita (current US$),NY.GDP.PCAP.CD,2004,2887.7721728844
Slovak Republic,SVK,GDP per capita (current US$),NY.GDP.PCAP.CD,2004,10650.1290097126
Slovenia,SVN,GDP per capita (current US$),NY.GDP.PCAP.CD,2004,17103.8297783905
Sweden,SWE,GDP per capita (current US$),NY.GDP.PCAP.CD,2004,42758.0048564929
Eswatini,SWZ,GDP per capita (current US$),NY.GDP.PCAP.CD,2004,2525.5640452625
Seychelles,SYC,GDP per capita (current US$),NY.GDP.PCAP.CD,2004,10827.671636033
Syrian Arab Republic,SYR,GDP per capita (current US$),NY.GDP.PCAP.CD,2004,1368.1148230028
Turks and Caicos Islands,TCA,GDP per capita (current US$),NY.GDP.PCAP.CD,2004,21246.00980049
Chad,TCD,GDP per capita (current US$),NY.GDP.PCAP.CD,2004,445.850767157087
East Asia & Pacific (IDA & IBRD countries),TEA,GDP per capita (current US$),NY.GDP.PCAP.CD,2004,1456.96694694124
Europe & Central Asia (IDA & IBRD countries),TEC,GDP per capita (current US$),NY.GDP.PCAP.CD,2004,3723.43803208933
Togo,TGO,GDP per capita (current US$),NY.GDP.PCAP.CD,2004,560.266308533382
Thailand,THA,GDP per capita (current US$),NY.GDP.PCAP.CD,2004,2641.56268717857
Tajikistan,TJK,GDP per capita (current US$),NY.GDP.PCAP.CD,2004,305.745158587502
Turkmenistan,TKM,GDP per capita (current US$),NY.GDP.PCAP.CD,2004,1379.23009682692
Latin America & the Caribbean (IDA & IBRD countries),TLA,GDP per capita (current US$),NY.GDP.PCAP.CD,2004,4252.83825459299
Timor-Leste,TLS,GDP per capita (current US$),NY.GDP.PCAP.CD,2004,474.420726695663
"Middle East, North Africa, Afghanistan & Pakistan (IDA & IBRD)",TMN,GDP per capita (current US$),NY.GDP.PCAP.CD,2004,1463.3046705277
Tonga,TON,GDP per capita (current US$),NY.GDP.PCAP.CD,2004,2195.44890047673
South Asia (IDA & IBRD),TSA,GDP per capita (current US$),NY.GDP.PCAP.CD,2004,606.478041696258
Sub-Saharan Africa (IDA & IBRD countries),TSS,GDP per capita (current US$),NY.GDP.PCAP.CD,2004,926.435499820007
Trinidad and Tobago,TTO,GDP per capita (current US$),NY.GDP.PCAP.CD,2004,9871.03419820086
Tunisia,TUN,GDP per capita (current US$),NY.GDP.PCAP.CD,2004,3067.41936376975
Turkiye,TUR,GDP per capita (current US$),NY.GDP.PCAP.CD,2004,5979.6054216148
Tuvalu,TUV,GDP per capita (current US$),NY.GDP.PCAP.CD,2004,2322.56265072892
Tanzania,TZA,GDP per capita (current US$),NY.GDP.PCAP.CD,2004,450.385284423828
Uganda,UGA,GDP per capita (current US$),NY.GDP.PCAP.CD,2004,292.38185796262
Ukraine,UKR,GDP per capita (current US$),NY.GDP.PCAP.CD,2004,1401.01806640625
Upper middle income,UMC,GDP per capita (current US$),NY.GDP.PCAP.CD,2004,2365.83446249947
Uruguay,URY,GDP per capita (current US$),NY.GDP.PCAP.CD,2004,4168.66065438387
United States,USA,GDP per capita (current US$),NY.GDP.PCAP.CD,2004,41724.6316287624
Uzbekistan,UZB,GDP per capita (current US$),NY.GDP.PCAP.CD,2004,462.171492867885
St. Vincent and the Grenadines,VCT,GDP per capita (current US$),NY.GDP.PCAP.CD,2004,4873.48947742443
"Venezuela, RB",VEN,GDP per capita (current US$),NY.GDP.PCAP.CD,2004,4269.08970872392
Virgin Islands (U.S.),VIR,GDP per capita (current US$),NY.GDP.PCAP.CD,2004,35006.3614404514
Viet Nam,VNM,GDP per capita (current US$),NY.GDP.PCAP.CD,2004,565.452284586212
Vanuatu,VUT,GDP per capita (current US$),NY.GDP.PCAP.CD,2004,1774.31867585894
World,WLD,GDP per capita (current US$),NY.GDP.PCAP.CD,2004,6811.48195762269
Samoa,WSM,GDP per capita (current US$),NY.GDP.PCAP.CD,2004,2189.26042607992
"Yemen, Rep.",YEM,GDP per capita (current US$),NY.GDP.PCAP.CD,2004,627.632023395762
South Africa,ZAF,GDP per capita (current US$),NY.GDP.PCAP.CD,2004,5221.46333731721
Zambia,ZMB,GDP per capita (current US$),NY.GDP.PCAP.CD,2004,548.685974566277
Zimbabwe,ZWE,GDP per capita (current US$),NY.GDP.PCAP.CD,2004,469.719298949304
Aruba,ABW,GDP per capita (current US$),NY.GDP.PCAP.CD,2005,24171.8371325422
Africa Eastern and Southern,AFE,GDP per capita (current US$),NY.GDP.PCAP.CD,2005,1126.2973233912
Afghanistan,AFG,GDP per capita (current US$),NY.GDP.PCAP.CD,2005,254.184249149336
Africa Western and Central,AFW,GDP per capita (current US$),NY.GDP.PCAP.CD,2005,999.770023047319
Angola,AGO,GDP per capita (current US$),NY.GDP.PCAP.CD,2005,2145.88621096327
Albania,ALB,GDP per capita (current US$),NY.GDP.PCAP.CD,2005,2741.72136549578
Andorra,AND,GDP per capita (current US$),NY.GDP.PCAP.CD,2005,40829.8116399538
Arab World,ARB,GDP per capita (current US$),NY.GDP.PCAP.CD,2005,3750.69825886818
United Arab Emirates,ARE,GDP per capita (current US$),NY.GDP.PCAP.CD,2005,38719.3138307623
Argentina,ARG,GDP per capita (current US$),NY.GDP.PCAP.CD,2005,5067.65342293276
Armenia,ARM,GDP per capita (current US$),NY.GDP.PCAP.CD,2005,1557.48458908655
American Samoa,ASM,GDP per capita (current US$),NY.GDP.PCAP.CD,2005,8831.26975996609
Antigua and Barbuda,ATG,GDP per capita (current US$),NY.GDP.PCAP.CD,2005,14368.5708796058
Australia,AUS,GDP per capita (current US$),NY.GDP.PCAP.CD,2005,34535.20727091
Austria,AUT,GDP per capita (current US$),NY.GDP.PCAP.CD,2005,38157.37022862
Azerbaijan,AZE,GDP per capita (current US$),NY.GDP.PCAP.CD,2005,1578.36733030667
Burundi,BDI,GDP per capita (current US$),NY.GDP.PCAP.CD,2005,147.234619294225
Belgium,BEL,GDP per capita (current US$),NY.GDP.PCAP.CD,2005,36809.7013403619
Benin,BEN,GDP per capita (current US$),NY.GDP.PCAP.CD,2005,779.437777753268
Burkina Faso,BFA,GDP per capita (current US$),NY.GDP.PCAP.CD,2005,441.164148016012
Bangladesh,BGD,GDP per capita (current US$),NY.GDP.PCAP.CD,2005,480.08585075452
Bulgaria,BGR,GDP per capita (current US$),NY.GDP.PCAP.CD,2005,3899.82596332878
Bahrain,BHR,GDP per capita (current US$),NY.GDP.PCAP.CD,2005,17966.1657837625
"Bahamas, The",BHS,GDP per capita (current US$),NY.GDP.PCAP.CD,2005,28602.4181869995
Bosnia and Herzegovina,BIH,GDP per capita (current US$),NY.GDP.PCAP.CD,2005,2739.61076866057
Belarus,BLR,GDP per capita (current US$),NY.GDP.PCAP.CD,2005,3126.07176665248
Belize,BLZ,GDP per capita (current US$),NY.GDP.PCAP.CD,2005,5270.41479135312
Bermuda,BMU,GDP per capita (current US$),NY.GDP.PCAP.CD,2005,77628.103522508
Bolivia,BOL,GDP per capita (current US$),NY.GDP.PCAP.CD,2005,1020.12326200737
Brazil,BRA,GDP per capita (current US$),NY.GDP.PCAP.CD,2005,4827.78165890291
Barbados,BRB,GDP per capita (current US$),NY.GDP.PCAP.CD,2005,14214.4202213572
Brunei Darussalam,BRN,GDP per capita (current US$),NY.GDP.PCAP.CD,2005,29386.2703822862
Bhutan,BTN,GDP per capita (current US$),NY.GDP.PCAP.CD,2005,1299.94938578359
Botswana,BWA,GDP per capita (current US$),NY.GDP.PCAP.CD,2005,5391.07076619634
Central African Republic,CAF,GDP per capita (current US$),NY.GDP.PCAP.CD,2005,311.950023138687
Canada,CAN,GDP per capita (current US$),NY.GDP.PCAP.CD,2005,36383.6600068095
Central Europe and the Baltics,CEB,GDP per capita (current US$),NY.GDP.PCAP.CD,2005,8352.50713208299
Switzerland,CHE,GDP per capita (current US$),NY.GDP.PCAP.CD,2005,56242.8933645639
Channel Islands,CHI,GDP per capita (current US$),NY.GDP.PCAP.CD,2005,57647.1188908006
Chile,CHL,GDP per capita (current US$),NY.GDP.PCAP.CD,2005,7480.32330998636
China,CHN,GDP per capita (current US$),NY.GDP.PCAP.CD,2005,1777.64496828464
Cote d'Ivoire,CIV,GDP per capita (current US$),NY.GDP.PCAP.CD,2005,1197.74616979415
Cameroon,CMR,GDP per capita (current US$),NY.GDP.PCAP.CD,2005,1142.62466252106
"Congo, Dem. Rep.",COD,GDP per capita (current US$),NY.GDP.PCAP.CD,2005,214.539740473519
"Congo, Rep.",COG,GDP per capita (current US$),NY.GDP.PCAP.CD,2005,1799.05158366154
Colombia,COL,GDP per capita (current US$),NY.GDP.PCAP.CD,2005,3456.06610874512
Comoros,COM,GDP per capita (current US$),NY.GDP.PCAP.CD,2005,1105.78796866788
Cabo Verde,CPV,GDP per capita (current US$),NY.GDP.PCAP.CD,2005,2004.14680417563
Costa Rica,CRI,GDP per capita (current US$),NY.GDP.PCAP.CD,2005,4703.00721784778
Caribbean small states,CSS,GDP per capita (current US$),NY.GDP.PCAP.CD,2005,9439.33720644986
Cuba,CUB,GDP per capita (current US$),NY.GDP.PCAP.CD,2005,3786.33799225291
Curacao,CUW,GDP per capita (current US$),NY.GDP.PCAP.CD,2005,17032.3356620744
Cyprus,CYP,GDP per capita (current US$),NY.GDP.PCAP.CD,2005,24959.26171875
Czechia,CZE,GDP per capita (current US$),NY.GDP.PCAP.CD,2005,13442.4916284309
Germany,DEU,GDP per capita (current US$),NY.GDP.PCAP.CD,2005,35084.4363546269
Djibouti,DJI,GDP per capita (current US$),NY.GDP.PCAP.CD,2005,844.4483573908
Dominica,DMA,GDP per capita (current US$),NY.GDP.PCAP.CD,2005,5695.22442394675
Denmark,DNK,GDP per capita (current US$),NY.GDP.PCAP.CD,2005,48925.8076698784
Dominican Republic,DOM,GDP per capita (current US$),NY.GDP.PCAP.CD,2005,3878.31206735244
Algeria,DZA,GDP per capita (current US$),NY.GDP.PCAP.CD,2005,3233.13339634212
East Asia & Pacific (excluding high income),EAP,GDP per capita (current US$),NY.GDP.PCAP.CD,2005,1653.67913605181
Early-demographic dividend,EAR,GDP per capita (current US$),NY.GDP.PCAP.CD,2005,1788.28350980842
East Asia & Pacific,EAS,GDP per capita (current US$),NY.GDP.PCAP.CD,2005,4910.91472643792
Europe & Central Asia (excluding high income),ECA,GDP per capita (current US$),NY.GDP.PCAP.CD,2005,3576.72283332318
Europe & Central Asia,ECS,GDP per capita (current US$),NY.GDP.PCAP.CD,2005,19227.6221679028
Ecuador,ECU,GDP per capita (current US$),NY.GDP.PCAP.CD,2005,2909.02606014388
"Egypt, Arab Rep.",EGY,GDP per capita (current US$),NY.GDP.PCAP.CD,2005,1105.53920713903
Euro area,EMU,GDP per capita (current US$),NY.GDP.PCAP.CD,2005,31781.6618833533
Eritrea,ERI,GDP per capita (current US$),NY.GDP.PCAP.CD,2005,412.753079199423
Spain,ESP,GDP per capita (current US$),NY.GDP.PCAP.CD,2005,26450.9530130382
Estonia,EST,GDP per capita (current US$),NY.GDP.PCAP.CD,2005,10414.6381183565
Ethiopia,ETH,GDP per capita (current US$),NY.GDP.PCAP.CD,2005,158.243458082465
European Union,EUU,GDP per capita (current US$),NY.GDP.PCAP.CD,2005,27431.4991030834
Fragile and conflict affected situations,FCS,GDP per capita (current US$),NY.GDP.PCAP.CD,2005,1079.24067613473
Finland,FIN,GDP per capita (current US$),NY.GDP.PCAP.CD,2005,39049.8703780223
Fiji,FJI,GDP per capita (current US$),NY.GDP.PCAP.CD,2005,3377.69126953493
France,FRA,GDP per capita (current US$),NY.GDP.PCAP.CD,2005,34696.3718316971
Faroe Islands,FRO,GDP per capita (current US$),NY.GDP.PCAP.CD,2005,36389.081644098
"Micronesia, Fed. Sts.",FSM,GDP per capita (current US$),NY.GDP.PCAP.CD,2005,2207.16844533875
Gabon,GAB,GDP per capita (current US$),NY.GDP.PCAP.CD,2005,6547.87613955186
United Kingdom,GBR,GDP per capita (current US$),NY.GDP.PCAP.CD,2005,42240.2462987547
Georgia,GEO,GDP per capita (current US$),NY.GDP.PCAP.CD,2005,1642.78359414797
Ghana,GHA,GDP per capita (current US$),NY.GDP.PCAP.CD,2005,478.611909191028
Guinea,GIN,GDP per capita (current US$),NY.GDP.PCAP.CD,2005,463.17768685098
"Gambia, The",GMB,GDP per capita (current US$),NY.GDP.PCAP.CD,2005,616.483657865348
Guinea-Bissau,GNB,GDP per capita (current US$),NY.GDP.PCAP.CD,2005,463.073962650452
Equatorial Guinea,GNQ,GDP per capita (current US$),NY.GDP.PCAP.CD,2005,8673.9026086535
Greece,GRC,GDP per capita (current US$),NY.GDP.PCAP.CD,2005,22054.1315756886
Grenada,GRD,GDP per capita (current US$),NY.GDP.PCAP.CD,2005,6338.56011405358
Greenland,GRL,GDP per capita (current US$),NY.GDP.PCAP.CD,2005,32489.7277309899
Guatemala,GTM,GDP per capita (current US$),NY.GDP.PCAP.CD,2005,2046.46611650758
Guam,GUM,GDP per capita (current US$),NY.GDP.PCAP.CD,2005,25631.9776108052
Guyana,GUY,GDP per capita (current US$),NY.GDP.PCAP.CD,2005,1084.06541388904
High income,HIC,GDP per capita (current US$),NY.GDP.PCAP.CD,2005,30051.3459550589
"Hong Kong SAR, China",HKG,GDP per capita (current US$),NY.GDP.PCAP.CD,2005,26649.637724155
Honduras,HND,GDP per capita (current US$),NY.GDP.PCAP.CD,2005,1304.70039153826
Heavily indebted poor countries (HIPC),HPC,GDP per capita (current US$),NY.GDP.PCAP.CD,2005,519.647933058567
Croatia,HRV,GDP per capita (current US$),NY.GDP.PCAP.CD,2005,10443.5278353294
Haiti,HTI,GDP per capita (current US$),NY.GDP.PCAP.CD,2005,775.845704056916
Hungary,HUN,GDP per capita (current US$),NY.GDP.PCAP.CD,2005,11212.2046968994
IBRD only,IBD,GDP per capita (current US$),NY.GDP.PCAP.CD,2005,2300.5592081511
IDA & IBRD total,IBT,GDP per capita (current US$),NY.GDP.PCAP.CD,2005,1919.70312051472
IDA total,IDA,GDP per capita (current US$),NY.GDP.PCAP.CD,2005,664.73305755977
IDA blend,IDB,GDP per capita (current US$),NY.GDP.PCAP.CD,2005,957.94448356121
Indonesia,IDN,GDP per capita (current US$),NY.GDP.PCAP.CD,2005,1238.21447629488
IDA only,IDX,GDP per capita (current US$),NY.GDP.PCAP.CD,2005,507.001767833477
Isle of Man,IMN,GDP per capita (current US$),NY.GDP.PCAP.CD,2005,38135.8597885858
India,IND,GDP per capita (current US$),NY.GDP.PCAP.CD,2005,710.488080408949
Ireland,IRL,GDP per capita (current US$),NY.GDP.PCAP.CD,2005,50933.0216095589
"Iran, Islamic Rep.",IRN,GDP per capita (current US$),NY.GDP.PCAP.CD,2005,3132.0508192007
Iraq,IRQ,GDP per capita (current US$),NY.GDP.PCAP.CD,2005,1762.39360423421
Iceland,ISL,GDP per capita (current US$),NY.GDP.PCAP.CD,2005,57783.7745608117
Israel,ISR,GDP per capita (current US$),NY.GDP.PCAP.CD,2005,21286.8388636595
Italy,ITA,GDP per capita (current US$),NY.GDP.PCAP.CD,2005,32062.723833669
Jamaica,JAM,GDP per capita (current US$),NY.GDP.PCAP.CD,2005,4184.43974867497
Jordan,JOR,GDP per capita (current US$),NY.GDP.PCAP.CD,2005,2087.87079273635
Japan,JPN,GDP per capita (current US$),NY.GDP.PCAP.CD,2005,37812.8950199948
Kazakhstan,KAZ,GDP per capita (current US$),NY.GDP.PCAP.CD,2005,3577.35804001782
Kenya,KEN,GDP per capita (current US$),NY.GDP.PCAP.CD,2005,523.456312433863
Kyrgyz Republic,KGZ,GDP per capita (current US$),NY.GDP.PCAP.CD,2005,476.548193640077
Cambodia,KHM,GDP per capita (current US$),NY.GDP.PCAP.CD,2005,525.797325120926
Kiribati,KIR,GDP per capita (current US$),NY.GDP.PCAP.CD,2005,1161.78341739977
St. Kitts and Nevis,KNA,GDP per capita (current US$),NY.GDP.PCAP.CD,2005,11783.7867154145
"Korea, Rep.",KOR,GDP per capita (current US$),NY.GDP.PCAP.CD,2005,20167.0474902506
Kuwait,KWT,GDP per capita (current US$),NY.GDP.PCAP.CD,2005,36122.6142741227
Latin America & Caribbean (excluding high income),LAC,GDP per capita (current US$),NY.GDP.PCAP.CD,2005,4960.44969790137
Lao PDR,LAO,GDP per capita (current US$),NY.GDP.PCAP.CD,2005,466.061506997741
Lebanon,LBN,GDP per capita (current US$),NY.GDP.PCAP.CD,2005,4602.19804637945
Liberia,LBR,GDP per capita (current US$),NY.GDP.PCAP.CD,2005,287.487333441381
Libya,LBY,GDP per capita (current US$),NY.GDP.PCAP.CD,2005,8079.24957329001
St. Lucia,LCA,GDP per capita (current US$),NY.GDP.PCAP.CD,2005,6863.43641919345
Latin America & Caribbean,LCN,GDP per capita (current US$),NY.GDP.PCAP.CD,2005,5229.89898425288
Least developed countries: UN classification,LDC,GDP per capita (current US$),NY.GDP.PCAP.CD,2005,487.199978520551
Low income,LIC,GDP per capita (current US$),NY.GDP.PCAP.CD,2005,520.301355916657
Liechtenstein,LIE,GDP per capita (current US$),NY.GDP.PCAP.CD,2005,105295.057027611
Sri Lanka,LKA,GDP per capita (current US$),NY.GDP.PCAP.CD,2005,1207.21994764165
Lower middle income,LMC,GDP per capita (current US$),NY.GDP.PCAP.CD,2005,817.846092888275
Low & middle income,LMY,GDP per capita (current US$),NY.GDP.PCAP.CD,2005,1736.10100020162
Lesotho,LSO,GDP per capita (current US$),NY.GDP.PCAP.CD,2005,861.381496414995
Late-demographic dividend,LTE,GDP per capita (current US$),NY.GDP.PCAP.CD,2005,2939.98271894785
Lithuania,LTU,GDP per capita (current US$),NY.GDP.PCAP.CD,2005,7857.03148786492
Luxembourg,LUX,GDP per capita (current US$),NY.GDP.PCAP.CD,2005,80988.1376230858
Latvia,LVA,GDP per capita (current US$),NY.GDP.PCAP.CD,2005,7283.78738127622
"Macao SAR, China",MAC,GDP per capita (current US$),NY.GDP.PCAP.CD,2005,25681.2167315221
Morocco,MAR,GDP per capita (current US$),NY.GDP.PCAP.CD,2005,2242.98828125
Monaco,MCO,GDP per capita (current US$),NY.GDP.PCAP.CD,2005,130538.742587117
Moldova,MDA,GDP per capita (current US$),NY.GDP.PCAP.CD,2005,1034.39197746993
Madagascar,MDG,GDP per capita (current US$),NY.GDP.PCAP.CD,2005,305.812074924388
Maldives,MDV,GDP per capita (current US$),NY.GDP.PCAP.CD,2005,3796.51546524644
"Middle East, North Africa, Afghanistan & Pakistan",MEA,GDP per capita (current US$),NY.GDP.PCAP.CD,2005,3050.86086272731
Mexico,MEX,GDP per capita (current US$),NY.GDP.PCAP.CD,2005,8671.75891885163
Marshall Islands,MHL,GDP per capita (current US$),NY.GDP.PCAP.CD,2005,2658.65217893885
Middle income,MIC,GDP per capita (current US$),NY.GDP.PCAP.CD,2005,1830.92630559246
North Macedonia,MKD,GDP per capita (current US$),NY.GDP.PCAP.CD,2005,3120.98401394233
Mali,MLI,GDP per capita (current US$),NY.GDP.PCAP.CD,2005,548.730382842725
Malta,MLT,GDP per capita (current US$),NY.GDP.PCAP.CD,2005,15831.344048672
Myanmar,MMR,GDP per capita (current US$),NY.GDP.PCAP.CD,2005,252.685193060728
"Middle East, North Africa, Afghanistan & Pakistan (excluding high income)",MNA,GDP per capita (current US$),NY.GDP.PCAP.CD,2005,1657.11024431574
Montenegro,MNE,GDP per capita (current US$),NY.GDP.PCAP.CD,2005,3674.6179242797
Mongolia,MNG,GDP per capita (current US$),NY.GDP.PCAP.CD,2005,994.90010913241
Northern Mariana Islands,MNP,GDP per capita (current US$),NY.GDP.PCAP.CD,2005,17015.7487891715
Mozambique,MOZ,GDP per capita (current US$),NY.GDP.PCAP.CD,2005,436.773856167384
Mauritania,MRT,GDP per capita (current US$),NY.GDP.PCAP.CD,2005,998.96583416747
Mauritius,MUS,GDP per capita (current US$),NY.GDP.PCAP.CD,2005,5354.02974260642
Malawi,MWI,GDP per capita (current US$),NY.GDP.PCAP.CD,2005,414.361121984475
Malaysia,MYS,GDP per capita (current US$),NY.GDP.PCAP.CD,2005,5555.58179951206
North America,NAC,GDP per capita (current US$),NY.GDP.PCAP.CD,2005,43368.5783940626
Namibia,NAM,GDP per capita (current US$),NY.GDP.PCAP.CD,2005,3685.77299991587
New Caledonia,NCL,GDP per capita (current US$),NY.GDP.PCAP.CD,2005,25528.2918353444
Niger,NER,GDP per capita (current US$),NY.GDP.PCAP.CD,2005,318.643121918273
Nigeria,NGA,GDP per capita (current US$),NY.GDP.PCAP.CD,2005,1211.37703504386
Nicaragua,NIC,GDP per capita (current US$),NY.GDP.PCAP.CD,2005,1183.30214010175
Netherlands,NLD,GDP per capita (current US$),NY.GDP.PCAP.CD,2005,42165.396168388
Norway,NOR,GDP per capita (current US$),NY.GDP.PCAP.CD,2005,67047.1704558264
Nepal,NPL,GDP per capita (current US$),NY.GDP.PCAP.CD,2005,309.024168339372
Nauru,NRU,GDP per capita (current US$),NY.GDP.PCAP.CD,2005,2992.40382776926
New Zealand,NZL,GDP per capita (current US$),NY.GDP.PCAP.CD,2005,27751.0654708859
OECD members,OED,GDP per capita (current US$),NY.GDP.PCAP.CD,2005,30274.0543423729
Oman,OMN,GDP per capita (current US$),NY.GDP.PCAP.CD,2005,14434.8577924647
Other small states,OSS,GDP per capita (current US$),NY.GDP.PCAP.CD,2005,8233.33980947954
Pakistan,PAK,GDP per capita (current US$),NY.GDP.PCAP.CD,2005,827.619861189926
Panama,PAN,GDP per capita (current US$),NY.GDP.PCAP.CD,2005,5017.74110414832
Peru,PER,GDP per capita (current US$),NY.GDP.PCAP.CD,2005,2706.66947297608
Philippines,PHL,GDP per capita (current US$),NY.GDP.PCAP.CD,2005,1220.46018559867
Palau,PLW,GDP per capita (current US$),NY.GDP.PCAP.CD,2005,9635.28357539048
Papua New Guinea,PNG,GDP per capita (current US$),NY.GDP.PCAP.CD,2005,744.486489977433
Poland,POL,GDP per capita (current US$),NY.GDP.PCAP.CD,2005,8043.92332253757
Pre-demographic dividend,PRE,GDP per capita (current US$),NY.GDP.PCAP.CD,2005,815.454464076119
Puerto Rico (US),PRI,GDP per capita (current US$),NY.GDP.PCAP.CD,2005,21959.322696986
Portugal,PRT,GDP per capita (current US$),NY.GDP.PCAP.CD,2005,18780.12751241
Paraguay,PRY,GDP per capita (current US$),NY.GDP.PCAP.CD,2005,1970.87169852378
West Bank and Gaza,PSE,GDP per capita (current US$),NY.GDP.PCAP.CD,2005,1543.70141392774
Pacific island small states,PSS,GDP per capita (current US$),NY.GDP.PCAP.CD,2005,2492.38724073066
Post-demographic dividend,PST,GDP per capita (current US$),NY.GDP.PCAP.CD,2005,34219.0204237417
French Polynesia,PYF,GDP per capita (current US$),NY.GDP.PCAP.CD,2005,21984.1936230719
Qatar,QAT,GDP per capita (current US$),NY.GDP.PCAP.CD,2005,53949.6764091147
Romania,ROU,GDP per capita (current US$),NY.GDP.PCAP.CD,2005,4618.00350802913
Russian Federation,RUS,GDP per capita (current US$),NY.GDP.PCAP.CD,2005,5323.455078125
Rwanda,RWA,GDP per capita (current US$),NY.GDP.PCAP.CD,2005,324.016863847189
South Asia,SAS,GDP per capita (current US$),NY.GDP.PCAP.CD,2005,686.338193475473
Saudi Arabia,SAU,GDP per capita (current US$),NY.GDP.PCAP.CD,2005,15975.7473782258
Sudan,SDN,GDP per capita (current US$),NY.GDP.PCAP.CD,2005,905.543640136719
Senegal,SEN,GDP per capita (current US$),NY.GDP.PCAP.CD,2005,979.846101520171
Singapore,SGP,GDP per capita (current US$),NY.GDP.PCAP.CD,2005,29961.3172812732
Solomon Islands,SLB,GDP per capita (current US$),NY.GDP.PCAP.CD,2005,1144.49233397681
Sierra Leone,SLE,GDP per capita (current US$),NY.GDP.PCAP.CD,2005,462.633324427945
El Salvador,SLV,GDP per capita (current US$),NY.GDP.PCAP.CD,2005,2447.39140845394
San Marino,SMR,GDP per capita (current US$),NY.GDP.PCAP.CD,2005,59877.8005839737
"Somalia, Fed. Rep.",SOM,GDP per capita (current US$),NY.GDP.PCAP.CD,2005,439.979907805478
Serbia,SRB,GDP per capita (current US$),NY.GDP.PCAP.CD,2005,3807.97417321786
Sub-Saharan Africa (excluding high income),SSA,GDP per capita (current US$),NY.GDP.PCAP.CD,2005,1174.63116054875
Sub-Saharan Africa,SSF,GDP per capita (current US$),NY.GDP.PCAP.CD,2005,1073.52977403181
Small states,SST,GDP per capita (current US$),NY.GDP.PCAP.CD,2005,7779.765881341
Sao Tome and Principe,STP,GDP per capita (current US$),NY.GDP.PCAP.CD,2005,844.169181884274
Suriname,SUR,GDP per capita (current US$),NY.GDP.PCAP.CD,2005,3453.42865937765
Slovak Republic,SVK,GDP per capita (current US$),NY.GDP.PCAP.CD,2005,11641.5410321763
Slovenia,SVN,GDP per capita (current US$),NY.GDP.PCAP.CD,2005,17969.7095907161
Sweden,SWE,GDP per capita (current US$),NY.GDP.PCAP.CD,2005,43378.4077394363
Eswatini,SWZ,GDP per capita (current US$),NY.GDP.PCAP.CD,2005,2871.06877437449
Seychelles,SYC,GDP per capita (current US$),NY.GDP.PCAP.CD,2005,11802.1118276833
Syrian Arab Republic,SYR,GDP per capita (current US$),NY.GDP.PCAP.CD,2005,1533.90166536568
Turks and Caicos Islands,TCA,GDP per capita (current US$),NY.GDP.PCAP.CD,2005,24122.3028180757
Chad,TCD,GDP per capita (current US$),NY.GDP.PCAP.CD,2005,838.092107712557
East Asia & Pacific (IDA & IBRD countries),TEA,GDP per capita (current US$),NY.GDP.PCAP.CD,2005,1673.19096529507
Europe & Central Asia (IDA & IBRD countries),TEC,GDP per capita (current US$),NY.GDP.PCAP.CD,2005,4660.80836930066
Togo,TGO,GDP per capita (current US$),NY.GDP.PCAP.CD,2005,551.259850017077
Thailand,THA,GDP per capita (current US$),NY.GDP.PCAP.CD,2005,2867.70383436062
Tajikistan,TJK,GDP per capita (current US$),NY.GDP.PCAP.CD,2005,333.927150941684
Turkmenistan,TKM,GDP per capita (current US$),NY.GDP.PCAP.CD,2005,1604.01618452312
Latin America & the Caribbean (IDA & IBRD countries),TLA,GDP per capita (current US$),NY.GDP.PCAP.CD,2005,5103.97068943224
Timor-Leste,TLS,GDP per capita (current US$),NY.GDP.PCAP.CD,2005,487.464506929223
"Middle East, North Africa, Afghanistan & Pakistan (IDA & IBRD)",TMN,GDP per capita (current US$),NY.GDP.PCAP.CD,2005,1657.84296915154
Tonga,TON,GDP per capita (current US$),NY.GDP.PCAP.CD,2005,2477.72620144825
South Asia (IDA & IBRD),TSA,GDP per capita (current US$),NY.GDP.PCAP.CD,2005,686.338193475473
Sub-Saharan Africa (IDA & IBRD countries),TSS,GDP per capita (current US$),NY.GDP.PCAP.CD,2005,1073.52977403181
Trinidad and Tobago,TTO,GDP per capita (current US$),NY.GDP.PCAP.CD,2005,12346.4373094075
Tunisia,TUN,GDP per capita (current US$),NY.GDP.PCAP.CD,2005,3146.8260743927
Turkiye,TUR,GDP per capita (current US$),NY.GDP.PCAP.CD,2005,7331.85429430255
Tuvalu,TUV,GDP per capita (current US$),NY.GDP.PCAP.CD,2005,2304.82694329052
Tanzania,TZA,GDP per capita (current US$),NY.GDP.PCAP.CD,2005,483.334869384766
Uganda,UGA,GDP per capita (current US$),NY.GDP.PCAP.CD,2005,330.405402707025
Ukraine,UKR,GDP per capita (current US$),NY.GDP.PCAP.CD,2005,1875.33508300781
Upper middle income,UMC,GDP per capita (current US$),NY.GDP.PCAP.CD,2005,2788.28442311953
Uruguay,URY,GDP per capita (current US$),NY.GDP.PCAP.CD,2005,5284.25677987129
United States,USA,GDP per capita (current US$),NY.GDP.PCAP.CD,2005,44123.4070679055
Uzbekistan,UZB,GDP per capita (current US$),NY.GDP.PCAP.CD,2005,542.835808692209
St. Vincent and the Grenadines,VCT,GDP per capita (current US$),NY.GDP.PCAP.CD,2005,5157.39373878102
"Venezuela, RB",VEN,GDP per capita (current US$),NY.GDP.PCAP.CD,2005,5432.4854184654
Virgin Islands (U.S.),VIR,GDP per capita (current US$),NY.GDP.PCAP.CD,2005,40828.7460927775
Viet Nam,VNM,GDP per capita (current US$),NY.GDP.PCAP.CD,2005,710.746759994861
Vanuatu,VUT,GDP per capita (current US$),NY.GDP.PCAP.CD,2005,1873.99142640619
World,WLD,GDP per capita (current US$),NY.GDP.PCAP.CD,2005,7284.31331023762
Samoa,WSM,GDP per capita (current US$),NY.GDP.PCAP.CD,2005,2550.04221437511
"Yemen, Rep.",YEM,GDP per capita (current US$),NY.GDP.PCAP.CD,2005,734.159908450927
South Africa,ZAF,GDP per capita (current US$),NY.GDP.PCAP.CD,2005,5836.87663325127
Zambia,ZMB,GDP per capita (current US$),NY.GDP.PCAP.CD,2005,710.982068171696
Zimbabwe,ZWE,GDP per capita (current US$),NY.GDP.PCAP.CD,2005,461.271387547912
Aruba,ABW,GDP per capita (current US$),NY.GDP.PCAP.CD,2006,24845.65848362
Africa Eastern and Southern,AFE,GDP per capita (current US$),NY.GDP.PCAP.CD,2006,1235.26660811771
Afghanistan,AFG,GDP per capita (current US$),NY.GDP.PCAP.CD,2006,274.218553561575
Africa Western and Central,AFW,GDP per capita (current US$),NY.GDP.PCAP.CD,2006,1234.64185574403
Angola,AGO,GDP per capita (current US$),NY.GDP.PCAP.CD,2006,2930.4442860732
Albania,ALB,GDP per capita (current US$),NY.GDP.PCAP.CD,2006,3057.77257038113
Andorra,AND,GDP per capita (current US$),NY.GDP.PCAP.CD,2006,43467.1963063068
Arab World,ARB,GDP per capita (current US$),NY.GDP.PCAP.CD,2006,4355.05756933724
United Arab Emirates,ARE,GDP per capita (current US$),NY.GDP.PCAP.CD,2006,44342.6048322482
Argentina,ARG,GDP per capita (current US$),NY.GDP.PCAP.CD,2006,5869.38028970204
Armenia,ARM,GDP per capita (current US$),NY.GDP.PCAP.CD,2006,2041.65267068997
American Samoa,ASM,GDP per capita (current US$),NY.GDP.PCAP.CD,2006,8745.16621137404
Antigua and Barbuda,ATG,GDP per capita (current US$),NY.GDP.PCAP.CD,2006,16173.8136329968
Australia,AUS,GDP per capita (current US$),NY.GDP.PCAP.CD,2006,36658.8243476122
Austria,AUT,GDP per capita (current US$),NY.GDP.PCAP.CD,2006,40382.2078298575
Azerbaijan,AZE,GDP per capita (current US$),NY.GDP.PCAP.CD,2006,2472.95725732287
Burundi,BDI,GDP per capita (current US$),NY.GDP.PCAP.CD,2006,161.892755640319
Belgium,BEL,GDP per capita (current US$),NY.GDP.PCAP.CD,2006,38705.1067959147
Benin,BEN,GDP per capita (current US$),NY.GDP.PCAP.CD,2006,809.147072506221
Burkina Faso,BFA,GDP per capita (current US$),NY.GDP.PCAP.CD,2006,455.513655620024
Bangladesh,BGD,GDP per capita (current US$),NY.GDP.PCAP.CD,2006,490.388026533289
Bulgaria,BGR,GDP per capita (current US$),NY.GDP.PCAP.CD,2006,4523.1465578805
Bahrain,BHR,GDP per capita (current US$),NY.GDP.PCAP.CD,2006,19267.282615072
"Bahamas, The",BHS,GDP per capita (current US$),NY.GDP.PCAP.CD,2006,29184.7865087908
Bosnia and Herzegovina,BIH,GDP per capita (current US$),NY.GDP.PCAP.CD,2006,3166.12865344833
Belarus,BLR,GDP per capita (current US$),NY.GDP.PCAP.CD,2006,3848.22350300163
Belize,BLZ,GDP per capita (current US$),NY.GDP.PCAP.CD,2006,5524.78167834986
Bermuda,BMU,GDP per capita (current US$),NY.GDP.PCAP.CD,2006,97781.4558996721
Bolivia,BOL,GDP per capita (current US$),NY.GDP.PCAP.CD,2006,1202.71150446327
Brazil,BRA,GDP per capita (current US$),NY.GDP.PCAP.CD,2006,5934.14561857454
Barbados,BRB,GDP per capita (current US$),NY.GDP.PCAP.CD,2006,15619.6005955511
Brunei Darussalam,BRN,GDP per capita (current US$),NY.GDP.PCAP.CD,2006,34674.7995236452
Bhutan,BTN,GDP per capita (current US$),NY.GDP.PCAP.CD,2006,1405.6071618158
Botswana,BWA,GDP per capita (current US$),NY.GDP.PCAP.CD,2006,5291.58379144849
Central African Republic,CAF,GDP per capita (current US$),NY.GDP.PCAP.CD,2006,333.942519903031
Canada,CAN,GDP per capita (current US$),NY.GDP.PCAP.CD,2006,40504.0370977806
Central Europe and the Baltics,CEB,GDP per capita (current US$),NY.GDP.PCAP.CD,2006,9466.68526162197
Switzerland,CHE,GDP per capita (current US$),NY.GDP.PCAP.CD,2006,59011.0324592016
Channel Islands,CHI,GDP per capita (current US$),NY.GDP.PCAP.CD,2006,62745.1006593557
Chile,CHL,GDP per capita (current US$),NY.GDP.PCAP.CD,2006,9318.65655296121
China,CHN,GDP per capita (current US$),NY.GDP.PCAP.CD,2006,2129.25696999613
Cote d'Ivoire,CIV,GDP per capita (current US$),NY.GDP.PCAP.CD,2006,1230.43056838584
Cameroon,CMR,GDP per capita (current US$),NY.GDP.PCAP.CD,2006,1191.45458990968
"Congo, Dem. Rep.",COD,GDP per capita (current US$),NY.GDP.PCAP.CD,2006,255.445229568751
"Congo, Rep.",COG,GDP per capita (current US$),NY.GDP.PCAP.CD,2006,2103.5821381211
Colombia,COL,GDP per capita (current US$),NY.GDP.PCAP.CD,2006,3789.85361217027
Comoros,COM,GDP per capita (current US$),NY.GDP.PCAP.CD,2006,1138.47908404345
Cabo Verde,CPV,GDP per capita (current US$),NY.GDP.PCAP.CD,2006,2256.99666191075
Costa Rica,CRI,GDP per capita (current US$),NY.GDP.PCAP.CD,2006,5256.59640859159
Caribbean small states,CSS,GDP per capita (current US$),NY.GDP.PCAP.CD,2006,10883.0475520742
Cuba,CUB,GDP per capita (current US$),NY.GDP.PCAP.CD,2006,4329.98265964383
Curacao,CUW,GDP per capita (current US$),NY.GDP.PCAP.CD,2006,17400.1637780186
Cayman Islands,CYM,GDP per capita (current US$),NY.GDP.PCAP.CD,2006,87085.0945866141
Cyprus,CYP,GDP per capita (current US$),NY.GDP.PCAP.CD,2006,26729.28125
Czechia,CZE,GDP per capita (current US$),NY.GDP.PCAP.CD,2006,15259.0788162004
Germany,DEU,GDP per capita (current US$),NY.GDP.PCAP.CD,2006,36980.3349948954
Djibouti,DJI,GDP per capita (current US$),NY.GDP.PCAP.CD,2006,898.464628136774
Dominica,DMA,GDP per capita (current US$),NY.GDP.PCAP.CD,2006,6055.78109574854
Denmark,DNK,GDP per capita (current US$),NY.GDP.PCAP.CD,2006,52119.1787984282
Dominican Republic,DOM,GDP per capita (current US$),NY.GDP.PCAP.CD,2006,4055.14270347371
Algeria,DZA,GDP per capita (current US$),NY.GDP.PCAP.CD,2006,3660.66104745322
East Asia & Pacific (excluding high income),EAP,GDP per capita (current US$),NY.GDP.PCAP.CD,2006,1976.63130651455
Early-demographic dividend,EAR,GDP per capita (current US$),NY.GDP.PCAP.CD,2006,2011.10903452871
East Asia & Pacific,EAS,GDP per capita (current US$),NY.GDP.PCAP.CD,2006,5170.318905428
Europe & Central Asia (excluding high income),ECA,GDP per capita (current US$),NY.GDP.PCAP.CD,2006,4142.44695498675
Europe & Central Asia,ECS,GDP per capita (current US$),NY.GDP.PCAP.CD,2006,20766.9170925859
Ecuador,ECU,GDP per capita (current US$),NY.GDP.PCAP.CD,2006,3243.67010359339
"Egypt, Arab Rep.",EGY,GDP per capita (current US$),NY.GDP.PCAP.CD,2006,1298.97900203124
Euro area,EMU,GDP per capita (current US$),NY.GDP.PCAP.CD,2006,33646.2303491169
Eritrea,ERI,GDP per capita (current US$),NY.GDP.PCAP.CD,2006,447.997404727201
Spain,ESP,GDP per capita (current US$),NY.GDP.PCAP.CD,2006,28421.686527407
Estonia,EST,GDP per capita (current US$),NY.GDP.PCAP.CD,2006,12641.4800976473
Ethiopia,ETH,GDP per capita (current US$),NY.GDP.PCAP.CD,2006,189.345737521418
European Union,EUU,GDP per capita (current US$),NY.GDP.PCAP.CD,2006,29200.5809467343
Fragile and conflict affected situations,FCS,GDP per capita (current US$),NY.GDP.PCAP.CD,2006,1319.3385305318
Finland,FIN,GDP per capita (current US$),NY.GDP.PCAP.CD,2006,41214.0187765069
Fiji,FJI,GDP per capita (current US$),NY.GDP.PCAP.CD,2006,3455.10599907349
France,FRA,GDP per capita (current US$),NY.GDP.PCAP.CD,2006,36431.5658906555
Faroe Islands,FRO,GDP per capita (current US$),NY.GDP.PCAP.CD,2006,41743.6812847661
"Micronesia, Fed. Sts.",FSM,GDP per capita (current US$),NY.GDP.PCAP.CD,2006,2244.97227274486
Gabon,GAB,GDP per capita (current US$),NY.GDP.PCAP.CD,2006,6847.00985685394
United Kingdom,GBR,GDP per capita (current US$),NY.GDP.PCAP.CD,2006,44695.161023424
Georgia,GEO,GDP per capita (current US$),NY.GDP.PCAP.CD,2006,1996.02013272284
Ghana,GHA,GDP per capita (current US$),NY.GDP.PCAP.CD,2006,906.441027564887
Guinea,GIN,GDP per capita (current US$),NY.GDP.PCAP.CD,2006,446.980554135013
"Gambia, The",GMB,GDP per capita (current US$),NY.GDP.PCAP.CD,2006,614.544307904464
Guinea-Bissau,GNB,GDP per capita (current US$),NY.GDP.PCAP.CD,2006,448.513075469701
Equatorial Guinea,GNQ,GDP per capita (current US$),NY.GDP.PCAP.CD,2006,10184.8841248541
Greece,GRC,GDP per capita (current US$),NY.GDP.PCAP.CD,2006,24416.0232970275
Grenada,GRD,GDP per capita (current US$),NY.GDP.PCAP.CD,2006,6344.0383771432
Greenland,GRL,GDP per capita (current US$),NY.GDP.PCAP.CD,2006,35457.6297578214
Guatemala,GTM,GDP per capita (current US$),NY.GDP.PCAP.CD,2006,2225.1234753878
Guam,GUM,GDP per capita (current US$),NY.GDP.PCAP.CD,2006,25709.9351488422
Guyana,GUY,GDP per capita (current US$),NY.GDP.PCAP.CD,2006,3135.60553528326
High income,HIC,GDP per capita (current US$),NY.GDP.PCAP.CD,2006,31710.7967236991
"Hong Kong SAR, China",HKG,GDP per capita (current US$),NY.GDP.PCAP.CD,2006,28224.0951563146
Honduras,HND,GDP per capita (current US$),NY.GDP.PCAP.CD,2006,1425.84780051892
Heavily indebted poor countries (HIPC),HPC,GDP per capita (current US$),NY.GDP.PCAP.CD,2006,593.211178044594
Croatia,HRV,GDP per capita (current US$),NY.GDP.PCAP.CD,2006,11501.2099669894
Haiti,HTI,GDP per capita (current US$),NY.GDP.PCAP.CD,2006,828.805700289589
Hungary,HUN,GDP per capita (current US$),NY.GDP.PCAP.CD,2006,11478.4891640501
IBRD only,IBD,GDP per capita (current US$),NY.GDP.PCAP.CD,2006,2700.5582098436
IDA & IBRD total,IBT,GDP per capita (current US$),NY.GDP.PCAP.CD,2006,2247.71696802584
IDA total,IDA,GDP per capita (current US$),NY.GDP.PCAP.CD,2006,775.4811759604
IDA blend,IDB,GDP per capita (current US$),NY.GDP.PCAP.CD,2006,1148.89181904758
Indonesia,IDN,GDP per capita (current US$),NY.GDP.PCAP.CD,2006,1558.31562847163
IDA only,IDX,GDP per capita (current US$),NY.GDP.PCAP.CD,2006,573.825446583336
Isle of Man,IMN,GDP per capita (current US$),NY.GDP.PCAP.CD,2006,42627.5089352891
India,IND,GDP per capita (current US$),NY.GDP.PCAP.CD,2006,801.668353659022
Ireland,IRL,GDP per capita (current US$),NY.GDP.PCAP.CD,2006,54329.1618599624
"Iran, Islamic Rep.",IRN,GDP per capita (current US$),NY.GDP.PCAP.CD,2006,3618.91601364428
Iraq,IRQ,GDP per capita (current US$),NY.GDP.PCAP.CD,2006,2276.55435744086
Iceland,ISL,GDP per capita (current US$),NY.GDP.PCAP.CD,2006,58172.1426656622
Israel,ISR,GDP per capita (current US$),NY.GDP.PCAP.CD,2006,22527.2619795719
Italy,ITA,GDP per capita (current US$),NY.GDP.PCAP.CD,2006,33537.1286994269
Jamaica,JAM,GDP per capita (current US$),NY.GDP.PCAP.CD,2006,4417.00127135363
Jordan,JOR,GDP per capita (current US$),NY.GDP.PCAP.CD,2006,2342.63459574933
Japan,JPN,GDP per capita (current US$),NY.GDP.PCAP.CD,2006,35991.546002862
Kazakhstan,KAZ,GDP per capita (current US$),NY.GDP.PCAP.CD,2006,5030.13494711519
Kenya,KEN,GDP per capita (current US$),NY.GDP.PCAP.CD,2006,699.80237063381
Kyrgyz Republic,KGZ,GDP per capita (current US$),NY.GDP.PCAP.CD,2006,543.113512472219
Cambodia,KHM,GDP per capita (current US$),NY.GDP.PCAP.CD,2006,612.252648550727
Kiribati,KIR,GDP per capita (current US$),NY.GDP.PCAP.CD,2006,1123.19258990684
St. Kitts and Nevis,KNA,GDP per capita (current US$),NY.GDP.PCAP.CD,2006,13837.8495311219
"Korea, Rep.",KOR,GDP per capita (current US$),NY.GDP.PCAP.CD,2006,22609.7059431449
Kuwait,KWT,GDP per capita (current US$),NY.GDP.PCAP.CD,2006,42946.6374104066
Latin America & Caribbean (excluding high income),LAC,GDP per capita (current US$),NY.GDP.PCAP.CD,2006,5717.84447760414
Lao PDR,LAO,GDP per capita (current US$),NY.GDP.PCAP.CD,2006,579.391947440719
Lebanon,LBN,GDP per capita (current US$),NY.GDP.PCAP.CD,2006,4635.2514117486
Liberia,LBR,GDP per capita (current US$),NY.GDP.PCAP.CD,2006,320.55808618515
Libya,LBY,GDP per capita (current US$),NY.GDP.PCAP.CD,2006,10048.8480434289
St. Lucia,LCA,GDP per capita (current US$),NY.GDP.PCAP.CD,2006,7611.17856675319
Latin America & Caribbean,LCN,GDP per capita (current US$),NY.GDP.PCAP.CD,2006,6047.73425729833
Least developed countries: UN classification,LDC,GDP per capita (current US$),NY.GDP.PCAP.CD,2006,552.743616465105
Low income,LIC,GDP per capita (current US$),NY.GDP.PCAP.CD,2006,586.100552264911
Liechtenstein,LIE,GDP per capita (current US$),NY.GDP.PCAP.CD,2006,114167.939211301
Sri Lanka,LKA,GDP per capita (current US$),NY.GDP.PCAP.CD,2006,1388.89739119932
Lower middle income,LMC,GDP per capita (current US$),NY.GDP.PCAP.CD,2006,941.244764118773
Low & middle income,LMY,GDP per capita (current US$),NY.GDP.PCAP.CD,2006,2015.80026970912
Lesotho,LSO,GDP per capita (current US$),NY.GDP.PCAP.CD,2006,925.467485502842
Late-demographic dividend,LTE,GDP per capita (current US$),NY.GDP.PCAP.CD,2006,3525.67817486105
Lithuania,LTU,GDP per capita (current US$),NY.GDP.PCAP.CD,2006,9210.10118229413
Luxembourg,LUX,GDP per capita (current US$),NY.GDP.PCAP.CD,2006,90788.8004876145
Latvia,LVA,GDP per capita (current US$),NY.GDP.PCAP.CD,2006,9211.7374468148
"Macao SAR, China",MAC,GDP per capita (current US$),NY.GDP.PCAP.CD,2006,29813.7877167933
Morocco,MAR,GDP per capita (current US$),NY.GDP.PCAP.CD,2006,2438.12646484375
Monaco,MCO,GDP per capita (current US$),NY.GDP.PCAP.CD,2006,143083.461107202
Moldova,MDA,GDP per capita (current US$),NY.GDP.PCAP.CD,2006,1183.02481442894
Madagascar,MDG,GDP per capita (current US$),NY.GDP.PCAP.CD,2006,324.146874882604
Maldives,MDV,GDP per capita (current US$),NY.GDP.PCAP.CD,2006,5018.94335409159
"Middle East, North Africa, Afghanistan & Pakistan",MEA,GDP per capita (current US$),NY.GDP.PCAP.CD,2006,3482.47657906214
Mexico,MEX,GDP per capita (current US$),NY.GDP.PCAP.CD,2006,9512.63575346699
Marshall Islands,MHL,GDP per capita (current US$),NY.GDP.PCAP.CD,2006,2754.26988767503
Middle income,MIC,GDP per capita (current US$),NY.GDP.PCAP.CD,2006,2129.1210373952
North Macedonia,MKD,GDP per capita (current US$),NY.GDP.PCAP.CD,2006,3440.4411057968
Mali,MLI,GDP per capita (current US$),NY.GDP.PCAP.CD,2006,586.985415515264
Malta,MLT,GDP per capita (current US$),NY.GDP.PCAP.CD,2006,16653.6036929688
Myanmar,MMR,GDP per capita (current US$),NY.GDP.PCAP.CD,2006,303.495087119254
"Middle East, North Africa, Afghanistan & Pakistan (excluding high income)",MNA,GDP per capita (current US$),NY.GDP.PCAP.CD,2006,1883.1206783718
Montenegro,MNE,GDP per capita (current US$),NY.GDP.PCAP.CD,2006,4418.84951521682
Mongolia,MNG,GDP per capita (current US$),NY.GDP.PCAP.CD,2006,1329.89179579053
Northern Mariana Islands,MNP,GDP per capita (current US$),NY.GDP.PCAP.CD,2006,16314.5578590027
Mozambique,MOZ,GDP per capita (current US$),NY.GDP.PCAP.CD,2006,457.487647833183
Mauritania,MRT,GDP per capita (current US$),NY.GDP.PCAP.CD,2006,1300.60367988659
Mauritius,MUS,GDP per capita (current US$),NY.GDP.PCAP.CD,2006,5784.22491883026
Malawi,MWI,GDP per capita (current US$),NY.GDP.PCAP.CD,2006,440.822149023873
Malaysia,MYS,GDP per capita (current US$),NY.GDP.PCAP.CD,2006,6158.40785533236
North America,NAC,GDP per capita (current US$),NY.GDP.PCAP.CD,2006,45741.2633538401
Namibia,NAM,GDP per capita (current US$),NY.GDP.PCAP.CD,2006,4017.1834716928
New Caledonia,NCL,GDP per capita (current US$),NY.GDP.PCAP.CD,2006,28193.2537573387
Niger,NER,GDP per capita (current US$),NY.GDP.PCAP.CD,2006,333.345078419447
Nigeria,NGA,GDP per capita (current US$),NY.GDP.PCAP.CD,2006,1599.53891556365
Nicaragua,NIC,GDP per capita (current US$),NY.GDP.PCAP.CD,2006,1248.17371577788
Netherlands,NLD,GDP per capita (current US$),NY.GDP.PCAP.CD,2006,45123.5432406426
Norway,NOR,GDP per capita (current US$),NY.GDP.PCAP.CD,2006,74434.4996835671
Nepal,NPL,GDP per capita (current US$),NY.GDP.PCAP.CD,2006,340.431796437968
Nauru,NRU,GDP per capita (current US$),NY.GDP.PCAP.CD,2006,2910.14145794684
New Zealand,NZL,GDP per capita (current US$),NY.GDP.PCAP.CD,2006,26654.5932018985
OECD members,OED,GDP per capita (current US$),NY.GDP.PCAP.CD,2006,31719.3360872902
Oman,OMN,GDP per capita (current US$),NY.GDP.PCAP.CD,2006,16930.8565071853
Other small states,OSS,GDP per capita (current US$),NY.GDP.PCAP.CD,2006,9046.58680529661
Pakistan,PAK,GDP per capita (current US$),NY.GDP.PCAP.CD,2006,900.873564984808
Panama,PAN,GDP per capita (current US$),NY.GDP.PCAP.CD,2006,5528.76705854901
Peru,PER,GDP per capita (current US$),NY.GDP.PCAP.CD,2006,3129.55996496982
Philippines,PHL,GDP per capita (current US$),NY.GDP.PCAP.CD,2006,1426.14649179546
Palau,PLW,GDP per capita (current US$),NY.GDP.PCAP.CD,2006,9881.65970716981
Papua New Guinea,PNG,GDP per capita (current US$),NY.GDP.PCAP.CD,2006,1238.18282926706
Poland,POL,GDP per capita (current US$),NY.GDP.PCAP.CD,2006,9068.85528307627
Pre-demographic dividend,PRE,GDP per capita (current US$),NY.GDP.PCAP.CD,2006,997.421514005206
Puerto Rico (US),PRI,GDP per capita (current US$),NY.GDP.PCAP.CD,2006,22935.9411586313
Portugal,PRT,GDP per capita (current US$),NY.GDP.PCAP.CD,2006,19839.4540499032
Paraguay,PRY,GDP per capita (current US$),NY.GDP.PCAP.CD,2006,2439.43124694576
West Bank and Gaza,PSE,GDP per capita (current US$),NY.GDP.PCAP.CD,2006,1570.10439962728
Pacific island small states,PSS,GDP per capita (current US$),NY.GDP.PCAP.CD,2006,2586.87375078468
Post-demographic dividend,PST,GDP per capita (current US$),NY.GDP.PCAP.CD,2006,35820.4258144709
French Polynesia,PYF,GDP per capita (current US$),NY.GDP.PCAP.CD,2006,22330.8676659055
Qatar,QAT,GDP per capita (current US$),NY.GDP.PCAP.CD,2006,62582.4453138755
Romania,ROU,GDP per capita (current US$),NY.GDP.PCAP.CD,2006,5757.53127301178
Russian Federation,RUS,GDP per capita (current US$),NY.GDP.PCAP.CD,2006,6920.19970703125
Rwanda,RWA,GDP per capita (current US$),NY.GDP.PCAP.CD,2006,356.995022901154
South Asia,SAS,GDP per capita (current US$),NY.GDP.PCAP.CD,2006,769.378704313512
Saudi Arabia,SAU,GDP per capita (current US$),NY.GDP.PCAP.CD,2006,17563.6145370639
Sudan,SDN,GDP per capita (current US$),NY.GDP.PCAP.CD,2006,1132.474609375
Senegal,SEN,GDP per capita (current US$),NY.GDP.PCAP.CD,2006,1017.20196747987
Singapore,SGP,GDP per capita (current US$),NY.GDP.PCAP.CD,2006,33768.4528234651
Solomon Islands,SLB,GDP per capita (current US$),NY.GDP.PCAP.CD,2006,1255.62447417684
Sierra Leone,SLE,GDP per capita (current US$),NY.GDP.PCAP.CD,2006,580.26796974773
El Salvador,SLV,GDP per capita (current US$),NY.GDP.PCAP.CD,2006,2665.61807194853
San Marino,SMR,GDP per capita (current US$),NY.GDP.PCAP.CD,2006,63270.7780755157
"Somalia, Fed. Rep.",SOM,GDP per capita (current US$),NY.GDP.PCAP.CD,2006,457.996662206659
Serbia,SRB,GDP per capita (current US$),NY.GDP.PCAP.CD,2006,4492.7136699046
Sub-Saharan Africa (excluding high income),SSA,GDP per capita (current US$),NY.GDP.PCAP.CD,2006,1349.88715192875
Sub-Saharan Africa,SSF,GDP per capita (current US$),NY.GDP.PCAP.CD,2006,1234.13340009531
Small states,SST,GDP per capita (current US$),NY.GDP.PCAP.CD,2006,8649.72106282857
Sao Tome and Principe,STP,GDP per capita (current US$),NY.GDP.PCAP.CD,2006,861.970707697664
Suriname,SUR,GDP per capita (current US$),NY.GDP.PCAP.CD,2006,5002.65798695759
Slovak Republic,SVK,GDP per capita (current US$),NY.GDP.PCAP.CD,2006,13167.8954730379
Slovenia,SVN,GDP per capita (current US$),NY.GDP.PCAP.CD,2006,19563.005059144
Sweden,SWE,GDP per capita (current US$),NY.GDP.PCAP.CD,2006,46531.3762240485
Eswatini,SWZ,GDP per capita (current US$),NY.GDP.PCAP.CD,2006,2964.95865200682
Seychelles,SYC,GDP per capita (current US$),NY.GDP.PCAP.CD,2006,12782.9938926475
Syrian Arab Republic,SYR,GDP per capita (current US$),NY.GDP.PCAP.CD,2006,1718.78347217338
Turks and Caicos Islands,TCA,GDP per capita (current US$),NY.GDP.PCAP.CD,2006,28734.2873064523
Chad,TCD,GDP per capita (current US$),NY.GDP.PCAP.CD,2006,906.897260572747
East Asia & Pacific (IDA & IBRD countries),TEA,GDP per capita (current US$),NY.GDP.PCAP.CD,2006,1999.86070779606
Europe & Central Asia (IDA & IBRD countries),TEC,GDP per capita (current US$),NY.GDP.PCAP.CD,2006,5632.99003233827
Togo,TGO,GDP per capita (current US$),NY.GDP.PCAP.CD,2006,552.50227125256
Thailand,THA,GDP per capita (current US$),NY.GDP.PCAP.CD,2006,3331.32043511773
Tajikistan,TJK,GDP per capita (current US$),NY.GDP.PCAP.CD,2006,401.018403316427
Turkmenistan,TKM,GDP per capita (current US$),NY.GDP.PCAP.CD,2006,1996.59310717308
Latin America & the Caribbean (IDA & IBRD countries),TLA,GDP per capita (current US$),NY.GDP.PCAP.CD,2006,5926.88266865219
Timor-Leste,TLS,GDP per capita (current US$),NY.GDP.PCAP.CD,2006,464.667016791076
"Middle East, North Africa, Afghanistan & Pakistan (IDA & IBRD)",TMN,GDP per capita (current US$),NY.GDP.PCAP.CD,2006,1885.14870247669
Tonga,TON,GDP per capita (current US$),NY.GDP.PCAP.CD,2006,2750.34778600857
South Asia (IDA & IBRD),TSA,GDP per capita (current US$),NY.GDP.PCAP.CD,2006,769.378704313512
Sub-Saharan Africa (IDA & IBRD countries),TSS,GDP per capita (current US$),NY.GDP.PCAP.CD,2006,1234.13340009531
Trinidad and Tobago,TTO,GDP per capita (current US$),NY.GDP.PCAP.CD,2006,14152.6607422113
Tunisia,TUN,GDP per capita (current US$),NY.GDP.PCAP.CD,2006,3322.56933570096
Turkiye,TUR,GDP per capita (current US$),NY.GDP.PCAP.CD,2006,7990.08251407245
Tuvalu,TUV,GDP per capita (current US$),NY.GDP.PCAP.CD,2006,2396.26844307702
Tanzania,TZA,GDP per capita (current US$),NY.GDP.PCAP.CD,2006,475.746734619141
Uganda,UGA,GDP per capita (current US$),NY.GDP.PCAP.CD,2006,346.518255310647
Ukraine,UKR,GDP per capita (current US$),NY.GDP.PCAP.CD,2006,2366.494140625
Upper middle income,UMC,GDP per capita (current US$),NY.GDP.PCAP.CD,2006,3262.39559875801
Uruguay,URY,GDP per capita (current US$),NY.GDP.PCAP.CD,2006,6001.33294783172
United States,USA,GDP per capita (current US$),NY.GDP.PCAP.CD,2006,46302.0008800056
Uzbekistan,UZB,GDP per capita (current US$),NY.GDP.PCAP.CD,2006,649.118167003925
St. Vincent and the Grenadines,VCT,GDP per capita (current US$),NY.GDP.PCAP.CD,2006,5744.8278621257
"Venezuela, RB",VEN,GDP per capita (current US$),NY.GDP.PCAP.CD,2006,6739.38065342218
Virgin Islands (U.S.),VIR,GDP per capita (current US$),NY.GDP.PCAP.CD,2006,41377.1466009652
Viet Nam,VNM,GDP per capita (current US$),NY.GDP.PCAP.CD,2006,807.756645117054
Vanuatu,VUT,GDP per capita (current US$),NY.GDP.PCAP.CD,2006,2034.79289624351
World,WLD,GDP per capita (current US$),NY.GDP.PCAP.CD,2006,7796.34931015336
Samoa,WSM,GDP per capita (current US$),NY.GDP.PCAP.CD,2006,2663.29135939532
"Yemen, Rep.",YEM,GDP per capita (current US$),NY.GDP.PCAP.CD,2006,809.713127624703
South Africa,ZAF,GDP per capita (current US$),NY.GDP.PCAP.CD,2006,6077.38293388876
Zambia,ZMB,GDP per capita (current US$),NY.GDP.PCAP.CD,2006,1051.71714895686
Zimbabwe,ZWE,GDP per capita (current US$),NY.GDP.PCAP.CD,2006,431.034994414964
Aruba,ABW,GDP per capita (current US$),NY.GDP.PCAP.CD,2007,26736.3089444046
Africa Eastern and Southern,AFE,GDP per capita (current US$),NY.GDP.PCAP.CD,2007,1381.5525968929
Afghanistan,AFG,GDP per capita (current US$),NY.GDP.PCAP.CD,2007,376.223152003876
Africa Western and Central,AFW,GDP per capita (current US$),NY.GDP.PCAP.CD,2007,1405.88018847409
Angola,AGO,GDP per capita (current US$),NY.GDP.PCAP.CD,2007,3515.05678986535
Albania,ALB,GDP per capita (current US$),NY.GDP.PCAP.CD,2007,3743.05529896187
Andorra,AND,GDP per capita (current US$),NY.GDP.PCAP.CD,2007,48336.2548304926
Arab World,ARB,GDP per capita (current US$),NY.GDP.PCAP.CD,2007,4940.7022651172
United Arab Emirates,ARE,GDP per capita (current US$),NY.GDP.PCAP.CD,2007,45854.7325158162
Argentina,ARG,GDP per capita (current US$),NY.GDP.PCAP.CD,2007,7185.25155147027
Armenia,ARM,GDP per capita (current US$),NY.GDP.PCAP.CD,2007,2962.70234594569
American Samoa,ASM,GDP per capita (current US$),NY.GDP.PCAP.CD,2007,9231.37240924563
Antigua and Barbuda,ATG,GDP per capita (current US$),NY.GDP.PCAP.CD,2007,18204.5124043068
Australia,AUS,GDP per capita (current US$),NY.GDP.PCAP.CD,2007,41128.2476618402
Austria,AUT,GDP per capita (current US$),NY.GDP.PCAP.CD,2007,46622.9622913635
Azerbaijan,AZE,GDP per capita (current US$),NY.GDP.PCAP.CD,2007,3851.33015175141
Burundi,BDI,GDP per capita (current US$),NY.GDP.PCAP.CD,2007,166.162744906755
Belgium,BEL,GDP per capita (current US$),NY.GDP.PCAP.CD,2007,44319.165448813
Benin,BEN,GDP per capita (current US$),NY.GDP.PCAP.CD,2007,912.338247188342
Burkina Faso,BFA,GDP per capita (current US$),NY.GDP.PCAP.CD,2007,514.684451177238
Bangladesh,BGD,GDP per capita (current US$),NY.GDP.PCAP.CD,2007,537.955492792911
Bulgaria,BGR,GDP per capita (current US$),NY.GDP.PCAP.CD,2007,5888.57081403932
Bahrain,BHR,GDP per capita (current US$),NY.GDP.PCAP.CD,2007,20908.4042548073
"Bahamas, The",BHS,GDP per capita (current US$),NY.GDP.PCAP.CD,2007,30051.8489587756
Bosnia and Herzegovina,BIH,GDP per capita (current US$),NY.GDP.PCAP.CD,2007,3931.48948737505
Belarus,BLR,GDP per capita (current US$),NY.GDP.PCAP.CD,2007,4735.48107556066
Belize,BLZ,GDP per capita (current US$),NY.GDP.PCAP.CD,2007,5762.21023302938
Bermuda,BMU,GDP per capita (current US$),NY.GDP.PCAP.CD,2007,107395.651483891
Bolivia,BOL,GDP per capita (current US$),NY.GDP.PCAP.CD,2007,1354.54905949929
Brazil,BRA,GDP per capita (current US$),NY.GDP.PCAP.CD,2007,7409.69003822861
Barbados,BRB,GDP per capita (current US$),NY.GDP.PCAP.CD,2007,17235.4396434785
Brunei Darussalam,BRN,GDP per capita (current US$),NY.GDP.PCAP.CD,2007,36217.3290706015
Bhutan,BTN,GDP per capita (current US$),NY.GDP.PCAP.CD,2007,1850.41570433398
Botswana,BWA,GDP per capita (current US$),NY.GDP.PCAP.CD,2007,5529.12574632532
Central African Republic,CAF,GDP per capita (current US$),NY.GDP.PCAP.CD,2007,380.887048839475
Canada,CAN,GDP per capita (current US$),NY.GDP.PCAP.CD,2007,44660.0838892281
Central Europe and the Baltics,CEB,GDP per capita (current US$),NY.GDP.PCAP.CD,2007,11997.2743828359
Switzerland,CHE,GDP per capita (current US$),NY.GDP.PCAP.CD,2007,64989.1553256031
Channel Islands,CHI,GDP per capita (current US$),NY.GDP.PCAP.CD,2007,74139.97799443
Chile,CHL,GDP per capita (current US$),NY.GDP.PCAP.CD,2007,10346.4138184533
China,CHN,GDP per capita (current US$),NY.GDP.PCAP.CD,2007,2734.72709877693
Cote d'Ivoire,CIV,GDP per capita (current US$),NY.GDP.PCAP.CD,2007,1367.53817722326
Cameroon,CMR,GDP per capita (current US$),NY.GDP.PCAP.CD,2007,1325.67248215933
"Congo, Dem. Rep.",COD,GDP per capita (current US$),NY.GDP.PCAP.CD,2007,294.101615124419
"Congo, Rep.",COG,GDP per capita (current US$),NY.GDP.PCAP.CD,2007,2206.47101863414
Colombia,COL,GDP per capita (current US$),NY.GDP.PCAP.CD,2007,4769.926147194
Comoros,COM,GDP per capita (current US$),NY.GDP.PCAP.CD,2007,1289.73631056361
Cabo Verde,CPV,GDP per capita (current US$),NY.GDP.PCAP.CD,2007,3324.57675212498
Costa Rica,CRI,GDP per capita (current US$),NY.GDP.PCAP.CD,2007,6137.71199925542
Caribbean small states,CSS,GDP per capita (current US$),NY.GDP.PCAP.CD,2007,12134.9066978741
Cuba,CUB,GDP per capita (current US$),NY.GDP.PCAP.CD,2007,4807.43888960684
Curacao,CUW,GDP per capita (current US$),NY.GDP.PCAP.CD,2007,18005.7165850772
Cayman Islands,CYM,GDP per capita (current US$),NY.GDP.PCAP.CD,2007,89888.2611264853
Cyprus,CYP,GDP per capita (current US$),NY.GDP.PCAP.CD,2007,31244.87890625
Czechia,CZE,GDP per capita (current US$),NY.GDP.PCAP.CD,2007,18452.6532812196
Germany,DEU,GDP per capita (current US$),NY.GDP.PCAP.CD,2007,42350.9217211489
Djibouti,DJI,GDP per capita (current US$),NY.GDP.PCAP.CD,2007,969.573220191902
Dominica,DMA,GDP per capita (current US$),NY.GDP.PCAP.CD,2007,6459.03503689609
Denmark,DNK,GDP per capita (current US$),NY.GDP.PCAP.CD,2007,58631.6566433635
Dominican Republic,DOM,GDP per capita (current US$),NY.GDP.PCAP.CD,2007,4649.64558875814
Algeria,DZA,GDP per capita (current US$),NY.GDP.PCAP.CD,2007,4167.45169937531
East Asia & Pacific (excluding high income),EAP,GDP per capita (current US$),NY.GDP.PCAP.CD,2007,2481.38704492063
Early-demographic dividend,EAR,GDP per capita (current US$),NY.GDP.PCAP.CD,2007,2342.68810678142
East Asia & Pacific,EAS,GDP per capita (current US$),NY.GDP.PCAP.CD,2007,5739.38750773872
Europe & Central Asia (excluding high income),ECA,GDP per capita (current US$),NY.GDP.PCAP.CD,2007,5206.48238815828
Europe & Central Asia,ECS,GDP per capita (current US$),NY.GDP.PCAP.CD,2007,24195.9334256766
Ecuador,ECU,GDP per capita (current US$),NY.GDP.PCAP.CD,2007,3478.92488770671
"Egypt, Arab Rep.",EGY,GDP per capita (current US$),NY.GDP.PCAP.CD,2007,1547.74170735909
Euro area,EMU,GDP per capita (current US$),NY.GDP.PCAP.CD,2007,38544.2258256115
Eritrea,ERI,GDP per capita (current US$),NY.GDP.PCAP.CD,2007,480.44762365456
Spain,ESP,GDP per capita (current US$),NY.GDP.PCAP.CD,2007,32652.015594702
Estonia,EST,GDP per capita (current US$),NY.GDP.PCAP.CD,2007,16745.4308011148
Ethiopia,ETH,GDP per capita (current US$),NY.GDP.PCAP.CD,2007,237.146255996319
European Union,EUU,GDP per capita (current US$),NY.GDP.PCAP.CD,2007,33704.6636441399
Fragile and conflict affected situations,FCS,GDP per capita (current US$),NY.GDP.PCAP.CD,2007,1578.9042249996
Finland,FIN,GDP per capita (current US$),NY.GDP.PCAP.CD,2007,48473.0240091455
Fiji,FJI,GDP per capita (current US$),NY.GDP.PCAP.CD,2007,3762.74692789299
France,FRA,GDP per capita (current US$),NY.GDP.PCAP.CD,2007,41486.1907828787
Faroe Islands,FRO,GDP per capita (current US$),NY.GDP.PCAP.CD,2007,48348.7393711011
"Micronesia, Fed. Sts.",FSM,GDP per capita (current US$),NY.GDP.PCAP.CD,2007,2293.51341684075
Gabon,GAB,GDP per capita (current US$),NY.GDP.PCAP.CD,2007,8003.54289696049
United Kingdom,GBR,GDP per capita (current US$),NY.GDP.PCAP.CD,2007,50629.0799172887
Georgia,GEO,GDP per capita (current US$),NY.GDP.PCAP.CD,2007,2635.36650276116
Ghana,GHA,GDP per capita (current US$),NY.GDP.PCAP.CD,2007,1050.12461524926
Guinea,GIN,GDP per capita (current US$),NY.GDP.PCAP.CD,2007,650.148575304743
"Gambia, The",GMB,GDP per capita (current US$),NY.GDP.PCAP.CD,2007,724.726407242432
Guinea-Bissau,GNB,GDP per capita (current US$),NY.GDP.PCAP.CD,2007,519.069789794741
Equatorial Guinea,GNQ,GDP per capita (current US$),NY.GDP.PCAP.CD,2007,12616.9532942011
Greece,GRC,GDP per capita (current US$),NY.GDP.PCAP.CD,2007,28440.7625328955
Grenada,GRD,GDP per capita (current US$),NY.GDP.PCAP.CD,2007,6864.54816771858
Greenland,GRL,GDP per capita (current US$),NY.GDP.PCAP.CD,2007,39780.9441368721
Guatemala,GTM,GDP per capita (current US$),NY.GDP.PCAP.CD,2007,2458.81573919384
Guam,GUM,GDP per capita (current US$),NY.GDP.PCAP.CD,2007,26605.4324214756
Guyana,GUY,GDP per capita (current US$),NY.GDP.PCAP.CD,2007,3608.28685240188
High income,HIC,GDP per capita (current US$),NY.GDP.PCAP.CD,2007,34666.0451564196
"Hong Kong SAR, China",HKG,GDP per capita (current US$),NY.GDP.PCAP.CD,2007,30593.9511738646
Honduras,HND,GDP per capita (current US$),NY.GDP.PCAP.CD,2007,1577.73789197407
Heavily indebted poor countries (HIPC),HPC,GDP per capita (current US$),NY.GDP.PCAP.CD,2007,688.372468350697
Croatia,HRV,GDP per capita (current US$),NY.GDP.PCAP.CD,2007,13755.8321073292
Haiti,HTI,GDP per capita (current US$),NY.GDP.PCAP.CD,2007,984.566983448521
Hungary,HUN,GDP per capita (current US$),NY.GDP.PCAP.CD,2007,13934.605460375
IBRD only,IBD,GDP per capita (current US$),NY.GDP.PCAP.CD,2007,3321.08117407742
IDA & IBRD total,IBT,GDP per capita (current US$),NY.GDP.PCAP.CD,2007,2742.68959561751
IDA total,IDA,GDP per capita (current US$),NY.GDP.PCAP.CD,2007,887.832604344602
IDA blend,IDB,GDP per capita (current US$),NY.GDP.PCAP.CD,2007,1296.21736128505
Indonesia,IDN,GDP per capita (current US$),NY.GDP.PCAP.CD,2007,1823.21976255073
IDA only,IDX,GDP per capita (current US$),NY.GDP.PCAP.CD,2007,666.895329303624
Isle of Man,IMN,GDP per capita (current US$),NY.GDP.PCAP.CD,2007,55040.2437046236
India,IND,GDP per capita (current US$),NY.GDP.PCAP.CD,2007,1021.88707706826
Ireland,IRL,GDP per capita (current US$),NY.GDP.PCAP.CD,2007,61396.417461176
"Iran, Islamic Rep.",IRN,GDP per capita (current US$),NY.GDP.PCAP.CD,2007,4687.99166260718
Iraq,IRQ,GDP per capita (current US$),NY.GDP.PCAP.CD,2007,3128.99010329066
Iceland,ISL,GDP per capita (current US$),NY.GDP.PCAP.CD,2007,70483.0117228535
Israel,ISR,GDP per capita (current US$),NY.GDP.PCAP.CD,2007,25721.2594077311
Italy,ITA,GDP per capita (current US$),NY.GDP.PCAP.CD,2007,37826.1754554823
Jamaica,JAM,GDP per capita (current US$),NY.GDP.PCAP.CD,2007,4716.48612542727
Jordan,JOR,GDP per capita (current US$),NY.GDP.PCAP.CD,2007,2506.20599484139
Japan,JPN,GDP per capita (current US$),NY.GDP.PCAP.CD,2007,35779.0245416427
Kazakhstan,KAZ,GDP per capita (current US$),NY.GDP.PCAP.CD,2007,6449.43931096532
Kenya,KEN,GDP per capita (current US$),NY.GDP.PCAP.CD,2007,840.201439476765
Kyrgyz Republic,KGZ,GDP per capita (current US$),NY.GDP.PCAP.CD,2007,721.771577544361
Cambodia,KHM,GDP per capita (current US$),NY.GDP.PCAP.CD,2007,731.692295125426
Kiribati,KIR,GDP per capita (current US$),NY.GDP.PCAP.CD,2007,1352.57814048911
St. Kitts and Nevis,KNA,GDP per capita (current US$),NY.GDP.PCAP.CD,2007,14757.9579751035
"Korea, Rep.",KOR,GDP per capita (current US$),NY.GDP.PCAP.CD,2007,25078.4853957105
Kuwait,KWT,GDP per capita (current US$),NY.GDP.PCAP.CD,2007,45709.4132876371
Latin America & Caribbean (excluding high income),LAC,GDP per capita (current US$),NY.GDP.PCAP.CD,2007,6672.17705130307
Lao PDR,LAO,GDP per capita (current US$),NY.GDP.PCAP.CD,2007,697.323013673925
Lebanon,LBN,GDP per capita (current US$),NY.GDP.PCAP.CD,2007,5125.25809960149
Liberia,LBR,GDP per capita (current US$),NY.GDP.PCAP.CD,2007,374.211308104278
Libya,LBY,GDP per capita (current US$),NY.GDP.PCAP.CD,2007,11144.9448413435
St. Lucia,LCA,GDP per capita (current US$),NY.GDP.PCAP.CD,2007,7964.38211480117
Latin America & Caribbean,LCN,GDP per capita (current US$),NY.GDP.PCAP.CD,2007,7035.79917204557
Least developed countries: UN classification,LDC,GDP per capita (current US$),NY.GDP.PCAP.CD,2007,648.581446944078
Low income,LIC,GDP per capita (current US$),NY.GDP.PCAP.CD,2007,689.11060676483
Liechtenstein,LIE,GDP per capita (current US$),NY.GDP.PCAP.CD,2007,130492.595349517
Sri Lanka,LKA,GDP per capita (current US$),NY.GDP.PCAP.CD,2007,1578.63451125392
Lower middle income,LMC,GDP per capita (current US$),NY.GDP.PCAP.CD,2007,1131.22988752611
Low & middle income,LMY,GDP per capita (current US$),NY.GDP.PCAP.CD,2007,2442.09195354366
Lesotho,LSO,GDP per capita (current US$),NY.GDP.PCAP.CD,2007,861.188420899563
Late-demographic dividend,LTE,GDP per capita (current US$),NY.GDP.PCAP.CD,2007,4413.77838972074
Lithuania,LTU,GDP per capita (current US$),NY.GDP.PCAP.CD,2007,12295.1212779366
Luxembourg,LUX,GDP per capita (current US$),NY.GDP.PCAP.CD,2007,107475.320297978
Latvia,LVA,GDP per capita (current US$),NY.GDP.PCAP.CD,2007,13370.9789452508
"Macao SAR, China",MAC,GDP per capita (current US$),NY.GDP.PCAP.CD,2007,35400.2334659409
Morocco,MAR,GDP per capita (current US$),NY.GDP.PCAP.CD,2007,2755.5859375
Monaco,MCO,GDP per capita (current US$),NY.GDP.PCAP.CD,2007,184558.556593338
Moldova,MDA,GDP per capita (current US$),NY.GDP.PCAP.CD,2007,1531.21618590748
Madagascar,MDG,GDP per capita (current US$),NY.GDP.PCAP.CD,2007,419.548001431865
Maldives,MDV,GDP per capita (current US$),NY.GDP.PCAP.CD,2007,5758.10286933053
"Middle East, North Africa, Afghanistan & Pakistan",MEA,GDP per capita (current US$),NY.GDP.PCAP.CD,2007,4010.05228061244
Mexico,MEX,GDP per capita (current US$),NY.GDP.PCAP.CD,2007,10134.3327138119
Marshall Islands,MHL,GDP per capita (current US$),NY.GDP.PCAP.CD,2007,2892.28403958874
Middle income,MIC,GDP per capita (current US$),NY.GDP.PCAP.CD,2007,2583.28146959331
North Macedonia,MKD,GDP per capita (current US$),NY.GDP.PCAP.CD,2007,4204.11328760452
Mali,MLI,GDP per capita (current US$),NY.GDP.PCAP.CD,2007,670.853394973479
Malta,MLT,GDP per capita (current US$),NY.GDP.PCAP.CD,2007,19444.1741958382
Myanmar,MMR,GDP per capita (current US$),NY.GDP.PCAP.CD,2007,419.375780725042
"Middle East, North Africa, Afghanistan & Pakistan (excluding high income)",MNA,GDP per capita (current US$),NY.GDP.PCAP.CD,2007,2237.26188319836
Montenegro,MNE,GDP per capita (current US$),NY.GDP.PCAP.CD,2007,5971.84638953467
Mongolia,MNG,GDP per capita (current US$),NY.GDP.PCAP.CD,2007,1627.68787743359
Northern Mariana Islands,MNP,GDP per capita (current US$),NY.GDP.PCAP.CD,2007,15914.2193040498
Mozambique,MOZ,GDP per capita (current US$),NY.GDP.PCAP.CD,2007,507.874923914304
Mauritania,MRT,GDP per capita (current US$),NY.GDP.PCAP.CD,2007,1405.15016203368
Mauritius,MUS,GDP per capita (current US$),NY.GDP.PCAP.CD,2007,6677.34962448608
Malawi,MWI,GDP per capita (current US$),NY.GDP.PCAP.CD,2007,475.180261659331
Malaysia,MYS,GDP per capita (current US$),NY.GDP.PCAP.CD,2007,7168.93031942508
North America,NAC,GDP per capita (current US$),NY.GDP.PCAP.CD,2007,47727.7701044725
Namibia,NAM,GDP per capita (current US$),NY.GDP.PCAP.CD,2007,4379.04313682732
New Caledonia,NCL,GDP per capita (current US$),NY.GDP.PCAP.CD,2007,35177.6535261448
Niger,NER,GDP per capita (current US$),NY.GDP.PCAP.CD,2007,387.168065883301
Nigeria,NGA,GDP per capita (current US$),NY.GDP.PCAP.CD,2007,1815.52697545827
Nicaragua,NIC,GDP per capita (current US$),NY.GDP.PCAP.CD,2007,1350.38145753377
Netherlands,NLD,GDP per capita (current US$),NY.GDP.PCAP.CD,2007,52100.7996285947
Norway,NOR,GDP per capita (current US$),NY.GDP.PCAP.CD,2007,85502.2677087731
Nepal,NPL,GDP per capita (current US$),NY.GDP.PCAP.CD,2007,385.449767660642
Nauru,NRU,GDP per capita (current US$),NY.GDP.PCAP.CD,2007,2272.15291307045
New Zealand,NZL,GDP per capita (current US$),NY.GDP.PCAP.CD,2007,32479.9817381467
OECD members,OED,GDP per capita (current US$),NY.GDP.PCAP.CD,2007,34485.4326856798
Oman,OMN,GDP per capita (current US$),NY.GDP.PCAP.CD,2007,18792.653772482
Other small states,OSS,GDP per capita (current US$),NY.GDP.PCAP.CD,2007,10758.3750236866
Pakistan,PAK,GDP per capita (current US$),NY.GDP.PCAP.CD,2007,998.090114197524
Panama,PAN,GDP per capita (current US$),NY.GDP.PCAP.CD,2007,6317.8173051466
Peru,PER,GDP per capita (current US$),NY.GDP.PCAP.CD,2007,3581.0893081917
Philippines,PHL,GDP per capita (current US$),NY.GDP.PCAP.CD,2007,1712.65543282793
Palau,PLW,GDP per capita (current US$),NY.GDP.PCAP.CD,2007,10402.5367528907
Papua New Guinea,PNG,GDP per capita (current US$),NY.GDP.PCAP.CD,2007,1370.753415829
Poland,POL,GDP per capita (current US$),NY.GDP.PCAP.CD,2007,11272.5293683383
Pre-demographic dividend,PRE,GDP per capita (current US$),NY.GDP.PCAP.CD,2007,1173.40020441153
Puerto Rico (US),PRI,GDP per capita (current US$),NY.GDP.PCAP.CD,2007,23664.8823485096
Portugal,PRT,GDP per capita (current US$),NY.GDP.PCAP.CD,2007,22811.0564844365
Paraguay,PRY,GDP per capita (current US$),NY.GDP.PCAP.CD,2007,3211.93621659546
West Bank and Gaza,PSE,GDP per capita (current US$),NY.GDP.PCAP.CD,2007,1664.24571669276
Pacific island small states,PSS,GDP per capita (current US$),NY.GDP.PCAP.CD,2007,2819.69749738645
Post-demographic dividend,PST,GDP per capita (current US$),NY.GDP.PCAP.CD,2007,38870.3636110318
French Polynesia,PYF,GDP per capita (current US$),NY.GDP.PCAP.CD,2007,24888.1781337361
Qatar,QAT,GDP per capita (current US$),NY.GDP.PCAP.CD,2007,65954.3419525051
Romania,ROU,GDP per capita (current US$),NY.GDP.PCAP.CD,2007,8360.33775916596
Russian Federation,RUS,GDP per capita (current US$),NY.GDP.PCAP.CD,2007,9101.2392578125
Rwanda,RWA,GDP per capita (current US$),NY.GDP.PCAP.CD,2007,426.234183487629
South Asia,SAS,GDP per capita (current US$),NY.GDP.PCAP.CD,2007,967.697911561283
Saudi Arabia,SAU,GDP per capita (current US$),NY.GDP.PCAP.CD,2007,18596.1502627898
Sudan,SDN,GDP per capita (current US$),NY.GDP.PCAP.CD,2007,1444.37219238281
Senegal,SEN,GDP per capita (current US$),NY.GDP.PCAP.CD,2007,1188.93877808175
Singapore,SGP,GDP per capita (current US$),NY.GDP.PCAP.CD,2007,39432.8860198877
Solomon Islands,SLB,GDP per capita (current US$),NY.GDP.PCAP.CD,2007,1390.14870956707
Sierra Leone,SLE,GDP per capita (current US$),NY.GDP.PCAP.CD,2007,631.889926264998
El Salvador,SLV,GDP per capita (current US$),NY.GDP.PCAP.CD,2007,2830.65693770733
San Marino,SMR,GDP per capita (current US$),NY.GDP.PCAP.CD,2007,70124.4634385624
"Somalia, Fed. Rep.",SOM,GDP per capita (current US$),NY.GDP.PCAP.CD,2007,479.635628065289
Serbia,SRB,GDP per capita (current US$),NY.GDP.PCAP.CD,2007,6081.08765700202
Sub-Saharan Africa (excluding high income),SSA,GDP per capita (current US$),NY.GDP.PCAP.CD,2007,1518.8219699939
Sub-Saharan Africa,SSF,GDP per capita (current US$),NY.GDP.PCAP.CD,2007,1390.58865074962
Small states,SST,GDP per capita (current US$),NY.GDP.PCAP.CD,2007,10056.3574835992
Sao Tome and Principe,STP,GDP per capita (current US$),NY.GDP.PCAP.CD,2007,878.885791918745
Suriname,SUR,GDP per capita (current US$),NY.GDP.PCAP.CD,2007,5530.17615638309
Slovak Republic,SVK,GDP per capita (current US$),NY.GDP.PCAP.CD,2007,16110.4817265237
Slovenia,SVN,GDP per capita (current US$),NY.GDP.PCAP.CD,2007,23725.1596001515
Sweden,SWE,GDP per capita (current US$),NY.GDP.PCAP.CD,2007,53568.3057787832
Eswatini,SWZ,GDP per capita (current US$),NY.GDP.PCAP.CD,2007,3109.11097608864
Seychelles,SYC,GDP per capita (current US$),NY.GDP.PCAP.CD,2007,12669.3026687222
Syrian Arab Republic,SYR,GDP per capita (current US$),NY.GDP.PCAP.CD,2007,1937.61138578027
Turks and Caicos Islands,TCA,GDP per capita (current US$),NY.GDP.PCAP.CD,2007,29443.8523030072
Chad,TCD,GDP per capita (current US$),NY.GDP.PCAP.CD,2007,980.483531485103
East Asia & Pacific (IDA & IBRD countries),TEA,GDP per capita (current US$),NY.GDP.PCAP.CD,2007,2510.42261993326
Europe & Central Asia (IDA & IBRD countries),TEC,GDP per capita (current US$),NY.GDP.PCAP.CD,2007,7247.02729943285
Togo,TGO,GDP per capita (current US$),NY.GDP.PCAP.CD,2007,607.587886721352
Thailand,THA,GDP per capita (current US$),NY.GDP.PCAP.CD,2007,3918.52817434581
Tajikistan,TJK,GDP per capita (current US$),NY.GDP.PCAP.CD,2007,516.997210618914
Turkmenistan,TKM,GDP per capita (current US$),NY.GDP.PCAP.CD,2007,2414.96071986964
Latin America & the Caribbean (IDA & IBRD countries),TLA,GDP per capita (current US$),NY.GDP.PCAP.CD,2007,6927.88249936996
Timor-Leste,TLS,GDP per capita (current US$),NY.GDP.PCAP.CD,2007,540.154630518785
"Middle East, North Africa, Afghanistan & Pakistan (IDA & IBRD)",TMN,GDP per capita (current US$),NY.GDP.PCAP.CD,2007,2240.98836783175
Tonga,TON,GDP per capita (current US$),NY.GDP.PCAP.CD,2007,2797.06560109144
South Asia (IDA & IBRD),TSA,GDP per capita (current US$),NY.GDP.PCAP.CD,2007,967.697911561283
Sub-Saharan Africa (IDA & IBRD countries),TSS,GDP per capita (current US$),NY.GDP.PCAP.CD,2007,1390.58865074962
Trinidad and Tobago,TTO,GDP per capita (current US$),NY.GDP.PCAP.CD,2007,16606.675360681
Tunisia,TUN,GDP per capita (current US$),NY.GDP.PCAP.CD,2007,3726.91672935667
Turkiye,TUR,GDP per capita (current US$),NY.GDP.PCAP.CD,2007,9766.91734545294
Tuvalu,TUV,GDP per capita (current US$),NY.GDP.PCAP.CD,2007,2794.16310084119
Tanzania,TZA,GDP per capita (current US$),NY.GDP.PCAP.CD,2007,543.198303222656
Uganda,UGA,GDP per capita (current US$),NY.GDP.PCAP.CD,2007,401.389130865581
Ukraine,UKR,GDP per capita (current US$),NY.GDP.PCAP.CD,2007,3160.32763671875
Upper middle income,UMC,GDP per capita (current US$),NY.GDP.PCAP.CD,2007,3982.92205517928
Uruguay,URY,GDP per capita (current US$),NY.GDP.PCAP.CD,2007,7222.05403645877
United States,USA,GDP per capita (current US$),NY.GDP.PCAP.CD,2007,48050.2237771135
Uzbekistan,UZB,GDP per capita (current US$),NY.GDP.PCAP.CD,2007,824.028192334768
St. Vincent and the Grenadines,VCT,GDP per capita (current US$),NY.GDP.PCAP.CD,2007,6398.19123532172
"Venezuela, RB",VEN,GDP per capita (current US$),NY.GDP.PCAP.CD,2007,8331.62096991844
Virgin Islands (U.S.),VIR,GDP per capita (current US$),NY.GDP.PCAP.CD,2007,44158.5054044325
Viet Nam,VNM,GDP per capita (current US$),NY.GDP.PCAP.CD,2007,925.640338348717
Vanuatu,VUT,GDP per capita (current US$),NY.GDP.PCAP.CD,2007,2333.70506748914
World,WLD,GDP per capita (current US$),NY.GDP.PCAP.CD,2007,8677.57102707632
Samoa,WSM,GDP per capita (current US$),NY.GDP.PCAP.CD,2007,3038.61904093377
"Yemen, Rep.",YEM,GDP per capita (current US$),NY.GDP.PCAP.CD,2007,890.305768114988
South Africa,ZAF,GDP per capita (current US$),NY.GDP.PCAP.CD,2007,6591.85535960564
Zambia,ZMB,GDP per capita (current US$),NY.GDP.PCAP.CD,2007,1118.73162626953
Zimbabwe,ZWE,GDP per capita (current US$),NY.GDP.PCAP.CD,2007,413.521244592925
Aruba,ABW,GDP per capita (current US$),NY.GDP.PCAP.CD,2008,28171.9094008501
Africa Eastern and Southern,AFE,GDP per capita (current US$),NY.GDP.PCAP.CD,2008,1447.54575437552
Afghanistan,AFG,GDP per capita (current US$),NY.GDP.PCAP.CD,2008,381.73323802844
Africa Western and Central,AFW,GDP per capita (current US$),NY.GDP.PCAP.CD,2008,1666.52048270501
Angola,AGO,GDP per capita (current US$),NY.GDP.PCAP.CD,2008,4578.15526451517
Albania,ALB,GDP per capita (current US$),NY.GDP.PCAP.CD,2008,4498.50486763601
Andorra,AND,GDP per capita (current US$),NY.GDP.PCAP.CD,2008,49132.4925840057
Arab World,ARB,GDP per capita (current US$),NY.GDP.PCAP.CD,2008,6091.93206445673
United Arab Emirates,ARE,GDP per capita (current US$),NY.GDP.PCAP.CD,2008,50054.1700681803
Argentina,ARG,GDP per capita (current US$),NY.GDP.PCAP.CD,2008,8944.1102657357
Armenia,ARM,GDP per capita (current US$),NY.GDP.PCAP.CD,2008,3777.66859313767
American Samoa,ASM,GDP per capita (current US$),NY.GDP.PCAP.CD,2008,10030.8089130902
Antigua and Barbuda,ATG,GDP per capita (current US$),NY.GDP.PCAP.CD,2008,18786.6743142216
Australia,AUS,GDP per capita (current US$),NY.GDP.PCAP.CD,2008,49811.2067218988
Austria,AUT,GDP per capita (current US$),NY.GDP.PCAP.CD,2008,51581.3982361071
Azerbaijan,AZE,GDP per capita (current US$),NY.GDP.PCAP.CD,2008,5574.46810432575
Burundi,BDI,GDP per capita (current US$),NY.GDP.PCAP.CD,2008,189.502074570768
Belgium,BEL,GDP per capita (current US$),NY.GDP.PCAP.CD,2008,48303.397956286
Benin,BEN,GDP per capita (current US$),NY.GDP.PCAP.CD,2008,1060.60254502099
Burkina Faso,BFA,GDP per capita (current US$),NY.GDP.PCAP.CD,2008,619.437533256264
Bangladesh,BGD,GDP per capita (current US$),NY.GDP.PCAP.CD,2008,613.06204104124
Bulgaria,BGR,GDP per capita (current US$),NY.GDP.PCAP.CD,2008,7271.30338858025
Bahrain,BHR,GDP per capita (current US$),NY.GDP.PCAP.CD,2008,23299.4992780392
"Bahamas, The",BHS,GDP per capita (current US$),NY.GDP.PCAP.CD,2008,29392.3824416397
Bosnia and Herzegovina,BIH,GDP per capita (current US$),NY.GDP.PCAP.CD,2008,4841.69311934649
Belarus,BLR,GDP per capita (current US$),NY.GDP.PCAP.CD,2008,6376.17569162063
Belize,BLZ,GDP per capita (current US$),NY.GDP.PCAP.CD,2008,5711.81458859709
Bermuda,BMU,GDP per capita (current US$),NY.GDP.PCAP.CD,2008,110268.562401264
Bolivia,BOL,GDP per capita (current US$),NY.GDP.PCAP.CD,2008,1692.67248455876
Brazil,BRA,GDP per capita (current US$),NY.GDP.PCAP.CD,2008,8908.33338467948
Barbados,BRB,GDP per capita (current US$),NY.GDP.PCAP.CD,2008,17565.6929970592
Brunei Darussalam,BRN,GDP per capita (current US$),NY.GDP.PCAP.CD,2008,42156.5685838672
Bhutan,BTN,GDP per capita (current US$),NY.GDP.PCAP.CD,2008,1919.59774896395
Botswana,BWA,GDP per capita (current US$),NY.GDP.PCAP.CD,2008,5503.07395314313
Central African Republic,CAF,GDP per capita (current US$),NY.GDP.PCAP.CD,2008,437.24827472489
Canada,CAN,GDP per capita (current US$),NY.GDP.PCAP.CD,2008,46710.2526864484
Central Europe and the Baltics,CEB,GDP per capita (current US$),NY.GDP.PCAP.CD,2008,14573.6892707792
Switzerland,CHE,GDP per capita (current US$),NY.GDP.PCAP.CD,2008,74175.1927898555
Chile,CHL,GDP per capita (current US$),NY.GDP.PCAP.CD,2008,10683.2188772511
China,CHN,GDP per capita (current US$),NY.GDP.PCAP.CD,2008,3523.44302065213
Cote d'Ivoire,CIV,GDP per capita (current US$),NY.GDP.PCAP.CD,2008,1583.97066701372
Cameroon,CMR,GDP per capita (current US$),NY.GDP.PCAP.CD,2008,1492.14269801453
"Congo, Dem. Rep.",COD,GDP per capita (current US$),NY.GDP.PCAP.CD,2008,352.900363371995
"Congo, Rep.",COG,GDP per capita (current US$),NY.GDP.PCAP.CD,2008,2832.09177777643
Colombia,COL,GDP per capita (current US$),NY.GDP.PCAP.CD,2008,5541.83629665898
Comoros,COM,GDP per capita (current US$),NY.GDP.PCAP.CD,2008,1455.02768595586
Cabo Verde,CPV,GDP per capita (current US$),NY.GDP.PCAP.CD,2008,3908.64885822576
Costa Rica,CRI,GDP per capita (current US$),NY.GDP.PCAP.CD,2008,6937.24261596055
Caribbean small states,CSS,GDP per capita (current US$),NY.GDP.PCAP.CD,2008,13890.1303094208
Cuba,CUB,GDP per capita (current US$),NY.GDP.PCAP.CD,2008,4986.12436479175
Curacao,CUW,GDP per capita (current US$),NY.GDP.PCAP.CD,2008,19423.3352430175
Cayman Islands,CYM,GDP per capita (current US$),NY.GDP.PCAP.CD,2008,89655.1185574521
Cyprus,CYP,GDP per capita (current US$),NY.GDP.PCAP.CD,2008,35397.296875
Czechia,CZE,GDP per capita (current US$),NY.GDP.PCAP.CD,2008,22774.7045076205
Germany,DEU,GDP per capita (current US$),NY.GDP.PCAP.CD,2008,46379.1647953479
Djibouti,DJI,GDP per capita (current US$),NY.GDP.PCAP.CD,2008,1119.15233346969
Dominica,DMA,GDP per capita (current US$),NY.GDP.PCAP.CD,2008,6971.32633839289
Denmark,DNK,GDP per capita (current US$),NY.GDP.PCAP.CD,2008,64616.6657583663
Dominican Republic,DOM,GDP per capita (current US$),NY.GDP.PCAP.CD,2008,5023.58513403515
Algeria,DZA,GDP per capita (current US$),NY.GDP.PCAP.CD,2008,5180.91881514686
East Asia & Pacific (excluding high income),EAP,GDP per capita (current US$),NY.GDP.PCAP.CD,2008,3117.83131105355
Early-demographic dividend,EAR,GDP per capita (current US$),NY.GDP.PCAP.CD,2008,2594.55632797993
East Asia & Pacific,EAS,GDP per capita (current US$),NY.GDP.PCAP.CD,2008,6569.11576512158
Europe & Central Asia (excluding high income),ECA,GDP per capita (current US$),NY.GDP.PCAP.CD,2008,6191.07369718277
Europe & Central Asia,ECS,GDP per capita (current US$),NY.GDP.PCAP.CD,2008,26524.5115468839
Ecuador,ECU,GDP per capita (current US$),NY.GDP.PCAP.CD,2008,4194.75750661981
"Egypt, Arab Rep.",EGY,GDP per capita (current US$),NY.GDP.PCAP.CD,2008,1896.21594269779
Euro area,EMU,GDP per capita (current US$),NY.GDP.PCAP.CD,2008,42172.9388150163
Eritrea,ERI,GDP per capita (current US$),NY.GDP.PCAP.CD,2008,490.066956003333
Spain,ESP,GDP per capita (current US$),NY.GDP.PCAP.CD,2008,35603.248328071
Estonia,EST,GDP per capita (current US$),NY.GDP.PCAP.CD,2008,18205.9064113446
Ethiopia,ETH,GDP per capita (current US$),NY.GDP.PCAP.CD,2008,316.410475118075
European Union,EUU,GDP per capita (current US$),NY.GDP.PCAP.CD,2008,37169.0746850842
Fragile and conflict affected situations,FCS,GDP per capita (current US$),NY.GDP.PCAP.CD,2008,1971.04693971359
Finland,FIN,GDP per capita (current US$),NY.GDP.PCAP.CD,2008,53769.4726240385
Fiji,FJI,GDP per capita (current US$),NY.GDP.PCAP.CD,2008,3899.92231512129
France,FRA,GDP per capita (current US$),NY.GDP.PCAP.CD,2008,45464.8181385158
Faroe Islands,FRO,GDP per capita (current US$),NY.GDP.PCAP.CD,2008,51287.8911081663
"Micronesia, Fed. Sts.",FSM,GDP per capita (current US$),NY.GDP.PCAP.CD,2008,2369.50811741318
Gabon,GAB,GDP per capita (current US$),NY.GDP.PCAP.CD,2008,9688.64519690633
United Kingdom,GBR,GDP per capita (current US$),NY.GDP.PCAP.CD,2008,47652.4030691881
Georgia,GEO,GDP per capita (current US$),NY.GDP.PCAP.CD,2008,3324.7537205015
Ghana,GHA,GDP per capita (current US$),NY.GDP.PCAP.CD,2008,1182.65761256016
Guinea,GIN,GDP per capita (current US$),NY.GDP.PCAP.CD,2008,703.532825784369
"Gambia, The",GMB,GDP per capita (current US$),NY.GDP.PCAP.CD,2008,859.127671411226
Guinea-Bissau,GNB,GDP per capita (current US$),NY.GDP.PCAP.CD,2008,640.210331101753
Equatorial Guinea,GNQ,GDP per capita (current US$),NY.GDP.PCAP.CD,2008,18210.5552970599
Greece,GRC,GDP per capita (current US$),NY.GDP.PCAP.CD,2008,31695.8331092209
Grenada,GRD,GDP per capita (current US$),NY.GDP.PCAP.CD,2008,7448.2040563865
Greenland,GRL,GDP per capita (current US$),NY.GDP.PCAP.CD,2008,44366.7858688175
Guatemala,GTM,GDP per capita (current US$),NY.GDP.PCAP.CD,2008,2763.05988172926
Guam,GUM,GDP per capita (current US$),NY.GDP.PCAP.CD,2008,28112.2316573422
Guyana,GUY,GDP per capita (current US$),NY.GDP.PCAP.CD,2008,4008.9628671603
High income,HIC,GDP per capita (current US$),NY.GDP.PCAP.CD,2008,36900.1405697145
"Hong Kong SAR, China",HKG,GDP per capita (current US$),NY.GDP.PCAP.CD,2008,31515.5292103443
Honduras,HND,GDP per capita (current US$),NY.GDP.PCAP.CD,2008,1732.49062702803
Heavily indebted poor countries (HIPC),HPC,GDP per capita (current US$),NY.GDP.PCAP.CD,2008,797.380456091108
Croatia,HRV,GDP per capita (current US$),NY.GDP.PCAP.CD,2008,15888.0606949392
Haiti,HTI,GDP per capita (current US$),NY.GDP.PCAP.CD,2008,1094.66058421644
Hungary,HUN,GDP per capita (current US$),NY.GDP.PCAP.CD,2008,15762.6322515113
IBRD only,IBD,GDP per capita (current US$),NY.GDP.PCAP.CD,2008,3944.6530416302
IDA & IBRD total,IBT,GDP per capita (current US$),NY.GDP.PCAP.CD,2008,3245.39485060629
IDA total,IDA,GDP per capita (current US$),NY.GDP.PCAP.CD,2008,1033.2321035618
IDA blend,IDB,GDP per capita (current US$),NY.GDP.PCAP.CD,2008,1479.93269649198
Indonesia,IDN,GDP per capita (current US$),NY.GDP.PCAP.CD,2008,2124.55483920618
IDA only,IDX,GDP per capita (current US$),NY.GDP.PCAP.CD,2008,791.054232494495
Isle of Man,IMN,GDP per capita (current US$),NY.GDP.PCAP.CD,2008,72276.7741329461
India,IND,GDP per capita (current US$),NY.GDP.PCAP.CD,2008,992.519584923828
Ireland,IRL,GDP per capita (current US$),NY.GDP.PCAP.CD,2008,61353.1065629523
"Iran, Islamic Rep.",IRN,GDP per capita (current US$),NY.GDP.PCAP.CD,2008,5377.4115072957
Iraq,IRQ,GDP per capita (current US$),NY.GDP.PCAP.CD,2008,4542.96609046032
Iceland,ISL,GDP per capita (current US$),NY.GDP.PCAP.CD,2008,57489.3399795216
Israel,ISR,GDP per capita (current US$),NY.GDP.PCAP.CD,2008,30269.217773489
Italy,ITA,GDP per capita (current US$),NY.GDP.PCAP.CD,2008,40828.5795580937
Jamaica,JAM,GDP per capita (current US$),NY.GDP.PCAP.CD,2008,5029.80095281745
Jordan,JOR,GDP per capita (current US$),NY.GDP.PCAP.CD,2008,3241.6524135556
Japan,JPN,GDP per capita (current US$),NY.GDP.PCAP.CD,2008,39876.3039685725
Kazakhstan,KAZ,GDP per capita (current US$),NY.GDP.PCAP.CD,2008,8123.54705891736
Kenya,KEN,GDP per capita (current US$),NY.GDP.PCAP.CD,2008,915.54435473604
Kyrgyz Republic,KGZ,GDP per capita (current US$),NY.GDP.PCAP.CD,2008,966.388569370494
Cambodia,KHM,GDP per capita (current US$),NY.GDP.PCAP.CD,2008,866.283999789749
Kiribati,KIR,GDP per capita (current US$),NY.GDP.PCAP.CD,2008,1410.62246914058
St. Kitts and Nevis,KNA,GDP per capita (current US$),NY.GDP.PCAP.CD,2008,16604.9448615905
"Korea, Rep.",KOR,GDP per capita (current US$),NY.GDP.PCAP.CD,2008,22252.3125108061
Kuwait,KWT,GDP per capita (current US$),NY.GDP.PCAP.CD,2008,55585.1889344442
Latin America & Caribbean (excluding high income),LAC,GDP per capita (current US$),NY.GDP.PCAP.CD,2008,7623.43840731336
Lao PDR,LAO,GDP per capita (current US$),NY.GDP.PCAP.CD,2008,885.747376088762
Lebanon,LBN,GDP per capita (current US$),NY.GDP.PCAP.CD,2008,5912.04532820842
Liberia,LBR,GDP per capita (current US$),NY.GDP.PCAP.CD,2008,451.713856283285
Libya,LBY,GDP per capita (current US$),NY.GDP.PCAP.CD,2008,13906.1407818125
St. Lucia,LCA,GDP per capita (current US$),NY.GDP.PCAP.CD,2008,8516.96075488787
Latin America & Caribbean,LCN,GDP per capita (current US$),NY.GDP.PCAP.CD,2008,8077.96588935619
Least developed countries: UN classification,LDC,GDP per capita (current US$),NY.GDP.PCAP.CD,2008,778.614114766785
Low income,LIC,GDP per capita (current US$),NY.GDP.PCAP.CD,2008,799.48401657603
Liechtenstein,LIE,GDP per capita (current US$),NY.GDP.PCAP.CD,2008,143249.227302093
Sri Lanka,LKA,GDP per capita (current US$),NY.GDP.PCAP.CD,2008,1973.58476901287
Lower middle income,LMC,GDP per capita (current US$),NY.GDP.PCAP.CD,2008,1229.9549188542
Low & middle income,LMY,GDP per capita (current US$),NY.GDP.PCAP.CD,2008,2860.66030359115
Lesotho,LSO,GDP per capita (current US$),NY.GDP.PCAP.CD,2008,898.482517882593
Late-demographic dividend,LTE,GDP per capita (current US$),NY.GDP.PCAP.CD,2008,5455.12758700264
Lithuania,LTU,GDP per capita (current US$),NY.GDP.PCAP.CD,2008,14955.5345462921
Luxembourg,LUX,GDP per capita (current US$),NY.GDP.PCAP.CD,2008,120422.137934157
Latvia,LVA,GDP per capita (current US$),NY.GDP.PCAP.CD,2008,15677.6080864506
"Macao SAR, China",MAC,GDP per capita (current US$),NY.GDP.PCAP.CD,2008,38888.5118044503
Morocco,MAR,GDP per capita (current US$),NY.GDP.PCAP.CD,2008,3183.20043945313
Monaco,MCO,GDP per capita (current US$),NY.GDP.PCAP.CD,2008,204263.797114294
Moldova,MDA,GDP per capita (current US$),NY.GDP.PCAP.CD,2008,2110.55305353857
Madagascar,MDG,GDP per capita (current US$),NY.GDP.PCAP.CD,2008,512.579800058444
Maldives,MDV,GDP per capita (current US$),NY.GDP.PCAP.CD,2008,6757.43280929292
"Middle East, North Africa, Afghanistan & Pakistan",MEA,GDP per capita (current US$),NY.GDP.PCAP.CD,2008,4834.32204392542
Mexico,MEX,GDP per capita (current US$),NY.GDP.PCAP.CD,2008,10523.7685403244
Marshall Islands,MHL,GDP per capita (current US$),NY.GDP.PCAP.CD,2008,2817.60522775322
Middle income,MIC,GDP per capita (current US$),NY.GDP.PCAP.CD,2008,3029.34246580388
North Macedonia,MKD,GDP per capita (current US$),NY.GDP.PCAP.CD,2008,5026.4202989873
Mali,MLI,GDP per capita (current US$),NY.GDP.PCAP.CD,2008,767.19483895009
Malta,MLT,GDP per capita (current US$),NY.GDP.PCAP.CD,2008,22315.3104212988
Myanmar,MMR,GDP per capita (current US$),NY.GDP.PCAP.CD,2008,658.442487229705
"Middle East, North Africa, Afghanistan & Pakistan (excluding high income)",MNA,GDP per capita (current US$),NY.GDP.PCAP.CD,2008,2652.79039146265
Montenegro,MNE,GDP per capita (current US$),NY.GDP.PCAP.CD,2008,7359.95118960869
Mongolia,MNG,GDP per capita (current US$),NY.GDP.PCAP.CD,2008,2127.42678594737
Northern Mariana Islands,MNP,GDP per capita (current US$),NY.GDP.PCAP.CD,2008,16430.4461942257
Mozambique,MOZ,GDP per capita (current US$),NY.GDP.PCAP.CD,2008,592.159111184122
Mauritania,MRT,GDP per capita (current US$),NY.GDP.PCAP.CD,2008,1635.5630623124
Mauritius,MUS,GDP per capita (current US$),NY.GDP.PCAP.CD,2008,8140.50808595895
Malawi,MWI,GDP per capita (current US$),NY.GDP.PCAP.CD,2008,554.048820396119
Malaysia,MYS,GDP per capita (current US$),NY.GDP.PCAP.CD,2008,8371.82156086005
North America,NAC,GDP per capita (current US$),NY.GDP.PCAP.CD,2008,48398.3601410965
Namibia,NAM,GDP per capita (current US$),NY.GDP.PCAP.CD,2008,4204.78555422749
New Caledonia,NCL,GDP per capita (current US$),NY.GDP.PCAP.CD,2008,35723.9033194947
Niger,NER,GDP per capita (current US$),NY.GDP.PCAP.CD,2008,475.044955398162
Nigeria,NGA,GDP per capita (current US$),NY.GDP.PCAP.CD,2008,2154.10543545364
Nicaragua,NIC,GDP per capita (current US$),NY.GDP.PCAP.CD,2008,1523.68437086409
Netherlands,NLD,GDP per capita (current US$),NY.GDP.PCAP.CD,2008,58246.7026905874
Norway,NOR,GDP per capita (current US$),NY.GDP.PCAP.CD,2008,97503.5407803783
Nepal,NPL,GDP per capita (current US$),NY.GDP.PCAP.CD,2008,464.817391891529
Nauru,NRU,GDP per capita (current US$),NY.GDP.PCAP.CD,2008,3756.84531228766
New Zealand,NZL,GDP per capita (current US$),NY.GDP.PCAP.CD,2008,31324.7397977102
OECD members,OED,GDP per capita (current US$),NY.GDP.PCAP.CD,2008,36330.0253989704
Oman,OMN,GDP per capita (current US$),NY.GDP.PCAP.CD,2008,26576.779241509
Other small states,OSS,GDP per capita (current US$),NY.GDP.PCAP.CD,2008,11515.1421303682
Pakistan,PAK,GDP per capita (current US$),NY.GDP.PCAP.CD,2008,1067.04324565284
Panama,PAN,GDP per capita (current US$),NY.GDP.PCAP.CD,2008,7347.59049046839
Peru,PER,GDP per capita (current US$),NY.GDP.PCAP.CD,2008,4197.58444634142
Philippines,PHL,GDP per capita (current US$),NY.GDP.PCAP.CD,2008,1959.29233534978
Palau,PLW,GDP per capita (current US$),NY.GDP.PCAP.CD,2008,10577.501907762
Papua New Guinea,PNG,GDP per capita (current US$),NY.GDP.PCAP.CD,2008,1624.79319935188
Poland,POL,GDP per capita (current US$),NY.GDP.PCAP.CD,2008,14048.5604672654
Pre-demographic dividend,PRE,GDP per capita (current US$),NY.GDP.PCAP.CD,2008,1423.20106621059
Puerto Rico (US),PRI,GDP per capita (current US$),NY.GDP.PCAP.CD,2008,24898.3345857045
Portugal,PRT,GDP per capita (current US$),NY.GDP.PCAP.CD,2008,24949.0413566739
Paraguay,PRY,GDP per capita (current US$),NY.GDP.PCAP.CD,2008,4384.95469437803
West Bank and Gaza,PSE,GDP per capita (current US$),NY.GDP.PCAP.CD,2008,2035.20234121766
Pacific island small states,PSS,GDP per capita (current US$),NY.GDP.PCAP.CD,2008,2989.2238467677
Post-demographic dividend,PST,GDP per capita (current US$),NY.GDP.PCAP.CD,2008,40922.2537544049
French Polynesia,PYF,GDP per capita (current US$),NY.GDP.PCAP.CD,2008,26592.0262835732
Qatar,QAT,GDP per capita (current US$),NY.GDP.PCAP.CD,2008,80781.4039187792
Romania,ROU,GDP per capita (current US$),NY.GDP.PCAP.CD,2008,10435.1561230787
Russian Federation,RUS,GDP per capita (current US$),NY.GDP.PCAP.CD,2008,11635.2841796875
Rwanda,RWA,GDP per capita (current US$),NY.GDP.PCAP.CD,2008,528.326391755502
South Asia,SAS,GDP per capita (current US$),NY.GDP.PCAP.CD,2008,958.275511460297
Saudi Arabia,SAU,GDP per capita (current US$),NY.GDP.PCAP.CD,2008,22320.4888964331
Sudan,SDN,GDP per capita (current US$),NY.GDP.PCAP.CD,2008,1527.58239746094
Senegal,SEN,GDP per capita (current US$),NY.GDP.PCAP.CD,2008,1398.79218010021
Singapore,SGP,GDP per capita (current US$),NY.GDP.PCAP.CD,2008,40008.5720489092
Solomon Islands,SLB,GDP per capita (current US$),NY.GDP.PCAP.CD,2008,1525.84666261203
Sierra Leone,SLE,GDP per capita (current US$),NY.GDP.PCAP.CD,2008,705.359014080005
El Salvador,SLV,GDP per capita (current US$),NY.GDP.PCAP.CD,2008,2983.24829577976
San Marino,SMR,GDP per capita (current US$),NY.GDP.PCAP.CD,2008,75902.1320521765
"Somalia, Fed. Rep.",SOM,GDP per capita (current US$),NY.GDP.PCAP.CD,2008,507.03744334738
Serbia,SRB,GDP per capita (current US$),NY.GDP.PCAP.CD,2008,7376.73517910716
Sub-Saharan Africa (excluding high income),SSA,GDP per capita (current US$),NY.GDP.PCAP.CD,2008,1672.71983508686
South Sudan,SSD,GDP per capita (current US$),NY.GDP.PCAP.CD,2008,1654.21153546555
Sub-Saharan Africa,SSF,GDP per capita (current US$),NY.GDP.PCAP.CD,2008,1536.66763137174
Small states,SST,GDP per capita (current US$),NY.GDP.PCAP.CD,2008,10974.8922038731
Sao Tome and Principe,STP,GDP per capita (current US$),NY.GDP.PCAP.CD,2008,1081.8684584729
Suriname,SUR,GDP per capita (current US$),NY.GDP.PCAP.CD,2008,6576.08546307249
Slovak Republic,SVK,GDP per capita (current US$),NY.GDP.PCAP.CD,2008,18744.3192278346
Slovenia,SVN,GDP per capita (current US$),NY.GDP.PCAP.CD,2008,27461.9764165315
Sweden,SWE,GDP per capita (current US$),NY.GDP.PCAP.CD,2008,55817.1759726485
Eswatini,SWZ,GDP per capita (current US$),NY.GDP.PCAP.CD,2008,2946.8606613746
Seychelles,SYC,GDP per capita (current US$),NY.GDP.PCAP.CD,2008,11265.4376270005
Syrian Arab Republic,SYR,GDP per capita (current US$),NY.GDP.PCAP.CD,2008,2429.12477087189
Turks and Caicos Islands,TCA,GDP per capita (current US$),NY.GDP.PCAP.CD,2008,31453.8228752689
Chad,TCD,GDP per capita (current US$),NY.GDP.PCAP.CD,2008,1166.36883453841
East Asia & Pacific (IDA & IBRD countries),TEA,GDP per capita (current US$),NY.GDP.PCAP.CD,2008,3154.16872851062
Europe & Central Asia (IDA & IBRD countries),TEC,GDP per capita (current US$),NY.GDP.PCAP.CD,2008,8951.25356376805
Togo,TGO,GDP per capita (current US$),NY.GDP.PCAP.CD,2008,718.948386717473
Thailand,THA,GDP per capita (current US$),NY.GDP.PCAP.CD,2008,4309.13509292986
Tajikistan,TJK,GDP per capita (current US$),NY.GDP.PCAP.CD,2008,703.327375898643
Turkmenistan,TKM,GDP per capita (current US$),NY.GDP.PCAP.CD,2008,3605.50395120549
Latin America & the Caribbean (IDA & IBRD countries),TLA,GDP per capita (current US$),NY.GDP.PCAP.CD,2008,7989.38067187903
Timor-Leste,TLS,GDP per capita (current US$),NY.GDP.PCAP.CD,2008,628.153191495026
"Middle East, North Africa, Afghanistan & Pakistan (IDA & IBRD)",TMN,GDP per capita (current US$),NY.GDP.PCAP.CD,2008,2656.83046140986
Tonga,TON,GDP per capita (current US$),NY.GDP.PCAP.CD,2008,3218.45303993196
South Asia (IDA & IBRD),TSA,GDP per capita (current US$),NY.GDP.PCAP.CD,2008,958.275511460297
Sub-Saharan Africa (IDA & IBRD countries),TSS,GDP per capita (current US$),NY.GDP.PCAP.CD,2008,1536.66763137174
Trinidad and Tobago,TTO,GDP per capita (current US$),NY.GDP.PCAP.CD,2008,21298.9945258063
Tunisia,TUN,GDP per capita (current US$),NY.GDP.PCAP.CD,2008,4255.05008019523
Turkiye,TUR,GDP per capita (current US$),NY.GDP.PCAP.CD,2008,10913.4079047769
Tuvalu,TUV,GDP per capita (current US$),NY.GDP.PCAP.CD,2008,3088.30877413836
Tanzania,TZA,GDP per capita (current US$),NY.GDP.PCAP.CD,2008,675.977233886719
Uganda,UGA,GDP per capita (current US$),NY.GDP.PCAP.CD,2008,472.842681495852
Ukraine,UKR,GDP per capita (current US$),NY.GDP.PCAP.CD,2008,4017.806640625
Upper middle income,UMC,GDP per capita (current US$),NY.GDP.PCAP.CD,2008,4780.19249304455
Uruguay,URY,GDP per capita (current US$),NY.GDP.PCAP.CD,2008,9423.96562595893
United States,USA,GDP per capita (current US$),NY.GDP.PCAP.CD,2008,48570.0459804586
Uzbekistan,UZB,GDP per capita (current US$),NY.GDP.PCAP.CD,2008,1074.72928796701
St. Vincent and the Grenadines,VCT,GDP per capita (current US$),NY.GDP.PCAP.CD,2008,6598.90531450859
"Venezuela, RB",VEN,GDP per capita (current US$),NY.GDP.PCAP.CD,2008,11262.4514256759
Virgin Islands (U.S.),VIR,GDP per capita (current US$),NY.GDP.PCAP.CD,2008,39152.3750657306
Viet Nam,VNM,GDP per capita (current US$),NY.GDP.PCAP.CD,2008,1163.83195772873
Vanuatu,VUT,GDP per capita (current US$),NY.GDP.PCAP.CD,2008,2603.60883136724
World,WLD,GDP per capita (current US$),NY.GDP.PCAP.CD,2008,9415.35786125181
Samoa,WSM,GDP per capita (current US$),NY.GDP.PCAP.CD,2008,3373.60639884263
Kosovo,XKX,GDP per capita (current US$),NY.GDP.PCAP.CD,2008,2877.39331402724
"Yemen, Rep.",YEM,GDP per capita (current US$),NY.GDP.PCAP.CD,2008,1071.63583282105
South Africa,ZAF,GDP per capita (current US$),NY.GDP.PCAP.CD,2008,6184.75474328399
Zambia,ZMB,GDP per capita (current US$),NY.GDP.PCAP.CD,2008,1375.50211006997
Zimbabwe,ZWE,GDP per capita (current US$),NY.GDP.PCAP.CD,2008,340.917447588572
Aruba,ABW,GDP per capita (current US$),NY.GDP.PCAP.CD,2009,25134.7712303589
Africa Eastern and Southern,AFE,GDP per capita (current US$),NY.GDP.PCAP.CD,2009,1408.75346659428
Afghanistan,AFG,GDP per capita (current US$),NY.GDP.PCAP.CD,2009,452.053705477043
Africa Western and Central,AFW,GDP per capita (current US$),NY.GDP.PCAP.CD,2009,1453.4952836253
Angola,AGO,GDP per capita (current US$),NY.GDP.PCAP.CD,2009,3645.14846562976
Albania,ALB,GDP per capita (current US$),NY.GDP.PCAP.CD,2009,4213.65007574693
Andorra,AND,GDP per capita (current US$),NY.GDP.PCAP.CD,2009,43975.0000888133
Arab World,ARB,GDP per capita (current US$),NY.GDP.PCAP.CD,2009,5134.45006055159
United Arab Emirates,ARE,GDP per capita (current US$),NY.GDP.PCAP.CD,2009,37803.0663738777
Argentina,ARG,GDP per capita (current US$),NY.GDP.PCAP.CD,2009,8150.23527028221
Armenia,ARM,GDP per capita (current US$),NY.GDP.PCAP.CD,2009,2820.5926553347
American Samoa,ASM,GDP per capita (current US$),NY.GDP.PCAP.CD,2009,12156.0293905777
Antigua and Barbuda,ATG,GDP per capita (current US$),NY.GDP.PCAP.CD,2009,16472.2478528568
Australia,AUS,GDP per capita (current US$),NY.GDP.PCAP.CD,2009,42954.8494884573
Austria,AUT,GDP per capita (current US$),NY.GDP.PCAP.CD,2009,47857.4446635266
Azerbaijan,AZE,GDP per capita (current US$),NY.GDP.PCAP.CD,2009,4950.39949009423
Burundi,BDI,GDP per capita (current US$),NY.GDP.PCAP.CD,2009,198.431524048225
Belgium,BEL,GDP per capita (current US$),NY.GDP.PCAP.CD,2009,44923.3400135081
Benin,BEN,GDP per capita (current US$),NY.GDP.PCAP.CD,2009,1024.10277858112
Burkina Faso,BFA,GDP per capita (current US$),NY.GDP.PCAP.CD,2009,601.569520671859
Bangladesh,BGD,GDP per capita (current US$),NY.GDP.PCAP.CD,2009,679.211477428056
Bulgaria,BGR,GDP per capita (current US$),NY.GDP.PCAP.CD,2009,6988.27316296465
Bahrain,BHR,GDP per capita (current US$),NY.GDP.PCAP.CD,2009,19465.3140745038
"Bahamas, The",BHS,GDP per capita (current US$),NY.GDP.PCAP.CD,2009,27512.9130950084
Bosnia and Herzegovina,BIH,GDP per capita (current US$),NY.GDP.PCAP.CD,2009,4539.91863774968
Belarus,BLR,GDP per capita (current US$),NY.GDP.PCAP.CD,2009,5352.48809190697
Belize,BLZ,GDP per capita (current US$),NY.GDP.PCAP.CD,2009,5399.67100001919
Bermuda,BMU,GDP per capita (current US$),NY.GDP.PCAP.CD,2009,104711.712420357
Bolivia,BOL,GDP per capita (current US$),NY.GDP.PCAP.CD,2009,1731.18172112209
Brazil,BRA,GDP per capita (current US$),NY.GDP.PCAP.CD,2009,8678.6584730653
Barbados,BRB,GDP per capita (current US$),NY.GDP.PCAP.CD,2009,16294.9099491834
Brunei Darussalam,BRN,GDP per capita (current US$),NY.GDP.PCAP.CD,2009,30946.4673773828
Bhutan,BTN,GDP per capita (current US$),NY.GDP.PCAP.CD,2009,1918.39599211093
Botswana,BWA,GDP per capita (current US$),NY.GDP.PCAP.CD,2009,5082.93388332404
Central African Republic,CAF,GDP per capita (current US$),NY.GDP.PCAP.CD,2009,456.471673898404
Canada,CAN,GDP per capita (current US$),NY.GDP.PCAP.CD,2009,40874.8831932903
Central Europe and the Baltics,CEB,GDP per capita (current US$),NY.GDP.PCAP.CD,2009,12302.0391574104
Switzerland,CHE,GDP per capita (current US$),NY.GDP.PCAP.CD,2009,71568.3123885672
Channel Islands,CHI,GDP per capita (current US$),NY.GDP.PCAP.CD,2009,57778.5407063052
Chile,CHL,GDP per capita (current US$),NY.GDP.PCAP.CD,2009,10098.8017167286
China,CHN,GDP per capita (current US$),NY.GDP.PCAP.CD,2009,3898.24459158811
Cote d'Ivoire,CIV,GDP per capita (current US$),NY.GDP.PCAP.CD,2009,1540.45393569596
Cameroon,CMR,GDP per capita (current US$),NY.GDP.PCAP.CD,2009,1461.38999232337
"Congo, Dem. Rep.",COD,GDP per capita (current US$),NY.GDP.PCAP.CD,2009,280.178991035792
"Congo, Rep.",COG,GDP per capita (current US$),NY.GDP.PCAP.CD,2009,2271.15219175966
Colombia,COL,GDP per capita (current US$),NY.GDP.PCAP.CD,2009,5250.97292433518
Comoros,COM,GDP per capita (current US$),NY.GDP.PCAP.CD,2009,1410.30516959473
Cabo Verde,CPV,GDP per capita (current US$),NY.GDP.PCAP.CD,2009,3659.72046361628
Costa Rica,CRI,GDP per capita (current US$),NY.GDP.PCAP.CD,2009,6832.69829924138
Caribbean small states,CSS,GDP per capita (current US$),NY.GDP.PCAP.CD,2009,11554.0589194758
Cuba,CUB,GDP per capita (current US$),NY.GDP.PCAP.CD,2009,5089.23519757167
Curacao,CUW,GDP per capita (current US$),NY.GDP.PCAP.CD,2009,19540.2476579348
Cayman Islands,CYM,GDP per capita (current US$),NY.GDP.PCAP.CD,2009,81373.5721242232
Cyprus,CYP,GDP per capita (current US$),NY.GDP.PCAP.CD,2009,32236.44921875
Czechia,CZE,GDP per capita (current US$),NY.GDP.PCAP.CD,2009,19817.4215836554
Germany,DEU,GDP per capita (current US$),NY.GDP.PCAP.CD,2009,42471.8868625226
Djibouti,DJI,GDP per capita (current US$),NY.GDP.PCAP.CD,2009,1150.9375857489
Dominica,DMA,GDP per capita (current US$),NY.GDP.PCAP.CD,2009,7487.49010395154
Denmark,DNK,GDP per capita (current US$),NY.GDP.PCAP.CD,2009,58412.7472358513
Dominican Republic,DOM,GDP per capita (current US$),NY.GDP.PCAP.CD,2009,4973.95186999952
Algeria,DZA,GDP per capita (current US$),NY.GDP.PCAP.CD,2009,4235.42990456612
East Asia & Pacific (excluding high income),EAP,GDP per capita (current US$),NY.GDP.PCAP.CD,2009,3359.51721584875
Early-demographic dividend,EAR,GDP per capita (current US$),NY.GDP.PCAP.CD,2009,2457.28657966372
East Asia & Pacific,EAS,GDP per capita (current US$),NY.GDP.PCAP.CD,2009,6713.65045131004
Europe & Central Asia (excluding high income),ECA,GDP per capita (current US$),NY.GDP.PCAP.CD,2009,5125.12331489484
Europe & Central Asia,ECS,GDP per capita (current US$),NY.GDP.PCAP.CD,2009,23259.5334613272
Ecuador,ECU,GDP per capita (current US$),NY.GDP.PCAP.CD,2009,4053.36331139298
"Egypt, Arab Rep.",EGY,GDP per capita (current US$),NY.GDP.PCAP.CD,2009,2161.63964573927
Euro area,EMU,GDP per capita (current US$),NY.GDP.PCAP.CD,2009,38464.1586390033
Eritrea,ERI,GDP per capita (current US$),NY.GDP.PCAP.CD,2009,642.92572288007
Spain,ESP,GDP per capita (current US$),NY.GDP.PCAP.CD,2009,32279.8208476151
Estonia,EST,GDP per capita (current US$),NY.GDP.PCAP.CD,2009,14712.4494217916
Ethiopia,ETH,GDP per capita (current US$),NY.GDP.PCAP.CD,2009,368.574712267445
European Union,EUU,GDP per capita (current US$),NY.GDP.PCAP.CD,2009,33632.0748456258
Fragile and conflict affected situations,FCS,GDP per capita (current US$),NY.GDP.PCAP.CD,2009,1739.10283567866
Finland,FIN,GDP per capita (current US$),NY.GDP.PCAP.CD,2009,47478.3495310999
Fiji,FJI,GDP per capita (current US$),NY.GDP.PCAP.CD,2009,3164.13275408169
France,FRA,GDP per capita (current US$),NY.GDP.PCAP.CD,2009,41728.0884164132
Faroe Islands,FRO,GDP per capita (current US$),NY.GDP.PCAP.CD,2009,47059.1947296738
"Micronesia, Fed. Sts.",FSM,GDP per capita (current US$),NY.GDP.PCAP.CD,2009,2544.11114550961
Gabon,GAB,GDP per capita (current US$),NY.GDP.PCAP.CD,2009,7290.57526093114
United Kingdom,GBR,GDP per capita (current US$),NY.GDP.PCAP.CD,2009,39009.3715547821
Georgia,GEO,GDP per capita (current US$),NY.GDP.PCAP.CD,2009,2822.68939668797
Ghana,GHA,GDP per capita (current US$),NY.GDP.PCAP.CD,2009,1047.70430093586
Guinea,GIN,GDP per capita (current US$),NY.GDP.PCAP.CD,2009,662.185914665575
"Gambia, The",GMB,GDP per capita (current US$),NY.GDP.PCAP.CD,2009,774.888030908091
Guinea-Bissau,GNB,GDP per capita (current US$),NY.GDP.PCAP.CD,2009,583.190020139094
Equatorial Guinea,GNQ,GDP per capita (current US$),NY.GDP.PCAP.CD,2009,13232.5019378102
Greece,GRC,GDP per capita (current US$),NY.GDP.PCAP.CD,2009,29425.4573200263
Grenada,GRD,GDP per capita (current US$),NY.GDP.PCAP.CD,2009,6932.56472176781
Greenland,GRL,GDP per capita (current US$),NY.GDP.PCAP.CD,2009,44918.8413832155
Guatemala,GTM,GDP per capita (current US$),NY.GDP.PCAP.CD,2009,2611.64632773352
Guam,GUM,GDP per capita (current US$),NY.GDP.PCAP.CD,2009,29054.0581201519
Guyana,GUY,GDP per capita (current US$),NY.GDP.PCAP.CD,2009,4209.13230624565
High income,HIC,GDP per capita (current US$),NY.GDP.PCAP.CD,2009,34111.8446047683
"Hong Kong SAR, China",HKG,GDP per capita (current US$),NY.GDP.PCAP.CD,2009,30697.5383861641
Honduras,HND,GDP per capita (current US$),NY.GDP.PCAP.CD,2009,1781.15703614674
Heavily indebted poor countries (HIPC),HPC,GDP per capita (current US$),NY.GDP.PCAP.CD,2009,764.823758486232
Croatia,HRV,GDP per capita (current US$),NY.GDP.PCAP.CD,2009,14474.6519774194
Haiti,HTI,GDP per capita (current US$),NY.GDP.PCAP.CD,2009,1196.8528706018
Hungary,HUN,GDP per capita (current US$),NY.GDP.PCAP.CD,2009,13051.1831777184
IBRD only,IBD,GDP per capita (current US$),NY.GDP.PCAP.CD,2009,3790.0835825848
IDA & IBRD total,IBT,GDP per capita (current US$),NY.GDP.PCAP.CD,2009,3109.25120385232
IDA total,IDA,GDP per capita (current US$),NY.GDP.PCAP.CD,2009,983.707474856151
IDA blend,IDB,GDP per capita (current US$),NY.GDP.PCAP.CD,2009,1350.16810903148
Indonesia,IDN,GDP per capita (current US$),NY.GDP.PCAP.CD,2009,2218.48541852977
IDA only,IDX,GDP per capita (current US$),NY.GDP.PCAP.CD,2009,784.340956107062
Isle of Man,IMN,GDP per capita (current US$),NY.GDP.PCAP.CD,2009,66156.105656847
India,IND,GDP per capita (current US$),NY.GDP.PCAP.CD,2009,1094.94974598436
Ireland,IRL,GDP per capita (current US$),NY.GDP.PCAP.CD,2009,52133.0906162544
"Iran, Islamic Rep.",IRN,GDP per capita (current US$),NY.GDP.PCAP.CD,2009,5415.52280553446
Iraq,IRQ,GDP per capita (current US$),NY.GDP.PCAP.CD,2009,3714.71205987194
Iceland,ISL,GDP per capita (current US$),NY.GDP.PCAP.CD,2009,41483.7843682814
Israel,ISR,GDP per capita (current US$),NY.GDP.PCAP.CD,2009,28508.4938886475
Italy,ITA,GDP per capita (current US$),NY.GDP.PCAP.CD,2009,37099.6133958219
Jamaica,JAM,GDP per capita (current US$),NY.GDP.PCAP.CD,2009,4428.38153333557
Jordan,JOR,GDP per capita (current US$),NY.GDP.PCAP.CD,2009,3435.8337590698
Japan,JPN,GDP per capita (current US$),NY.GDP.PCAP.CD,2009,41308.9968370512
Kazakhstan,KAZ,GDP per capita (current US$),NY.GDP.PCAP.CD,2009,6938.01175663001
Kenya,KEN,GDP per capita (current US$),NY.GDP.PCAP.CD,2009,1047.9678324485
Kyrgyz Republic,KGZ,GDP per capita (current US$),NY.GDP.PCAP.CD,2009,870.198894546917
Cambodia,KHM,GDP per capita (current US$),NY.GDP.PCAP.CD,2009,875.748936193569
Kiribati,KIR,GDP per capita (current US$),NY.GDP.PCAP.CD,2009,1316.62753853678
St. Kitts and Nevis,KNA,GDP per capita (current US$),NY.GDP.PCAP.CD,2009,16503.4119292794
"Korea, Rep.",KOR,GDP per capita (current US$),NY.GDP.PCAP.CD,2009,19937.3029137734
Kuwait,KWT,GDP per capita (current US$),NY.GDP.PCAP.CD,2009,37907.1001320042
Latin America & Caribbean (excluding high income),LAC,GDP per capita (current US$),NY.GDP.PCAP.CD,2009,6981.206567743
Lao PDR,LAO,GDP per capita (current US$),NY.GDP.PCAP.CD,2009,935.03237283283
Lebanon,LBN,GDP per capita (current US$),NY.GDP.PCAP.CD,2009,7090.85493856621
Liberia,LBR,GDP per capita (current US$),NY.GDP.PCAP.CD,2009,448.386367025545
Libya,LBY,GDP per capita (current US$),NY.GDP.PCAP.CD,2009,9551.05403869755
St. Lucia,LCA,GDP per capita (current US$),NY.GDP.PCAP.CD,2009,8250.52180732734
Latin America & Caribbean,LCN,GDP per capita (current US$),NY.GDP.PCAP.CD,2009,7495.05944025108
Least developed countries: UN classification,LDC,GDP per capita (current US$),NY.GDP.PCAP.CD,2009,751.671383860855
Low income,LIC,GDP per capita (current US$),NY.GDP.PCAP.CD,2009,752.635927287489
Liechtenstein,LIE,GDP per capita (current US$),NY.GDP.PCAP.CD,2009,126024.714567466
Sri Lanka,LKA,GDP per capita (current US$),NY.GDP.PCAP.CD,2009,2026.65939950702
Lower middle income,LMC,GDP per capita (current US$),NY.GDP.PCAP.CD,2009,1260.98799326347
Low & middle income,LMY,GDP per capita (current US$),NY.GDP.PCAP.CD,2009,2829.0413443136
Lesotho,LSO,GDP per capita (current US$),NY.GDP.PCAP.CD,2009,878.847950537772
Late-demographic dividend,LTE,GDP per capita (current US$),NY.GDP.PCAP.CD,2009,5245.33524774178
Lithuania,LTU,GDP per capita (current US$),NY.GDP.PCAP.CD,2009,11854.3711053096
Luxembourg,LUX,GDP per capita (current US$),NY.GDP.PCAP.CD,2009,109419.746953106
Latvia,LVA,GDP per capita (current US$),NY.GDP.PCAP.CD,2009,11996.0322729773
"Macao SAR, China",MAC,GDP per capita (current US$),NY.GDP.PCAP.CD,2009,40354.2810293673
Morocco,MAR,GDP per capita (current US$),NY.GDP.PCAP.CD,2009,3119.58862304688
Monaco,MCO,GDP per capita (current US$),NY.GDP.PCAP.CD,2009,169150.267344616
Moldova,MDA,GDP per capita (current US$),NY.GDP.PCAP.CD,2009,1898.43975710988
Madagascar,MDG,GDP per capita (current US$),NY.GDP.PCAP.CD,2009,446.315238370592
Maldives,MDV,GDP per capita (current US$),NY.GDP.PCAP.CD,2009,6734.03165601895
"Middle East, North Africa, Afghanistan & Pakistan",MEA,GDP per capita (current US$),NY.GDP.PCAP.CD,2009,4256.64048356928
Mexico,MEX,GDP per capita (current US$),NY.GDP.PCAP.CD,2009,8423.56933214711
Marshall Islands,MHL,GDP per capita (current US$),NY.GDP.PCAP.CD,2009,2906.63026970914
Middle income,MIC,GDP per capita (current US$),NY.GDP.PCAP.CD,2009,3001.53141895573
North Macedonia,MKD,GDP per capita (current US$),NY.GDP.PCAP.CD,2009,4799.78722768888
Mali,MLI,GDP per capita (current US$),NY.GDP.PCAP.CD,2009,787.482564287398
Malta,MLT,GDP per capita (current US$),NY.GDP.PCAP.CD,2009,21176.3218262672
Myanmar,MMR,GDP per capita (current US$),NY.GDP.PCAP.CD,2009,758.442935789255
"Middle East, North Africa, Afghanistan & Pakistan (excluding high income)",MNA,GDP per capita (current US$),NY.GDP.PCAP.CD,2009,2510.74762666028
Montenegro,MNE,GDP per capita (current US$),NY.GDP.PCAP.CD,2009,6700.11405052395
Mongolia,MNG,GDP per capita (current US$),NY.GDP.PCAP.CD,2009,1703.32756790019
Northern Mariana Islands,MNP,GDP per capita (current US$),NY.GDP.PCAP.CD,2009,14369.6339810212
Mozambique,MOZ,GDP per capita (current US$),NY.GDP.PCAP.CD,2009,547.697144193651
Mauritania,MRT,GDP per capita (current US$),NY.GDP.PCAP.CD,2009,1435.43010811893
Mauritius,MUS,GDP per capita (current US$),NY.GDP.PCAP.CD,2009,7426.88645617593
Malawi,MWI,GDP per capita (current US$),NY.GDP.PCAP.CD,2009,625.869729869625
Malaysia,MYS,GDP per capita (current US$),NY.GDP.PCAP.CD,2009,7191.43287234626
North America,NAC,GDP per capita (current US$),NY.GDP.PCAP.CD,2009,46581.4062631638
Namibia,NAM,GDP per capita (current US$),NY.GDP.PCAP.CD,2009,4302.91374148376
New Caledonia,NCL,GDP per capita (current US$),NY.GDP.PCAP.CD,2009,33836.494080472
Niger,NER,GDP per capita (current US$),NY.GDP.PCAP.CD,2009,461.131533961487
Nigeria,NGA,GDP per capita (current US$),NY.GDP.PCAP.CD,2009,1820.48633854782
Nicaragua,NIC,GDP per capita (current US$),NY.GDP.PCAP.CD,2009,1467.08288052845
Netherlands,NLD,GDP per capita (current US$),NY.GDP.PCAP.CD,2009,53172.0261581418
Norway,NOR,GDP per capita (current US$),NY.GDP.PCAP.CD,2009,80347.5700665184
Nepal,NPL,GDP per capita (current US$),NY.GDP.PCAP.CD,2009,473.078751198621
Nauru,NRU,GDP per capita (current US$),NY.GDP.PCAP.CD,2009,4410.56764668962
New Zealand,NZL,GDP per capita (current US$),NY.GDP.PCAP.CD,2009,28276.7255416225
OECD members,OED,GDP per capita (current US$),NY.GDP.PCAP.CD,2009,33747.3871210811
Oman,OMN,GDP per capita (current US$),NY.GDP.PCAP.CD,2009,20655.9180249218
Other small states,OSS,GDP per capita (current US$),NY.GDP.PCAP.CD,2009,9809.38880958963
Pakistan,PAK,GDP per capita (current US$),NY.GDP.PCAP.CD,2009,963.788066395225
Panama,PAN,GDP per capita (current US$),NY.GDP.PCAP.CD,2009,7796.92618363433
Peru,PER,GDP per capita (current US$),NY.GDP.PCAP.CD,2009,4181.18755462253
Philippines,PHL,GDP per capita (current US$),NY.GDP.PCAP.CD,2009,1864.45043406471
Palau,PLW,GDP per capita (current US$),NY.GDP.PCAP.CD,2009,10147.7741092815
Papua New Guinea,PNG,GDP per capita (current US$),NY.GDP.PCAP.CD,2009,1568.83193368607
Poland,POL,GDP per capita (current US$),NY.GDP.PCAP.CD,2009,11556.3026866026
Pre-demographic dividend,PRE,GDP per capita (current US$),NY.GDP.PCAP.CD,2009,1252.32925493054
Puerto Rico (US),PRI,GDP per capita (current US$),NY.GDP.PCAP.CD,2009,25768.7258883384
Portugal,PRT,GDP per capita (current US$),NY.GDP.PCAP.CD,2009,23151.2154130712
Paraguay,PRY,GDP per capita (current US$),NY.GDP.PCAP.CD,2009,3941.84815479431
West Bank and Gaza,PSE,GDP per capita (current US$),NY.GDP.PCAP.CD,2009,2191.78178736868
Pacific island small states,PSS,GDP per capita (current US$),NY.GDP.PCAP.CD,2009,2668.40106360978
Post-demographic dividend,PST,GDP per capita (current US$),NY.GDP.PCAP.CD,2009,38339.4065630367
French Polynesia,PYF,GDP per capita (current US$),NY.GDP.PCAP.CD,2009,24434.2197555208
Qatar,QAT,GDP per capita (current US$),NY.GDP.PCAP.CD,2009,60785.7351551657
Romania,ROU,GDP per capita (current US$),NY.GDP.PCAP.CD,2009,8548.4543409242
Russian Federation,RUS,GDP per capita (current US$),NY.GDP.PCAP.CD,2009,8562.82421875
Rwanda,RWA,GDP per capita (current US$),NY.GDP.PCAP.CD,2009,564.039095842449
South Asia,SAS,GDP per capita (current US$),NY.GDP.PCAP.CD,2009,1054.43555885745
Saudi Arabia,SAU,GDP per capita (current US$),NY.GDP.PCAP.CD,2009,17718.3911648365
Sudan,SDN,GDP per capita (current US$),NY.GDP.PCAP.CD,2009,1178.22180175781
Senegal,SEN,GDP per capita (current US$),NY.GDP.PCAP.CD,2009,1308.69404336205
Singapore,SGP,GDP per capita (current US$),NY.GDP.PCAP.CD,2009,38926.8054365453
Solomon Islands,SLB,GDP per capita (current US$),NY.GDP.PCAP.CD,2009,1554.70671006386
Sierra Leone,SLE,GDP per capita (current US$),NY.GDP.PCAP.CD,2009,652.845806767943
El Salvador,SLV,GDP per capita (current US$),NY.GDP.PCAP.CD,2009,2910.18651752011
San Marino,SMR,GDP per capita (current US$),NY.GDP.PCAP.CD,2009,62428.9943269418
"Somalia, Fed. Rep.",SOM,GDP per capita (current US$),NY.GDP.PCAP.CD,2009,246.513251675105
Serbia,SRB,GDP per capita (current US$),NY.GDP.PCAP.CD,2009,6414.0448463847
Sub-Saharan Africa (excluding high income),SSA,GDP per capita (current US$),NY.GDP.PCAP.CD,2009,1545.11577892078
South Sudan,SSD,GDP per capita (current US$),NY.GDP.PCAP.CD,2009,1323.22068747862
Sub-Saharan Africa,SSF,GDP per capita (current US$),NY.GDP.PCAP.CD,2009,1426.96916919949
Small states,SST,GDP per capita (current US$),NY.GDP.PCAP.CD,2009,9296.64440865481
Sao Tome and Principe,STP,GDP per capita (current US$),NY.GDP.PCAP.CD,2009,1128.28046213305
Suriname,SUR,GDP per capita (current US$),NY.GDP.PCAP.CD,2009,7129.5768626291
Slovak Republic,SVK,GDP per capita (current US$),NY.GDP.PCAP.CD,2009,16586.7527805228
Slovenia,SVN,GDP per capita (current US$),NY.GDP.PCAP.CD,2009,24501.7897290425
Sweden,SWE,GDP per capita (current US$),NY.GDP.PCAP.CD,2009,46707.6425044751
Eswatini,SWZ,GDP per capita (current US$),NY.GDP.PCAP.CD,2009,3189.79679956637
Sint Maarten (Dutch part),SXM,GDP per capita (current US$),NY.GDP.PCAP.CD,2009,25528.412619483
Seychelles,SYC,GDP per capita (current US$),NY.GDP.PCAP.CD,2009,9747.09180546291
Syrian Arab Republic,SYR,GDP per capita (current US$),NY.GDP.PCAP.CD,2009,2462.20193643202
Turks and Caicos Islands,TCA,GDP per capita (current US$),NY.GDP.PCAP.CD,2009,24596.8938015951
Chad,TCD,GDP per capita (current US$),NY.GDP.PCAP.CD,2009,1035.63719694254
East Asia & Pacific (IDA & IBRD countries),TEA,GDP per capita (current US$),NY.GDP.PCAP.CD,2009,3398.52989667846
Europe & Central Asia (IDA & IBRD countries),TEC,GDP per capita (current US$),NY.GDP.PCAP.CD,2009,7074.02354262313
Togo,TGO,GDP per capita (current US$),NY.GDP.PCAP.CD,2009,720.693768151415
Thailand,THA,GDP per capita (current US$),NY.GDP.PCAP.CD,2009,4135.43986952819
Tajikistan,TJK,GDP per capita (current US$),NY.GDP.PCAP.CD,2009,664.795655734657
Turkmenistan,TKM,GDP per capita (current US$),NY.GDP.PCAP.CD,2009,3707.97850699617
Latin America & the Caribbean (IDA & IBRD countries),TLA,GDP per capita (current US$),NY.GDP.PCAP.CD,2009,7386.60018995036
Timor-Leste,TLS,GDP per capita (current US$),NY.GDP.PCAP.CD,2009,686.579329690731
"Middle East, North Africa, Afghanistan & Pakistan (IDA & IBRD)",TMN,GDP per capita (current US$),NY.GDP.PCAP.CD,2009,2512.84382036535
Tonga,TON,GDP per capita (current US$),NY.GDP.PCAP.CD,2009,2914.23774004564
South Asia (IDA & IBRD),TSA,GDP per capita (current US$),NY.GDP.PCAP.CD,2009,1054.43555885745
Sub-Saharan Africa (IDA & IBRD countries),TSS,GDP per capita (current US$),NY.GDP.PCAP.CD,2009,1426.96916919949
Trinidad and Tobago,TTO,GDP per capita (current US$),NY.GDP.PCAP.CD,2009,14634.0565003912
Tunisia,TUN,GDP per capita (current US$),NY.GDP.PCAP.CD,2009,4080.09032448781
Turkiye,TUR,GDP per capita (current US$),NY.GDP.PCAP.CD,2009,9076.92472236977
Tuvalu,TUV,GDP per capita (current US$),NY.GDP.PCAP.CD,2009,2683.96749549583
Tanzania,TZA,GDP per capita (current US$),NY.GDP.PCAP.CD,2009,693.823547363281
Uganda,UGA,GDP per capita (current US$),NY.GDP.PCAP.CD,2009,798.947089938247
Ukraine,UKR,GDP per capita (current US$),NY.GDP.PCAP.CD,2009,2607.08764648438
Upper middle income,UMC,GDP per capita (current US$),NY.GDP.PCAP.CD,2009,4710.56351783068
Uruguay,URY,GDP per capita (current US$),NY.GDP.PCAP.CD,2009,9881.39573127081
United States,USA,GDP per capita (current US$),NY.GDP.PCAP.CD,2009,47194.9433547336
Uzbekistan,UZB,GDP per capita (current US$),NY.GDP.PCAP.CD,2009,1205.7993547038
St. Vincent and the Grenadines,VCT,GDP per capita (current US$),NY.GDP.PCAP.CD,2009,6463.78777336717
"Venezuela, RB",VEN,GDP per capita (current US$),NY.GDP.PCAP.CD,2009,11596.6021921731
Virgin Islands (U.S.),VIR,GDP per capita (current US$),NY.GDP.PCAP.CD,2009,38753.1825393897
Viet Nam,VNM,GDP per capita (current US$),NY.GDP.PCAP.CD,2009,1226.16976051536
Vanuatu,VUT,GDP per capita (current US$),NY.GDP.PCAP.CD,2009,2546.38324565986
World,WLD,GDP per capita (current US$),NY.GDP.PCAP.CD,2009,8816.8105604156
Samoa,WSM,GDP per capita (current US$),NY.GDP.PCAP.CD,2009,3279.18269477295
Kosovo,XKX,GDP per capita (current US$),NY.GDP.PCAP.CD,2009,2794.86699473069
"Yemen, Rep.",YEM,GDP per capita (current US$),NY.GDP.PCAP.CD,2009,969.243509864478
South Africa,ZAF,GDP per capita (current US$),NY.GDP.PCAP.CD,2009,6374.70560042992
Zambia,ZMB,GDP per capita (current US$),NY.GDP.PCAP.CD,2009,1136.24168316848
Zimbabwe,ZWE,GDP per capita (current US$),NY.GDP.PCAP.CD,2009,735.821693871697
Aruba,ABW,GDP per capita (current US$),NY.GDP.PCAP.CD,2010,24093.1401510626
Africa Eastern and Southern,AFE,GDP per capita (current US$),NY.GDP.PCAP.CD,2010,1628.90524793139
Afghanistan,AFG,GDP per capita (current US$),NY.GDP.PCAP.CD,2010,560.621505463146
Africa Western and Central,AFW,GDP per capita (current US$),NY.GDP.PCAP.CD,2010,1662.63365844147
Angola,AGO,GDP per capita (current US$),NY.GDP.PCAP.CD,2010,4101.63715566712
Albania,ALB,GDP per capita (current US$),NY.GDP.PCAP.CD,2010,4149.14469936847
Andorra,AND,GDP per capita (current US$),NY.GDP.PCAP.CD,2010,42746.830391567
Arab World,ARB,GDP per capita (current US$),NY.GDP.PCAP.CD,2010,5944.95217290432
United Arab Emirates,ARE,GDP per capita (current US$),NY.GDP.PCAP.CD,2010,44795.2949302268
Argentina,ARG,GDP per capita (current US$),NY.GDP.PCAP.CD,2010,10260.1313108254
Armenia,ARM,GDP per capita (current US$),NY.GDP.PCAP.CD,2010,3041.34450723339
American Samoa,ASM,GDP per capita (current US$),NY.GDP.PCAP.CD,2010,10375.1720141957
Antigua and Barbuda,ATG,GDP per capita (current US$),NY.GDP.PCAP.CD,2010,15217.3950790922
Australia,AUS,GDP per capita (current US$),NY.GDP.PCAP.CD,2010,52313.8939041213
Austria,AUT,GDP per capita (current US$),NY.GDP.PCAP.CD,2010,46611.1393420232
Azerbaijan,AZE,GDP per capita (current US$),NY.GDP.PCAP.CD,2010,5843.5337683582
Burundi,BDI,GDP per capita (current US$),NY.GDP.PCAP.CD,2010,216.727705301976
Belgium,BEL,GDP per capita (current US$),NY.GDP.PCAP.CD,2010,44197.393671162
Benin,BEN,GDP per capita (current US$),NY.GDP.PCAP.CD,2010,973.244254931526
Burkina Faso,BFA,GDP per capita (current US$),NY.GDP.PCAP.CD,2010,624.957252224766
Bangladesh,BGD,GDP per capita (current US$),NY.GDP.PCAP.CD,2010,757.385280361508
Bulgaria,BGR,GDP per capita (current US$),NY.GDP.PCAP.CD,2010,6853.94805511171
Bahrain,BHR,GDP per capita (current US$),NY.GDP.PCAP.CD,2010,21819.3291098099
"Bahamas, The",BHS,GDP per capita (current US$),NY.GDP.PCAP.CD,2010,27473.100430502
Bosnia and Herzegovina,BIH,GDP per capita (current US$),NY.GDP.PCAP.CD,2010,4506.47828548389
Belarus,BLR,GDP per capita (current US$),NY.GDP.PCAP.CD,2010,6034.67885177216
Belize,BLZ,GDP per capita (current US$),NY.GDP.PCAP.CD,2010,5461.40735999001
Bermuda,BMU,GDP per capita (current US$),NY.GDP.PCAP.CD,2010,104111.824244802
Bolivia,BOL,GDP per capita (current US$),NY.GDP.PCAP.CD,2010,1929.78373077158
Brazil,BRA,GDP per capita (current US$),NY.GDP.PCAP.CD,2010,11403.2840038694
Barbados,BRB,GDP per capita (current US$),NY.GDP.PCAP.CD,2010,20610.5150721363
Brunei Darussalam,BRN,GDP per capita (current US$),NY.GDP.PCAP.CD,2010,34937.5555357155
Bhutan,BTN,GDP per capita (current US$),NY.GDP.PCAP.CD,2010,2435.5798056672
Botswana,BWA,GDP per capita (current US$),NY.GDP.PCAP.CD,2010,6215.73216077919
Central African Republic,CAF,GDP per capita (current US$),NY.GDP.PCAP.CD,2010,476.873786950728
Canada,CAN,GDP per capita (current US$),NY.GDP.PCAP.CD,2010,47560.6666009406
Central Europe and the Baltics,CEB,GDP per capita (current US$),NY.GDP.PCAP.CD,2010,12635.7541209869
Switzerland,CHE,GDP per capita (current US$),NY.GDP.PCAP.CD,2010,76531.3729407691
Channel Islands,CHI,GDP per capita (current US$),NY.GDP.PCAP.CD,2010,56123.4597963451
Chile,CHL,GDP per capita (current US$),NY.GDP.PCAP.CD,2010,12632.8704724192
China,CHN,GDP per capita (current US$),NY.GDP.PCAP.CD,2010,4629.24551710077
Cote d'Ivoire,CIV,GDP per capita (current US$),NY.GDP.PCAP.CD,2010,1553.54887048143
Cameroon,CMR,GDP per capita (current US$),NY.GDP.PCAP.CD,2010,1398.58702025047
"Congo, Dem. Rep.",COD,GDP per capita (current US$),NY.GDP.PCAP.CD,2010,352.400398754692
"Congo, Rep.",COG,GDP per capita (current US$),NY.GDP.PCAP.CD,2010,2946.55798067708
Colombia,COL,GDP per capita (current US$),NY.GDP.PCAP.CD,2010,6398.2958447102
Comoros,COM,GDP per capita (current US$),NY.GDP.PCAP.CD,2010,1386.5742428453
Cabo Verde,CPV,GDP per capita (current US$),NY.GDP.PCAP.CD,2010,3579.46006137809
Costa Rica,CRI,GDP per capita (current US$),NY.GDP.PCAP.CD,2010,8265.78820275582
Caribbean small states,CSS,GDP per capita (current US$),NY.GDP.PCAP.CD,2010,12711.087492863
Cuba,CUB,GDP per capita (current US$),NY.GDP.PCAP.CD,2010,5272.26755824835
Curacao,CUW,GDP per capita (current US$),NY.GDP.PCAP.CD,2010,19847.2310127979
Cayman Islands,CYM,GDP per capita (current US$),NY.GDP.PCAP.CD,2010,76837.6710064442
Cyprus,CYP,GDP per capita (current US$),NY.GDP.PCAP.CD,2010,31105.02734375
Czechia,CZE,GDP per capita (current US$),NY.GDP.PCAP.CD,2010,20160.4355077059
Germany,DEU,GDP per capita (current US$),NY.GDP.PCAP.CD,2010,42396.9665976293
Djibouti,DJI,GDP per capita (current US$),NY.GDP.PCAP.CD,2010,1213.23352553429
Dominica,DMA,GDP per capita (current US$),NY.GDP.PCAP.CD,2010,7549.61964680375
Denmark,DNK,GDP per capita (current US$),NY.GDP.PCAP.CD,2010,58104.5445594981
Dominican Republic,DOM,GDP per capita (current US$),NY.GDP.PCAP.CD,2010,5478.62470398954
Algeria,DZA,GDP per capita (current US$),NY.GDP.PCAP.CD,2010,4912.78585503672
East Asia & Pacific (excluding high income),EAP,GDP per capita (current US$),NY.GDP.PCAP.CD,2010,4057.86521472833
Early-demographic dividend,EAR,GDP per capita (current US$),NY.GDP.PCAP.CD,2010,2938.79859415379
East Asia & Pacific,EAS,GDP per capita (current US$),NY.GDP.PCAP.CD,2010,7784.344658223
Europe & Central Asia (excluding high income),ECA,GDP per capita (current US$),NY.GDP.PCAP.CD,2010,6019.29491137959
Europe & Central Asia,ECS,GDP per capita (current US$),NY.GDP.PCAP.CD,2010,23702.4750230082
Ecuador,ECU,GDP per capita (current US$),NY.GDP.PCAP.CD,2010,4520.30959039763
"Egypt, Arab Rep.",EGY,GDP per capita (current US$),NY.GDP.PCAP.CD,2010,2455.08194645282
Euro area,EMU,GDP per capita (current US$),NY.GDP.PCAP.CD,2010,37491.6114073082
Eritrea,ERI,GDP per capita (current US$),NY.GDP.PCAP.CD,2010,539.699512069686
Spain,ESP,GDP per capita (current US$),NY.GDP.PCAP.CD,2010,30658.7422282912
Estonia,EST,GDP per capita (current US$),NY.GDP.PCAP.CD,2010,14663.7041018705
Ethiopia,ETH,GDP per capita (current US$),NY.GDP.PCAP.CD,2010,330.619412798644
European Union,EUU,GDP per capita (current US$),NY.GDP.PCAP.CD,2010,33119.5673211775
Fragile and conflict affected situations,FCS,GDP per capita (current US$),NY.GDP.PCAP.CD,2010,2017.56741418682
Finland,FIN,GDP per capita (current US$),NY.GDP.PCAP.CD,2010,46506.2919016566
Fiji,FJI,GDP per capita (current US$),NY.GDP.PCAP.CD,2010,3449.14452883369
France,FRA,GDP per capita (current US$),NY.GDP.PCAP.CD,2010,40694.8211697025
Faroe Islands,FRO,GDP per capita (current US$),NY.GDP.PCAP.CD,2010,47923.1515374991
"Micronesia, Fed. Sts.",FSM,GDP per capita (current US$),NY.GDP.PCAP.CD,2010,2702.61165204772
Gabon,GAB,GDP per capita (current US$),NY.GDP.PCAP.CD,2010,8356.74662013345
United Kingdom,GBR,GDP per capita (current US$),NY.GDP.PCAP.CD,2010,39778.3220528565
Georgia,GEO,GDP per capita (current US$),NY.GDP.PCAP.CD,2010,3281.72930937343
Ghana,GHA,GDP per capita (current US$),NY.GDP.PCAP.CD,2010,1263.89251760539
Guinea,GIN,GDP per capita (current US$),NY.GDP.PCAP.CD,2010,659.235326211315
"Gambia, The",GMB,GDP per capita (current US$),NY.GDP.PCAP.CD,2010,801.033372714536
Guinea-Bissau,GNB,GDP per capita (current US$),NY.GDP.PCAP.CD,2010,600.194298540768
Equatorial Guinea,GNQ,GDP per capita (current US$),NY.GDP.PCAP.CD,2010,13720.1658723222
Greece,GRC,GDP per capita (current US$),NY.GDP.PCAP.CD,2010,26653.0488008626
Grenada,GRD,GDP per capita (current US$),NY.GDP.PCAP.CD,2010,6909.60169568597
Greenland,GRL,GDP per capita (current US$),NY.GDP.PCAP.CD,2010,44277.1993400972
Guatemala,GTM,GDP per capita (current US$),NY.GDP.PCAP.CD,2010,2805.25960237322
Guam,GUM,GDP per capita (current US$),NY.GDP.PCAP.CD,2010,29719.7967836082
Guyana,GUY,GDP per capita (current US$),NY.GDP.PCAP.CD,2010,4581.76179693492
High income,HIC,GDP per capita (current US$),NY.GDP.PCAP.CD,2010,35778.2487328682
"Hong Kong SAR, China",HKG,GDP per capita (current US$),NY.GDP.PCAP.CD,2010,32550.136489179
Honduras,HND,GDP per capita (current US$),NY.GDP.PCAP.CD,2010,1893.32722662035
Heavily indebted poor countries (HIPC),HPC,GDP per capita (current US$),NY.GDP.PCAP.CD,2010,812.08054988398
Croatia,HRV,GDP per capita (current US$),NY.GDP.PCAP.CD,2010,13729.7654965022
Haiti,HTI,GDP per capita (current US$),NY.GDP.PCAP.CD,2010,1209.72733503094
Hungary,HUN,GDP per capita (current US$),NY.GDP.PCAP.CD,2010,13189.8433874768
IBRD only,IBD,GDP per capita (current US$),NY.GDP.PCAP.CD,2010,4561.25191754242
IDA & IBRD total,IBT,GDP per capita (current US$),NY.GDP.PCAP.CD,2010,3715.56679095123
IDA total,IDA,GDP per capita (current US$),NY.GDP.PCAP.CD,2010,1109.84138279455
IDA blend,IDB,GDP per capita (current US$),NY.GDP.PCAP.CD,2010,1535.29922315138
Indonesia,IDN,GDP per capita (current US$),NY.GDP.PCAP.CD,2010,3065.68348377765
IDA only,IDX,GDP per capita (current US$),NY.GDP.PCAP.CD,2010,877.624039786351
Isle of Man,IMN,GDP per capita (current US$),NY.GDP.PCAP.CD,2010,70587.3140283741
India,IND,GDP per capita (current US$),NY.GDP.PCAP.CD,2010,1347.51939071367
Ireland,IRL,GDP per capita (current US$),NY.GDP.PCAP.CD,2010,48623.9666422487
"Iran, Islamic Rep.",IRN,GDP per capita (current US$),NY.GDP.PCAP.CD,2010,6291.19443655454
Iraq,IRQ,GDP per capita (current US$),NY.GDP.PCAP.CD,2010,4461.75196161555
Iceland,ISL,GDP per capita (current US$),NY.GDP.PCAP.CD,2010,43776.4677400475
Israel,ISR,GDP per capita (current US$),NY.GDP.PCAP.CD,2010,31439.0887027614
Italy,ITA,GDP per capita (current US$),NY.GDP.PCAP.CD,2010,35856.8625485539
Jamaica,JAM,GDP per capita (current US$),NY.GDP.PCAP.CD,2010,4809.977380312
Jordan,JOR,GDP per capita (current US$),NY.GDP.PCAP.CD,2010,3718.46571622945
Japan,JPN,GDP per capita (current US$),NY.GDP.PCAP.CD,2010,44968.1562349739
Kazakhstan,KAZ,GDP per capita (current US$),NY.GDP.PCAP.CD,2010,8793.07589980782
Kenya,KEN,GDP per capita (current US$),NY.GDP.PCAP.CD,2010,1091.51873101194
Kyrgyz Republic,KGZ,GDP per capita (current US$),NY.GDP.PCAP.CD,2010,876.954476440354
Cambodia,KHM,GDP per capita (current US$),NY.GDP.PCAP.CD,2010,952.274616324008
Kiribati,KIR,GDP per capita (current US$),NY.GDP.PCAP.CD,2010,1522.10068744154
St. Kitts and Nevis,KNA,GDP per capita (current US$),NY.GDP.PCAP.CD,2010,16622.9457908577
"Korea, Rep.",KOR,GDP per capita (current US$),NY.GDP.PCAP.CD,2010,24071.2620526362
Kuwait,KWT,GDP per capita (current US$),NY.GDP.PCAP.CD,2010,39212.252220155
Latin America & Caribbean (excluding high income),LAC,GDP per capita (current US$),NY.GDP.PCAP.CD,2010,8637.63171485475
Lao PDR,LAO,GDP per capita (current US$),NY.GDP.PCAP.CD,2010,1125.91610151261
Lebanon,LBN,GDP per capita (current US$),NY.GDP.PCAP.CD,2010,7625.81051551165
Liberia,LBR,GDP per capita (current US$),NY.GDP.PCAP.CD,2010,492.252808033724
Libya,LBY,GDP per capita (current US$),NY.GDP.PCAP.CD,2010,11600.9068649472
St. Lucia,LCA,GDP per capita (current US$),NY.GDP.PCAP.CD,2010,8673.68720340529
Latin America & Caribbean,LCN,GDP per capita (current US$),NY.GDP.PCAP.CD,2010,9183.9687871441
Least developed countries: UN classification,LDC,GDP per capita (current US$),NY.GDP.PCAP.CD,2010,831.532954611079
Low income,LIC,GDP per capita (current US$),NY.GDP.PCAP.CD,2010,825.735188857174
Liechtenstein,LIE,GDP per capita (current US$),NY.GDP.PCAP.CD,2010,141089.812849014
Sri Lanka,LKA,GDP per capita (current US$),NY.GDP.PCAP.CD,2010,2808.36244503709
Lower middle income,LMC,GDP per capita (current US$),NY.GDP.PCAP.CD,2010,1491.30888839804
Low & middle income,LMY,GDP per capita (current US$),NY.GDP.PCAP.CD,2010,3394.26296887076
Lesotho,LSO,GDP per capita (current US$),NY.GDP.PCAP.CD,2010,1119.47557793042
Late-demographic dividend,LTE,GDP per capita (current US$),NY.GDP.PCAP.CD,2010,6276.4619904196
Lithuania,LTU,GDP per capita (current US$),NY.GDP.PCAP.CD,2010,11829.122609457
Luxembourg,LUX,GDP per capita (current US$),NY.GDP.PCAP.CD,2010,110885.991378721
Latvia,LVA,GDP per capita (current US$),NY.GDP.PCAP.CD,2010,11188.4191700977
"Macao SAR, China",MAC,GDP per capita (current US$),NY.GDP.PCAP.CD,2010,52596.2250160214
Morocco,MAR,GDP per capita (current US$),NY.GDP.PCAP.CD,2010,3067.9853515625
Monaco,MCO,GDP per capita (current US$),NY.GDP.PCAP.CD,2010,161853.920622244
Moldova,MDA,GDP per capita (current US$),NY.GDP.PCAP.CD,2010,2436.79935102421
Madagascar,MDG,GDP per capita (current US$),NY.GDP.PCAP.CD,2010,450.009391645726
Maldives,MDV,GDP per capita (current US$),NY.GDP.PCAP.CD,2010,7173.59601844692
"Middle East, North Africa, Afghanistan & Pakistan",MEA,GDP per capita (current US$),NY.GDP.PCAP.CD,2010,4867.92943497015
Mexico,MEX,GDP per capita (current US$),NY.GDP.PCAP.CD,2010,9728.80078377082
Marshall Islands,MHL,GDP per capita (current US$),NY.GDP.PCAP.CD,2010,3095.45768964722
Middle income,MIC,GDP per capita (current US$),NY.GDP.PCAP.CD,2010,3610.66323367037
North Macedonia,MKD,GDP per capita (current US$),NY.GDP.PCAP.CD,2010,4833.36586759968
Mali,MLI,GDP per capita (current US$),NY.GDP.PCAP.CD,2010,797.151541135109
Malta,MLT,GDP per capita (current US$),NY.GDP.PCAP.CD,2010,21946.6069636029
Myanmar,MMR,GDP per capita (current US$),NY.GDP.PCAP.CD,2010,1010.53417343401
"Middle East, North Africa, Afghanistan & Pakistan (excluding high income)",MNA,GDP per capita (current US$),NY.GDP.PCAP.CD,2010,2816.19347268465
Montenegro,MNE,GDP per capita (current US$),NY.GDP.PCAP.CD,2010,6678.63930800758
Mongolia,MNG,GDP per capita (current US$),NY.GDP.PCAP.CD,2010,2625.21881402433
Northern Mariana Islands,MNP,GDP per capita (current US$),NY.GDP.PCAP.CD,2010,14771.4037455399
Mozambique,MOZ,GDP per capita (current US$),NY.GDP.PCAP.CD,2010,496.185839392659
Mauritania,MRT,GDP per capita (current US$),NY.GDP.PCAP.CD,2010,1659.96369705455
Mauritius,MUS,GDP per capita (current US$),NY.GDP.PCAP.CD,2010,8113.17670740212
Malawi,MWI,GDP per capita (current US$),NY.GDP.PCAP.CD,2010,683.124694716799
Malaysia,MYS,GDP per capita (current US$),NY.GDP.PCAP.CD,2010,8899.34505544675
North America,NAC,GDP per capita (current US$),NY.GDP.PCAP.CD,2010,48545.7752706944
Namibia,NAM,GDP per capita (current US$),NY.GDP.PCAP.CD,2010,5418.21633365814
New Caledonia,NCL,GDP per capita (current US$),NY.GDP.PCAP.CD,2010,35798.9084757829
Niger,NER,GDP per capita (current US$),NY.GDP.PCAP.CD,2010,474.425692340831
Nigeria,NGA,GDP per capita (current US$),NY.GDP.PCAP.CD,2010,2202.25672957344
Nicaragua,NIC,GDP per capita (current US$),NY.GDP.PCAP.CD,2010,1526.56706951408
Netherlands,NLD,GDP per capita (current US$),NY.GDP.PCAP.CD,2010,51305.7338533973
Norway,NOR,GDP per capita (current US$),NY.GDP.PCAP.CD,2010,88163.2085931423
Nepal,NPL,GDP per capita (current US$),NY.GDP.PCAP.CD,2010,585.278491984574
Nauru,NRU,GDP per capita (current US$),NY.GDP.PCAP.CD,2010,4735.92000502092
New Zealand,NZL,GDP per capita (current US$),NY.GDP.PCAP.CD,2010,33761.9009639947
OECD members,OED,GDP per capita (current US$),NY.GDP.PCAP.CD,2010,35162.1991743522
Oman,OMN,GDP per capita (current US$),NY.GDP.PCAP.CD,2010,23570.1798147325
Other small states,OSS,GDP per capita (current US$),NY.GDP.PCAP.CD,2010,10149.5632621314
Pakistan,PAK,GDP per capita (current US$),NY.GDP.PCAP.CD,2010,987.304571124485
Panama,PAN,GDP per capita (current US$),NY.GDP.PCAP.CD,2010,8331.46422259967
Peru,PER,GDP per capita (current US$),NY.GDP.PCAP.CD,2010,5072.11494019615
Philippines,PHL,GDP per capita (current US$),NY.GDP.PCAP.CD,2010,2162.91375885614
Palau,PLW,GDP per capita (current US$),NY.GDP.PCAP.CD,2010,10221.9163762354
Papua New Guinea,PNG,GDP per capita (current US$),NY.GDP.PCAP.CD,2010,1866.86889851208
Poland,POL,GDP per capita (current US$),NY.GDP.PCAP.CD,2010,12567.7317676382
Pre-demographic dividend,PRE,GDP per capita (current US$),NY.GDP.PCAP.CD,2010,1421.48905142231
Puerto Rico (US),PRI,GDP per capita (current US$),NY.GDP.PCAP.CD,2010,26414.8810634548
Portugal,PRT,GDP per capita (current US$),NY.GDP.PCAP.CD,2010,22551.935098809
Paraguay,PRY,GDP per capita (current US$),NY.GDP.PCAP.CD,2010,4750.96273669458
West Bank and Gaza,PSE,GDP per capita (current US$),NY.GDP.PCAP.CD,2010,2557.07562356699
Pacific island small states,PSS,GDP per capita (current US$),NY.GDP.PCAP.CD,2010,2900.92919415648
Post-demographic dividend,PST,GDP per capita (current US$),NY.GDP.PCAP.CD,2010,39801.8641147794
French Polynesia,PYF,GDP per capita (current US$),NY.GDP.PCAP.CD,2010,22494.806706186
Qatar,QAT,GDP per capita (current US$),NY.GDP.PCAP.CD,2010,76462.6119486736
Romania,ROU,GDP per capita (current US$),NY.GDP.PCAP.CD,2010,8399.5374234284
Russian Federation,RUS,GDP per capita (current US$),NY.GDP.PCAP.CD,2010,10674.990234375
Rwanda,RWA,GDP per capita (current US$),NY.GDP.PCAP.CD,2010,593.624927744346
South Asia,SAS,GDP per capita (current US$),NY.GDP.PCAP.CD,2010,1294.02734404973
Saudi Arabia,SAU,GDP per capita (current US$),NY.GDP.PCAP.CD,2010,22028.3901426586
Sudan,SDN,GDP per capita (current US$),NY.GDP.PCAP.CD,2010,1305.63598632813
Senegal,SEN,GDP per capita (current US$),NY.GDP.PCAP.CD,2010,1275.88357492357
Singapore,SGP,GDP per capita (current US$),NY.GDP.PCAP.CD,2010,47236.683084953
Solomon Islands,SLB,GDP per capita (current US$),NY.GDP.PCAP.CD,2010,1685.14535823757
Sierra Leone,SLE,GDP per capita (current US$),NY.GDP.PCAP.CD,2010,685.039673490948
El Salvador,SLV,GDP per capita (current US$),NY.GDP.PCAP.CD,2010,3040.07300952878
San Marino,SMR,GDP per capita (current US$),NY.GDP.PCAP.CD,2010,56543.1898204098
"Somalia, Fed. Rep.",SOM,GDP per capita (current US$),NY.GDP.PCAP.CD,2010,219.202453852397
Serbia,SRB,GDP per capita (current US$),NY.GDP.PCAP.CD,2010,5970.92660940072
Sub-Saharan Africa (excluding high income),SSA,GDP per capita (current US$),NY.GDP.PCAP.CD,2010,1789.34374213402
South Sudan,SSD,GDP per capita (current US$),NY.GDP.PCAP.CD,2010,1498.27034985194
Sub-Saharan Africa,SSF,GDP per capita (current US$),NY.GDP.PCAP.CD,2010,1642.64134193596
Small states,SST,GDP per capita (current US$),NY.GDP.PCAP.CD,2010,9813.58319583757
Sao Tome and Principe,STP,GDP per capita (current US$),NY.GDP.PCAP.CD,2010,1045.20958234528
Suriname,SUR,GDP per capita (current US$),NY.GDP.PCAP.CD,2010,7943.60482816915
Slovak Republic,SVK,GDP per capita (current US$),NY.GDP.PCAP.CD,2010,16899.448680529
Slovenia,SVN,GDP per capita (current US$),NY.GDP.PCAP.CD,2010,23329.8417691156
Sweden,SWE,GDP per capita (current US$),NY.GDP.PCAP.CD,2010,52542.5759090299
Eswatini,SWZ,GDP per capita (current US$),NY.GDP.PCAP.CD,2010,3922.74039390733
Sint Maarten (Dutch part),SXM,GDP per capita (current US$),NY.GDP.PCAP.CD,2010,26403.8143692163
Seychelles,SYC,GDP per capita (current US$),NY.GDP.PCAP.CD,2010,10934.79494629
Syrian Arab Republic,SYR,GDP per capita (current US$),NY.GDP.PCAP.CD,2010,2730.61477118949
Turks and Caicos Islands,TCA,GDP per capita (current US$),NY.GDP.PCAP.CD,2010,23093.8498268267
Chad,TCD,GDP per capita (current US$),NY.GDP.PCAP.CD,2010,1141.80069268412
East Asia & Pacific (IDA & IBRD countries),TEA,GDP per capita (current US$),NY.GDP.PCAP.CD,2010,4104.80262362259
Europe & Central Asia (IDA & IBRD countries),TEC,GDP per capita (current US$),NY.GDP.PCAP.CD,2010,8280.72343768265
Togo,TGO,GDP per capita (current US$),NY.GDP.PCAP.CD,2010,704.986772286079
Thailand,THA,GDP per capita (current US$),NY.GDP.PCAP.CD,2010,4973.86288823778
Tajikistan,TJK,GDP per capita (current US$),NY.GDP.PCAP.CD,2010,737.338883219356
Turkmenistan,TKM,GDP per capita (current US$),NY.GDP.PCAP.CD,2010,4058.53937000739
Latin America & the Caribbean (IDA & IBRD countries),TLA,GDP per capita (current US$),NY.GDP.PCAP.CD,2010,9115.80144590362
Timor-Leste,TLS,GDP per capita (current US$),NY.GDP.PCAP.CD,2010,813.060220670369
"Middle East, North Africa, Afghanistan & Pakistan (IDA & IBRD)",TMN,GDP per capita (current US$),NY.GDP.PCAP.CD,2010,2817.90380218571
Tonga,TON,GDP per capita (current US$),NY.GDP.PCAP.CD,2010,3416.08356601207
South Asia (IDA & IBRD),TSA,GDP per capita (current US$),NY.GDP.PCAP.CD,2010,1294.02734404973
Sub-Saharan Africa (IDA & IBRD countries),TSS,GDP per capita (current US$),NY.GDP.PCAP.CD,2010,1642.64134193596
Trinidad and Tobago,TTO,GDP per capita (current US$),NY.GDP.PCAP.CD,2010,16815.424737361
Tunisia,TUN,GDP per capita (current US$),NY.GDP.PCAP.CD,2010,4291.86120891575
Turkiye,TUR,GDP per capita (current US$),NY.GDP.PCAP.CD,2010,10698.9699409757
Tuvalu,TUV,GDP per capita (current US$),NY.GDP.PCAP.CD,2010,3024.8170790571
Tanzania,TZA,GDP per capita (current US$),NY.GDP.PCAP.CD,2010,736.530151367188
Uganda,UGA,GDP per capita (current US$),NY.GDP.PCAP.CD,2010,823.488144282
Ukraine,UKR,GDP per capita (current US$),NY.GDP.PCAP.CD,2010,3039.63232421875
Upper middle income,UMC,GDP per capita (current US$),NY.GDP.PCAP.CD,2010,5710.9010671794
Uruguay,URY,GDP per capita (current US$),NY.GDP.PCAP.CD,2010,12641.0576849008
United States,USA,GDP per capita (current US$),NY.GDP.PCAP.CD,2010,48642.6100179312
Uzbekistan,UZB,GDP per capita (current US$),NY.GDP.PCAP.CD,2010,1753.20730243278
St. Vincent and the Grenadines,VCT,GDP per capita (current US$),NY.GDP.PCAP.CD,2010,6551.96835992405
"Venezuela, RB",VEN,GDP per capita (current US$),NY.GDP.PCAP.CD,2010,13646.3046622664
Virgin Islands (U.S.),VIR,GDP per capita (current US$),NY.GDP.PCAP.CD,2010,39905.1284180994
Viet Nam,VNM,GDP per capita (current US$),NY.GDP.PCAP.CD,2010,1683.16182443979
Vanuatu,VUT,GDP per capita (current US$),NY.GDP.PCAP.CD,2010,2815.18828985779
World,WLD,GDP per capita (current US$),NY.GDP.PCAP.CD,2010,9542.72886249208
Samoa,WSM,GDP per capita (current US$),NY.GDP.PCAP.CD,2010,3524.2479246203
Kosovo,XKX,GDP per capita (current US$),NY.GDP.PCAP.CD,2010,2987.54519574464
"Yemen, Rep.",YEM,GDP per capita (current US$),NY.GDP.PCAP.CD,2010,1155.20305261418
South Africa,ZAF,GDP per capita (current US$),NY.GDP.PCAP.CD,2010,7973.47195771517
Zambia,ZMB,GDP per capita (current US$),NY.GDP.PCAP.CD,2010,1451.10616017155
Zimbabwe,ZWE,GDP per capita (current US$),NY.GDP.PCAP.CD,2010,902.010759067388
Aruba,ABW,GDP per capita (current US$),NY.GDP.PCAP.CD,2011,25712.3843015186
Africa Eastern and Southern,AFE,GDP per capita (current US$),NY.GDP.PCAP.CD,2011,1761.98926096159
Afghanistan,AFG,GDP per capita (current US$),NY.GDP.PCAP.CD,2011,606.694676337726
Africa Western and Central,AFW,GDP per capita (current US$),NY.GDP.PCAP.CD,2011,1844.05436728177
Angola,AGO,GDP per capita (current US$),NY.GDP.PCAP.CD,2011,5184.15269149912
Albania,ALB,GDP per capita (current US$),NY.GDP.PCAP.CD,2011,4465.70914328865
Andorra,AND,GDP per capita (current US$),NY.GDP.PCAP.CD,2011,46657.1495384811
Arab World,ARB,GDP per capita (current US$),NY.GDP.PCAP.CD,2011,6915.82768123695
United Arab Emirates,ARE,GDP per capita (current US$),NY.GDP.PCAP.CD,2011,51921.904511613
Argentina,ARG,GDP per capita (current US$),NY.GDP.PCAP.CD,2011,12704.2831819684
Armenia,ARM,GDP per capita (current US$),NY.GDP.PCAP.CD,2011,3349.55309771906
American Samoa,ASM,GDP per capita (current US$),NY.GDP.PCAP.CD,2011,10383.459331451
Antigua and Barbuda,ATG,GDP per capita (current US$),NY.GDP.PCAP.CD,2011,14911.7275084471
Australia,AUS,GDP per capita (current US$),NY.GDP.PCAP.CD,2011,62799.3895017032
Austria,AUT,GDP per capita (current US$),NY.GDP.PCAP.CD,2011,51116.8953522042
Azerbaijan,AZE,GDP per capita (current US$),NY.GDP.PCAP.CD,2011,7189.81869211976
Burundi,BDI,GDP per capita (current US$),NY.GDP.PCAP.CD,2011,230.069761381132
Belgium,BEL,GDP per capita (current US$),NY.GDP.PCAP.CD,2011,47760.8298776546
Benin,BEN,GDP per capita (current US$),NY.GDP.PCAP.CD,2011,1059.41358852588
Burkina Faso,BFA,GDP per capita (current US$),NY.GDP.PCAP.CD,2011,725.024767725475
Bangladesh,BGD,GDP per capita (current US$),NY.GDP.PCAP.CD,2011,837.336944695647
Bulgaria,BGR,GDP per capita (current US$),NY.GDP.PCAP.CD,2011,7849.58061302818
Bahrain,BHR,GDP per capita (current US$),NY.GDP.PCAP.CD,2011,25032.7867743333
"Bahamas, The",BHS,GDP per capita (current US$),NY.GDP.PCAP.CD,2011,27090.8376801379
Bosnia and Herzegovina,BIH,GDP per capita (current US$),NY.GDP.PCAP.CD,2011,4982.69375768263
Belarus,BLR,GDP per capita (current US$),NY.GDP.PCAP.CD,2011,6527.6593428786
Belize,BLZ,GDP per capita (current US$),NY.GDP.PCAP.CD,2011,5596.05222152289
Bermuda,BMU,GDP per capita (current US$),NY.GDP.PCAP.CD,2011,99049.0169927667
Bolivia,BOL,GDP per capita (current US$),NY.GDP.PCAP.CD,2011,2315.52121930607
Brazil,BRA,GDP per capita (current US$),NY.GDP.PCAP.CD,2011,13396.6263158041
Barbados,BRB,GDP per capita (current US$),NY.GDP.PCAP.CD,2011,20508.1498810382
Brunei Darussalam,BRN,GDP per capita (current US$),NY.GDP.PCAP.CD,2011,46382.8274255349
Bhutan,BTN,GDP per capita (current US$),NY.GDP.PCAP.CD,2011,2787.97967608562
Botswana,BWA,GDP per capita (current US$),NY.GDP.PCAP.CD,2011,7287.38295334919
Central African Republic,CAF,GDP per capita (current US$),NY.GDP.PCAP.CD,2011,534.057281471636
Canada,CAN,GDP per capita (current US$),NY.GDP.PCAP.CD,2011,52223.8588398531
Central Europe and the Baltics,CEB,GDP per capita (current US$),NY.GDP.PCAP.CD,2011,13997.3000771488
Switzerland,CHE,GDP per capita (current US$),NY.GDP.PCAP.CD,2011,90476.7589651577
Channel Islands,CHI,GDP per capita (current US$),NY.GDP.PCAP.CD,2011,60415.2632075658
Chile,CHL,GDP per capita (current US$),NY.GDP.PCAP.CD,2011,14487.3927832032
China,CHN,GDP per capita (current US$),NY.GDP.PCAP.CD,2011,5703.76027973346
Cote d'Ivoire,CIV,GDP per capita (current US$),NY.GDP.PCAP.CD,2011,1596.62826565998
Cameroon,CMR,GDP per capita (current US$),NY.GDP.PCAP.CD,2011,1513.96056994878
"Congo, Dem. Rep.",COD,GDP per capita (current US$),NY.GDP.PCAP.CD,2011,372.514273875789
"Congo, Rep.",COG,GDP per capita (current US$),NY.GDP.PCAP.CD,2011,3396.16505817952
Colombia,COL,GDP per capita (current US$),NY.GDP.PCAP.CD,2011,7400.9940695669
Comoros,COM,GDP per capita (current US$),NY.GDP.PCAP.CD,2011,1531.43789372951
Cabo Verde,CPV,GDP per capita (current US$),NY.GDP.PCAP.CD,2011,4002.01386888785
Costa Rica,CRI,GDP per capita (current US$),NY.GDP.PCAP.CD,2011,9276.39107511347
Caribbean small states,CSS,GDP per capita (current US$),NY.GDP.PCAP.CD,2011,13526.9467562
Cuba,CUB,GDP per capita (current US$),NY.GDP.PCAP.CD,2011,6104.46105236166
Curacao,CUW,GDP per capita (current US$),NY.GDP.PCAP.CD,2011,19426.3264002202
Cayman Islands,CYM,GDP per capita (current US$),NY.GDP.PCAP.CD,2011,75280.9617699986
Cyprus,CYP,GDP per capita (current US$),NY.GDP.PCAP.CD,2011,32485.798828125
Czechia,CZE,GDP per capita (current US$),NY.GDP.PCAP.CD,2011,22049.1080788682
Germany,DEU,GDP per capita (current US$),NY.GDP.PCAP.CD,2011,47630.9761883572
Djibouti,DJI,GDP per capita (current US$),NY.GDP.PCAP.CD,2011,1306.34552844977
Dominica,DMA,GDP per capita (current US$),NY.GDP.PCAP.CD,2011,7705.40717248319
Denmark,DNK,GDP per capita (current US$),NY.GDP.PCAP.CD,2011,61809.737898222
Dominican Republic,DOM,GDP per capita (current US$),NY.GDP.PCAP.CD,2011,5826.51014109195
Algeria,DZA,GDP per capita (current US$),NY.GDP.PCAP.CD,2011,5916.31364364343
East Asia & Pacific (excluding high income),EAP,GDP per capita (current US$),NY.GDP.PCAP.CD,2011,4913.89394942906
Early-demographic dividend,EAR,GDP per capita (current US$),NY.GDP.PCAP.CD,2011,3262.90999134968
East Asia & Pacific,EAS,GDP per capita (current US$),NY.GDP.PCAP.CD,2011,8955.74869819951
Europe & Central Asia (excluding high income),ECA,GDP per capita (current US$),NY.GDP.PCAP.CD,2011,6785.87680428259
Europe & Central Asia,ECS,GDP per capita (current US$),NY.GDP.PCAP.CD,2011,26239.3600613076
Ecuador,ECU,GDP per capita (current US$),NY.GDP.PCAP.CD,2011,5153.6916424375
"Egypt, Arab Rep.",EGY,GDP per capita (current US$),NY.GDP.PCAP.CD,2011,2590.64384891965
Euro area,EMU,GDP per capita (current US$),NY.GDP.PCAP.CD,2011,40569.5862836129
Eritrea,ERI,GDP per capita (current US$),NY.GDP.PCAP.CD,2011,688.68165957684
Spain,ESP,GDP per capita (current US$),NY.GDP.PCAP.CD,2011,31824.6219134777
Estonia,EST,GDP per capita (current US$),NY.GDP.PCAP.CD,2011,17555.5455239426
Ethiopia,ETH,GDP per capita (current US$),NY.GDP.PCAP.CD,2011,343.024942351887
European Union,EUU,GDP per capita (current US$),NY.GDP.PCAP.CD,2011,35963.3147849808
Fragile and conflict affected situations,FCS,GDP per capita (current US$),NY.GDP.PCAP.CD,2011,2053.715805371
Finland,FIN,GDP per capita (current US$),NY.GDP.PCAP.CD,2011,51060.3242589767
Fiji,FJI,GDP per capita (current US$),NY.GDP.PCAP.CD,2011,4139.60288609702
France,FRA,GDP per capita (current US$),NY.GDP.PCAP.CD,2011,43929.7840873812
Faroe Islands,FRO,GDP per capita (current US$),NY.GDP.PCAP.CD,2011,51618.9907766392
"Micronesia, Fed. Sts.",FSM,GDP per capita (current US$),NY.GDP.PCAP.CD,2011,2848.70077003105
Gabon,GAB,GDP per capita (current US$),NY.GDP.PCAP.CD,2011,10219.1139339454
United Kingdom,GBR,GDP per capita (current US$),NY.GDP.PCAP.CD,2011,42295.9273835322
Georgia,GEO,GDP per capita (current US$),NY.GDP.PCAP.CD,2011,4119.66818307193
Ghana,GHA,GDP per capita (current US$),NY.GDP.PCAP.CD,2011,1507.43573198753
Guinea,GIN,GDP per capita (current US$),NY.GDP.PCAP.CD,2011,636.694958747648
"Gambia, The",GMB,GDP per capita (current US$),NY.GDP.PCAP.CD,2011,710.608411468152
Guinea-Bissau,GNB,GDP per capita (current US$),NY.GDP.PCAP.CD,2011,719.539573498937
Equatorial Guinea,GNQ,GDP per capita (current US$),NY.GDP.PCAP.CD,2011,17198.2136668275
Greece,GRC,GDP per capita (current US$),NY.GDP.PCAP.CD,2011,25504.7866510124
Grenada,GRD,GDP per capita (current US$),NY.GDP.PCAP.CD,2011,6947.38136096464
Greenland,GRL,GDP per capita (current US$),NY.GDP.PCAP.CD,2011,47186.8759969388
Guatemala,GTM,GDP per capita (current US$),NY.GDP.PCAP.CD,2011,3168.98370607705
Guam,GUM,GDP per capita (current US$),NY.GDP.PCAP.CD,2011,29926.2052442913
Guyana,GUY,GDP per capita (current US$),NY.GDP.PCAP.CD,2011,4947.22170589917
High income,HIC,GDP per capita (current US$),NY.GDP.PCAP.CD,2011,38785.8817355705
"Hong Kong SAR, China",HKG,GDP per capita (current US$),NY.GDP.PCAP.CD,2011,35142.4879344543
Honduras,HND,GDP per capita (current US$),NY.GDP.PCAP.CD,2011,2073.66121088074
Heavily indebted poor countries (HIPC),HPC,GDP per capita (current US$),NY.GDP.PCAP.CD,2011,873.222093086024
Croatia,HRV,GDP per capita (current US$),NY.GDP.PCAP.CD,2011,14691.558296292
Haiti,HTI,GDP per capita (current US$),NY.GDP.PCAP.CD,2011,1312.03953552013
Hungary,HUN,GDP per capita (current US$),NY.GDP.PCAP.CD,2011,14211.460557822
IBRD only,IBD,GDP per capita (current US$),NY.GDP.PCAP.CD,2011,5342.86138124845
IDA & IBRD total,IBT,GDP per capita (current US$),NY.GDP.PCAP.CD,2011,4324.06826881192
IDA total,IDA,GDP per capita (current US$),NY.GDP.PCAP.CD,2011,1224.50986155293
IDA blend,IDB,GDP per capita (current US$),NY.GDP.PCAP.CD,2011,1705.64443688917
Indonesia,IDN,GDP per capita (current US$),NY.GDP.PCAP.CD,2011,3579.46442466152
IDA only,IDX,GDP per capita (current US$),NY.GDP.PCAP.CD,2011,961.368579226082
Isle of Man,IMN,GDP per capita (current US$),NY.GDP.PCAP.CD,2011,77808.8579649376
India,IND,GDP per capita (current US$),NY.GDP.PCAP.CD,2011,1445.46127486037
Ireland,IRL,GDP per capita (current US$),NY.GDP.PCAP.CD,2011,52613.8540355689
"Iran, Islamic Rep.",IRN,GDP per capita (current US$),NY.GDP.PCAP.CD,2011,8025.68743364356
Iraq,IRQ,GDP per capita (current US$),NY.GDP.PCAP.CD,2011,5775.54229080293
Iceland,ISL,GDP per capita (current US$),NY.GDP.PCAP.CD,2011,48254.953927254
Israel,ISR,GDP per capita (current US$),NY.GDP.PCAP.CD,2011,34522.5215979073
Italy,ITA,GDP per capita (current US$),NY.GDP.PCAP.CD,2011,38432.3742820019
Jamaica,JAM,GDP per capita (current US$),NY.GDP.PCAP.CD,2011,5232.63644918132
Jordan,JOR,GDP per capita (current US$),NY.GDP.PCAP.CD,2011,3946.85503855525
Japan,JPN,GDP per capita (current US$),NY.GDP.PCAP.CD,2011,48760.0789494211
Kazakhstan,KAZ,GDP per capita (current US$),NY.GDP.PCAP.CD,2011,11287.1464926039
Kenya,KEN,GDP per capita (current US$),NY.GDP.PCAP.CD,2011,1096.14499807675
Kyrgyz Republic,KGZ,GDP per capita (current US$),NY.GDP.PCAP.CD,2011,1117.40174350185
Cambodia,KHM,GDP per capita (current US$),NY.GDP.PCAP.CD,2011,1088.98152823081
Kiribati,KIR,GDP per capita (current US$),NY.GDP.PCAP.CD,2011,1771.12926848792
St. Kitts and Nevis,KNA,GDP per capita (current US$),NY.GDP.PCAP.CD,2011,17832.4572919975
"Korea, Rep.",KOR,GDP per capita (current US$),NY.GDP.PCAP.CD,2011,26175.2398553363
Kuwait,KWT,GDP per capita (current US$),NY.GDP.PCAP.CD,2011,49169.6063813095
Latin America & Caribbean (excluding high income),LAC,GDP per capita (current US$),NY.GDP.PCAP.CD,2011,9979.9897262503
Lao PDR,LAO,GDP per capita (current US$),NY.GDP.PCAP.CD,2011,1361.54704394913
Lebanon,LBN,GDP per capita (current US$),NY.GDP.PCAP.CD,2011,7834.96257108993
Liberia,LBR,GDP per capita (current US$),NY.GDP.PCAP.CD,2011,568.087865520004
Libya,LBY,GDP per capita (current US$),NY.GDP.PCAP.CD,2011,7593.8391525702
St. Lucia,LCA,GDP per capita (current US$),NY.GDP.PCAP.CD,2011,9128.99442011613
Latin America & Caribbean,LCN,GDP per capita (current US$),NY.GDP.PCAP.CD,2011,10334.20548878
Least developed countries: UN classification,LDC,GDP per capita (current US$),NY.GDP.PCAP.CD,2011,925.130488690388
Low income,LIC,GDP per capita (current US$),NY.GDP.PCAP.CD,2011,869.718827485855
Liechtenstein,LIE,GDP per capita (current US$),NY.GDP.PCAP.CD,2011,158066.369379163
Sri Lanka,LKA,GDP per capita (current US$),NY.GDP.PCAP.CD,2011,3224.95745150496
Lower middle income,LMC,GDP per capita (current US$),NY.GDP.PCAP.CD,2011,1636.38338498875
Low & middle income,LMY,GDP per capita (current US$),NY.GDP.PCAP.CD,2011,3942.65348704731
Lesotho,LSO,GDP per capita (current US$),NY.GDP.PCAP.CD,2011,1280.73390931581
Late-demographic dividend,LTE,GDP per capita (current US$),NY.GDP.PCAP.CD,2011,7598.75722812692
Lithuania,LTU,GDP per capita (current US$),NY.GDP.PCAP.CD,2011,14261.8433787325
Luxembourg,LUX,GDP per capita (current US$),NY.GDP.PCAP.CD,2011,119025.057203467
Latvia,LVA,GDP per capita (current US$),NY.GDP.PCAP.CD,2011,12902.574053337
"Macao SAR, China",MAC,GDP per capita (current US$),NY.GDP.PCAP.CD,2011,67046.7284292101
St. Martin (French part),MAF,GDP per capita (current US$),NY.GDP.PCAP.CD,2011,20930.5821177758
Morocco,MAR,GDP per capita (current US$),NY.GDP.PCAP.CD,2011,3301.98876953125
Monaco,MCO,GDP per capita (current US$),NY.GDP.PCAP.CD,2011,179363.984221513
Moldova,MDA,GDP per capita (current US$),NY.GDP.PCAP.CD,2011,2941.36224066021
Madagascar,MDG,GDP per capita (current US$),NY.GDP.PCAP.CD,2011,506.163691559309
Maldives,MDV,GDP per capita (current US$),NY.GDP.PCAP.CD,2011,7424.520410971
"Middle East, North Africa, Afghanistan & Pakistan",MEA,GDP per capita (current US$),NY.GDP.PCAP.CD,2011,5731.46333788345
Mexico,MEX,GDP per capita (current US$),NY.GDP.PCAP.CD,2011,10664.4944032313
Marshall Islands,MHL,GDP per capita (current US$),NY.GDP.PCAP.CD,2011,3319.39815439151
Middle income,MIC,GDP per capita (current US$),NY.GDP.PCAP.CD,2011,4205.16300649743
North Macedonia,MKD,GDP per capita (current US$),NY.GDP.PCAP.CD,2011,5416.86672931659
Mali,MLI,GDP per capita (current US$),NY.GDP.PCAP.CD,2011,938.292902583696
Malta,MLT,GDP per capita (current US$),NY.GDP.PCAP.CD,2011,23516.9691234302
Myanmar,MMR,GDP per capita (current US$),NY.GDP.PCAP.CD,2011,1213.62898703376
"Middle East, North Africa, Afghanistan & Pakistan (excluding high income)",MNA,GDP per capita (current US$),NY.GDP.PCAP.CD,2011,3232.55085445141
Montenegro,MNE,GDP per capita (current US$),NY.GDP.PCAP.CD,2011,7265.51668681954
Mongolia,MNG,GDP per capita (current US$),NY.GDP.PCAP.CD,2011,3736.04201455077
Northern Mariana Islands,MNP,GDP per capita (current US$),NY.GDP.PCAP.CD,2011,13598.7166094613
Mozambique,MOZ,GDP per capita (current US$),NY.GDP.PCAP.CD,2011,618.17649286789
Mauritania,MRT,GDP per capita (current US$),NY.GDP.PCAP.CD,2011,1931.19975525465
Mauritius,MUS,GDP per capita (current US$),NY.GDP.PCAP.CD,2011,9324.24232310496
Malawi,MWI,GDP per capita (current US$),NY.GDP.PCAP.CD,2011,763.061000394572
Malaysia,MYS,GDP per capita (current US$),NY.GDP.PCAP.CD,2011,10217.1068585031
North America,NAC,GDP per capita (current US$),NY.GDP.PCAP.CD,2011,50251.9815319984
Namibia,NAM,GDP per capita (current US$),NY.GDP.PCAP.CD,2011,5834.7917675794
New Caledonia,NCL,GDP per capita (current US$),NY.GDP.PCAP.CD,2011,38835.9401851385
Niger,NER,GDP per capita (current US$),NY.GDP.PCAP.CD,2011,510.75956176268
Nigeria,NGA,GDP per capita (current US$),NY.GDP.PCAP.CD,2011,2418.41316975875
Nicaragua,NIC,GDP per capita (current US$),NY.GDP.PCAP.CD,2011,1679.71192084633
Netherlands,NLD,GDP per capita (current US$),NY.GDP.PCAP.CD,2011,54701.7728030611
Norway,NOR,GDP per capita (current US$),NY.GDP.PCAP.CD,2011,101221.813476644
Nepal,NPL,GDP per capita (current US$),NY.GDP.PCAP.CD,2011,785.518656222132
Nauru,NRU,GDP per capita (current US$),NY.GDP.PCAP.CD,2011,6444.03642094634
New Zealand,NZL,GDP per capita (current US$),NY.GDP.PCAP.CD,2011,38431.7766788499
OECD members,OED,GDP per capita (current US$),NY.GDP.PCAP.CD,2011,37631.4111773315
Oman,OMN,GDP per capita (current US$),NY.GDP.PCAP.CD,2011,25188.0074151885
Other small states,OSS,GDP per capita (current US$),NY.GDP.PCAP.CD,2011,11469.9518928722
Pakistan,PAK,GDP per capita (current US$),NY.GDP.PCAP.CD,2011,1131.73513834324
Panama,PAN,GDP per capita (current US$),NY.GDP.PCAP.CD,2011,9662.29590911979
Peru,PER,GDP per capita (current US$),NY.GDP.PCAP.CD,2011,5861.35793645245
Philippines,PHL,GDP per capita (current US$),NY.GDP.PCAP.CD,2011,2383.91892522087
Palau,PLW,GDP per capita (current US$),NY.GDP.PCAP.CD,2011,10993.6038613491
Papua New Guinea,PNG,GDP per capita (current US$),NY.GDP.PCAP.CD,2011,2288.37591141234
Poland,POL,GDP per capita (current US$),NY.GDP.PCAP.CD,2011,13867.6669408192
Pre-demographic dividend,PRE,GDP per capita (current US$),NY.GDP.PCAP.CD,2011,1596.90914437848
Puerto Rico (US),PRI,GDP per capita (current US$),NY.GDP.PCAP.CD,2011,27170.0766543278
Portugal,PRT,GDP per capita (current US$),NY.GDP.PCAP.CD,2011,23246.5425416481
Paraguay,PRY,GDP per capita (current US$),NY.GDP.PCAP.CD,2011,5805.40154542925
West Bank and Gaza,PSE,GDP per capita (current US$),NY.GDP.PCAP.CD,2011,2880.79843707909
Pacific island small states,PSS,GDP per capita (current US$),NY.GDP.PCAP.CD,2011,3339.33261214487
Post-demographic dividend,PST,GDP per capita (current US$),NY.GDP.PCAP.CD,2011,42635.8220864603
French Polynesia,PYF,GDP per capita (current US$),NY.GDP.PCAP.CD,2011,22831.5185348524
Qatar,QAT,GDP per capita (current US$),NY.GDP.PCAP.CD,2011,103261.510293068
Romania,ROU,GDP per capita (current US$),NY.GDP.PCAP.CD,2011,9560.6755277458
Russian Federation,RUS,GDP per capita (current US$),NY.GDP.PCAP.CD,2011,14305.33203125
Rwanda,RWA,GDP per capita (current US$),NY.GDP.PCAP.CD,2011,651.133677964662
South Asia,SAS,GDP per capita (current US$),NY.GDP.PCAP.CD,2011,1397.00682550999
Saudi Arabia,SAU,GDP per capita (current US$),NY.GDP.PCAP.CD,2011,27126.7498747702
Sudan,SDN,GDP per capita (current US$),NY.GDP.PCAP.CD,2011,1332.6572265625
Senegal,SEN,GDP per capita (current US$),NY.GDP.PCAP.CD,2011,1374.67591873844
Singapore,SGP,GDP per capita (current US$),NY.GDP.PCAP.CD,2011,53891.4570264372
Solomon Islands,SLB,GDP per capita (current US$),NY.GDP.PCAP.CD,2011,1924.05795643133
Sierra Leone,SLE,GDP per capita (current US$),NY.GDP.PCAP.CD,2011,761.146365577281
El Salvador,SLV,GDP per capita (current US$),NY.GDP.PCAP.CD,2011,3330.60049486653
San Marino,SMR,GDP per capita (current US$),NY.GDP.PCAP.CD,2011,55601.3929703047
"Somalia, Fed. Rep.",SOM,GDP per capita (current US$),NY.GDP.PCAP.CD,2011,235.325945610434
Serbia,SRB,GDP per capita (current US$),NY.GDP.PCAP.CD,2011,7082.2861666075
Sub-Saharan Africa (excluding high income),SSA,GDP per capita (current US$),NY.GDP.PCAP.CD,2011,1958.08105419725
South Sudan,SSD,GDP per capita (current US$),NY.GDP.PCAP.CD,2011,1448.98435006408
Sub-Saharan Africa,SSF,GDP per capita (current US$),NY.GDP.PCAP.CD,2011,1795.43814856316
Small states,SST,GDP per capita (current US$),NY.GDP.PCAP.CD,2011,10893.6298369854
Sao Tome and Principe,STP,GDP per capita (current US$),NY.GDP.PCAP.CD,2011,1219.80189089671
Suriname,SUR,GDP per capita (current US$),NY.GDP.PCAP.CD,2011,7949.88867218383
Slovak Republic,SVK,GDP per capita (current US$),NY.GDP.PCAP.CD,2011,18469.4354316836
Slovenia,SVN,GDP per capita (current US$),NY.GDP.PCAP.CD,2011,24940.6284841605
Sweden,SWE,GDP per capita (current US$),NY.GDP.PCAP.CD,2011,60379.4814599322
Eswatini,SWZ,GDP per capita (current US$),NY.GDP.PCAP.CD,2011,4225.06049411911
Sint Maarten (Dutch part),SXM,GDP per capita (current US$),NY.GDP.PCAP.CD,2011,27317.5178881974
Seychelles,SYC,GDP per capita (current US$),NY.GDP.PCAP.CD,2011,12110.0937461973
Syrian Arab Republic,SYR,GDP per capita (current US$),NY.GDP.PCAP.CD,2011,2952.14349372257
Turks and Caicos Islands,TCA,GDP per capita (current US$),NY.GDP.PCAP.CD,2011,27327.4006354146
Chad,TCD,GDP per capita (current US$),NY.GDP.PCAP.CD,2011,1308.1421872538
East Asia & Pacific (IDA & IBRD countries),TEA,GDP per capita (current US$),NY.GDP.PCAP.CD,2011,4970.50535493565
Europe & Central Asia (IDA & IBRD countries),TEC,GDP per capita (current US$),NY.GDP.PCAP.CD,2011,10028.6545563598
Togo,TGO,GDP per capita (current US$),NY.GDP.PCAP.CD,2011,783.988944671672
Thailand,THA,GDP per capita (current US$),NY.GDP.PCAP.CD,2011,5373.6232832898
Tajikistan,TJK,GDP per capita (current US$),NY.GDP.PCAP.CD,2011,833.601978202852
Turkmenistan,TKM,GDP per capita (current US$),NY.GDP.PCAP.CD,2011,5143.61929334647
Latin America & the Caribbean (IDA & IBRD countries),TLA,GDP per capita (current US$),NY.GDP.PCAP.CD,2011,10277.6079254264
Timor-Leste,TLS,GDP per capita (current US$),NY.GDP.PCAP.CD,2011,939.045238884406
"Middle East, North Africa, Afghanistan & Pakistan (IDA & IBRD)",TMN,GDP per capita (current US$),NY.GDP.PCAP.CD,2011,3234.88259884042
Tonga,TON,GDP per capita (current US$),NY.GDP.PCAP.CD,2011,3849.99375750134
South Asia (IDA & IBRD),TSA,GDP per capita (current US$),NY.GDP.PCAP.CD,2011,1397.00682550999
Sub-Saharan Africa (IDA & IBRD countries),TSS,GDP per capita (current US$),NY.GDP.PCAP.CD,2011,1795.43814856316
Trinidad and Tobago,TTO,GDP per capita (current US$),NY.GDP.PCAP.CD,2011,19151.0870229722
Tunisia,TUN,GDP per capita (current US$),NY.GDP.PCAP.CD,2011,4420.64772206537
Turkiye,TUR,GDP per capita (current US$),NY.GDP.PCAP.CD,2011,11373.6355760885
Tuvalu,TUV,GDP per capita (current US$),NY.GDP.PCAP.CD,2011,3636.08139989792
Tanzania,TZA,GDP per capita (current US$),NY.GDP.PCAP.CD,2011,775.392761230469
Uganda,UGA,GDP per capita (current US$),NY.GDP.PCAP.CD,2011,835.620060555838
Ukraine,UKR,GDP per capita (current US$),NY.GDP.PCAP.CD,2011,3656.69799804688
Upper middle income,UMC,GDP per capita (current US$),NY.GDP.PCAP.CD,2011,6773.01375512825
Uruguay,URY,GDP per capita (current US$),NY.GDP.PCAP.CD,2011,15132.2675725587
United States,USA,GDP per capita (current US$),NY.GDP.PCAP.CD,2011,50024.868799398
Uzbekistan,UZB,GDP per capita (current US$),NY.GDP.PCAP.CD,2011,2087.86386135694
St. Vincent and the Grenadines,VCT,GDP per capita (current US$),NY.GDP.PCAP.CD,2011,6527.68996854448
"Venezuela, RB",VEN,GDP per capita (current US$),NY.GDP.PCAP.CD,2011,10843.9229703167
Virgin Islands (U.S.),VIR,GDP per capita (current US$),NY.GDP.PCAP.CD,2011,38997.1373164651
Viet Nam,VNM,GDP per capita (current US$),NY.GDP.PCAP.CD,2011,1950.92504174913
Vanuatu,VUT,GDP per capita (current US$),NY.GDP.PCAP.CD,2011,3163.1861645138
World,WLD,GDP per capita (current US$),NY.GDP.PCAP.CD,2011,10485.1771943036
Samoa,WSM,GDP per capita (current US$),NY.GDP.PCAP.CD,2011,3821.50678264479
Kosovo,XKX,GDP per capita (current US$),NY.GDP.PCAP.CD,2011,3538.94759838576
"Yemen, Rep.",YEM,GDP per capita (current US$),NY.GDP.PCAP.CD,2011,1186.47500581215
South Africa,ZAF,GDP per capita (current US$),NY.GDP.PCAP.CD,2011,8646.05571071635
Zambia,ZMB,GDP per capita (current US$),NY.GDP.PCAP.CD,2011,1624.86817763443
Zimbabwe,ZWE,GDP per capita (current US$),NY.GDP.PCAP.CD,2011,1037.77565157218
Aruba,ABW,GDP per capita (current US$),NY.GDP.PCAP.CD,2012,25119.6655449838
Africa Eastern and Southern,AFE,GDP per capita (current US$),NY.GDP.PCAP.CD,2012,1732.03802145335
Afghanistan,AFG,GDP per capita (current US$),NY.GDP.PCAP.CD,2012,651.417134470046
Africa Western and Central,AFW,GDP per capita (current US$),NY.GDP.PCAP.CD,2012,1941.11824321812
Angola,AGO,GDP per capita (current US$),NY.GDP.PCAP.CD,2012,5702.45306277434
Albania,ALB,GDP per capita (current US$),NY.GDP.PCAP.CD,2012,4280.93316338873
Andorra,AND,GDP per capita (current US$),NY.GDP.PCAP.CD,2012,41500.5499988288
Arab World,ARB,GDP per capita (current US$),NY.GDP.PCAP.CD,2012,7384.10682814613
United Arab Emirates,ARE,GDP per capita (current US$),NY.GDP.PCAP.CD,2012,53141.6124340099
Argentina,ARG,GDP per capita (current US$),NY.GDP.PCAP.CD,2012,12949.717486654
Armenia,ARM,GDP per capita (current US$),NY.GDP.PCAP.CD,2012,3511.56399687426
American Samoa,ASM,GDP per capita (current US$),NY.GDP.PCAP.CD,2012,11745.4899153958
Antigua and Barbuda,ATG,GDP per capita (current US$),NY.GDP.PCAP.CD,2012,15639.8078114787
Australia,AUS,GDP per capita (current US$),NY.GDP.PCAP.CD,2012,68301.4402512587
Austria,AUT,GDP per capita (current US$),NY.GDP.PCAP.CD,2012,48250.4059142637
Azerbaijan,AZE,GDP per capita (current US$),NY.GDP.PCAP.CD,2012,7495.86527658099
Burundi,BDI,GDP per capita (current US$),NY.GDP.PCAP.CD,2012,231.098787811507
Belgium,BEL,GDP per capita (current US$),NY.GDP.PCAP.CD,2012,44874.1709182123
Benin,BEN,GDP per capita (current US$),NY.GDP.PCAP.CD,2012,1071.5258366283
Burkina Faso,BFA,GDP per capita (current US$),NY.GDP.PCAP.CD,2012,731.470138867833
Bangladesh,BGD,GDP per capita (current US$),NY.GDP.PCAP.CD,2012,859.680536375497
Bulgaria,BGR,GDP per capita (current US$),NY.GDP.PCAP.CD,2012,7431.95789508871
Bahrain,BHR,GDP per capita (current US$),NY.GDP.PCAP.CD,2012,26438.6733230428
"Bahamas, The",BHS,GDP per capita (current US$),NY.GDP.PCAP.CD,2012,28552.0242683151
Bosnia and Herzegovina,BIH,GDP per capita (current US$),NY.GDP.PCAP.CD,2012,4693.78899115381
Belarus,BLR,GDP per capita (current US$),NY.GDP.PCAP.CD,2012,6953.21591683101
Belize,BLZ,GDP per capita (current US$),NY.GDP.PCAP.CD,2012,5732.66519942347
Bermuda,BMU,GDP per capita (current US$),NY.GDP.PCAP.CD,2012,100213.493385287
Bolivia,BOL,GDP per capita (current US$),NY.GDP.PCAP.CD,2012,2575.59857098084
Brazil,BRA,GDP per capita (current US$),NY.GDP.PCAP.CD,2012,12521.7238454434
Barbados,BRB,GDP per capita (current US$),NY.GDP.PCAP.CD,2012,20804.1150004694
Brunei Darussalam,BRN,GDP per capita (current US$),NY.GDP.PCAP.CD,2012,46968.5971164922
Bhutan,BTN,GDP per capita (current US$),NY.GDP.PCAP.CD,2012,2751.2128864294
Botswana,BWA,GDP per capita (current US$),NY.GDP.PCAP.CD,2012,6595.53845015424
Central African Republic,CAF,GDP per capita (current US$),NY.GDP.PCAP.CD,2012,544.395849142785
Canada,CAN,GDP per capita (current US$),NY.GDP.PCAP.CD,2012,52670.3447335415
Central Europe and the Baltics,CEB,GDP per capita (current US$),NY.GDP.PCAP.CD,2012,13104.066588243
Switzerland,CHE,GDP per capita (current US$),NY.GDP.PCAP.CD,2012,85836.2076767359
Channel Islands,CHI,GDP per capita (current US$),NY.GDP.PCAP.CD,2012,58809.5698945413
Chile,CHL,GDP per capita (current US$),NY.GDP.PCAP.CD,2012,15241.9069981119
China,CHN,GDP per capita (current US$),NY.GDP.PCAP.CD,2012,6405.0574241349
Cote d'Ivoire,CIV,GDP per capita (current US$),NY.GDP.PCAP.CD,2012,1546.9460184731
Cameroon,CMR,GDP per capita (current US$),NY.GDP.PCAP.CD,2012,1449.09874362279
"Congo, Dem. Rep.",COD,GDP per capita (current US$),NY.GDP.PCAP.CD,2012,409.931424783784
"Congo, Rep.",COG,GDP per capita (current US$),NY.GDP.PCAP.CD,2012,3732.32737320389
Colombia,COL,GDP per capita (current US$),NY.GDP.PCAP.CD,2012,8108.59838244229
Comoros,COM,GDP per capita (current US$),NY.GDP.PCAP.CD,2012,1490.31511351281
Cabo Verde,CPV,GDP per capita (current US$),NY.GDP.PCAP.CD,2012,3736.81517011087
Costa Rica,CRI,GDP per capita (current US$),NY.GDP.PCAP.CD,2012,10126.9991024177
Caribbean small states,CSS,GDP per capita (current US$),NY.GDP.PCAP.CD,2012,14290.6349320103
Cuba,CUB,GDP per capita (current US$),NY.GDP.PCAP.CD,2012,6470.83673392653
Curacao,CUW,GDP per capita (current US$),NY.GDP.PCAP.CD,2012,19809.8223170482
Cayman Islands,CYM,GDP per capita (current US$),NY.GDP.PCAP.CD,2012,75101.5906883232
Cyprus,CYP,GDP per capita (current US$),NY.GDP.PCAP.CD,2012,28991.935546875
Czechia,CZE,GDP per capita (current US$),NY.GDP.PCAP.CD,2012,20014.0354015165
Germany,DEU,GDP per capita (current US$),NY.GDP.PCAP.CD,2012,44718.0159214069
Djibouti,DJI,GDP per capita (current US$),NY.GDP.PCAP.CD,2012,1400.19357858954
Dominica,DMA,GDP per capita (current US$),NY.GDP.PCAP.CD,2012,7528.51001990155
Denmark,DNK,GDP per capita (current US$),NY.GDP.PCAP.CD,2012,58443.7747103968
Dominican Republic,DOM,GDP per capita (current US$),NY.GDP.PCAP.CD,2012,6013.81965002603
Algeria,DZA,GDP per capita (current US$),NY.GDP.PCAP.CD,2012,6033.64884689543
East Asia & Pacific (excluding high income),EAP,GDP per capita (current US$),NY.GDP.PCAP.CD,2012,5434.82527120289
Early-demographic dividend,EAR,GDP per capita (current US$),NY.GDP.PCAP.CD,2012,3359.13086538369
East Asia & Pacific,EAS,GDP per capita (current US$),NY.GDP.PCAP.CD,2012,9507.12974075371
Europe & Central Asia (excluding high income),ECA,GDP per capita (current US$),NY.GDP.PCAP.CD,2012,7093.45607745799
Europe & Central Asia,ECS,GDP per capita (current US$),NY.GDP.PCAP.CD,2012,25164.7626116947
Ecuador,ECU,GDP per capita (current US$),NY.GDP.PCAP.CD,2012,5634.08393191094
"Egypt, Arab Rep.",EGY,GDP per capita (current US$),NY.GDP.PCAP.CD,2012,2996.0677072015
Euro area,EMU,GDP per capita (current US$),NY.GDP.PCAP.CD,2012,37481.4502473034
Spain,ESP,GDP per capita (current US$),NY.GDP.PCAP.CD,2012,28456.4438151477
Estonia,EST,GDP per capita (current US$),NY.GDP.PCAP.CD,2012,17568.2137969714
Ethiopia,ETH,GDP per capita (current US$),NY.GDP.PCAP.CD,2012,452.101031885754
European Union,EUU,GDP per capita (current US$),NY.GDP.PCAP.CD,2012,33324.7709896821
Fragile and conflict affected situations,FCS,GDP per capita (current US$),NY.GDP.PCAP.CD,2012,2233.12675819557
Finland,FIN,GDP per capita (current US$),NY.GDP.PCAP.CD,2012,47551.6740841369
Fiji,FJI,GDP per capita (current US$),NY.GDP.PCAP.CD,2012,4341.40338748749
France,FRA,GDP per capita (current US$),NY.GDP.PCAP.CD,2012,40863.5814412333
Faroe Islands,FRO,GDP per capita (current US$),NY.GDP.PCAP.CD,2012,50261.9616267693
"Micronesia, Fed. Sts.",FSM,GDP per capita (current US$),NY.GDP.PCAP.CD,2012,2992.28916099077
Gabon,GAB,GDP per capita (current US$),NY.GDP.PCAP.CD,2012,9296.96587941088
United Kingdom,GBR,GDP per capita (current US$),NY.GDP.PCAP.CD,2012,42688.3263728372
Georgia,GEO,GDP per capita (current US$),NY.GDP.PCAP.CD,2012,4530.69533409431
Ghana,GHA,GDP per capita (current US$),NY.GDP.PCAP.CD,2012,1543.77524235764
Guinea,GIN,GDP per capita (current US$),NY.GDP.PCAP.CD,2012,699.353377212197
"Gambia, The",GMB,GDP per capita (current US$),NY.GDP.PCAP.CD,2012,692.579361628102
Guinea-Bissau,GNB,GDP per capita (current US$),NY.GDP.PCAP.CD,2012,635.461653303881
Equatorial Guinea,GNQ,GDP per capita (current US$),NY.GDP.PCAP.CD,2012,17308.5723924575
Greece,GRC,GDP per capita (current US$),NY.GDP.PCAP.CD,2012,21624.346052551
Grenada,GRD,GDP per capita (current US$),NY.GDP.PCAP.CD,2012,7092.71985352677
Greenland,GRL,GDP per capita (current US$),NY.GDP.PCAP.CD,2012,45936.9562817724
Guatemala,GTM,GDP per capita (current US$),NY.GDP.PCAP.CD,2012,3286.61959336267
Guam,GUM,GDP per capita (current US$),NY.GDP.PCAP.CD,2012,31653.7506538168
Guyana,GUY,GDP per capita (current US$),NY.GDP.PCAP.CD,2012,5444.39751913913
High income,HIC,GDP per capita (current US$),NY.GDP.PCAP.CD,2012,38693.845536167
"Hong Kong SAR, China",HKG,GDP per capita (current US$),NY.GDP.PCAP.CD,2012,36730.796195815
Honduras,HND,GDP per capita (current US$),NY.GDP.PCAP.CD,2012,2126.03474686503
Heavily indebted poor countries (HIPC),HPC,GDP per capita (current US$),NY.GDP.PCAP.CD,2012,881.192621901094
Croatia,HRV,GDP per capita (current US$),NY.GDP.PCAP.CD,2012,13507.7805260991
Haiti,HTI,GDP per capita (current US$),NY.GDP.PCAP.CD,2012,1361.39396587374
Hungary,HUN,GDP per capita (current US$),NY.GDP.PCAP.CD,2012,12950.1594488143
IBRD only,IBD,GDP per capita (current US$),NY.GDP.PCAP.CD,2012,5617.65268604461
IDA & IBRD total,IBT,GDP per capita (current US$),NY.GDP.PCAP.CD,2012,4531.17008727409
IDA total,IDA,GDP per capita (current US$),NY.GDP.PCAP.CD,2012,1263.41124156596
IDA blend,IDB,GDP per capita (current US$),NY.GDP.PCAP.CD,2012,1844.1586935183
Indonesia,IDN,GDP per capita (current US$),NY.GDP.PCAP.CD,2012,3632.27254030331
IDA only,IDX,GDP per capita (current US$),NY.GDP.PCAP.CD,2012,945.581958388053
Isle of Man,IMN,GDP per capita (current US$),NY.GDP.PCAP.CD,2012,79329.2034347434
India,IND,GDP per capita (current US$),NY.GDP.PCAP.CD,2012,1429.32199520032
Ireland,IRL,GDP per capita (current US$),NY.GDP.PCAP.CD,2012,49335.8408099555
"Iran, Islamic Rep.",IRN,GDP per capita (current US$),NY.GDP.PCAP.CD,2012,8114.08099831877
Iraq,IRQ,GDP per capita (current US$),NY.GDP.PCAP.CD,2012,6477.59618450955
Iceland,ISL,GDP per capita (current US$),NY.GDP.PCAP.CD,2012,46594.9869146614
Israel,ISR,GDP per capita (current US$),NY.GDP.PCAP.CD,2012,33321.4300881602
Italy,ITA,GDP per capita (current US$),NY.GDP.PCAP.CD,2012,34854.3949441965
Jamaica,JAM,GDP per capita (current US$),NY.GDP.PCAP.CD,2012,5340.83333232158
Jordan,JOR,GDP per capita (current US$),NY.GDP.PCAP.CD,2012,4169.50470054618
Japan,JPN,GDP per capita (current US$),NY.GDP.PCAP.CD,2012,49145.2804308193
Kazakhstan,KAZ,GDP per capita (current US$),NY.GDP.PCAP.CD,2012,12018.7966527993
Kenya,KEN,GDP per capita (current US$),NY.GDP.PCAP.CD,2012,1285.00536171512
Kyrgyz Republic,KGZ,GDP per capita (current US$),NY.GDP.PCAP.CD,2012,1168.62244675446
Cambodia,KHM,GDP per capita (current US$),NY.GDP.PCAP.CD,2012,1192.80263041673
Kiribati,KIR,GDP per capita (current US$),NY.GDP.PCAP.CD,2012,1843.55336349889
St. Kitts and Nevis,KNA,GDP per capita (current US$),NY.GDP.PCAP.CD,2012,17532.0559008608
"Korea, Rep.",KOR,GDP per capita (current US$),NY.GDP.PCAP.CD,2012,26600.5477433903
Kuwait,KWT,GDP per capita (current US$),NY.GDP.PCAP.CD,2012,52155.2225833921
Latin America & Caribbean (excluding high income),LAC,GDP per capita (current US$),NY.GDP.PCAP.CD,2012,9823.2489447351
Lao PDR,LAO,GDP per capita (current US$),NY.GDP.PCAP.CD,2012,1563.5650771337
Lebanon,LBN,GDP per capita (current US$),NY.GDP.PCAP.CD,2012,8406.98405608118
Liberia,LBR,GDP per capita (current US$),NY.GDP.PCAP.CD,2012,638.368751462083
Libya,LBY,GDP per capita (current US$),NY.GDP.PCAP.CD,2012,14975.8902795144
St. Lucia,LCA,GDP per capita (current US$),NY.GDP.PCAP.CD,2012,9260.30006551714
Latin America & Caribbean,LCN,GDP per capita (current US$),NY.GDP.PCAP.CD,2012,10330.3504679629
Least developed countries: UN classification,LDC,GDP per capita (current US$),NY.GDP.PCAP.CD,2012,947.489031265643
Low income,LIC,GDP per capita (current US$),NY.GDP.PCAP.CD,2012,773.887672422173
Liechtenstein,LIE,GDP per capita (current US$),NY.GDP.PCAP.CD,2012,148842.035144342
Sri Lanka,LKA,GDP per capita (current US$),NY.GDP.PCAP.CD,2012,3327.77613691283
Lower middle income,LMC,GDP per capita (current US$),NY.GDP.PCAP.CD,2012,1701.13738449151
Low & middle income,LMY,GDP per capita (current US$),NY.GDP.PCAP.CD,2012,4133.76162366082
Lesotho,LSO,GDP per capita (current US$),NY.GDP.PCAP.CD,2012,1217.93071228944
Late-demographic dividend,LTE,GDP per capita (current US$),NY.GDP.PCAP.CD,2012,8073.2094428812
Lithuania,LTU,GDP per capita (current US$),NY.GDP.PCAP.CD,2012,14288.1853493139
Luxembourg,LUX,GDP per capita (current US$),NY.GDP.PCAP.CD,2012,112584.676270958
Latvia,LVA,GDP per capita (current US$),NY.GDP.PCAP.CD,2012,13329.3499931271
"Macao SAR, China",MAC,GDP per capita (current US$),NY.GDP.PCAP.CD,2012,76058.0224963659
Morocco,MAR,GDP per capita (current US$),NY.GDP.PCAP.CD,2012,3164.17724609375
Monaco,MCO,GDP per capita (current US$),NY.GDP.PCAP.CD,2012,165444.651378771
Moldova,MDA,GDP per capita (current US$),NY.GDP.PCAP.CD,2012,3044.8084324815
Madagascar,MDG,GDP per capita (current US$),NY.GDP.PCAP.CD,2012,493.511162904211
Maldives,MDV,GDP per capita (current US$),NY.GDP.PCAP.CD,2012,7461.29703686309
"Middle East, North Africa, Afghanistan & Pakistan",MEA,GDP per capita (current US$),NY.GDP.PCAP.CD,2012,6048.09249990772
Mexico,MEX,GDP per capita (current US$),NY.GDP.PCAP.CD,2012,10744.1335242686
Marshall Islands,MHL,GDP per capita (current US$),NY.GDP.PCAP.CD,2012,3514.26515490383
Middle income,MIC,GDP per capita (current US$),NY.GDP.PCAP.CD,2012,4424.22119652773
North Macedonia,MKD,GDP per capita (current US$),NY.GDP.PCAP.CD,2012,5049.8265386157
Mali,MLI,GDP per capita (current US$),NY.GDP.PCAP.CD,2012,872.506092465564
Malta,MLT,GDP per capita (current US$),NY.GDP.PCAP.CD,2012,22878.3130866521
Myanmar,MMR,GDP per capita (current US$),NY.GDP.PCAP.CD,2012,1202.6658960055
"Middle East, North Africa, Afghanistan & Pakistan (excluding high income)",MNA,GDP per capita (current US$),NY.GDP.PCAP.CD,2012,3412.57302470262
Montenegro,MNE,GDP per capita (current US$),NY.GDP.PCAP.CD,2012,6552.48071710904
Mongolia,MNG,GDP per capita (current US$),NY.GDP.PCAP.CD,2012,4328.89001905655
Northern Mariana Islands,MNP,GDP per capita (current US$),NY.GDP.PCAP.CD,2012,14013.6003306158
Mozambique,MOZ,GDP per capita (current US$),NY.GDP.PCAP.CD,2012,685.685748199513
Mauritania,MRT,GDP per capita (current US$),NY.GDP.PCAP.CD,2012,1859.11733247641
Mauritius,MUS,GDP per capita (current US$),NY.GDP.PCAP.CD,2012,9421.52514098225
Malawi,MWI,GDP per capita (current US$),NY.GDP.PCAP.CD,2012,558.46208832772
Malaysia,MYS,GDP per capita (current US$),NY.GDP.PCAP.CD,2012,10600.5744240026
North America,NAC,GDP per capita (current US$),NY.GDP.PCAP.CD,2012,51812.8921210048
Namibia,NAM,GDP per capita (current US$),NY.GDP.PCAP.CD,2012,5942.64680978673
New Caledonia,NCL,GDP per capita (current US$),NY.GDP.PCAP.CD,2012,35559.5672006157
Niger,NER,GDP per capita (current US$),NY.GDP.PCAP.CD,2012,528.510104469655
Nigeria,NGA,GDP per capita (current US$),NY.GDP.PCAP.CD,2012,2633.19734671361
Nicaragua,NIC,GDP per capita (current US$),NY.GDP.PCAP.CD,2012,1784.69836017555
Netherlands,NLD,GDP per capita (current US$),NY.GDP.PCAP.CD,2012,50473.9442002689
Norway,NOR,GDP per capita (current US$),NY.GDP.PCAP.CD,2012,102175.919298374
Nepal,NPL,GDP per capita (current US$),NY.GDP.PCAP.CD,2012,788.202937148377
Nauru,NRU,GDP per capita (current US$),NY.GDP.PCAP.CD,2012,9842.77032731856
New Zealand,NZL,GDP per capita (current US$),NY.GDP.PCAP.CD,2012,40053.6991536369
OECD members,OED,GDP per capita (current US$),NY.GDP.PCAP.CD,2012,37353.4975162109
Oman,OMN,GDP per capita (current US$),NY.GDP.PCAP.CD,2012,24642.2978768596
Other small states,OSS,GDP per capita (current US$),NY.GDP.PCAP.CD,2012,11084.1020617547
Pakistan,PAK,GDP per capita (current US$),NY.GDP.PCAP.CD,2012,1204.36475491585
Panama,PAN,GDP per capita (current US$),NY.GDP.PCAP.CD,2012,11064.8063662003
Peru,PER,GDP per capita (current US$),NY.GDP.PCAP.CD,2012,6519.37852981527
Philippines,PHL,GDP per capita (current US$),NY.GDP.PCAP.CD,2012,2614.61644401308
Palau,PLW,GDP per capita (current US$),NY.GDP.PCAP.CD,2012,12137.1732239921
Papua New Guinea,PNG,GDP per capita (current US$),NY.GDP.PCAP.CD,2012,2635.0873631547
Poland,POL,GDP per capita (current US$),NY.GDP.PCAP.CD,2012,13087.420943321
Pre-demographic dividend,PRE,GDP per capita (current US$),NY.GDP.PCAP.CD,2012,1686.96007926334
Puerto Rico (US),PRI,GDP per capita (current US$),NY.GDP.PCAP.CD,2012,27742.024476618
Portugal,PRT,GDP per capita (current US$),NY.GDP.PCAP.CD,2012,20593.4274224109
Paraguay,PRY,GDP per capita (current US$),NY.GDP.PCAP.CD,2012,5642.16991672846
West Bank and Gaza,PSE,GDP per capita (current US$),NY.GDP.PCAP.CD,2012,3067.43872735614
Pacific island small states,PSS,GDP per capita (current US$),NY.GDP.PCAP.CD,2012,3493.08705679511
Post-demographic dividend,PST,GDP per capita (current US$),NY.GDP.PCAP.CD,2012,42374.8223653419
French Polynesia,PYF,GDP per capita (current US$),NY.GDP.PCAP.CD,2012,20846.5457478364
Qatar,QAT,GDP per capita (current US$),NY.GDP.PCAP.CD,2012,108470.387023229
Romania,ROU,GDP per capita (current US$),NY.GDP.PCAP.CD,2012,8929.95366231474
Russian Federation,RUS,GDP per capita (current US$),NY.GDP.PCAP.CD,2012,15401.8515625
Rwanda,RWA,GDP per capita (current US$),NY.GDP.PCAP.CD,2012,706.817269168561
South Asia,SAS,GDP per capita (current US$),NY.GDP.PCAP.CD,2012,1387.18205956625
Saudi Arabia,SAU,GDP per capita (current US$),NY.GDP.PCAP.CD,2012,28733.4375513452
Sudan,SDN,GDP per capita (current US$),NY.GDP.PCAP.CD,2012,1019.22210693359
Senegal,SEN,GDP per capita (current US$),NY.GDP.PCAP.CD,2012,1326.83798848379
Singapore,SGP,GDP per capita (current US$),NY.GDP.PCAP.CD,2012,55547.5553077786
Solomon Islands,SLB,GDP per capita (current US$),NY.GDP.PCAP.CD,2012,2066.25738638356
Sierra Leone,SLE,GDP per capita (current US$),NY.GDP.PCAP.CD,2012,937.504428180231
El Salvador,SLV,GDP per capita (current US$),NY.GDP.PCAP.CD,2012,3497.91256915509
San Marino,SMR,GDP per capita (current US$),NY.GDP.PCAP.CD,2012,47945.8991734281
"Somalia, Fed. Rep.",SOM,GDP per capita (current US$),NY.GDP.PCAP.CD,2012,350.261946720512
Serbia,SRB,GDP per capita (current US$),NY.GDP.PCAP.CD,2012,6263.04086072815
Sub-Saharan Africa (excluding high income),SSA,GDP per capita (current US$),NY.GDP.PCAP.CD,2012,1970.23745756606
South Sudan,SSD,GDP per capita (current US$),NY.GDP.PCAP.CD,2012,1109.26050083408
Sub-Saharan Africa,SSF,GDP per capita (current US$),NY.GDP.PCAP.CD,2012,1817.30125816633
Small states,SST,GDP per capita (current US$),NY.GDP.PCAP.CD,2012,10844.5207585756
Sao Tome and Principe,STP,GDP per capita (current US$),NY.GDP.PCAP.CD,2012,1192.0202911189
Suriname,SUR,GDP per capita (current US$),NY.GDP.PCAP.CD,2012,8851.24050668908
Slovak Republic,SVK,GDP per capita (current US$),NY.GDP.PCAP.CD,2012,17516.9691054078
Slovenia,SVN,GDP per capita (current US$),NY.GDP.PCAP.CD,2012,22442.1417859955
Sweden,SWE,GDP per capita (current US$),NY.GDP.PCAP.CD,2012,57749.5615420853
Eswatini,SWZ,GDP per capita (current US$),NY.GDP.PCAP.CD,2012,4224.54789174487
Sint Maarten (Dutch part),SXM,GDP per capita (current US$),NY.GDP.PCAP.CD,2012,28149.0997855041
Seychelles,SYC,GDP per capita (current US$),NY.GDP.PCAP.CD,2012,12337.1554669388
Syrian Arab Republic,SYR,GDP per capita (current US$),NY.GDP.PCAP.CD,2012,1897.66115018696
Turks and Caicos Islands,TCA,GDP per capita (current US$),NY.GDP.PCAP.CD,2012,25923.6156503875
Chad,TCD,GDP per capita (current US$),NY.GDP.PCAP.CD,2012,1354.34344701937
East Asia & Pacific (IDA & IBRD countries),TEA,GDP per capita (current US$),NY.GDP.PCAP.CD,2012,5497.15517271917
Europe & Central Asia (IDA & IBRD countries),TEC,GDP per capita (current US$),NY.GDP.PCAP.CD,2012,10418.3484935481
Togo,TGO,GDP per capita (current US$),NY.GDP.PCAP.CD,2012,762.39162379069
Thailand,THA,GDP per capita (current US$),NY.GDP.PCAP.CD,2012,5725.52802835463
Tajikistan,TJK,GDP per capita (current US$),NY.GDP.PCAP.CD,2012,952.452819695469
Turkmenistan,TKM,GDP per capita (current US$),NY.GDP.PCAP.CD,2012,6053.8748468749
Latin America & the Caribbean (IDA & IBRD countries),TLA,GDP per capita (current US$),NY.GDP.PCAP.CD,2012,10263.4820243547
Timor-Leste,TLS,GDP per capita (current US$),NY.GDP.PCAP.CD,2012,1022.61906675901
"Middle East, North Africa, Afghanistan & Pakistan (IDA & IBRD)",TMN,GDP per capita (current US$),NY.GDP.PCAP.CD,2012,3414.87165876956
Tonga,TON,GDP per capita (current US$),NY.GDP.PCAP.CD,2012,4384.17058724217
South Asia (IDA & IBRD),TSA,GDP per capita (current US$),NY.GDP.PCAP.CD,2012,1387.18205956625
Sub-Saharan Africa (IDA & IBRD countries),TSS,GDP per capita (current US$),NY.GDP.PCAP.CD,2012,1817.30125816633
Trinidad and Tobago,TTO,GDP per capita (current US$),NY.GDP.PCAP.CD,2012,20332.1389531925
Tunisia,TUN,GDP per capita (current US$),NY.GDP.PCAP.CD,2012,4297.26782454273
Turkiye,TUR,GDP per capita (current US$),NY.GDP.PCAP.CD,2012,11776.7593362033
Tuvalu,TUV,GDP per capita (current US$),NY.GDP.PCAP.CD,2012,3598.46163091053
Tanzania,TZA,GDP per capita (current US$),NY.GDP.PCAP.CD,2012,861.969909667969
Uganda,UGA,GDP per capita (current US$),NY.GDP.PCAP.CD,2012,795.222867553127
Ukraine,UKR,GDP per capita (current US$),NY.GDP.PCAP.CD,2012,3951.34228515625
Upper middle income,UMC,GDP per capita (current US$),NY.GDP.PCAP.CD,2012,7166.76033698733
Uruguay,URY,GDP per capita (current US$),NY.GDP.PCAP.CD,2012,16259.5940814256
United States,USA,GDP per capita (current US$),NY.GDP.PCAP.CD,2012,51708.4011556577
Uzbekistan,UZB,GDP per capita (current US$),NY.GDP.PCAP.CD,2012,2307.34649117185
St. Vincent and the Grenadines,VCT,GDP per capita (current US$),NY.GDP.PCAP.CD,2012,6713.80768643865
"Venezuela, RB",VEN,GDP per capita (current US$),NY.GDP.PCAP.CD,2012,12607.2361246243
Virgin Islands (U.S.),VIR,GDP per capita (current US$),NY.GDP.PCAP.CD,2012,37795.3192590675
Viet Nam,VNM,GDP per capita (current US$),NY.GDP.PCAP.CD,2012,2185.11767654291
Vanuatu,VUT,GDP per capita (current US$),NY.GDP.PCAP.CD,2012,3004.78416664293
World,WLD,GDP per capita (current US$),NY.GDP.PCAP.CD,2012,10583.9966715989
Samoa,WSM,GDP per capita (current US$),NY.GDP.PCAP.CD,2012,3934.60320799981
Kosovo,XKX,GDP per capita (current US$),NY.GDP.PCAP.CD,2012,3410.65550749316
"Yemen, Rep.",YEM,GDP per capita (current US$),NY.GDP.PCAP.CD,2012,1245.05068272078
South Africa,ZAF,GDP per capita (current US$),NY.GDP.PCAP.CD,2012,8076.97678479741
Zambia,ZMB,GDP per capita (current US$),NY.GDP.PCAP.CD,2012,1710.05061343728
Zimbabwe,ZWE,GDP per capita (current US$),NY.GDP.PCAP.CD,2012,1239.22709745709
Aruba,ABW,GDP per capita (current US$),NY.GDP.PCAP.CD,2013,25813.5714408438
Africa Eastern and Southern,AFE,GDP per capita (current US$),NY.GDP.PCAP.CD,2013,1706.02274412621
Afghanistan,AFG,GDP per capita (current US$),NY.GDP.PCAP.CD,2013,637.087099117099
Africa Western and Central,AFW,GDP per capita (current US$),NY.GDP.PCAP.CD,2013,2131.60609132899
Angola,AGO,GDP per capita (current US$),NY.GDP.PCAP.CD,2013,5688.57916215215
Albania,ALB,GDP per capita (current US$),NY.GDP.PCAP.CD,2013,4542.92903556739
Andorra,AND,GDP per capita (current US$),NY.GDP.PCAP.CD,2013,42470.3230369366
Arab World,ARB,GDP per capita (current US$),NY.GDP.PCAP.CD,2013,7376.02829575498
United Arab Emirates,ARE,GDP per capita (current US$),NY.GDP.PCAP.CD,2013,53247.2409495441
Argentina,ARG,GDP per capita (current US$),NY.GDP.PCAP.CD,2013,12963.675773326
Armenia,ARM,GDP per capita (current US$),NY.GDP.PCAP.CD,2013,3680.16692158886
American Samoa,ASM,GDP per capita (current US$),NY.GDP.PCAP.CD,2013,11813.5022034589
Antigua and Barbuda,ATG,GDP per capita (current US$),NY.GDP.PCAP.CD,2013,15051.5113587425
Australia,AUS,GDP per capita (current US$),NY.GDP.PCAP.CD,2013,68476.6788496118
Austria,AUT,GDP per capita (current US$),NY.GDP.PCAP.CD,2013,50305.3545774973
Azerbaijan,AZE,GDP per capita (current US$),NY.GDP.PCAP.CD,2013,7875.34536661549
Burundi,BDI,GDP per capita (current US$),NY.GDP.PCAP.CD,2013,234.844770150871
Belgium,BEL,GDP per capita (current US$),NY.GDP.PCAP.CD,2013,46964.5946777056
Benin,BEN,GDP per capita (current US$),NY.GDP.PCAP.CD,2013,1168.92699279226
Burkina Faso,BFA,GDP per capita (current US$),NY.GDP.PCAP.CD,2013,759.762065168498
Bangladesh,BGD,GDP per capita (current US$),NY.GDP.PCAP.CD,2013,958.262989798283
Bulgaria,BGR,GDP per capita (current US$),NY.GDP.PCAP.CD,2013,7795.98092108928
Bahrain,BHR,GDP per capita (current US$),NY.GDP.PCAP.CD,2013,26989.7601148469
"Bahamas, The",BHS,GDP per capita (current US$),NY.GDP.PCAP.CD,2013,27642.7419759179
Bosnia and Herzegovina,BIH,GDP per capita (current US$),NY.GDP.PCAP.CD,2013,5034.56634817068
Belarus,BLR,GDP per capita (current US$),NY.GDP.PCAP.CD,2013,7998.0802045456
Belize,BLZ,GDP per capita (current US$),NY.GDP.PCAP.CD,2013,5957.34953619006
Bermuda,BMU,GDP per capita (current US$),NY.GDP.PCAP.CD,2013,101704.40746217
Bolivia,BOL,GDP per capita (current US$),NY.GDP.PCAP.CD,2013,2870.02377000756
Brazil,BRA,GDP per capita (current US$),NY.GDP.PCAP.CD,2013,12458.8903396625
Barbados,BRB,GDP per capita (current US$),NY.GDP.PCAP.CD,2013,20410.2065438568
Brunei Darussalam,BRN,GDP per capita (current US$),NY.GDP.PCAP.CD,2013,44003.0644273461
Bhutan,BTN,GDP per capita (current US$),NY.GDP.PCAP.CD,2013,2679.95217201538
Botswana,BWA,GDP per capita (current US$),NY.GDP.PCAP.CD,2013,6666.91219583487
Central African Republic,CAF,GDP per capita (current US$),NY.GDP.PCAP.CD,2013,364.36696260838
Canada,CAN,GDP per capita (current US$),NY.GDP.PCAP.CD,2013,52638.1187235237
Central Europe and the Baltics,CEB,GDP per capita (current US$),NY.GDP.PCAP.CD,2013,13712.6744030811
Switzerland,CHE,GDP per capita (current US$),NY.GDP.PCAP.CD,2013,87304.3305813557
Channel Islands,CHI,GDP per capita (current US$),NY.GDP.PCAP.CD,2013,59308.4666588674
Chile,CHL,GDP per capita (current US$),NY.GDP.PCAP.CD,2013,15683.5486369155
China,CHN,GDP per capita (current US$),NY.GDP.PCAP.CD,2013,7147.03518622344
Cote d'Ivoire,CIV,GDP per capita (current US$),NY.GDP.PCAP.CD,2013,1786.15862031324
Cameroon,CMR,GDP per capita (current US$),NY.GDP.PCAP.CD,2013,1575.92882118897
"Congo, Dem. Rep.",COD,GDP per capita (current US$),NY.GDP.PCAP.CD,2013,460.370334930107
"Congo, Rep.",COG,GDP per capita (current US$),NY.GDP.PCAP.CD,2013,3697.41705884249
Colombia,COL,GDP per capita (current US$),NY.GDP.PCAP.CD,2013,8279.10255642981
Comoros,COM,GDP per capita (current US$),NY.GDP.PCAP.CD,2013,1603.32797107303
Cabo Verde,CPV,GDP per capita (current US$),NY.GDP.PCAP.CD,2013,3960.97596791345
Costa Rica,CRI,GDP per capita (current US$),NY.GDP.PCAP.CD,2013,10803.2401962173
Caribbean small states,CSS,GDP per capita (current US$),NY.GDP.PCAP.CD,2013,14577.1689272446
Cuba,CUB,GDP per capita (current US$),NY.GDP.PCAP.CD,2013,6828.36428245396
Curacao,CUW,GDP per capita (current US$),NY.GDP.PCAP.CD,2013,19721.292182955
Cayman Islands,CYM,GDP per capita (current US$),NY.GDP.PCAP.CD,2013,75113.7342282813
Cyprus,CYP,GDP per capita (current US$),NY.GDP.PCAP.CD,2013,27764.73046875
Czechia,CZE,GDP per capita (current US$),NY.GDP.PCAP.CD,2013,20260.4954999375
Germany,DEU,GDP per capita (current US$),NY.GDP.PCAP.CD,2013,47206.8353514242
Djibouti,DJI,GDP per capita (current US$),NY.GDP.PCAP.CD,2013,2075.94498424748
Dominica,DMA,GDP per capita (current US$),NY.GDP.PCAP.CD,2013,7822.21797211398
Denmark,DNK,GDP per capita (current US$),NY.GDP.PCAP.CD,2013,61377.5940590412
Dominican Republic,DOM,GDP per capita (current US$),NY.GDP.PCAP.CD,2013,6136.59429329301
Algeria,DZA,GDP per capita (current US$),NY.GDP.PCAP.CD,2013,5979.60138960585
East Asia & Pacific (excluding high income),EAP,GDP per capita (current US$),NY.GDP.PCAP.CD,2013,5952.7689297214
Early-demographic dividend,EAR,GDP per capita (current US$),NY.GDP.PCAP.CD,2013,3328.41752232259
East Asia & Pacific,EAS,GDP per capita (current US$),NY.GDP.PCAP.CD,2013,9553.8618750751
Europe & Central Asia (excluding high income),ECA,GDP per capita (current US$),NY.GDP.PCAP.CD,2013,7667.03397664675
Europe & Central Asia,ECS,GDP per capita (current US$),NY.GDP.PCAP.CD,2013,26196.108944305
Ecuador,ECU,GDP per capita (current US$),NY.GDP.PCAP.CD,2013,6109.29031510341
"Egypt, Arab Rep.",EGY,GDP per capita (current US$),NY.GDP.PCAP.CD,2013,3025.52563552448
Euro area,EMU,GDP per capita (current US$),NY.GDP.PCAP.CD,2013,39097.5925470426
Spain,ESP,GDP per capita (current US$),NY.GDP.PCAP.CD,2013,29228.846559842
Estonia,EST,GDP per capita (current US$),NY.GDP.PCAP.CD,2013,19310.3874900757
Ethiopia,ETH,GDP per capita (current US$),NY.GDP.PCAP.CD,2013,484.039833104062
European Union,EUU,GDP per capita (current US$),NY.GDP.PCAP.CD,2013,34804.7281200997
Fragile and conflict affected situations,FCS,GDP per capita (current US$),NY.GDP.PCAP.CD,2013,2144.21479332186
Finland,FIN,GDP per capita (current US$),NY.GDP.PCAP.CD,2013,49691.0145200739
Fiji,FJI,GDP per capita (current US$),NY.GDP.PCAP.CD,2013,4572.44377544245
France,FRA,GDP per capita (current US$),NY.GDP.PCAP.CD,2013,42669.1795111893
Faroe Islands,FRO,GDP per capita (current US$),NY.GDP.PCAP.CD,2013,55758.2083680611
"Micronesia, Fed. Sts.",FSM,GDP per capita (current US$),NY.GDP.PCAP.CD,2013,2893.13437410825
Gabon,GAB,GDP per capita (current US$),NY.GDP.PCAP.CD,2013,9197.70106323947
United Kingdom,GBR,GDP per capita (current US$),NY.GDP.PCAP.CD,2013,43606.9837896348
Georgia,GEO,GDP per capita (current US$),NY.GDP.PCAP.CD,2013,4712.00229382665
Ghana,GHA,GDP per capita (current US$),NY.GDP.PCAP.CD,2013,2294.79584693743
Guinea,GIN,GDP per capita (current US$),NY.GDP.PCAP.CD,2013,748.455020824734
"Gambia, The",GMB,GDP per capita (current US$),NY.GDP.PCAP.CD,2013,653.862713272743
Guinea-Bissau,GNB,GDP per capita (current US$),NY.GDP.PCAP.CD,2013,654.304534409417
Equatorial Guinea,GNQ,GDP per capita (current US$),NY.GDP.PCAP.CD,2013,16304.0713196418
Greece,GRC,GDP per capita (current US$),NY.GDP.PCAP.CD,2013,21573.3449762805
Grenada,GRD,GDP per capita (current US$),NY.GDP.PCAP.CD,2013,7424.80212287327
Greenland,GRL,GDP per capita (current US$),NY.GDP.PCAP.CD,2013,47535.4883792376
Guatemala,GTM,GDP per capita (current US$),NY.GDP.PCAP.CD,2013,3444.15802275864
Guam,GUM,GDP per capita (current US$),NY.GDP.PCAP.CD,2013,32530.7593121483
Guyana,GUY,GDP per capita (current US$),NY.GDP.PCAP.CD,2013,5556.91231156932
High income,HIC,GDP per capita (current US$),NY.GDP.PCAP.CD,2013,39008.3249033591
"Hong Kong SAR, China",HKG,GDP per capita (current US$),NY.GDP.PCAP.CD,2013,38403.7777145477
Honduras,HND,GDP per capita (current US$),NY.GDP.PCAP.CD,2013,2081.12843527945
Heavily indebted poor countries (HIPC),HPC,GDP per capita (current US$),NY.GDP.PCAP.CD,2013,960.68552047794
Croatia,HRV,GDP per capita (current US$),NY.GDP.PCAP.CD,2013,14134.9474982889
Haiti,HTI,GDP per capita (current US$),NY.GDP.PCAP.CD,2013,1457.83221179626
Hungary,HUN,GDP per capita (current US$),NY.GDP.PCAP.CD,2013,13739.4620151401
IBRD only,IBD,GDP per capita (current US$),NY.GDP.PCAP.CD,2013,5845.60507389183
IDA & IBRD total,IBT,GDP per capita (current US$),NY.GDP.PCAP.CD,2013,4714.62155942195
IDA total,IDA,GDP per capita (current US$),NY.GDP.PCAP.CD,2013,1346.32438528917
IDA blend,IDB,GDP per capita (current US$),NY.GDP.PCAP.CD,2013,1968.08172455739
Indonesia,IDN,GDP per capita (current US$),NY.GDP.PCAP.CD,2013,3566.60284506078
IDA only,IDX,GDP per capita (current US$),NY.GDP.PCAP.CD,2013,1005.78892337076
Isle of Man,IMN,GDP per capita (current US$),NY.GDP.PCAP.CD,2013,83207.6588430451
India,IND,GDP per capita (current US$),NY.GDP.PCAP.CD,2013,1432.84397512195
Ireland,IRL,GDP per capita (current US$),NY.GDP.PCAP.CD,2013,52537.6108648692
"Iran, Islamic Rep.",IRN,GDP per capita (current US$),NY.GDP.PCAP.CD,2013,6222.74194840326
Iraq,IRQ,GDP per capita (current US$),NY.GDP.PCAP.CD,2013,6650.35282247395
Iceland,ISL,GDP per capita (current US$),NY.GDP.PCAP.CD,2013,50173.3360061057
Israel,ISR,GDP per capita (current US$),NY.GDP.PCAP.CD,2013,37034.3161080785
Italy,ITA,GDP per capita (current US$),NY.GDP.PCAP.CD,2013,35701.6746002376
Jamaica,JAM,GDP per capita (current US$),NY.GDP.PCAP.CD,2013,5124.21301411137
Jordan,JOR,GDP per capita (current US$),NY.GDP.PCAP.CD,2013,4311.21916713038
Japan,JPN,GDP per capita (current US$),NY.GDP.PCAP.CD,2013,40898.6478964744
Kazakhstan,KAZ,GDP per capita (current US$),NY.GDP.PCAP.CD,2013,13478.459627612
Kenya,KEN,GDP per capita (current US$),NY.GDP.PCAP.CD,2013,1370.87885214659
Kyrgyz Republic,KGZ,GDP per capita (current US$),NY.GDP.PCAP.CD,2013,1269.66303464348
Cambodia,KHM,GDP per capita (current US$),NY.GDP.PCAP.CD,2013,1305.6600972686
Kiribati,KIR,GDP per capita (current US$),NY.GDP.PCAP.CD,2013,1772.08718317132
St. Kitts and Nevis,KNA,GDP per capita (current US$),NY.GDP.PCAP.CD,2013,18580.1301949935
"Korea, Rep.",KOR,GDP per capita (current US$),NY.GDP.PCAP.CD,2013,28449.3591104972
Kuwait,KWT,GDP per capita (current US$),NY.GDP.PCAP.CD,2013,49651.0439275077
Latin America & Caribbean (excluding high income),LAC,GDP per capita (current US$),NY.GDP.PCAP.CD,2013,9971.16927211711
Lao PDR,LAO,GDP per capita (current US$),NY.GDP.PCAP.CD,2013,1812.51774424651
Lebanon,LBN,GDP per capita (current US$),NY.GDP.PCAP.CD,2013,8162.37929361396
Liberia,LBR,GDP per capita (current US$),NY.GDP.PCAP.CD,2013,710.744570927863
Libya,LBY,GDP per capita (current US$),NY.GDP.PCAP.CD,2013,11951.7134126011
St. Lucia,LCA,GDP per capita (current US$),NY.GDP.PCAP.CD,2013,9577.21733754358
Latin America & Caribbean,LCN,GDP per capita (current US$),NY.GDP.PCAP.CD,2013,10306.1195798787
Least developed countries: UN classification,LDC,GDP per capita (current US$),NY.GDP.PCAP.CD,2013,1006.9873103895
Low income,LIC,GDP per capita (current US$),NY.GDP.PCAP.CD,2013,772.500259604632
Liechtenstein,LIE,GDP per capita (current US$),NY.GDP.PCAP.CD,2013,172823.607794648
Sri Lanka,LKA,GDP per capita (current US$),NY.GDP.PCAP.CD,2013,3739.43181100202
Lower middle income,LMC,GDP per capita (current US$),NY.GDP.PCAP.CD,2013,1769.94084181484
Low & middle income,LMY,GDP per capita (current US$),NY.GDP.PCAP.CD,2013,4330.27496489931
Lesotho,LSO,GDP per capita (current US$),NY.GDP.PCAP.CD,2013,1151.03735837227
Late-demographic dividend,LTE,GDP per capita (current US$),NY.GDP.PCAP.CD,2013,8644.25761540223
Lithuania,LTU,GDP per capita (current US$),NY.GDP.PCAP.CD,2013,15636.5252586048
Luxembourg,LUX,GDP per capita (current US$),NY.GDP.PCAP.CD,2013,120000.140729859
Latvia,LVA,GDP per capita (current US$),NY.GDP.PCAP.CD,2013,14484.4715282132
"Macao SAR, China",MAC,GDP per capita (current US$),NY.GDP.PCAP.CD,2013,87107.8313063626
Morocco,MAR,GDP per capita (current US$),NY.GDP.PCAP.CD,2013,3379.7431640625
Monaco,MCO,GDP per capita (current US$),NY.GDP.PCAP.CD,2013,184940.663804718
Moldova,MDA,GDP per capita (current US$),NY.GDP.PCAP.CD,2013,3321.04397795719
Madagascar,MDG,GDP per capita (current US$),NY.GDP.PCAP.CD,2013,515.301589361832
Maldives,MDV,GDP per capita (current US$),NY.GDP.PCAP.CD,2013,8236.08177944126
"Middle East, North Africa, Afghanistan & Pakistan",MEA,GDP per capita (current US$),NY.GDP.PCAP.CD,2013,5866.59647635813
Mexico,MEX,GDP per capita (current US$),NY.GDP.PCAP.CD,2013,11216.8008505428
Marshall Islands,MHL,GDP per capita (current US$),NY.GDP.PCAP.CD,2013,3677.90690791421
Middle income,MIC,GDP per capita (current US$),NY.GDP.PCAP.CD,2013,4641.4999159695
North Macedonia,MKD,GDP per capita (current US$),NY.GDP.PCAP.CD,2013,5626.26115664893
Mali,MLI,GDP per capita (current US$),NY.GDP.PCAP.CD,2013,901.920957644831
Malta,MLT,GDP per capita (current US$),NY.GDP.PCAP.CD,2013,25415.5566867731
Myanmar,MMR,GDP per capita (current US$),NY.GDP.PCAP.CD,2013,1199.09561597055
"Middle East, North Africa, Afghanistan & Pakistan (excluding high income)",MNA,GDP per capita (current US$),NY.GDP.PCAP.CD,2013,3148.36412420635
Montenegro,MNE,GDP per capita (current US$),NY.GDP.PCAP.CD,2013,7102.77882895852
Mongolia,MNG,GDP per capita (current US$),NY.GDP.PCAP.CD,2013,4340.14310544449
Northern Mariana Islands,MNP,GDP per capita (current US$),NY.GDP.PCAP.CD,2013,14632.8518897608
Mozambique,MOZ,GDP per capita (current US$),NY.GDP.PCAP.CD,2013,686.505672517351
Mauritania,MRT,GDP per capita (current US$),NY.GDP.PCAP.CD,2013,1934.24103064714
Mauritius,MUS,GDP per capita (current US$),NY.GDP.PCAP.CD,2013,9877.13865958834
Malawi,MWI,GDP per capita (current US$),NY.GDP.PCAP.CD,2013,496.947368267313
Malaysia,MYS,GDP per capita (current US$),NY.GDP.PCAP.CD,2013,10713.6407638899
North America,NAC,GDP per capita (current US$),NY.GDP.PCAP.CD,2013,53133.8537338421
Namibia,NAM,GDP per capita (current US$),NY.GDP.PCAP.CD,2013,5346.62131149967
New Caledonia,NCL,GDP per capita (current US$),NY.GDP.PCAP.CD,2013,36671.1566752621
Niger,NER,GDP per capita (current US$),NY.GDP.PCAP.CD,2013,552.103334363117
Nigeria,NGA,GDP per capita (current US$),NY.GDP.PCAP.CD,2013,2872.79083379398
Nicaragua,NIC,GDP per capita (current US$),NY.GDP.PCAP.CD,2013,1835.43996363715
Netherlands,NLD,GDP per capita (current US$),NY.GDP.PCAP.CD,2013,52602.2860520766
Norway,NOR,GDP per capita (current US$),NY.GDP.PCAP.CD,2013,103553.840134417
Nepal,NPL,GDP per capita (current US$),NY.GDP.PCAP.CD,2013,803.269595420477
Nauru,NRU,GDP per capita (current US$),NY.GDP.PCAP.CD,2013,8974.51886874433
New Zealand,NZL,GDP per capita (current US$),NY.GDP.PCAP.CD,2013,43000.4646849189
OECD members,OED,GDP per capita (current US$),NY.GDP.PCAP.CD,2013,37640.7879025687
Oman,OMN,GDP per capita (current US$),NY.GDP.PCAP.CD,2013,23458.0233840053
Other small states,OSS,GDP per capita (current US$),NY.GDP.PCAP.CD,2013,11421.795928003
Pakistan,PAK,GDP per capita (current US$),NY.GDP.PCAP.CD,2013,1225.4340119198
Panama,PAN,GDP per capita (current US$),NY.GDP.PCAP.CD,2013,12273.3224983788
Peru,PER,GDP per capita (current US$),NY.GDP.PCAP.CD,2013,6746.80025696601
Philippines,PHL,GDP per capita (current US$),NY.GDP.PCAP.CD,2013,2781.27957677397
Palau,PLW,GDP per capita (current US$),NY.GDP.PCAP.CD,2013,12698.9240118945
Papua New Guinea,PNG,GDP per capita (current US$),NY.GDP.PCAP.CD,2013,2560.77458976327
Poland,POL,GDP per capita (current US$),NY.GDP.PCAP.CD,2013,13621.9023794031
Pre-demographic dividend,PRE,GDP per capita (current US$),NY.GDP.PCAP.CD,2013,1796.00337097112
Puerto Rico (US),PRI,GDP per capita (current US$),NY.GDP.PCAP.CD,2013,28212.0499737431
Portugal,PRT,GDP per capita (current US$),NY.GDP.PCAP.CD,2013,21676.4859642714
Paraguay,PRY,GDP per capita (current US$),NY.GDP.PCAP.CD,2013,6435.68342733004
West Bank and Gaza,PSE,GDP per capita (current US$),NY.GDP.PCAP.CD,2013,3315.29753909282
Pacific island small states,PSS,GDP per capita (current US$),NY.GDP.PCAP.CD,2013,3584.6215764592
Post-demographic dividend,PST,GDP per capita (current US$),NY.GDP.PCAP.CD,2013,42643.099618304
French Polynesia,PYF,GDP per capita (current US$),NY.GDP.PCAP.CD,2013,21955.6329264095
Qatar,QAT,GDP per capita (current US$),NY.GDP.PCAP.CD,2013,103697.062789144
Romania,ROU,GDP per capita (current US$),NY.GDP.PCAP.CD,2013,9497.67411615237
Russian Federation,RUS,GDP per capita (current US$),NY.GDP.PCAP.CD,2013,15941.4482421875
Rwanda,RWA,GDP per capita (current US$),NY.GDP.PCAP.CD,2013,704.92421851123
South Asia,SAS,GDP per capita (current US$),NY.GDP.PCAP.CD,2013,1405.8407235793
Saudi Arabia,SAU,GDP per capita (current US$),NY.GDP.PCAP.CD,2013,27865.465604962
Sudan,SDN,GDP per capita (current US$),NY.GDP.PCAP.CD,2013,1138.62780761719
Senegal,SEN,GDP per capita (current US$),NY.GDP.PCAP.CD,2013,1379.83196553924
Singapore,SGP,GDP per capita (current US$),NY.GDP.PCAP.CD,2013,56967.4257940383
Solomon Islands,SLB,GDP per capita (current US$),NY.GDP.PCAP.CD,2013,2161.38627543917
Sierra Leone,SLE,GDP per capita (current US$),NY.GDP.PCAP.CD,2013,1117.47183075115
El Salvador,SLV,GDP per capita (current US$),NY.GDP.PCAP.CD,2013,3582.26694005169
San Marino,SMR,GDP per capita (current US$),NY.GDP.PCAP.CD,2013,50807.8289138024
"Somalia, Fed. Rep.",SOM,GDP per capita (current US$),NY.GDP.PCAP.CD,2013,393.398703952979
Serbia,SRB,GDP per capita (current US$),NY.GDP.PCAP.CD,2013,7040.41812068781
Sub-Saharan Africa (excluding high income),SSA,GDP per capita (current US$),NY.GDP.PCAP.CD,2013,2035.63571636535
South Sudan,SSD,GDP per capita (current US$),NY.GDP.PCAP.CD,2013,1650.18943353528
Sub-Saharan Africa,SSF,GDP per capita (current US$),NY.GDP.PCAP.CD,2013,1879.5587312692
Small states,SST,GDP per capita (current US$),NY.GDP.PCAP.CD,2013,11132.3602165915
Sao Tome and Principe,STP,GDP per capita (current US$),NY.GDP.PCAP.CD,2013,1382.5757842916
Suriname,SUR,GDP per capita (current US$),NY.GDP.PCAP.CD,2013,9043.19281529222
Slovak Republic,SVK,GDP per capita (current US$),NY.GDP.PCAP.CD,2013,18312.7805149823
Slovenia,SVN,GDP per capita (current US$),NY.GDP.PCAP.CD,2013,23236.9655321695
Sweden,SWE,GDP per capita (current US$),NY.GDP.PCAP.CD,2013,60843.9888799369
Eswatini,SWZ,GDP per capita (current US$),NY.GDP.PCAP.CD,2013,3949.94310039907
Sint Maarten (Dutch part),SXM,GDP per capita (current US$),NY.GDP.PCAP.CD,2013,28529.7324687053
Seychelles,SYC,GDP per capita (current US$),NY.GDP.PCAP.CD,2013,14821.2921476077
Syrian Arab Republic,SYR,GDP per capita (current US$),NY.GDP.PCAP.CD,2013,985.892669227054
Turks and Caicos Islands,TCA,GDP per capita (current US$),NY.GDP.PCAP.CD,2013,25653.819867471
Chad,TCD,GDP per capita (current US$),NY.GDP.PCAP.CD,2013,1304.88742971475
East Asia & Pacific (IDA & IBRD countries),TEA,GDP per capita (current US$),NY.GDP.PCAP.CD,2013,6020.72398510662
Europe & Central Asia (IDA & IBRD countries),TEC,GDP per capita (current US$),NY.GDP.PCAP.CD,2013,10965.2487116486
Togo,TGO,GDP per capita (current US$),NY.GDP.PCAP.CD,2013,826.542799987227
Thailand,THA,GDP per capita (current US$),NY.GDP.PCAP.CD,2013,6018.08244729255
Tajikistan,TJK,GDP per capita (current US$),NY.GDP.PCAP.CD,2013,1028.19704279396
Turkmenistan,TKM,GDP per capita (current US$),NY.GDP.PCAP.CD,2013,6599.64529055481
Latin America & the Caribbean (IDA & IBRD countries),TLA,GDP per capita (current US$),NY.GDP.PCAP.CD,2013,10231.0823830522
Timor-Leste,TLS,GDP per capita (current US$),NY.GDP.PCAP.CD,2013,1204.56843320518
"Middle East, North Africa, Afghanistan & Pakistan (IDA & IBRD)",TMN,GDP per capita (current US$),NY.GDP.PCAP.CD,2013,3147.24679176234
Tonga,TON,GDP per capita (current US$),NY.GDP.PCAP.CD,2013,4219.24670113014
South Asia (IDA & IBRD),TSA,GDP per capita (current US$),NY.GDP.PCAP.CD,2013,1405.8407235793
Sub-Saharan Africa (IDA & IBRD countries),TSS,GDP per capita (current US$),NY.GDP.PCAP.CD,2013,1879.55873126921
Trinidad and Tobago,TTO,GDP per capita (current US$),NY.GDP.PCAP.CD,2013,21304.9777496628
Tunisia,TUN,GDP per capita (current US$),NY.GDP.PCAP.CD,2013,4369.79345826358
Turkiye,TUR,GDP per capita (current US$),NY.GDP.PCAP.CD,2013,12635.5570016068
Tuvalu,TUV,GDP per capita (current US$),NY.GDP.PCAP.CD,2013,3510.21640142483
Tanzania,TZA,GDP per capita (current US$),NY.GDP.PCAP.CD,2013,963.05712890625
Uganda,UGA,GDP per capita (current US$),NY.GDP.PCAP.CD,2013,818.285427416713
Ukraine,UKR,GDP per capita (current US$),NY.GDP.PCAP.CD,2013,4129.89697265625
Upper middle income,UMC,GDP per capita (current US$),NY.GDP.PCAP.CD,2013,7553.62352185493
Uruguay,URY,GDP per capita (current US$),NY.GDP.PCAP.CD,2013,18335.2594772322
United States,USA,GDP per capita (current US$),NY.GDP.PCAP.CD,2013,53179.0127634561
Uzbekistan,UZB,GDP per capita (current US$),NY.GDP.PCAP.CD,2013,2461.97947403595
St. Vincent and the Grenadines,VCT,GDP per capita (current US$),NY.GDP.PCAP.CD,2013,7072.46737188939
"Venezuela, RB",VEN,GDP per capita (current US$),NY.GDP.PCAP.CD,2013,8656.35669723668
Virgin Islands (U.S.),VIR,GDP per capita (current US$),NY.GDP.PCAP.CD,2013,34597.9766940328
Viet Nam,VNM,GDP per capita (current US$),NY.GDP.PCAP.CD,2013,2359.51736472828
Vanuatu,VUT,GDP per capita (current US$),NY.GDP.PCAP.CD,2013,2979.79608084399
World,WLD,GDP per capita (current US$),NY.GDP.PCAP.CD,2013,10739.8911620948
Samoa,WSM,GDP per capita (current US$),NY.GDP.PCAP.CD,2013,4023.5254013825
Kosovo,XKX,GDP per capita (current US$),NY.GDP.PCAP.CD,2013,3704.55872781672
"Yemen, Rep.",YEM,GDP per capita (current US$),NY.GDP.PCAP.CD,2013,1378.75002954928
South Africa,ZAF,GDP per capita (current US$),NY.GDP.PCAP.CD,2013,7331.65467384919
Zambia,ZMB,GDP per capita (current US$),NY.GDP.PCAP.CD,2013,1820.71854827391
Zimbabwe,ZWE,GDP per capita (current US$),NY.GDP.PCAP.CD,2013,1362.99498323368
Aruba,ABW,GDP per capita (current US$),NY.GDP.PCAP.CD,2014,26129.8390617693
Africa Eastern and Southern,AFE,GDP per capita (current US$),NY.GDP.PCAP.CD,2014,1690.16679245944
Afghanistan,AFG,GDP per capita (current US$),NY.GDP.PCAP.CD,2014,625.054941813938
Africa Western and Central,AFW,GDP per capita (current US$),NY.GDP.PCAP.CD,2014,2221.35033761012
Angola,AGO,GDP per capita (current US$),NY.GDP.PCAP.CD,2014,5649.68762469139
Albania,ALB,GDP per capita (current US$),NY.GDP.PCAP.CD,2014,4793.59751131525
Andorra,AND,GDP per capita (current US$),NY.GDP.PCAP.CD,2014,44369.6712976777
Arab World,ARB,GDP per capita (current US$),NY.GDP.PCAP.CD,2014,7338.35092727915
United Arab Emirates,ARE,GDP per capita (current US$),NY.GDP.PCAP.CD,2014,52725.2358407934
Argentina,ARG,GDP per capita (current US$),NY.GDP.PCAP.CD,2014,12233.1444119186
Armenia,ARM,GDP per capita (current US$),NY.GDP.PCAP.CD,2014,3852.11800610384
American Samoa,ASM,GDP per capita (current US$),NY.GDP.PCAP.CD,2014,12026.3344929488
Antigua and Barbuda,ATG,GDP per capita (current US$),NY.GDP.PCAP.CD,2014,15532.1062063584
Australia,AUS,GDP per capita (current US$),NY.GDP.PCAP.CD,2014,62817.2061751737
Austria,AUT,GDP per capita (current US$),NY.GDP.PCAP.CD,2014,51314.9722616322
Azerbaijan,AZE,GDP per capita (current US$),NY.GDP.PCAP.CD,2014,7890.84028062087
Burundi,BDI,GDP per capita (current US$),NY.GDP.PCAP.CD,2014,250.544492155185
Belgium,BEL,GDP per capita (current US$),NY.GDP.PCAP.CD,2014,47995.7786961339
Benin,BEN,GDP per capita (current US$),NY.GDP.PCAP.CD,2014,1204.39918670094
Burkina Faso,BFA,GDP per capita (current US$),NY.GDP.PCAP.CD,2014,764.861675106225
Bangladesh,BGD,GDP per capita (current US$),NY.GDP.PCAP.CD,2014,1094.46199702838
Bulgaria,BGR,GDP per capita (current US$),NY.GDP.PCAP.CD,2014,8069.60005667684
Bahrain,BHR,GDP per capita (current US$),NY.GDP.PCAP.CD,2014,26451.7965647453
"Bahamas, The",BHS,GDP per capita (current US$),NY.GDP.PCAP.CD,2014,29137.2175632622
Bosnia and Herzegovina,BIH,GDP per capita (current US$),NY.GDP.PCAP.CD,2014,5206.06573475132
Belarus,BLR,GDP per capita (current US$),NY.GDP.PCAP.CD,2014,8341.31809294883
Belize,BLZ,GDP per capita (current US$),NY.GDP.PCAP.CD,2014,6128.12053089077
Bermuda,BMU,GDP per capita (current US$),NY.GDP.PCAP.CD,2014,100961.576602811
Bolivia,BOL,GDP per capita (current US$),NY.GDP.PCAP.CD,2014,3041.43503162408
Brazil,BRA,GDP per capita (current US$),NY.GDP.PCAP.CD,2014,12274.9941630213
Barbados,BRB,GDP per capita (current US$),NY.GDP.PCAP.CD,2014,20192.7084081797
Brunei Darussalam,BRN,GDP per capita (current US$),NY.GDP.PCAP.CD,2014,41026.5084247957
Bhutan,BTN,GDP per capita (current US$),NY.GDP.PCAP.CD,2014,2849.49998647303
Botswana,BWA,GDP per capita (current US$),NY.GDP.PCAP.CD,2014,7122.36423421503
Central African Republic,CAF,GDP per capita (current US$),NY.GDP.PCAP.CD,2014,409.8504859647
Canada,CAN,GDP per capita (current US$),NY.GDP.PCAP.CD,2014,50960.8431174661
Central Europe and the Baltics,CEB,GDP per capita (current US$),NY.GDP.PCAP.CD,2014,14208.4090786575
Switzerland,CHE,GDP per capita (current US$),NY.GDP.PCAP.CD,2014,88724.9909402638
Channel Islands,CHI,GDP per capita (current US$),NY.GDP.PCAP.CD,2014,64697.5485024325
Chile,CHL,GDP per capita (current US$),NY.GDP.PCAP.CD,2014,14529.6767206336
China,CHN,GDP per capita (current US$),NY.GDP.PCAP.CD,2014,7781.06597484974
Cote d'Ivoire,CIV,GDP per capita (current US$),NY.GDP.PCAP.CD,2014,1991.36539423404
Cameroon,CMR,GDP per capita (current US$),NY.GDP.PCAP.CD,2014,1649.4433905949
"Congo, Dem. Rep.",COD,GDP per capita (current US$),NY.GDP.PCAP.CD,2014,489.175952097319
"Congo, Rep.",COG,GDP per capita (current US$),NY.GDP.PCAP.CD,2014,3601.2365808718
Colombia,COL,GDP per capita (current US$),NY.GDP.PCAP.CD,2014,8187.20824890084
Comoros,COM,GDP per capita (current US$),NY.GDP.PCAP.CD,2014,1615.71723662012
Cabo Verde,CPV,GDP per capita (current US$),NY.GDP.PCAP.CD,2014,3985.60706548134
Costa Rica,CRI,GDP per capita (current US$),NY.GDP.PCAP.CD,2014,10911.497878334
Caribbean small states,CSS,GDP per capita (current US$),NY.GDP.PCAP.CD,2014,14947.9426963116
Cuba,CUB,GDP per capita (current US$),NY.GDP.PCAP.CD,2014,7146.70459051328
Curacao,CUW,GDP per capita (current US$),NY.GDP.PCAP.CD,2014,19623.0300713664
Cayman Islands,CYM,GDP per capita (current US$),NY.GDP.PCAP.CD,2014,75845.3055572577
Cyprus,CYP,GDP per capita (current US$),NY.GDP.PCAP.CD,2014,26993.103515625
Czechia,CZE,GDP per capita (current US$),NY.GDP.PCAP.CD,2014,20038.4163180257
Germany,DEU,GDP per capita (current US$),NY.GDP.PCAP.CD,2014,48959.5991203133
Djibouti,DJI,GDP per capita (current US$),NY.GDP.PCAP.CD,2014,2214.62084142432
Dominica,DMA,GDP per capita (current US$),NY.GDP.PCAP.CD,2014,8131.74876096735
Denmark,DNK,GDP per capita (current US$),NY.GDP.PCAP.CD,2014,62520.4509747011
Dominican Republic,DOM,GDP per capita (current US$),NY.GDP.PCAP.CD,2014,6496.45166971142
Algeria,DZA,GDP per capita (current US$),NY.GDP.PCAP.CD,2014,6094.69392314956
East Asia & Pacific (excluding high income),EAP,GDP per capita (current US$),NY.GDP.PCAP.CD,2014,6373.64846984799
Early-demographic dividend,EAR,GDP per capita (current US$),NY.GDP.PCAP.CD,2014,3347.32555792556
East Asia & Pacific,EAS,GDP per capita (current US$),NY.GDP.PCAP.CD,2014,9793.53363771993
Europe & Central Asia (excluding high income),ECA,GDP per capita (current US$),NY.GDP.PCAP.CD,2014,7290.90050313923
Europe & Central Asia,ECS,GDP per capita (current US$),NY.GDP.PCAP.CD,2014,26473.6213384574
Ecuador,ECU,GDP per capita (current US$),NY.GDP.PCAP.CD,2014,6405.79979300441
"Egypt, Arab Rep.",EGY,GDP per capita (current US$),NY.GDP.PCAP.CD,2014,3133.39102265541
Euro area,EMU,GDP per capita (current US$),NY.GDP.PCAP.CD,2014,39979.3009314013
Spain,ESP,GDP per capita (current US$),NY.GDP.PCAP.CD,2014,29707.765509467
Estonia,EST,GDP per capita (current US$),NY.GDP.PCAP.CD,2014,20581.7898991695
Ethiopia,ETH,GDP per capita (current US$),NY.GDP.PCAP.CD,2014,549.986577082588
European Union,EUU,GDP per capita (current US$),NY.GDP.PCAP.CD,2014,35590.1004559069
Fragile and conflict affected situations,FCS,GDP per capita (current US$),NY.GDP.PCAP.CD,2014,2051.54643733895
Finland,FIN,GDP per capita (current US$),NY.GDP.PCAP.CD,2014,50073.7760815871
Fiji,FJI,GDP per capita (current US$),NY.GDP.PCAP.CD,2014,5293.35676680464
France,FRA,GDP per capita (current US$),NY.GDP.PCAP.CD,2014,43148.0459288416
Faroe Islands,FRO,GDP per capita (current US$),NY.GDP.PCAP.CD,2014,60172.0632541664
"Micronesia, Fed. Sts.",FSM,GDP per capita (current US$),NY.GDP.PCAP.CD,2014,2896.73082002714
Gabon,GAB,GDP per capita (current US$),NY.GDP.PCAP.CD,2014,9201.36276648105
United Kingdom,GBR,GDP per capita (current US$),NY.GDP.PCAP.CD,2014,47746.2421759562
Georgia,GEO,GDP per capita (current US$),NY.GDP.PCAP.CD,2014,4830.33486170249
Ghana,GHA,GDP per capita (current US$),NY.GDP.PCAP.CD,2014,1949.90832923846
Guinea,GIN,GDP per capita (current US$),NY.GDP.PCAP.CD,2014,765.146999389279
"Gambia, The",GMB,GDP per capita (current US$),NY.GDP.PCAP.CD,2014,568.00453558864
Guinea-Bissau,GNB,GDP per capita (current US$),NY.GDP.PCAP.CD,2014,652.022501029449
Equatorial Guinea,GNQ,GDP per capita (current US$),NY.GDP.PCAP.CD,2014,15548.6624656619
Greece,GRC,GDP per capita (current US$),NY.GDP.PCAP.CD,2014,21474.7257123892
Grenada,GRD,GDP per capita (current US$),NY.GDP.PCAP.CD,2014,7986.33421210788
Greenland,GRL,GDP per capita (current US$),NY.GDP.PCAP.CD,2014,50485.2244135291
Guatemala,GTM,GDP per capita (current US$),NY.GDP.PCAP.CD,2014,3689.14510410202
Guam,GUM,GDP per capita (current US$),NY.GDP.PCAP.CD,2014,33900.1486530583
Guyana,GUY,GDP per capita (current US$),NY.GDP.PCAP.CD,2014,5472.68820452237
High income,HIC,GDP per capita (current US$),NY.GDP.PCAP.CD,2014,39447.7093246608
"Hong Kong SAR, China",HKG,GDP per capita (current US$),NY.GDP.PCAP.CD,2014,40315.3739510191
Honduras,HND,GDP per capita (current US$),NY.GDP.PCAP.CD,2014,2179.88171977271
Heavily indebted poor countries (HIPC),HPC,GDP per capita (current US$),NY.GDP.PCAP.CD,2014,986.983783219797
Croatia,HRV,GDP per capita (current US$),NY.GDP.PCAP.CD,2014,14186.7295493276
Haiti,HTI,GDP per capita (current US$),NY.GDP.PCAP.CD,2014,1460.18898613914
Hungary,HUN,GDP per capita (current US$),NY.GDP.PCAP.CD,2014,14352.501883174
IBRD only,IBD,GDP per capita (current US$),NY.GDP.PCAP.CD,2014,5949.31912012409
IDA & IBRD total,IBT,GDP per capita (current US$),NY.GDP.PCAP.CD,2014,4801.77950721902
IDA total,IDA,GDP per capita (current US$),NY.GDP.PCAP.CD,2014,1419.34391837187
IDA blend,IDB,GDP per capita (current US$),NY.GDP.PCAP.CD,2014,2095.07253994271
Indonesia,IDN,GDP per capita (current US$),NY.GDP.PCAP.CD,2014,3441.06808464008
IDA only,IDX,GDP per capita (current US$),NY.GDP.PCAP.CD,2014,1049.32649145285
Isle of Man,IMN,GDP per capita (current US$),NY.GDP.PCAP.CD,2014,91885.4528718026
India,IND,GDP per capita (current US$),NY.GDP.PCAP.CD,2014,1553.88396075118
Ireland,IRL,GDP per capita (current US$),NY.GDP.PCAP.CD,2014,57214.5379785709
"Iran, Islamic Rep.",IRN,GDP per capita (current US$),NY.GDP.PCAP.CD,2014,5672.06372896319
Iraq,IRQ,GDP per capita (current US$),NY.GDP.PCAP.CD,2014,6249.39226978969
Iceland,ISL,GDP per capita (current US$),NY.GDP.PCAP.CD,2014,55140.364935793
Israel,ISR,GDP per capita (current US$),NY.GDP.PCAP.CD,2014,38343.3046626235
Italy,ITA,GDP per capita (current US$),NY.GDP.PCAP.CD,2014,36028.3494022349
Jamaica,JAM,GDP per capita (current US$),NY.GDP.PCAP.CD,2014,4975.11325459872
Jordan,JOR,GDP per capita (current US$),NY.GDP.PCAP.CD,2014,4191.18050084986
Japan,JPN,GDP per capita (current US$),NY.GDP.PCAP.CD,2014,38475.3952461838
Kazakhstan,KAZ,GDP per capita (current US$),NY.GDP.PCAP.CD,2014,12427.7094576939
Kenya,KEN,GDP per capita (current US$),NY.GDP.PCAP.CD,2014,1482.81566253497
Kyrgyz Republic,KGZ,GDP per capita (current US$),NY.GDP.PCAP.CD,2014,1264.52668823891
Cambodia,KHM,GDP per capita (current US$),NY.GDP.PCAP.CD,2014,1431.56396469993
Kiribati,KIR,GDP per capita (current US$),NY.GDP.PCAP.CD,2014,1736.70535682101
St. Kitts and Nevis,KNA,GDP per capita (current US$),NY.GDP.PCAP.CD,2014,20219.3954237956
"Korea, Rep.",KOR,GDP per capita (current US$),NY.GDP.PCAP.CD,2014,30667.0912467447
Kuwait,KWT,GDP per capita (current US$),NY.GDP.PCAP.CD,2014,44368.7813457751
Latin America & Caribbean (excluding high income),LAC,GDP per capita (current US$),NY.GDP.PCAP.CD,2014,9905.72193520855
Lao PDR,LAO,GDP per capita (current US$),NY.GDP.PCAP.CD,2014,1981.03910900473
Lebanon,LBN,GDP per capita (current US$),NY.GDP.PCAP.CD,2014,7577.6413302369
Liberia,LBR,GDP per capita (current US$),NY.GDP.PCAP.CD,2014,706.714490064507
Libya,LBY,GDP per capita (current US$),NY.GDP.PCAP.CD,2014,8926.42074591474
St. Lucia,LCA,GDP per capita (current US$),NY.GDP.PCAP.CD,2014,10044.8218377677
Latin America & Caribbean,LCN,GDP per capita (current US$),NY.GDP.PCAP.CD,2014,10145.7982098874
Least developed countries: UN classification,LDC,GDP per capita (current US$),NY.GDP.PCAP.CD,2014,1056.46705317141
Low income,LIC,GDP per capita (current US$),NY.GDP.PCAP.CD,2014,794.990235916855
Liechtenstein,LIE,GDP per capita (current US$),NY.GDP.PCAP.CD,2014,178735.153020908
Sri Lanka,LKA,GDP per capita (current US$),NY.GDP.PCAP.CD,2014,3972.04375736464
Lower middle income,LMC,GDP per capita (current US$),NY.GDP.PCAP.CD,2014,1881.19816238537
Low & middle income,LMY,GDP per capita (current US$),NY.GDP.PCAP.CD,2014,4472.91557836283
Lesotho,LSO,GDP per capita (current US$),NY.GDP.PCAP.CD,2014,1173.5377928819
Late-demographic dividend,LTE,GDP per capita (current US$),NY.GDP.PCAP.CD,2014,8923.25728818124
Lithuania,LTU,GDP per capita (current US$),NY.GDP.PCAP.CD,2014,16446.1647181663
Luxembourg,LUX,GDP per capita (current US$),NY.GDP.PCAP.CD,2014,123678.702143275
Latvia,LVA,GDP per capita (current US$),NY.GDP.PCAP.CD,2014,15185.814581236
"Macao SAR, China",MAC,GDP per capita (current US$),NY.GDP.PCAP.CD,2014,88355.3181764446
St. Martin (French part),MAF,GDP per capita (current US$),NY.GDP.PCAP.CD,2014,20638.7705882379
Morocco,MAR,GDP per capita (current US$),NY.GDP.PCAP.CD,2014,3435.40698242188
Monaco,MCO,GDP per capita (current US$),NY.GDP.PCAP.CD,2014,195693.570738894
Moldova,MDA,GDP per capita (current US$),NY.GDP.PCAP.CD,2014,3289.95758568777
Madagascar,MDG,GDP per capita (current US$),NY.GDP.PCAP.CD,2014,505.684922503435
Maldives,MDV,GDP per capita (current US$),NY.GDP.PCAP.CD,2014,8939.07416571472
"Middle East, North Africa, Afghanistan & Pakistan",MEA,GDP per capita (current US$),NY.GDP.PCAP.CD,2014,5810.23874019206
Mexico,MEX,GDP per capita (current US$),NY.GDP.PCAP.CD,2014,11391.3773497683
Marshall Islands,MHL,GDP per capita (current US$),NY.GDP.PCAP.CD,2014,3735.23977829545
Middle income,MIC,GDP per capita (current US$),NY.GDP.PCAP.CD,2014,4798.48322756442
North Macedonia,MKD,GDP per capita (current US$),NY.GDP.PCAP.CD,2014,5925.38592218015
Mali,MLI,GDP per capita (current US$),NY.GDP.PCAP.CD,2014,947.915033288325
Malta,MLT,GDP per capita (current US$),NY.GDP.PCAP.CD,2014,27424.5765646694
Myanmar,MMR,GDP per capita (current US$),NY.GDP.PCAP.CD,2014,1293.00042319714
"Middle East, North Africa, Afghanistan & Pakistan (excluding high income)",MNA,GDP per capita (current US$),NY.GDP.PCAP.CD,2014,3073.79994256301
Montenegro,MNE,GDP per capita (current US$),NY.GDP.PCAP.CD,2014,7342.17339453427
Mongolia,MNG,GDP per capita (current US$),NY.GDP.PCAP.CD,2014,4126.23975800524
Northern Mariana Islands,MNP,GDP per capita (current US$),NY.GDP.PCAP.CD,2014,15945.417608954
Mozambique,MOZ,GDP per capita (current US$),NY.GDP.PCAP.CD,2014,697.142680444123
Mauritania,MRT,GDP per capita (current US$),NY.GDP.PCAP.CD,2014,1713.00865264234
Mauritius,MUS,GDP per capita (current US$),NY.GDP.PCAP.CD,2014,10490.3315563853
Malawi,MWI,GDP per capita (current US$),NY.GDP.PCAP.CD,2014,529.5133440206
Malaysia,MYS,GDP per capita (current US$),NY.GDP.PCAP.CD,2014,11013.3107334403
North America,NAC,GDP per capita (current US$),NY.GDP.PCAP.CD,2014,54580.8673039295
Namibia,NAM,GDP per capita (current US$),NY.GDP.PCAP.CD,2014,5378.32326241205
New Caledonia,NCL,GDP per capita (current US$),NY.GDP.PCAP.CD,2014,37816.9558599295
Niger,NER,GDP per capita (current US$),NY.GDP.PCAP.CD,2014,565.30989731175
Nigeria,NGA,GDP per capita (current US$),NY.GDP.PCAP.CD,2014,3088.72131316169
Nicaragua,NIC,GDP per capita (current US$),NY.GDP.PCAP.CD,2014,1958.37047579547
Netherlands,NLD,GDP per capita (current US$),NY.GDP.PCAP.CD,2014,53457.2234864322
Norway,NOR,GDP per capita (current US$),NY.GDP.PCAP.CD,2014,97666.6951838749
Nepal,NPL,GDP per capita (current US$),NY.GDP.PCAP.CD,2014,821.455224911731
Nauru,NRU,GDP per capita (current US$),NY.GDP.PCAP.CD,2014,9230.05440328927
New Zealand,NZL,GDP per capita (current US$),NY.GDP.PCAP.CD,2014,44618.266973847
OECD members,OED,GDP per capita (current US$),NY.GDP.PCAP.CD,2014,38191.0527518506
Oman,OMN,GDP per capita (current US$),NY.GDP.PCAP.CD,2014,23160.6502252547
Other small states,OSS,GDP per capita (current US$),NY.GDP.PCAP.CD,2014,11682.6165859401
Pakistan,PAK,GDP per capita (current US$),NY.GDP.PCAP.CD,2014,1266.61340849959
Panama,PAN,GDP per capita (current US$),NY.GDP.PCAP.CD,2014,13213.1989591137
Peru,PER,GDP per capita (current US$),NY.GDP.PCAP.CD,2014,6667.13410360861
Philippines,PHL,GDP per capita (current US$),NY.GDP.PCAP.CD,2014,2866.83803761407
Palau,PLW,GDP per capita (current US$),NY.GDP.PCAP.CD,2014,13863.4544155068
Papua New Guinea,PNG,GDP per capita (current US$),NY.GDP.PCAP.CD,2014,2723.17529825196
Poland,POL,GDP per capita (current US$),NY.GDP.PCAP.CD,2014,14262.2841914116
Pre-demographic dividend,PRE,GDP per capita (current US$),NY.GDP.PCAP.CD,2014,1848.07094913552
Puerto Rico (US),PRI,GDP per capita (current US$),NY.GDP.PCAP.CD,2014,28576.0988023209
Portugal,PRT,GDP per capita (current US$),NY.GDP.PCAP.CD,2014,22120.6850127107
Paraguay,PRY,GDP per capita (current US$),NY.GDP.PCAP.CD,2014,6652.25478942461
West Bank and Gaza,PSE,GDP per capita (current US$),NY.GDP.PCAP.CD,2014,3352.11259506043
Pacific island small states,PSS,GDP per capita (current US$),NY.GDP.PCAP.CD,2014,3846.91150223659
Post-demographic dividend,PST,GDP per capita (current US$),NY.GDP.PCAP.CD,2014,43322.2029738924
French Polynesia,PYF,GDP per capita (current US$),NY.GDP.PCAP.CD,2014,22258.6321384251
Qatar,QAT,GDP per capita (current US$),NY.GDP.PCAP.CD,2014,95840.6898934238
Romania,ROU,GDP per capita (current US$),NY.GDP.PCAP.CD,2014,10031.7710755404
Russian Federation,RUS,GDP per capita (current US$),NY.GDP.PCAP.CD,2014,14055.47265625
Rwanda,RWA,GDP per capita (current US$),NY.GDP.PCAP.CD,2014,724.957526520906
South Asia,SAS,GDP per capita (current US$),NY.GDP.PCAP.CD,2014,1528.49208733408
Saudi Arabia,SAU,GDP per capita (current US$),NY.GDP.PCAP.CD,2014,27805.4850319422
Sudan,SDN,GDP per capita (current US$),NY.GDP.PCAP.CD,2014,1275.43835449219
Senegal,SEN,GDP per capita (current US$),NY.GDP.PCAP.CD,2014,1398.89137601382
Singapore,SGP,GDP per capita (current US$),NY.GDP.PCAP.CD,2014,57564.8023114977
Solomon Islands,SLB,GDP per capita (current US$),NY.GDP.PCAP.CD,2014,2164.95289873002
Sierra Leone,SLE,GDP per capita (current US$),NY.GDP.PCAP.CD,2014,1117.7586465721
El Salvador,SLV,GDP per capita (current US$),NY.GDP.PCAP.CD,2014,3666.01248913873
San Marino,SMR,GDP per capita (current US$),NY.GDP.PCAP.CD,2014,51260.4938347125
"Somalia, Fed. Rep.",SOM,GDP per capita (current US$),NY.GDP.PCAP.CD,2014,429.431656725102
Serbia,SRB,GDP per capita (current US$),NY.GDP.PCAP.CD,2014,6886.67809068704
Sub-Saharan Africa (excluding high income),SSA,GDP per capita (current US$),NY.GDP.PCAP.CD,2014,2058.4331234679
South Sudan,SSD,GDP per capita (current US$),NY.GDP.PCAP.CD,2014,1242.73450181032
Sub-Saharan Africa,SSF,GDP per capita (current US$),NY.GDP.PCAP.CD,2014,1906.79596971017
Small states,SST,GDP per capita (current US$),NY.GDP.PCAP.CD,2014,11413.5892863022
Sao Tome and Principe,STP,GDP per capita (current US$),NY.GDP.PCAP.CD,2014,1489.67633417608
Suriname,SUR,GDP per capita (current US$),NY.GDP.PCAP.CD,2014,9108.18905406764
Slovak Republic,SVK,GDP per capita (current US$),NY.GDP.PCAP.CD,2014,18770.9289896545
Slovenia,SVN,GDP per capita (current US$),NY.GDP.PCAP.CD,2014,24013.0682060959
Sweden,SWE,GDP per capita (current US$),NY.GDP.PCAP.CD,2014,59583.4584491714
Eswatini,SWZ,GDP per capita (current US$),NY.GDP.PCAP.CD,2014,3771.07228381938
Sint Maarten (Dutch part),SXM,GDP per capita (current US$),NY.GDP.PCAP.CD,2014,37134.912423099
Seychelles,SYC,GDP per capita (current US$),NY.GDP.PCAP.CD,2014,15188.1902175113
Syrian Arab Republic,SYR,GDP per capita (current US$),NY.GDP.PCAP.CD,2014,1060.59105886854
Turks and Caicos Islands,TCA,GDP per capita (current US$),NY.GDP.PCAP.CD,2014,27292.5820256776
Chad,TCD,GDP per capita (current US$),NY.GDP.PCAP.CD,2014,1278.78981422494
East Asia & Pacific (IDA & IBRD countries),TEA,GDP per capita (current US$),NY.GDP.PCAP.CD,2014,6446.1361235924
Europe & Central Asia (IDA & IBRD countries),TEC,GDP per capita (current US$),NY.GDP.PCAP.CD,2014,10307.2242685414
Togo,TGO,GDP per capita (current US$),NY.GDP.PCAP.CD,2014,855.584809246574
Thailand,THA,GDP per capita (current US$),NY.GDP.PCAP.CD,2014,5801.1978916205
Tajikistan,TJK,GDP per capita (current US$),NY.GDP.PCAP.CD,2014,1081.54402932039
Turkmenistan,TKM,GDP per capita (current US$),NY.GDP.PCAP.CD,2014,7164.14536184006
Latin America & the Caribbean (IDA & IBRD countries),TLA,GDP per capita (current US$),NY.GDP.PCAP.CD,2014,10058.6664815872
Timor-Leste,TLS,GDP per capita (current US$),NY.GDP.PCAP.CD,2014,1224.74956308733
"Middle East, North Africa, Afghanistan & Pakistan (IDA & IBRD)",TMN,GDP per capita (current US$),NY.GDP.PCAP.CD,2014,3071.92771988993
Tonga,TON,GDP per capita (current US$),NY.GDP.PCAP.CD,2014,4136.59013792529
South Asia (IDA & IBRD),TSA,GDP per capita (current US$),NY.GDP.PCAP.CD,2014,1528.49208733408
Sub-Saharan Africa (IDA & IBRD countries),TSS,GDP per capita (current US$),NY.GDP.PCAP.CD,2014,1906.79596971017
Trinidad and Tobago,TTO,GDP per capita (current US$),NY.GDP.PCAP.CD,2014,21908.3014555644
Tunisia,TUN,GDP per capita (current US$),NY.GDP.PCAP.CD,2014,4458.97895464547
Turkiye,TUR,GDP per capita (current US$),NY.GDP.PCAP.CD,2014,12209.3862327674
Tuvalu,TUV,GDP per capita (current US$),NY.GDP.PCAP.CD,2014,3528.85858102782
Tanzania,TZA,GDP per capita (current US$),NY.GDP.PCAP.CD,2014,1022.74841308594
Uganda,UGA,GDP per capita (current US$),NY.GDP.PCAP.CD,2014,896.054795546394
Ukraine,UKR,GDP per capita (current US$),NY.GDP.PCAP.CD,2014,3054.908203125
Upper middle income,UMC,GDP per capita (current US$),NY.GDP.PCAP.CD,2014,7778.57802636616
Uruguay,URY,GDP per capita (current US$),NY.GDP.PCAP.CD,2014,18322.4276767157
United States,USA,GDP per capita (current US$),NY.GDP.PCAP.CD,2014,54973.4207515712
Uzbekistan,UZB,GDP per capita (current US$),NY.GDP.PCAP.CD,2014,2674.9628382103
St. Vincent and the Grenadines,VCT,GDP per capita (current US$),NY.GDP.PCAP.CD,2014,7168.82875342911
"Venezuela, RB",VEN,GDP per capita (current US$),NY.GDP.PCAP.CD,2014,7096.22047105512
Virgin Islands (U.S.),VIR,GDP per capita (current US$),NY.GDP.PCAP.CD,2014,33045.3643795999
Viet Nam,VNM,GDP per capita (current US$),NY.GDP.PCAP.CD,2014,2546.38464459903
Vanuatu,VUT,GDP per capita (current US$),NY.GDP.PCAP.CD,2014,2973.09026493408
World,WLD,GDP per capita (current US$),NY.GDP.PCAP.CD,2014,10885.7966024868
Samoa,WSM,GDP per capita (current US$),NY.GDP.PCAP.CD,2014,3982.68080202084
Kosovo,XKX,GDP per capita (current US$),NY.GDP.PCAP.CD,2014,3902.49424360946
"Yemen, Rep.",YEM,GDP per capita (current US$),NY.GDP.PCAP.CD,2014,1430.16420964026
South Africa,ZAF,GDP per capita (current US$),NY.GDP.PCAP.CD,2014,6856.73137092522
Zambia,ZMB,GDP per capita (current US$),NY.GDP.PCAP.CD,2014,1707.48573136694
Zimbabwe,ZWE,GDP per capita (current US$),NY.GDP.PCAP.CD,2014,1372.91526173161
Aruba,ABW,GDP per capita (current US$),NY.GDP.PCAP.CD,2015,27458.2201537506
Africa Eastern and Southern,AFE,GDP per capita (current US$),NY.GDP.PCAP.CD,2015,1498.8752400759
Afghanistan,AFG,GDP per capita (current US$),NY.GDP.PCAP.CD,2015,565.569730408751
Africa Western and Central,AFW,GDP per capita (current US$),NY.GDP.PCAP.CD,2015,1860.72768628324
Angola,AGO,GDP per capita (current US$),NY.GDP.PCAP.CD,2015,3641.72893919944
Albania,ALB,GDP per capita (current US$),NY.GDP.PCAP.CD,2015,4199.53912925398
Andorra,AND,GDP per capita (current US$),NY.GDP.PCAP.CD,2015,38654.95287916
Arab World,ARB,GDP per capita (current US$),NY.GDP.PCAP.CD,2015,6290.55879501691
United Arab Emirates,ARE,GDP per capita (current US$),NY.GDP.PCAP.CD,2015,44910.334995523
Argentina,ARG,GDP per capita (current US$),NY.GDP.PCAP.CD,2015,13679.6264980954
Armenia,ARM,GDP per capita (current US$),NY.GDP.PCAP.CD,2015,3512.39350276709
American Samoa,ASM,GDP per capita (current US$),NY.GDP.PCAP.CD,2015,12727.4102651386
Antigua and Barbuda,ATG,GDP per capita (current US$),NY.GDP.PCAP.CD,2015,16077.6340769406
Australia,AUS,GDP per capita (current US$),NY.GDP.PCAP.CD,2015,56970.3613028094
Austria,AUT,GDP per capita (current US$),NY.GDP.PCAP.CD,2015,43915.228020857
Azerbaijan,AZE,GDP per capita (current US$),NY.GDP.PCAP.CD,2015,5500.50364628486
Burundi,BDI,GDP per capita (current US$),NY.GDP.PCAP.CD,2015,254.402585226788
Belgium,BEL,GDP per capita (current US$),NY.GDP.PCAP.CD,2015,40893.804537772
Benin,BEN,GDP per capita (current US$),NY.GDP.PCAP.CD,2015,1002.41886879614
Burkina Faso,BFA,GDP per capita (current US$),NY.GDP.PCAP.CD,2015,630.124750752312
Bangladesh,BGD,GDP per capita (current US$),NY.GDP.PCAP.CD,2015,1224.38647668165
Bulgaria,BGR,GDP per capita (current US$),NY.GDP.PCAP.CD,2015,7268.65445473873
Bahrain,BHR,GDP per capita (current US$),NY.GDP.PCAP.CD,2015,23734.0551143019
"Bahamas, The",BHS,GDP per capita (current US$),NY.GDP.PCAP.CD,2015,30719.405417469
Bosnia and Herzegovina,BIH,GDP per capita (current US$),NY.GDP.PCAP.CD,2015,4662.25869219448
Belarus,BLR,GDP per capita (current US$),NY.GDP.PCAP.CD,2015,5967.05595058777
Belize,BLZ,GDP per capita (current US$),NY.GDP.PCAP.CD,2015,6154.62264230369
Bermuda,BMU,GDP per capita (current US$),NY.GDP.PCAP.CD,2015,104855.366822135
Bolivia,BOL,GDP per capita (current US$),NY.GDP.PCAP.CD,2015,2996.01289811344
Brazil,BRA,GDP per capita (current US$),NY.GDP.PCAP.CD,2015,8936.1955889444
Barbados,BRB,GDP per capita (current US$),NY.GDP.PCAP.CD,2015,20424.2087530019
Brunei Darussalam,BRN,GDP per capita (current US$),NY.GDP.PCAP.CD,2015,30625.1287744656
Bhutan,BTN,GDP per capita (current US$),NY.GDP.PCAP.CD,2015,2954.04081911097
Botswana,BWA,GDP per capita (current US$),NY.GDP.PCAP.CD,2015,6141.20394726616
Central African Republic,CAF,GDP per capita (current US$),NY.GDP.PCAP.CD,2015,366.322853938121
Canada,CAN,GDP per capita (current US$),NY.GDP.PCAP.CD,2015,43594.1941045394
Central Europe and the Baltics,CEB,GDP per capita (current US$),NY.GDP.PCAP.CD,2015,12596.8862547468
Switzerland,CHE,GDP per capita (current US$),NY.GDP.PCAP.CD,2015,83806.4476003837
Channel Islands,CHI,GDP per capita (current US$),NY.GDP.PCAP.CD,2015,61847.8212238857
Chile,CHL,GDP per capita (current US$),NY.GDP.PCAP.CD,2015,13433.9202987032
China,CHN,GDP per capita (current US$),NY.GDP.PCAP.CD,2015,8175.33285077393
Cote d'Ivoire,CIV,GDP per capita (current US$),NY.GDP.PCAP.CD,2015,1814.71855088017
Cameroon,CMR,GDP per capita (current US$),NY.GDP.PCAP.CD,2015,1415.00009710569
"Congo, Dem. Rep.",COD,GDP per capita (current US$),NY.GDP.PCAP.CD,2015,495.826633014883
"Congo, Rep.",COG,GDP per capita (current US$),NY.GDP.PCAP.CD,2015,2439.35189403696
Colombia,COL,GDP per capita (current US$),NY.GDP.PCAP.CD,2015,6248.51490534512
Comoros,COM,GDP per capita (current US$),NY.GDP.PCAP.CD,2015,1329.37048235986
Cabo Verde,CPV,GDP per capita (current US$),NY.GDP.PCAP.CD,2015,3415.06266730931
Costa Rica,CRI,GDP per capita (current US$),NY.GDP.PCAP.CD,2015,11714.7105980732
Caribbean small states,CSS,GDP per capita (current US$),NY.GDP.PCAP.CD,2015,14497.5393236017
Cuba,CUB,GDP per capita (current US$),NY.GDP.PCAP.CD,2015,7727.91997207998
Curacao,CUW,GDP per capita (current US$),NY.GDP.PCAP.CD,2015,19361.8129630226
Cayman Islands,CYM,GDP per capita (current US$),NY.GDP.PCAP.CD,2015,76379.2098777987
Cyprus,CYP,GDP per capita (current US$),NY.GDP.PCAP.CD,2015,23088.44140625
Czechia,CZE,GDP per capita (current US$),NY.GDP.PCAP.CD,2015,17931.5987670768
Germany,DEU,GDP per capita (current US$),NY.GDP.PCAP.CD,2015,41929.7549110722
Djibouti,DJI,GDP per capita (current US$),NY.GDP.PCAP.CD,2015,2376.12554719873
Dominica,DMA,GDP per capita (current US$),NY.GDP.PCAP.CD,2015,8282.59874702141
Denmark,DNK,GDP per capita (current US$),NY.GDP.PCAP.CD,2015,53094.0133607574
Dominican Republic,DOM,GDP per capita (current US$),NY.GDP.PCAP.CD,2015,6800.95309395474
Algeria,DZA,GDP per capita (current US$),NY.GDP.PCAP.CD,2015,4685.05902729002
East Asia & Pacific (excluding high income),EAP,GDP per capita (current US$),NY.GDP.PCAP.CD,2015,6589.77076427462
Early-demographic dividend,EAR,GDP per capita (current US$),NY.GDP.PCAP.CD,2015,3174.36962020929
East Asia & Pacific,EAS,GDP per capita (current US$),NY.GDP.PCAP.CD,2015,9691.70576095154
Europe & Central Asia (excluding high income),ECA,GDP per capita (current US$),NY.GDP.PCAP.CD,2015,6291.45594655745
Europe & Central Asia,ECS,GDP per capita (current US$),NY.GDP.PCAP.CD,2015,22702.8228380066
Ecuador,ECU,GDP per capita (current US$),NY.GDP.PCAP.CD,2015,5976.1596805651
"Egypt, Arab Rep.",EGY,GDP per capita (current US$),NY.GDP.PCAP.CD,2015,3306.98159414141
Euro area,EMU,GDP per capita (current US$),NY.GDP.PCAP.CD,2015,34471.1747135027
Spain,ESP,GDP per capita (current US$),NY.GDP.PCAP.CD,2015,25982.4416197775
Estonia,EST,GDP per capita (current US$),NY.GDP.PCAP.CD,2015,17722.1557669523
Ethiopia,ETH,GDP per capita (current US$),NY.GDP.PCAP.CD,2015,597.912113218663
European Union,EUU,GDP per capita (current US$),NY.GDP.PCAP.CD,2015,30771.6568591261
Fragile and conflict affected situations,FCS,GDP per capita (current US$),NY.GDP.PCAP.CD,2015,1663.16200127279
Finland,FIN,GDP per capita (current US$),NY.GDP.PCAP.CD,2015,42560.3456767103
Fiji,FJI,GDP per capita (current US$),NY.GDP.PCAP.CD,2015,5097.53106864695
France,FRA,GDP per capita (current US$),NY.GDP.PCAP.CD,2015,36702.4323733379
Faroe Islands,FRO,GDP per capita (current US$),NY.GDP.PCAP.CD,2015,52637.1903526574
"Micronesia, Fed. Sts.",FSM,GDP per capita (current US$),NY.GDP.PCAP.CD,2015,2853.07643587028
Gabon,GAB,GDP per capita (current US$),NY.GDP.PCAP.CD,2015,7047.12654634355
United Kingdom,GBR,GDP per capita (current US$),NY.GDP.PCAP.CD,2015,45255.3449216209
Georgia,GEO,GDP per capita (current US$),NY.GDP.PCAP.CD,2015,4086.6223465965
Ghana,GHA,GDP per capita (current US$),NY.GDP.PCAP.CD,2015,1722.77282833606
Guinea,GIN,GDP per capita (current US$),NY.GDP.PCAP.CD,2015,747.356966759448
"Gambia, The",GMB,GDP per capita (current US$),NY.GDP.PCAP.CD,2015,619.536364296461
Guinea-Bissau,GNB,GDP per capita (current US$),NY.GDP.PCAP.CD,2015,645.066837207039
Equatorial Guinea,GNQ,GDP per capita (current US$),NY.GDP.PCAP.CD,2015,9068.91003238645
Greece,GRC,GDP per capita (current US$),NY.GDP.PCAP.CD,2015,17980.7298238137
Grenada,GRD,GDP per capita (current US$),NY.GDP.PCAP.CD,2015,8694.12438005692
Greenland,GRL,GDP per capita (current US$),NY.GDP.PCAP.CD,2015,44536.3549705377
Guatemala,GTM,GDP per capita (current US$),NY.GDP.PCAP.CD,2015,3893.50533299068
Guam,GUM,GDP per capita (current US$),NY.GDP.PCAP.CD,2015,35165.7014644795
Guyana,GUY,GDP per capita (current US$),NY.GDP.PCAP.CD,2015,5640.41560569466
High income,HIC,GDP per capita (current US$),NY.GDP.PCAP.CD,2015,36586.4346902662
"Hong Kong SAR, China",HKG,GDP per capita (current US$),NY.GDP.PCAP.CD,2015,42432.1619740441
Honduras,HND,GDP per capita (current US$),NY.GDP.PCAP.CD,2015,2271.20265980349
Heavily indebted poor countries (HIPC),HPC,GDP per capita (current US$),NY.GDP.PCAP.CD,2015,917.296109229181
Croatia,HRV,GDP per capita (current US$),NY.GDP.PCAP.CD,2015,12283.7840620053
Haiti,HTI,GDP per capita (current US$),NY.GDP.PCAP.CD,2015,1411.12684746796
Hungary,HUN,GDP per capita (current US$),NY.GDP.PCAP.CD,2015,12782.9412577973
IBRD only,IBD,GDP per capita (current US$),NY.GDP.PCAP.CD,2015,5546.04775275527
IDA & IBRD total,IBT,GDP per capita (current US$),NY.GDP.PCAP.CD,2015,4474.43525326247
IDA total,IDA,GDP per capita (current US$),NY.GDP.PCAP.CD,2015,1350.30758062232
IDA blend,IDB,GDP per capita (current US$),NY.GDP.PCAP.CD,2015,1947.85246838642
Indonesia,IDN,GDP per capita (current US$),NY.GDP.PCAP.CD,2015,3288.22269725538
IDA only,IDX,GDP per capita (current US$),NY.GDP.PCAP.CD,2015,1023.43894668408
Isle of Man,IMN,GDP per capita (current US$),NY.GDP.PCAP.CD,2015,84753.5187422732
India,IND,GDP per capita (current US$),NY.GDP.PCAP.CD,2015,1583.99815907985
Ireland,IRL,GDP per capita (current US$),NY.GDP.PCAP.CD,2015,64250.1385181257
"Iran, Islamic Rep.",IRN,GDP per capita (current US$),NY.GDP.PCAP.CD,2015,4952.73355532178
Iraq,IRQ,GDP per capita (current US$),NY.GDP.PCAP.CD,2015,4440.14189252367
Iceland,ISL,GDP per capita (current US$),NY.GDP.PCAP.CD,2015,53505.6964079339
Israel,ISR,GDP per capita (current US$),NY.GDP.PCAP.CD,2015,36213.1041481958
Italy,ITA,GDP per capita (current US$),NY.GDP.PCAP.CD,2015,30639.8829751432
Jamaica,JAM,GDP per capita (current US$),NY.GDP.PCAP.CD,2015,5339.30718256806
Jordan,JOR,GDP per capita (current US$),NY.GDP.PCAP.CD,2015,4042.75678097555
Japan,JPN,GDP per capita (current US$),NY.GDP.PCAP.CD,2015,34960.6393843385
Kazakhstan,KAZ,GDP per capita (current US$),NY.GDP.PCAP.CD,2015,10196.1226255982
Kenya,KEN,GDP per capita (current US$),NY.GDP.PCAP.CD,2015,1489.11959777284
Kyrgyz Republic,KGZ,GDP per capita (current US$),NY.GDP.PCAP.CD,2015,1105.65193844261
Cambodia,KHM,GDP per capita (current US$),NY.GDP.PCAP.CD,2015,1547.32010444393
Kiribati,KIR,GDP per capita (current US$),NY.GDP.PCAP.CD,2015,1639.85274740652
St. Kitts and Nevis,KNA,GDP per capita (current US$),NY.GDP.PCAP.CD,2015,20328.8003530109
"Korea, Rep.",KOR,GDP per capita (current US$),NY.GDP.PCAP.CD,2015,30171.7906545222
Kuwait,KWT,GDP per capita (current US$),NY.GDP.PCAP.CD,2015,29882.2126495698
Latin America & Caribbean (excluding high income),LAC,GDP per capita (current US$),NY.GDP.PCAP.CD,2015,8308.73911709951
Lao PDR,LAO,GDP per capita (current US$),NY.GDP.PCAP.CD,2015,2121.01339097363
Lebanon,LBN,GDP per capita (current US$),NY.GDP.PCAP.CD,2015,7714.1099998804
Liberia,LBR,GDP per capita (current US$),NY.GDP.PCAP.CD,2015,692.590082351257
Libya,LBY,GDP per capita (current US$),NY.GDP.PCAP.CD,2015,7458.48917756374
St. Lucia,LCA,GDP per capita (current US$),NY.GDP.PCAP.CD,2015,10334.9860823918
Latin America & Caribbean,LCN,GDP per capita (current US$),NY.GDP.PCAP.CD,2015,8547.2373391789
Least developed countries: UN classification,LDC,GDP per capita (current US$),NY.GDP.PCAP.CD,2015,982.894810600519
Low income,LIC,GDP per capita (current US$),NY.GDP.PCAP.CD,2015,740.889503942237
Liechtenstein,LIE,GDP per capita (current US$),NY.GDP.PCAP.CD,2015,167187.15730982
Sri Lanka,LKA,GDP per capita (current US$),NY.GDP.PCAP.CD,2015,4057.7158346231
Lower middle income,LMC,GDP per capita (current US$),NY.GDP.PCAP.CD,2015,1848.28029294397
Low & middle income,LMY,GDP per capita (current US$),NY.GDP.PCAP.CD,2015,4284.85686298442
Lesotho,LSO,GDP per capita (current US$),NY.GDP.PCAP.CD,2015,1121.19851342518
Late-demographic dividend,LTE,GDP per capita (current US$),NY.GDP.PCAP.CD,2015,8331.63270803563
Lithuania,LTU,GDP per capita (current US$),NY.GDP.PCAP.CD,2015,14269.8039878287
Luxembourg,LUX,GDP per capita (current US$),NY.GDP.PCAP.CD,2015,105462.012584423
Latvia,LVA,GDP per capita (current US$),NY.GDP.PCAP.CD,2015,13321.9753140616
"Macao SAR, China",MAC,GDP per capita (current US$),NY.GDP.PCAP.CD,2015,69902.9605741233
Morocco,MAR,GDP per capita (current US$),NY.GDP.PCAP.CD,2015,3146.24780273438
Monaco,MCO,GDP per capita (current US$),NY.GDP.PCAP.CD,2015,170437.101188261
Moldova,MDA,GDP per capita (current US$),NY.GDP.PCAP.CD,2015,2749.55137054338
Madagascar,MDG,GDP per capita (current US$),NY.GDP.PCAP.CD,2015,445.320069480568
Maldives,MDV,GDP per capita (current US$),NY.GDP.PCAP.CD,2015,9644.90655028145
"Middle East, North Africa, Afghanistan & Pakistan",MEA,GDP per capita (current US$),NY.GDP.PCAP.CD,2015,5125.68064083245
Mexico,MEX,GDP per capita (current US$),NY.GDP.PCAP.CD,2015,10021.2386118827
Marshall Islands,MHL,GDP per capita (current US$),NY.GDP.PCAP.CD,2015,3764.34426229508
Middle income,MIC,GDP per capita (current US$),NY.GDP.PCAP.CD,2015,4602.51682691609
North Macedonia,MKD,GDP per capita (current US$),NY.GDP.PCAP.CD,2015,5262.68671928674
Mali,MLI,GDP per capita (current US$),NY.GDP.PCAP.CD,2015,838.11986940103
Malta,MLT,GDP per capita (current US$),NY.GDP.PCAP.CD,2015,25529.6813337717
Myanmar,MMR,GDP per capita (current US$),NY.GDP.PCAP.CD,2015,1166.73305547935
"Middle East, North Africa, Afghanistan & Pakistan (excluding high income)",MNA,GDP per capita (current US$),NY.GDP.PCAP.CD,2015,2802.63134980954
Montenegro,MNE,GDP per capita (current US$),NY.GDP.PCAP.CD,2015,6421.00307345999
Mongolia,MNG,GDP per capita (current US$),NY.GDP.PCAP.CD,2015,3838.92126989984
Northern Mariana Islands,MNP,GDP per capita (current US$),NY.GDP.PCAP.CD,2015,17665.1007493109
Mozambique,MOZ,GDP per capita (current US$),NY.GDP.PCAP.CD,2015,610.563774706589
Mauritania,MRT,GDP per capita (current US$),NY.GDP.PCAP.CD,2015,1554.94897871782
Mauritius,MUS,GDP per capita (current US$),NY.GDP.PCAP.CD,2015,9630.5437837507
Malawi,MWI,GDP per capita (current US$),NY.GDP.PCAP.CD,2015,539.605363240686
Malaysia,MYS,GDP per capita (current US$),NY.GDP.PCAP.CD,2015,9648.6797937523
North America,NAC,GDP per capita (current US$),NY.GDP.PCAP.CD,2015,55285.5686917861
Namibia,NAM,GDP per capita (current US$),NY.GDP.PCAP.CD,2015,4774.10650865775
New Caledonia,NCL,GDP per capita (current US$),NY.GDP.PCAP.CD,2015,30858.7237060533
Niger,NER,GDP per capita (current US$),NY.GDP.PCAP.CD,2015,485.662574175279
Nigeria,NGA,GDP per capita (current US$),NY.GDP.PCAP.CD,2015,2585.73360671797
Nicaragua,NIC,GDP per capita (current US$),NY.GDP.PCAP.CD,2015,2074.45620634731
Netherlands,NLD,GDP per capita (current US$),NY.GDP.PCAP.CD,2015,45793.8135434697
Norway,NOR,GDP per capita (current US$),NY.GDP.PCAP.CD,2015,74809.9658049898
Nepal,NPL,GDP per capita (current US$),NY.GDP.PCAP.CD,2015,875.543635474862
Nauru,NRU,GDP per capita (current US$),NY.GDP.PCAP.CD,2015,7747.25584993607
New Zealand,NZL,GDP per capita (current US$),NY.GDP.PCAP.CD,2015,38665.3723018158
OECD members,OED,GDP per capita (current US$),NY.GDP.PCAP.CD,2015,35779.9123271942
Oman,OMN,GDP per capita (current US$),NY.GDP.PCAP.CD,2015,18808.3077921839
Other small states,OSS,GDP per capita (current US$),NY.GDP.PCAP.CD,2015,10359.1182462574
Pakistan,PAK,GDP per capita (current US$),NY.GDP.PCAP.CD,2015,1380.47020838317
Panama,PAN,GDP per capita (current US$),NY.GDP.PCAP.CD,2015,14082.6548434996
Peru,PER,GDP per capita (current US$),NY.GDP.PCAP.CD,2015,6231.71150338894
Philippines,PHL,GDP per capita (current US$),NY.GDP.PCAP.CD,2015,2909.85818010301
Palau,PLW,GDP per capita (current US$),NY.GDP.PCAP.CD,2015,16154.0532152373
Papua New Guinea,PNG,GDP per capita (current US$),NY.GDP.PCAP.CD,2015,2484.5963398603
Poland,POL,GDP per capita (current US$),NY.GDP.PCAP.CD,2015,12637.5220324406
Pre-demographic dividend,PRE,GDP per capita (current US$),NY.GDP.PCAP.CD,2015,1524.98608713796
Puerto Rico (US),PRI,GDP per capita (current US$),NY.GDP.PCAP.CD,2015,29242.041465085
Portugal,PRT,GDP per capita (current US$),NY.GDP.PCAP.CD,2015,19215.7813014347
Paraguay,PRY,GDP per capita (current US$),NY.GDP.PCAP.CD,2015,5879.33792308762
West Bank and Gaza,PSE,GDP per capita (current US$),NY.GDP.PCAP.CD,2015,3272.15432360708
Pacific island small states,PSS,GDP per capita (current US$),NY.GDP.PCAP.CD,2015,3722.7745565917
Post-demographic dividend,PST,GDP per capita (current US$),NY.GDP.PCAP.CD,2015,40775.9479386213
French Polynesia,PYF,GDP per capita (current US$),NY.GDP.PCAP.CD,2015,19166.9594761931
Qatar,QAT,GDP per capita (current US$),NY.GDP.PCAP.CD,2015,68985.2433380102
Romania,ROU,GDP per capita (current US$),NY.GDP.PCAP.CD,2015,8977.01748158196
Russian Federation,RUS,GDP per capita (current US$),NY.GDP.PCAP.CD,2015,9277.7138671875
Rwanda,RWA,GDP per capita (current US$),NY.GDP.PCAP.CD,2015,733.998629882494
South Asia,SAS,GDP per capita (current US$),NY.GDP.PCAP.CD,2015,1570.54142462917
Saudi Arabia,SAU,GDP per capita (current US$),NY.GDP.PCAP.CD,2015,23256.1549553531
Sudan,SDN,GDP per capita (current US$),NY.GDP.PCAP.CD,2015,1292.37963867188
Senegal,SEN,GDP per capita (current US$),NY.GDP.PCAP.CD,2015,1218.00613555438
Singapore,SGP,GDP per capita (current US$),NY.GDP.PCAP.CD,2015,55645.6068614606
Solomon Islands,SLB,GDP per capita (current US$),NY.GDP.PCAP.CD,2015,2045.47721526649
Sierra Leone,SLE,GDP per capita (current US$),NY.GDP.PCAP.CD,2015,964.575980888989
El Salvador,SLV,GDP per capita (current US$),NY.GDP.PCAP.CD,2015,3790.34089108162
San Marino,SMR,GDP per capita (current US$),NY.GDP.PCAP.CD,2015,43146.8240435428
"Somalia, Fed. Rep.",SOM,GDP per capita (current US$),NY.GDP.PCAP.CD,2015,445.583080073396
Serbia,SRB,GDP per capita (current US$),NY.GDP.PCAP.CD,2015,5820.3215576888
Sub-Saharan Africa (excluding high income),SSA,GDP per capita (current US$),NY.GDP.PCAP.CD,2015,1763.27463036367
South Sudan,SSD,GDP per capita (current US$),NY.GDP.PCAP.CD,2015,1080.14718624765
Sub-Saharan Africa,SSF,GDP per capita (current US$),NY.GDP.PCAP.CD,2015,1646.44941139316
Small states,SST,GDP per capita (current US$),NY.GDP.PCAP.CD,2015,10446.850341907
Sao Tome and Principe,STP,GDP per capita (current US$),NY.GDP.PCAP.CD,2015,1298.10946596396
Suriname,SUR,GDP per capita (current US$),NY.GDP.PCAP.CD,2015,8813.61705392067
Slovak Republic,SVK,GDP per capita (current US$),NY.GDP.PCAP.CD,2015,16442.0760860018
Slovenia,SVN,GDP per capita (current US$),NY.GDP.PCAP.CD,2015,20697.2748530619
Sweden,SWE,GDP per capita (current US$),NY.GDP.PCAP.CD,2015,51188.1652120493
Eswatini,SWZ,GDP per capita (current US$),NY.GDP.PCAP.CD,2015,3419.82276559528
Sint Maarten (Dutch part),SXM,GDP per capita (current US$),NY.GDP.PCAP.CD,2015,37839.6283815163
Seychelles,SYC,GDP per capita (current US$),NY.GDP.PCAP.CD,2015,15333.1051727105
Syrian Arab Republic,SYR,GDP per capita (current US$),NY.GDP.PCAP.CD,2015,847.731631942565
Turks and Caicos Islands,TCA,GDP per capita (current US$),NY.GDP.PCAP.CD,2015,29457.0140691162
Chad,TCD,GDP per capita (current US$),NY.GDP.PCAP.CD,2015,993.990730610869
East Asia & Pacific (IDA & IBRD countries),TEA,GDP per capita (current US$),NY.GDP.PCAP.CD,2015,6664.48834577557
Europe & Central Asia (IDA & IBRD countries),TEC,GDP per capita (current US$),NY.GDP.PCAP.CD,2015,8009.61874995558
Togo,TGO,GDP per capita (current US$),NY.GDP.PCAP.CD,2015,751.051987587248
Thailand,THA,GDP per capita (current US$),NY.GDP.PCAP.CD,2015,5688.85335397884
Tajikistan,TJK,GDP per capita (current US$),NY.GDP.PCAP.CD,2015,956.916310930656
Turkmenistan,TKM,GDP per capita (current US$),NY.GDP.PCAP.CD,2015,5759.497903834
Latin America & the Caribbean (IDA & IBRD countries),TLA,GDP per capita (current US$),NY.GDP.PCAP.CD,2015,8404.37747196218
Timor-Leste,TLS,GDP per capita (current US$),NY.GDP.PCAP.CD,2015,1319.59295003154
"Middle East, North Africa, Afghanistan & Pakistan (IDA & IBRD)",TMN,GDP per capita (current US$),NY.GDP.PCAP.CD,2015,2799.45441811583
Tonga,TON,GDP per capita (current US$),NY.GDP.PCAP.CD,2015,4123.90323993332
South Asia (IDA & IBRD),TSA,GDP per capita (current US$),NY.GDP.PCAP.CD,2015,1570.54142462917
Sub-Saharan Africa (IDA & IBRD countries),TSS,GDP per capita (current US$),NY.GDP.PCAP.CD,2015,1646.44941139316
Trinidad and Tobago,TTO,GDP per capita (current US$),NY.GDP.PCAP.CD,2015,19887.2327716498
Tunisia,TUN,GDP per capita (current US$),NY.GDP.PCAP.CD,2015,4014.94773686432
Turkiye,TUR,GDP per capita (current US$),NY.GDP.PCAP.CD,2015,11064.6494504662
Tuvalu,TUV,GDP per capita (current US$),NY.GDP.PCAP.CD,2015,3357.83417700071
Tanzania,TZA,GDP per capita (current US$),NY.GDP.PCAP.CD,2015,939.127319335938
Uganda,UGA,GDP per capita (current US$),NY.GDP.PCAP.CD,2015,862.934610355811
Ukraine,UKR,GDP per capita (current US$),NY.GDP.PCAP.CD,2015,2094.47387695313
Upper middle income,UMC,GDP per capita (current US$),NY.GDP.PCAP.CD,2015,7435.76486473308
Uruguay,URY,GDP per capita (current US$),NY.GDP.PCAP.CD,2015,17125.9016800298
United States,USA,GDP per capita (current US$),NY.GDP.PCAP.CD,2015,56572.9188996063
Uzbekistan,UZB,GDP per capita (current US$),NY.GDP.PCAP.CD,2015,2803.19018021751
St. Vincent and the Grenadines,VCT,GDP per capita (current US$),NY.GDP.PCAP.CD,2015,7353.73556054184
"Venezuela, RB",VEN,GDP per capita (current US$),NY.GDP.PCAP.CD,2015,4103.1384987005
Virgin Islands (U.S.),VIR,GDP per capita (current US$),NY.GDP.PCAP.CD,2015,34007.3529411765
Viet Nam,VNM,GDP per capita (current US$),NY.GDP.PCAP.CD,2015,2577.56885340113
Vanuatu,VUT,GDP per capita (current US$),NY.GDP.PCAP.CD,2015,2854.89412272653
World,WLD,GDP per capita (current US$),NY.GDP.PCAP.CD,2015,10161.9445773233
Samoa,WSM,GDP per capita (current US$),NY.GDP.PCAP.CD,2015,4084.36083819933
Kosovo,XKX,GDP per capita (current US$),NY.GDP.PCAP.CD,2015,3520.62850699375
"Yemen, Rep.",YEM,GDP per capita (current US$),NY.GDP.PCAP.CD,2015,1362.1738120601
South Africa,ZAF,GDP per capita (current US$),NY.GDP.PCAP.CD,2015,6112.27382485974
Zambia,ZMB,GDP per capita (current US$),NY.GDP.PCAP.CD,2015,1295.87788680068
Zimbabwe,ZWE,GDP per capita (current US$),NY.GDP.PCAP.CD,2015,1387.12632595026
Aruba,ABW,GDP per capita (current US$),NY.GDP.PCAP.CD,2016,27441.5502144601
Africa Eastern and Southern,AFE,GDP per capita (current US$),NY.GDP.PCAP.CD,2016,1334.47050032928
Afghanistan,AFG,GDP per capita (current US$),NY.GDP.PCAP.CD,2016,522.082215583898
Africa Western and Central,AFW,GDP per capita (current US$),NY.GDP.PCAP.CD,2016,1630.03943895258
Angola,AGO,GDP per capita (current US$),NY.GDP.PCAP.CD,2016,2051.81462126253
Albania,ALB,GDP per capita (current US$),NY.GDP.PCAP.CD,2016,4457.63412207495
Andorra,AND,GDP per capita (current US$),NY.GDP.PCAP.CD,2016,40129.8385811474
Arab World,ARB,GDP per capita (current US$),NY.GDP.PCAP.CD,2016,6042.19675439672
United Arab Emirates,ARE,GDP per capita (current US$),NY.GDP.PCAP.CD,2016,42721.0999383185
Argentina,ARG,GDP per capita (current US$),NY.GDP.PCAP.CD,2016,12699.9623137756
Armenia,ARM,GDP per capita (current US$),NY.GDP.PCAP.CD,2016,3524.42476874707
American Samoa,ASM,GDP per capita (current US$),NY.GDP.PCAP.CD,2016,12843.3342903627
Antigua and Barbuda,ATG,GDP per capita (current US$),NY.GDP.PCAP.CD,2016,16556.8551801588
Australia,AUS,GDP per capita (current US$),NY.GDP.PCAP.CD,2016,50084.4440606385
Austria,AUT,GDP per capita (current US$),NY.GDP.PCAP.CD,2016,45061.4993920192
Azerbaijan,AZE,GDP per capita (current US$),NY.GDP.PCAP.CD,2016,3880.6852276838
Burundi,BDI,GDP per capita (current US$),NY.GDP.PCAP.CD,2016,232.937812100153
Belgium,BEL,GDP per capita (current US$),NY.GDP.PCAP.CD,2016,41854.5498296444
Benin,BEN,GDP per capita (current US$),NY.GDP.PCAP.CD,2016,1010.5338961993
Burkina Faso,BFA,GDP per capita (current US$),NY.GDP.PCAP.CD,2016,663.742364842886
Bangladesh,BGD,GDP per capita (current US$),NY.GDP.PCAP.CD,2016,1649.28380858601
Bulgaria,BGR,GDP per capita (current US$),NY.GDP.PCAP.CD,2016,7822.49923292968
Bahrain,BHR,GDP per capita (current US$),NY.GDP.PCAP.CD,2016,23800.001440631
"Bahamas, The",BHS,GDP per capita (current US$),NY.GDP.PCAP.CD,2016,30616.5363157284
Bosnia and Herzegovina,BIH,GDP per capita (current US$),NY.GDP.PCAP.CD,2016,4928.5665903114
Belarus,BLR,GDP per capita (current US$),NY.GDP.PCAP.CD,2016,5039.77560949445
Belize,BLZ,GDP per capita (current US$),NY.GDP.PCAP.CD,2016,6140.86713919469
Bermuda,BMU,GDP per capita (current US$),NY.GDP.PCAP.CD,2016,108747.356144305
Bolivia,BOL,GDP per capita (current US$),NY.GDP.PCAP.CD,2016,3035.87347732132
Brazil,BRA,GDP per capita (current US$),NY.GDP.PCAP.CD,2016,8836.28546025694
Barbados,BRB,GDP per capita (current US$),NY.GDP.PCAP.CD,2016,20295.5672072046
Brunei Darussalam,BRN,GDP per capita (current US$),NY.GDP.PCAP.CD,2016,26663.2972950602
Bhutan,BTN,GDP per capita (current US$),NY.GDP.PCAP.CD,2016,3152.30905106786
Botswana,BWA,GDP per capita (current US$),NY.GDP.PCAP.CD,2016,6749.05994339013
Central African Republic,CAF,GDP per capita (current US$),NY.GDP.PCAP.CD,2016,387.176203444318
Canada,CAN,GDP per capita (current US$),NY.GDP.PCAP.CD,2016,42314.0615817218
Central Europe and the Baltics,CEB,GDP per capita (current US$),NY.GDP.PCAP.CD,2016,12874.699956166
Switzerland,CHE,GDP per capita (current US$),NY.GDP.PCAP.CD,2016,82153.0745447889
Channel Islands,CHI,GDP per capita (current US$),NY.GDP.PCAP.CD,2016,55947.579811974
Chile,CHL,GDP per capita (current US$),NY.GDP.PCAP.CD,2016,13649.8520452803
China,CHN,GDP per capita (current US$),NY.GDP.PCAP.CD,2016,8254.86859320357
Cote d'Ivoire,CIV,GDP per capita (current US$),NY.GDP.PCAP.CD,2016,1862.59597081287
Cameroon,CMR,GDP per capita (current US$),NY.GDP.PCAP.CD,2016,1441.7201725688
"Congo, Dem. Rep.",COD,GDP per capita (current US$),NY.GDP.PCAP.CD,2016,459.765036590388
"Congo, Rep.",COG,GDP per capita (current US$),NY.GDP.PCAP.CD,2016,2093.10728558843
Colombia,COL,GDP per capita (current US$),NY.GDP.PCAP.CD,2016,5959.84250367574
Comoros,COM,GDP per capita (current US$),NY.GDP.PCAP.CD,2016,1365.48403444497
Cabo Verde,CPV,GDP per capita (current US$),NY.GDP.PCAP.CD,2016,3608.96605234906
Costa Rica,CRI,GDP per capita (current US$),NY.GDP.PCAP.CD,2016,12091.0301606154
Caribbean small states,CSS,GDP per capita (current US$),NY.GDP.PCAP.CD,2016,13376.8057759012
Cuba,CUB,GDP per capita (current US$),NY.GDP.PCAP.CD,2016,8110.55874283616
Curacao,CUW,GDP per capita (current US$),NY.GDP.PCAP.CD,2016,18944.0962772875
Cayman Islands,CYM,GDP per capita (current US$),NY.GDP.PCAP.CD,2016,77802.2535658023
Cyprus,CYP,GDP per capita (current US$),NY.GDP.PCAP.CD,2016,24280.056640625
Czechia,CZE,GDP per capita (current US$),NY.GDP.PCAP.CD,2016,18753.9686718096
Germany,DEU,GDP per capita (current US$),NY.GDP.PCAP.CD,2016,42948.9381932694
Djibouti,DJI,GDP per capita (current US$),NY.GDP.PCAP.CD,2016,2510.4300076241
Dominica,DMA,GDP per capita (current US$),NY.GDP.PCAP.CD,2016,8802.56172041363
Denmark,DNK,GDP per capita (current US$),NY.GDP.PCAP.CD,2016,54500.9260410217
Dominican Republic,DOM,GDP per capita (current US$),NY.GDP.PCAP.CD,2016,7160.44200982307
Algeria,DZA,GDP per capita (current US$),NY.GDP.PCAP.CD,2016,4424.98529027556
East Asia & Pacific (excluding high income),EAP,GDP per capita (current US$),NY.GDP.PCAP.CD,2016,6683.18386700353
Early-demographic dividend,EAR,GDP per capita (current US$),NY.GDP.PCAP.CD,2016,3223.9805446069
East Asia & Pacific,EAS,GDP per capita (current US$),NY.GDP.PCAP.CD,2016,9965.00400107685
Europe & Central Asia (excluding high income),ECA,GDP per capita (current US$),NY.GDP.PCAP.CD,2016,5986.89723080084
Europe & Central Asia,ECS,GDP per capita (current US$),NY.GDP.PCAP.CD,2016,22519.6408855547
Ecuador,ECU,GDP per capita (current US$),NY.GDP.PCAP.CD,2016,5917.63771271481
"Egypt, Arab Rep.",EGY,GDP per capita (current US$),NY.GDP.PCAP.CD,2016,3270.6287768197
Euro area,EMU,GDP per capita (current US$),NY.GDP.PCAP.CD,2016,35228.4854539428
Spain,ESP,GDP per capita (current US$),NY.GDP.PCAP.CD,2016,26755.6061149398
Estonia,EST,GDP per capita (current US$),NY.GDP.PCAP.CD,2016,18666.3736521706
Ethiopia,ETH,GDP per capita (current US$),NY.GDP.PCAP.CD,2016,641.651523286233
European Union,EUU,GDP per capita (current US$),NY.GDP.PCAP.CD,2016,31456.8971280656
Fragile and conflict affected situations,FCS,GDP per capita (current US$),NY.GDP.PCAP.CD,2016,1491.08080315915
Finland,FIN,GDP per capita (current US$),NY.GDP.PCAP.CD,2016,43451.2562442158
Fiji,FJI,GDP per capita (current US$),NY.GDP.PCAP.CD,2016,5363.79026679243
France,FRA,GDP per capita (current US$),NY.GDP.PCAP.CD,2016,37024.2157133669
Faroe Islands,FRO,GDP per capita (current US$),NY.GDP.PCAP.CD,2016,56875.2803813296
"Micronesia, Fed. Sts.",FSM,GDP per capita (current US$),NY.GDP.PCAP.CD,2016,2979.60119184048
Gabon,GAB,GDP per capita (current US$),NY.GDP.PCAP.CD,2016,6677.07003901644
United Kingdom,GBR,GDP per capita (current US$),NY.GDP.PCAP.CD,2016,41257.9085545556
Georgia,GEO,GDP per capita (current US$),NY.GDP.PCAP.CD,2016,4143.40125686315
Ghana,GHA,GDP per capita (current US$),NY.GDP.PCAP.CD,2016,1912.47991339951
Guinea,GIN,GDP per capita (current US$),NY.GDP.PCAP.CD,2016,711.996509782316
"Gambia, The",GMB,GDP per capita (current US$),NY.GDP.PCAP.CD,2016,650.056501323611
Guinea-Bissau,GNB,GDP per capita (current US$),NY.GDP.PCAP.CD,2016,679.665386626818
Equatorial Guinea,GNQ,GDP per capita (current US$),NY.GDP.PCAP.CD,2016,7453.19797948517
Greece,GRC,GDP per capita (current US$),NY.GDP.PCAP.CD,2016,17919.2426377048
Grenada,GRD,GDP per capita (current US$),NY.GDP.PCAP.CD,2016,9221.23461079424
Greenland,GRL,GDP per capita (current US$),NY.GDP.PCAP.CD,2016,48181.7453541266
Guatemala,GTM,GDP per capita (current US$),NY.GDP.PCAP.CD,2016,4060.13784737643
Guam,GUM,GDP per capita (current US$),NY.GDP.PCAP.CD,2016,35930.6594898711
Guyana,GUY,GDP per capita (current US$),NY.GDP.PCAP.CD,2016,5870.87823759835
High income,HIC,GDP per capita (current US$),NY.GDP.PCAP.CD,2016,37057.8096501124
"Hong Kong SAR, China",HKG,GDP per capita (current US$),NY.GDP.PCAP.CD,2016,43734.1980702999
Honduras,HND,GDP per capita (current US$),NY.GDP.PCAP.CD,2016,2307.34468351082
Heavily indebted poor countries (HIPC),HPC,GDP per capita (current US$),NY.GDP.PCAP.CD,2016,894.708764701024
Croatia,HRV,GDP per capita (current US$),NY.GDP.PCAP.CD,2016,12820.1653893008
Haiti,HTI,GDP per capita (current US$),NY.GDP.PCAP.CD,2016,1318.40268167953
Hungary,HUN,GDP per capita (current US$),NY.GDP.PCAP.CD,2016,13215.8605277789
IBRD only,IBD,GDP per capita (current US$),NY.GDP.PCAP.CD,2016,5534.81953332907
IDA & IBRD total,IBT,GDP per capita (current US$),NY.GDP.PCAP.CD,2016,4447.41739069513
IDA total,IDA,GDP per capita (current US$),NY.GDP.PCAP.CD,2016,1314.0817741131
IDA blend,IDB,GDP per capita (current US$),NY.GDP.PCAP.CD,2016,1790.53787826053
Indonesia,IDN,GDP per capita (current US$),NY.GDP.PCAP.CD,2016,3521.46943457574
IDA only,IDX,GDP per capita (current US$),NY.GDP.PCAP.CD,2016,1054.10011053311
Isle of Man,IMN,GDP per capita (current US$),NY.GDP.PCAP.CD,2016,82025.9454509241
India,IND,GDP per capita (current US$),NY.GDP.PCAP.CD,2016,1707.50892912243
Ireland,IRL,GDP per capita (current US$),NY.GDP.PCAP.CD,2016,64129.5571542383
"Iran, Islamic Rep.",IRN,GDP per capita (current US$),NY.GDP.PCAP.CD,2016,5710.59947089104
Iraq,IRQ,GDP per capita (current US$),NY.GDP.PCAP.CD,2016,4334.42096404188
Iceland,ISL,GDP per capita (current US$),NY.GDP.PCAP.CD,2016,62854.0906407932
Israel,ISR,GDP per capita (current US$),NY.GDP.PCAP.CD,2016,37671.5389138798
Italy,ITA,GDP per capita (current US$),NY.GDP.PCAP.CD,2016,31391.5692898108
Jamaica,JAM,GDP per capita (current US$),NY.GDP.PCAP.CD,2016,5302.29553353854
Jordan,JOR,GDP per capita (current US$),NY.GDP.PCAP.CD,2016,3986.71677010853
Japan,JPN,GDP per capita (current US$),NY.GDP.PCAP.CD,2016,39375.4731620781
Kazakhstan,KAZ,GDP per capita (current US$),NY.GDP.PCAP.CD,2016,7475.56688689424
Kenya,KEN,GDP per capita (current US$),NY.GDP.PCAP.CD,2016,1554.12610314423
Kyrgyz Republic,KGZ,GDP per capita (current US$),NY.GDP.PCAP.CD,2016,1103.27489428412
Cambodia,KHM,GDP per capita (current US$),NY.GDP.PCAP.CD,2016,1675.19555711109
Kiribati,KIR,GDP per capita (current US$),NY.GDP.PCAP.CD,2016,1742.66799324117
St. Kitts and Nevis,KNA,GDP per capita (current US$),NY.GDP.PCAP.CD,2016,21387.5415511103
"Korea, Rep.",KOR,GDP per capita (current US$),NY.GDP.PCAP.CD,2016,30832.0628072516
Kuwait,KWT,GDP per capita (current US$),NY.GDP.PCAP.CD,2016,27323.6890735517
Latin America & Caribbean (excluding high income),LAC,GDP per capita (current US$),NY.GDP.PCAP.CD,2016,7977.19727122285
Lao PDR,LAO,GDP per capita (current US$),NY.GDP.PCAP.CD,2016,2303.22156035363
Lebanon,LBN,GDP per capita (current US$),NY.GDP.PCAP.CD,2016,8089.012088155
Liberia,LBR,GDP per capita (current US$),NY.GDP.PCAP.CD,2016,714.613063145659
Libya,LBY,GDP per capita (current US$),NY.GDP.PCAP.CD,2016,7525.80299308216
St. Lucia,LCA,GDP per capita (current US$),NY.GDP.PCAP.CD,2016,10638.1269396653
Latin America & Caribbean,LCN,GDP per capita (current US$),NY.GDP.PCAP.CD,2016,8241.45140922665
Least developed countries: UN classification,LDC,GDP per capita (current US$),NY.GDP.PCAP.CD,2016,966.721782937566
Low income,LIC,GDP per capita (current US$),NY.GDP.PCAP.CD,2016,633.792954627598
Liechtenstein,LIE,GDP per capita (current US$),NY.GDP.PCAP.CD,2016,165375.491396259
Sri Lanka,LKA,GDP per capita (current US$),NY.GDP.PCAP.CD,2016,4149.19190775593
Lower middle income,LMC,GDP per capita (current US$),NY.GDP.PCAP.CD,2016,1895.24399500136
Low & middle income,LMY,GDP per capita (current US$),NY.GDP.PCAP.CD,2016,4274.9314240157
Lesotho,LSO,GDP per capita (current US$),NY.GDP.PCAP.CD,2016,992.491840678465
Late-demographic dividend,LTE,GDP per capita (current US$),NY.GDP.PCAP.CD,2016,8297.33610796797
Lithuania,LTU,GDP per capita (current US$),NY.GDP.PCAP.CD,2016,14934.2702840428
Luxembourg,LUX,GDP per capita (current US$),NY.GDP.PCAP.CD,2016,106899.293549552
Latvia,LVA,GDP per capita (current US$),NY.GDP.PCAP.CD,2016,13838.5266823272
"Macao SAR, China",MAC,GDP per capita (current US$),NY.GDP.PCAP.CD,2016,68911.6755919628
Morocco,MAR,GDP per capita (current US$),NY.GDP.PCAP.CD,2016,3140.85546875
Monaco,MCO,GDP per capita (current US$),NY.GDP.PCAP.CD,2016,173604.753555915
Moldova,MDA,GDP per capita (current US$),NY.GDP.PCAP.CD,2016,2847.08794770479
Madagascar,MDG,GDP per capita (current US$),NY.GDP.PCAP.CD,2016,453.970714522463
Maldives,MDV,GDP per capita (current US$),NY.GDP.PCAP.CD,2016,9947.80744731739
"Middle East, North Africa, Afghanistan & Pakistan",MEA,GDP per capita (current US$),NY.GDP.PCAP.CD,2016,5126.05331639032
Mexico,MEX,GDP per capita (current US$),NY.GDP.PCAP.CD,2016,9097.92397674769
Marshall Islands,MHL,GDP per capita (current US$),NY.GDP.PCAP.CD,2016,4229.80988911945
Middle income,MIC,GDP per capita (current US$),NY.GDP.PCAP.CD,2016,4605.60639396078
North Macedonia,MKD,GDP per capita (current US$),NY.GDP.PCAP.CD,2016,5598.48622617967
Mali,MLI,GDP per capita (current US$),NY.GDP.PCAP.CD,2016,872.468587171653
Malta,MLT,GDP per capita (current US$),NY.GDP.PCAP.CD,2016,26459.0770929988
Myanmar,MMR,GDP per capita (current US$),NY.GDP.PCAP.CD,2016,1229.19713491328
"Middle East, North Africa, Afghanistan & Pakistan (excluding high income)",MNA,GDP per capita (current US$),NY.GDP.PCAP.CD,2016,2863.14057781135
Montenegro,MNE,GDP per capita (current US$),NY.GDP.PCAP.CD,2016,6968.01539365317
Mongolia,MNG,GDP per capita (current US$),NY.GDP.PCAP.CD,2016,3619.90026383792
Northern Mariana Islands,MNP,GDP per capita (current US$),NY.GDP.PCAP.CD,2016,24225.474169342
Mozambique,MOZ,GDP per capita (current US$),NY.GDP.PCAP.CD,2016,441.489734819071
Mauritania,MRT,GDP per capita (current US$),NY.GDP.PCAP.CD,2016,1565.76575722696
Mauritius,MUS,GDP per capita (current US$),NY.GDP.PCAP.CD,2016,10095.1225574156
Malawi,MWI,GDP per capita (current US$),NY.GDP.PCAP.CD,2016,450.506105510719
Malaysia,MYS,GDP per capita (current US$),NY.GDP.PCAP.CD,2016,9476.53409809923
North America,NAC,GDP per capita (current US$),NY.GDP.PCAP.CD,2016,56112.2253713869
Namibia,NAM,GDP per capita (current US$),NY.GDP.PCAP.CD,2016,4395.68776162376
New Caledonia,NCL,GDP per capita (current US$),NY.GDP.PCAP.CD,2016,30782.8544433514
Niger,NER,GDP per capita (current US$),NY.GDP.PCAP.CD,2016,502.706475406446
Nigeria,NGA,GDP per capita (current US$),NY.GDP.PCAP.CD,2016,2070.4127339595
Nicaragua,NIC,GDP per capita (current US$),NY.GDP.PCAP.CD,2016,2131.68704828322
Netherlands,NLD,GDP per capita (current US$),NY.GDP.PCAP.CD,2016,46808.5291492503
Norway,NOR,GDP per capita (current US$),NY.GDP.PCAP.CD,2016,70867.3609970749
Nepal,NPL,GDP per capita (current US$),NY.GDP.PCAP.CD,2016,877.256454696737
Nauru,NRU,GDP per capita (current US$),NY.GDP.PCAP.CD,2016,8748.15632605428
New Zealand,NZL,GDP per capita (current US$),NY.GDP.PCAP.CD,2016,40113.7195382428
OECD members,OED,GDP per capita (current US$),NY.GDP.PCAP.CD,2016,36229.3490773616
Oman,OMN,GDP per capita (current US$),NY.GDP.PCAP.CD,2016,17110.1897460545
Other small states,OSS,GDP per capita (current US$),NY.GDP.PCAP.CD,2016,10813.3826960431
Pakistan,PAK,GDP per capita (current US$),NY.GDP.PCAP.CD,2016,1424.69161195897
Panama,PAN,GDP per capita (current US$),NY.GDP.PCAP.CD,2016,14832.3611652459
Peru,PER,GDP per capita (current US$),NY.GDP.PCAP.CD,2016,6217.03599995447
Philippines,PHL,GDP per capita (current US$),NY.GDP.PCAP.CD,2016,2985.19564024046
Palau,PLW,GDP per capita (current US$),NY.GDP.PCAP.CD,2016,17150.4759377239
Papua New Guinea,PNG,GDP per capita (current US$),NY.GDP.PCAP.CD,2016,2316.39479758492
Poland,POL,GDP per capita (current US$),NY.GDP.PCAP.CD,2016,12464.0110508476
Pre-demographic dividend,PRE,GDP per capita (current US$),NY.GDP.PCAP.CD,2016,1316.74567214685
Puerto Rico (US),PRI,GDP per capita (current US$),NY.GDP.PCAP.CD,2016,29978.0889268918
Portugal,PRT,GDP per capita (current US$),NY.GDP.PCAP.CD,2016,19980.2808866516
Paraguay,PRY,GDP per capita (current US$),NY.GDP.PCAP.CD,2016,5775.15963399596
West Bank and Gaza,PSE,GDP per capita (current US$),NY.GDP.PCAP.CD,2016,3527.61382413178
Pacific island small states,PSS,GDP per capita (current US$),NY.GDP.PCAP.CD,2016,3856.70459060951
Post-demographic dividend,PST,GDP per capita (current US$),NY.GDP.PCAP.CD,2016,41502.2222895522
French Polynesia,PYF,GDP per capita (current US$),NY.GDP.PCAP.CD,2016,19690.0775734589
Qatar,QAT,GDP per capita (current US$),NY.GDP.PCAP.CD,2016,61253.6217997091
Romania,ROU,GDP per capita (current US$),NY.GDP.PCAP.CD,2016,9404.54005870715
Russian Federation,RUS,GDP per capita (current US$),NY.GDP.PCAP.CD,2016,8663.158203125
Rwanda,RWA,GDP per capita (current US$),NY.GDP.PCAP.CD,2016,729.519133812945
South Asia,SAS,GDP per capita (current US$),NY.GDP.PCAP.CD,2016,1722.90703415144
Saudi Arabia,SAU,GDP per capita (current US$),NY.GDP.PCAP.CD,2016,22267.7217050387
Sudan,SDN,GDP per capita (current US$),NY.GDP.PCAP.CD,2016,1033.21594238281
Senegal,SEN,GDP per capita (current US$),NY.GDP.PCAP.CD,2016,1266.43957151587
Singapore,SGP,GDP per capita (current US$),NY.GDP.PCAP.CD,2016,57005.5887176547
Solomon Islands,SLB,GDP per capita (current US$),NY.GDP.PCAP.CD,2016,2082.62383124213
Sierra Leone,SLE,GDP per capita (current US$),NY.GDP.PCAP.CD,2016,844.416411175476
El Salvador,SLV,GDP per capita (current US$),NY.GDP.PCAP.CD,2016,3901.34014965811
San Marino,SMR,GDP per capita (current US$),NY.GDP.PCAP.CD,2016,44359.4797662688
"Somalia, Fed. Rep.",SOM,GDP per capita (current US$),NY.GDP.PCAP.CD,2016,460.928490585175
Serbia,SRB,GDP per capita (current US$),NY.GDP.PCAP.CD,2016,5982.37030126471
Sub-Saharan Africa (excluding high income),SSA,GDP per capita (current US$),NY.GDP.PCAP.CD,2016,1545.27948291265
Sub-Saharan Africa,SSF,GDP per capita (current US$),NY.GDP.PCAP.CD,2016,1455.03525304571
Small states,SST,GDP per capita (current US$),NY.GDP.PCAP.CD,2016,10486.2161094903
Sao Tome and Principe,STP,GDP per capita (current US$),NY.GDP.PCAP.CD,2016,1434.87018050521
Suriname,SUR,GDP per capita (current US$),NY.GDP.PCAP.CD,2016,5644.2061057532
Slovak Republic,SVK,GDP per capita (current US$),NY.GDP.PCAP.CD,2016,16636.0769133073
Slovenia,SVN,GDP per capita (current US$),NY.GDP.PCAP.CD,2016,21447.8377796036
Sweden,SWE,GDP per capita (current US$),NY.GDP.PCAP.CD,2016,51703.5088332851
Eswatini,SWZ,GDP per capita (current US$),NY.GDP.PCAP.CD,2016,3238.17611961364
Sint Maarten (Dutch part),SXM,GDP per capita (current US$),NY.GDP.PCAP.CD,2016,37308.6147795736
Seychelles,SYC,GDP per capita (current US$),NY.GDP.PCAP.CD,2016,16566.9946042294
Syrian Arab Republic,SYR,GDP per capita (current US$),NY.GDP.PCAP.CD,2016,656.3490586313
Turks and Caicos Islands,TCA,GDP per capita (current US$),NY.GDP.PCAP.CD,2016,31373.5612684327
Chad,TCD,GDP per capita (current US$),NY.GDP.PCAP.CD,2016,861.831767630746
East Asia & Pacific (IDA & IBRD countries),TEA,GDP per capita (current US$),NY.GDP.PCAP.CD,2016,6758.74365728701
Europe & Central Asia (IDA & IBRD countries),TEC,GDP per capita (current US$),NY.GDP.PCAP.CD,2016,7659.54924391363
Togo,TGO,GDP per capita (current US$),NY.GDP.PCAP.CD,2016,772.581357620609
Thailand,THA,GDP per capita (current US$),NY.GDP.PCAP.CD,2016,5833.57715617098
Tajikistan,TJK,GDP per capita (current US$),NY.GDP.PCAP.CD,2016,788.710481734485
Turkmenistan,TKM,GDP per capita (current US$),NY.GDP.PCAP.CD,2016,5686.98040962764
Latin America & the Caribbean (IDA & IBRD countries),TLA,GDP per capita (current US$),NY.GDP.PCAP.CD,2016,8082.02330614142
Timor-Leste,TLS,GDP per capita (current US$),NY.GDP.PCAP.CD,2016,1335.54391073349
"Middle East, North Africa, Afghanistan & Pakistan (IDA & IBRD)",TMN,GDP per capita (current US$),NY.GDP.PCAP.CD,2016,2858.61689096826
Tonga,TON,GDP per capita (current US$),NY.GDP.PCAP.CD,2016,3987.98626206287
South Asia (IDA & IBRD),TSA,GDP per capita (current US$),NY.GDP.PCAP.CD,2016,1722.90703415144
Sub-Saharan Africa (IDA & IBRD countries),TSS,GDP per capita (current US$),NY.GDP.PCAP.CD,2016,1455.03525304571
Trinidad and Tobago,TTO,GDP per capita (current US$),NY.GDP.PCAP.CD,2016,17449.1538801956
Tunisia,TUN,GDP per capita (current US$),NY.GDP.PCAP.CD,2016,3847.80354448809
Turkiye,TUR,GDP per capita (current US$),NY.GDP.PCAP.CD,2016,10984.3643169061
Tuvalu,TUV,GDP per capita (current US$),NY.GDP.PCAP.CD,2016,3808.69755015909
Tanzania,TZA,GDP per capita (current US$),NY.GDP.PCAP.CD,2016,953.0107421875
Uganda,UGA,GDP per capita (current US$),NY.GDP.PCAP.CD,2016,752.696571725656
Ukraine,UKR,GDP per capita (current US$),NY.GDP.PCAP.CD,2016,2158.46118164063
Upper middle income,UMC,GDP per capita (current US$),NY.GDP.PCAP.CD,2016,7413.22237473365
Uruguay,URY,GDP per capita (current US$),NY.GDP.PCAP.CD,2016,17009.7584207276
United States,USA,GDP per capita (current US$),NY.GDP.PCAP.CD,2016,57638.1018367192
Uzbekistan,UZB,GDP per capita (current US$),NY.GDP.PCAP.CD,2016,2753.37951427589
St. Vincent and the Grenadines,VCT,GDP per capita (current US$),NY.GDP.PCAP.CD,2016,7656.90042881178
"Venezuela, RB",VEN,GDP per capita (current US$),NY.GDP.PCAP.CD,2016,3670.15737848208
Virgin Islands (U.S.),VIR,GDP per capita (current US$),NY.GDP.PCAP.CD,2016,35324.9748874586
Viet Nam,VNM,GDP per capita (current US$),NY.GDP.PCAP.CD,2016,2735.0604380416
Vanuatu,VUT,GDP per capita (current US$),NY.GDP.PCAP.CD,2016,2956.12644801489
World,WLD,GDP per capita (current US$),NY.GDP.PCAP.CD,2016,10204.9287763386
Samoa,WSM,GDP per capita (current US$),NY.GDP.PCAP.CD,2016,4147.07097674888
Kosovo,XKX,GDP per capita (current US$),NY.GDP.PCAP.CD,2016,3759.44959067104
"Yemen, Rep.",YEM,GDP per capita (current US$),NY.GDP.PCAP.CD,2016,975.359417003225
South Africa,ZAF,GDP per capita (current US$),NY.GDP.PCAP.CD,2016,5651.20585165749
Zambia,ZMB,GDP per capita (current US$),NY.GDP.PCAP.CD,2016,1239.08527877713
Zimbabwe,ZWE,GDP per capita (current US$),NY.GDP.PCAP.CD,2016,1408.13945253431
Aruba,ABW,GDP per capita (current US$),NY.GDP.PCAP.CD,2017,28440.0416881491
Africa Eastern and Southern,AFE,GDP per capita (current US$),NY.GDP.PCAP.CD,2017,1528.10422421284
Afghanistan,AFG,GDP per capita (current US$),NY.GDP.PCAP.CD,2017,525.469770891619
Africa Western and Central,AFW,GDP per capita (current US$),NY.GDP.PCAP.CD,2017,1574.23056437855
Angola,AGO,GDP per capita (current US$),NY.GDP.PCAP.CD,2017,2790.71886869768
Albania,ALB,GDP per capita (current US$),NY.GDP.PCAP.CD,2017,5006.36012951959
Andorra,AND,GDP per capita (current US$),NY.GDP.PCAP.CD,2017,40672.9717424447
Arab World,ARB,GDP per capita (current US$),NY.GDP.PCAP.CD,2017,6096.72395041636
United Arab Emirates,ARE,GDP per capita (current US$),NY.GDP.PCAP.CD,2017,43733.6192287435
Argentina,ARG,GDP per capita (current US$),NY.GDP.PCAP.CD,2017,14532.5009308511
Armenia,ARM,GDP per capita (current US$),NY.GDP.PCAP.CD,2017,3869.05373867752
American Samoa,ASM,GDP per capita (current US$),NY.GDP.PCAP.CD,2017,11863.6839452565
Antigua and Barbuda,ATG,GDP per capita (current US$),NY.GDP.PCAP.CD,2017,16965.7288273816
Australia,AUS,GDP per capita (current US$),NY.GDP.PCAP.CD,2017,54117.547718609
Austria,AUT,GDP per capita (current US$),NY.GDP.PCAP.CD,2017,47163.7425775142
Azerbaijan,AZE,GDP per capita (current US$),NY.GDP.PCAP.CD,2017,4147.1981423222
Burundi,BDI,GDP per capita (current US$),NY.GDP.PCAP.CD,2017,246.060725714184
Belgium,BEL,GDP per capita (current US$),NY.GDP.PCAP.CD,2017,44035.3239358548
Benin,BEN,GDP per capita (current US$),NY.GDP.PCAP.CD,2017,1054.97408066814
Burkina Faso,BFA,GDP per capita (current US$),NY.GDP.PCAP.CD,2017,709.091535894695
Bangladesh,BGD,GDP per capita (current US$),NY.GDP.PCAP.CD,2017,1811.08221668646
Bulgaria,BGR,GDP per capita (current US$),NY.GDP.PCAP.CD,2017,8696.68930427924
Bahrain,BHR,GDP per capita (current US$),NY.GDP.PCAP.CD,2017,24784.7693514607
"Bahamas, The",BHS,GDP per capita (current US$),NY.GDP.PCAP.CD,2017,31875.4881749619
Bosnia and Herzegovina,BIH,GDP per capita (current US$),NY.GDP.PCAP.CD,2017,5345.01978766473
Belarus,BLR,GDP per capita (current US$),NY.GDP.PCAP.CD,2017,5785.54491935194
Belize,BLZ,GDP per capita (current US$),NY.GDP.PCAP.CD,2017,6071.85451846453
Bermuda,BMU,GDP per capita (current US$),NY.GDP.PCAP.CD,2017,112339.425587467
Bolivia,BOL,GDP per capita (current US$),NY.GDP.PCAP.CD,2017,4048.40119739839
Brazil,BRA,GDP per capita (current US$),NY.GDP.PCAP.CD,2017,10080.5078722821
Barbados,BRB,GDP per capita (current US$),NY.GDP.PCAP.CD,2017,20284.5762052461
Brunei Darussalam,BRN,GDP per capita (current US$),NY.GDP.PCAP.CD,2017,28024.3824580252
Bhutan,BTN,GDP per capita (current US$),NY.GDP.PCAP.CD,2017,3435.28804735662
Botswana,BWA,GDP per capita (current US$),NY.GDP.PCAP.CD,2017,7104.96401088027
Central African Republic,CAF,GDP per capita (current US$),NY.GDP.PCAP.CD,2017,432.324025684263
Canada,CAN,GDP per capita (current US$),NY.GDP.PCAP.CD,2017,45129.628116623
Central Europe and the Baltics,CEB,GDP per capita (current US$),NY.GDP.PCAP.CD,2017,14339.8243059389
Switzerland,CHE,GDP per capita (current US$),NY.GDP.PCAP.CD,2017,82254.3769269767
Channel Islands,CHI,GDP per capita (current US$),NY.GDP.PCAP.CD,2017,55806.3554257428
Chile,CHL,GDP per capita (current US$),NY.GDP.PCAP.CD,2017,14879.9086227187
China,CHN,GDP per capita (current US$),NY.GDP.PCAP.CD,2017,8979.67652709856
Cote d'Ivoire,CIV,GDP per capita (current US$),NY.GDP.PCAP.CD,2017,1964.29930338343
Cameroon,CMR,GDP per capita (current US$),NY.GDP.PCAP.CD,2017,1496.08951771242
"Congo, Dem. Rep.",COD,GDP per capita (current US$),NY.GDP.PCAP.CD,2017,431.052559128788
"Congo, Rep.",COG,GDP per capita (current US$),NY.GDP.PCAP.CD,2017,2211.63309874797
Colombia,COL,GDP per capita (current US$),NY.GDP.PCAP.CD,2017,6479.53231292429
Comoros,COM,GDP per capita (current US$),NY.GDP.PCAP.CD,2017,1423.9248027797
Cabo Verde,CPV,GDP per capita (current US$),NY.GDP.PCAP.CD,2017,3893.09571382506
Costa Rica,CRI,GDP per capita (current US$),NY.GDP.PCAP.CD,2017,12317.0902771304
Caribbean small states,CSS,GDP per capita (current US$),NY.GDP.PCAP.CD,2017,13671.1377634132
Cuba,CUB,GDP per capita (current US$),NY.GDP.PCAP.CD,2017,8610.60829605429
Curacao,CUW,GDP per capita (current US$),NY.GDP.PCAP.CD,2017,18938.2440965187
Cayman Islands,CYM,GDP per capita (current US$),NY.GDP.PCAP.CD,2017,80053.9442657031
Cyprus,CYP,GDP per capita (current US$),NY.GDP.PCAP.CD,2017,26247.44921875
Czechia,CZE,GDP per capita (current US$),NY.GDP.PCAP.CD,2017,20913.197632212
Germany,DEU,GDP per capita (current US$),NY.GDP.PCAP.CD,2017,45553.9341495339
Djibouti,DJI,GDP per capita (current US$),NY.GDP.PCAP.CD,2017,2618.95521147369
Dominica,DMA,GDP per capita (current US$),NY.GDP.PCAP.CD,2017,8224.64896571414
Denmark,DNK,GDP per capita (current US$),NY.GDP.PCAP.CD,2017,57521.5514992225
Dominican Republic,DOM,GDP per capita (current US$),NY.GDP.PCAP.CD,2017,7412.71571571512
Algeria,DZA,GDP per capita (current US$),NY.GDP.PCAP.CD,2017,4554.66753957828
East Asia & Pacific (excluding high income),EAP,GDP per capita (current US$),NY.GDP.PCAP.CD,2017,7241.92533864361
Early-demographic dividend,EAR,GDP per capita (current US$),NY.GDP.PCAP.CD,2017,3457.64943157186
East Asia & Pacific,EAS,GDP per capita (current US$),NY.GDP.PCAP.CD,2017,10566.2828244863
Europe & Central Asia (excluding high income),ECA,GDP per capita (current US$),NY.GDP.PCAP.CD,2017,6138.12063922999
Europe & Central Asia,ECS,GDP per capita (current US$),NY.GDP.PCAP.CD,2017,23814.1197034605
Ecuador,ECU,GDP per capita (current US$),NY.GDP.PCAP.CD,2017,6233.32244797718
"Egypt, Arab Rep.",EGY,GDP per capita (current US$),NY.GDP.PCAP.CD,2017,2395.10333299491
Euro area,EMU,GDP per capita (current US$),NY.GDP.PCAP.CD,2017,37243.5651015997
Spain,ESP,GDP per capita (current US$),NY.GDP.PCAP.CD,2017,28381.3425596906
Estonia,EST,GDP per capita (current US$),NY.GDP.PCAP.CD,2017,20851.5223496861
Ethiopia,ETH,GDP per capita (current US$),NY.GDP.PCAP.CD,2017,696.348429076216
European Union,EUU,GDP per capita (current US$),NY.GDP.PCAP.CD,2017,33394.5888043692
Fragile and conflict affected situations,FCS,GDP per capita (current US$),NY.GDP.PCAP.CD,2017,1549.60952933559
Finland,FIN,GDP per capita (current US$),NY.GDP.PCAP.CD,2017,46085.0174739036
Fiji,FJI,GDP per capita (current US$),NY.GDP.PCAP.CD,2017,5826.84814459328
France,FRA,GDP per capita (current US$),NY.GDP.PCAP.CD,2017,38687.1626407164
Faroe Islands,FRO,GDP per capita (current US$),NY.GDP.PCAP.CD,2017,59387.353086482
"Micronesia, Fed. Sts.",FSM,GDP per capita (current US$),NY.GDP.PCAP.CD,2017,3279.10779039285
Gabon,GAB,GDP per capita (current US$),NY.GDP.PCAP.CD,2017,6921.73373135624
United Kingdom,GBR,GDP per capita (current US$),NY.GDP.PCAP.CD,2017,40916.8115070354
Georgia,GEO,GDP per capita (current US$),NY.GDP.PCAP.CD,2017,4418.75206546679
Ghana,GHA,GDP per capita (current US$),NY.GDP.PCAP.CD,2017,2012.28662641265
Guinea,GIN,GDP per capita (current US$),NY.GDP.PCAP.CD,2017,833.598621691121
"Gambia, The",GMB,GDP per capita (current US$),NY.GDP.PCAP.CD,2017,642.522641296331
Guinea-Bissau,GNB,GDP per capita (current US$),NY.GDP.PCAP.CD,2017,783.123186602022
Equatorial Guinea,GNQ,GDP per capita (current US$),NY.GDP.PCAP.CD,2017,7809.10465655488
Greece,GRC,GDP per capita (current US$),NY.GDP.PCAP.CD,2017,18631.9930129293
Grenada,GRD,GDP per capita (current US$),NY.GDP.PCAP.CD,2017,9751.42661155932
Greenland,GRL,GDP per capita (current US$),NY.GDP.PCAP.CD,2017,50765.7494665372
Guatemala,GTM,GDP per capita (current US$),NY.GDP.PCAP.CD,2017,4324.99768915601
Guam,GUM,GDP per capita (current US$),NY.GDP.PCAP.CD,2017,36779.0078903909
Guyana,GUY,GDP per capita (current US$),NY.GDP.PCAP.CD,2017,6178.6650437298
High income,HIC,GDP per capita (current US$),NY.GDP.PCAP.CD,2017,38776.5615949516
"Hong Kong SAR, China",HKG,GDP per capita (current US$),NY.GDP.PCAP.CD,2017,46160.429791493
Honduras,HND,GDP per capita (current US$),NY.GDP.PCAP.CD,2017,2413.0076562942
Heavily indebted poor countries (HIPC),HPC,GDP per capita (current US$),NY.GDP.PCAP.CD,2017,943.132832332498
Croatia,HRV,GDP per capita (current US$),NY.GDP.PCAP.CD,2017,13901.7878144679
Haiti,HTI,GDP per capita (current US$),NY.GDP.PCAP.CD,2017,1395.23945184461
Hungary,HUN,GDP per capita (current US$),NY.GDP.PCAP.CD,2017,14736.1668157258
IBRD only,IBD,GDP per capita (current US$),NY.GDP.PCAP.CD,2017,6053.30921793356
IDA & IBRD total,IBT,GDP per capita (current US$),NY.GDP.PCAP.CD,2017,4831.93005964107
IDA total,IDA,GDP per capita (current US$),NY.GDP.PCAP.CD,2017,1355.23505457315
IDA blend,IDB,GDP per capita (current US$),NY.GDP.PCAP.CD,2017,1804.50559433385
Indonesia,IDN,GDP per capita (current US$),NY.GDP.PCAP.CD,2017,3798.88326174526
IDA only,IDX,GDP per capita (current US$),NY.GDP.PCAP.CD,2017,1110.744251052
Isle of Man,IMN,GDP per capita (current US$),NY.GDP.PCAP.CD,2017,83481.3038489014
India,IND,GDP per capita (current US$),NY.GDP.PCAP.CD,2017,1950.10468280866
Ireland,IRL,GDP per capita (current US$),NY.GDP.PCAP.CD,2017,72161.4047531385
"Iran, Islamic Rep.",IRN,GDP per capita (current US$),NY.GDP.PCAP.CD,2017,6000.93346404409
Iraq,IRQ,GDP per capita (current US$),NY.GDP.PCAP.CD,2017,4759.2846435467
Iceland,ISL,GDP per capita (current US$),NY.GDP.PCAP.CD,2017,72976.3729990975
Israel,ISR,GDP per capita (current US$),NY.GDP.PCAP.CD,2017,41138.470964272
Italy,ITA,GDP per capita (current US$),NY.GDP.PCAP.CD,2017,32844.115660604
Jamaica,JAM,GDP per capita (current US$),NY.GDP.PCAP.CD,2017,5605.43541173019
Jordan,JOR,GDP per capita (current US$),NY.GDP.PCAP.CD,2017,4065.61628749384
Japan,JPN,GDP per capita (current US$),NY.GDP.PCAP.CD,2017,38834.0529341227
Kazakhstan,KAZ,GDP per capita (current US$),NY.GDP.PCAP.CD,2017,8943.08416791984
Kenya,KEN,GDP per capita (current US$),NY.GDP.PCAP.CD,2017,1667.48447230835
Kyrgyz Republic,KGZ,GDP per capita (current US$),NY.GDP.PCAP.CD,2017,1221.39046807082
Cambodia,KHM,GDP per capita (current US$),NY.GDP.PCAP.CD,2017,1826.35391688754
Kiribati,KIR,GDP per capita (current US$),NY.GDP.PCAP.CD,2017,1853.05122713319
St. Kitts and Nevis,KNA,GDP per capita (current US$),NY.GDP.PCAP.CD,2017,22464.9899633959
"Korea, Rep.",KOR,GDP per capita (current US$),NY.GDP.PCAP.CD,2017,33296.9845439195
Kuwait,KWT,GDP per capita (current US$),NY.GDP.PCAP.CD,2017,29047.6536135703
Latin America & Caribbean (excluding high income),LAC,GDP per capita (current US$),NY.GDP.PCAP.CD,2017,8827.8501051856
Lao PDR,LAO,GDP per capita (current US$),NY.GDP.PCAP.CD,2017,2432.43059478511
Lebanon,LBN,GDP per capita (current US$),NY.GDP.PCAP.CD,2017,8608.21084982387
Liberia,LBR,GDP per capita (current US$),NY.GDP.PCAP.CD,2017,699.269095727404
Libya,LBY,GDP per capita (current US$),NY.GDP.PCAP.CD,2017,9965.83236729757
St. Lucia,LCA,GDP per capita (current US$),NY.GDP.PCAP.CD,2017,11333.1123822102
Latin America & Caribbean,LCN,GDP per capita (current US$),NY.GDP.PCAP.CD,2017,9065.54817792866
Least developed countries: UN classification,LDC,GDP per capita (current US$),NY.GDP.PCAP.CD,2017,1035.19428808636
Low income,LIC,GDP per capita (current US$),NY.GDP.PCAP.CD,2017,634.710788724745
Liechtenstein,LIE,GDP per capita (current US$),NY.GDP.PCAP.CD,2017,170547.092298954
Sri Lanka,LKA,GDP per capita (current US$),NY.GDP.PCAP.CD,2017,4398.88828068715
Lower middle income,LMC,GDP per capita (current US$),NY.GDP.PCAP.CD,2017,2026.19304074045
Low & middle income,LMY,GDP per capita (current US$),NY.GDP.PCAP.CD,2017,4615.000484095
Lesotho,LSO,GDP per capita (current US$),NY.GDP.PCAP.CD,2017,1069.36673247542
Late-demographic dividend,LTE,GDP per capita (current US$),NY.GDP.PCAP.CD,2017,9138.44134545505
Lithuania,LTU,GDP per capita (current US$),NY.GDP.PCAP.CD,2017,16800.1510246099
Luxembourg,LUX,GDP per capita (current US$),NY.GDP.PCAP.CD,2017,110193.213797228
Latvia,LVA,GDP per capita (current US$),NY.GDP.PCAP.CD,2017,15132.4958333982
"Macao SAR, China",MAC,GDP per capita (current US$),NY.GDP.PCAP.CD,2017,77570.9876166977
Morocco,MAR,GDP per capita (current US$),NY.GDP.PCAP.CD,2017,3296.52661132813
Monaco,MCO,GDP per capita (current US$),NY.GDP.PCAP.CD,2017,170663.375247872
Moldova,MDA,GDP per capita (current US$),NY.GDP.PCAP.CD,2017,3453.26727720294
Madagascar,MDG,GDP per capita (current US$),NY.GDP.PCAP.CD,2017,491.866848718929
Maldives,MDV,GDP per capita (current US$),NY.GDP.PCAP.CD,2017,10509.628805812
"Middle East, North Africa, Afghanistan & Pakistan",MEA,GDP per capita (current US$),NY.GDP.PCAP.CD,2017,5279.47951180077
Mexico,MEX,GDP per capita (current US$),NY.GDP.PCAP.CD,2017,9649.27816772402
Marshall Islands,MHL,GDP per capita (current US$),NY.GDP.PCAP.CD,2017,4592.83457628576
Middle income,MIC,GDP per capita (current US$),NY.GDP.PCAP.CD,2017,4982.00575599033
North Macedonia,MKD,GDP per capita (current US$),NY.GDP.PCAP.CD,2017,5955.2973863451
Mali,MLI,GDP per capita (current US$),NY.GDP.PCAP.CD,2017,924.057531692284
Malta,MLT,GDP per capita (current US$),NY.GDP.PCAP.CD,2017,30317.2443175543
Myanmar,MMR,GDP per capita (current US$),NY.GDP.PCAP.CD,2017,1272.82241815234
"Middle East, North Africa, Afghanistan & Pakistan (excluding high income)",MNA,GDP per capita (current US$),NY.GDP.PCAP.CD,2017,2859.85560174494
Montenegro,MNE,GDP per capita (current US$),NY.GDP.PCAP.CD,2017,7674.2813940676
Mongolia,MNG,GDP per capita (current US$),NY.GDP.PCAP.CD,2017,3645.96708669551
Northern Mariana Islands,MNP,GDP per capita (current US$),NY.GDP.PCAP.CD,2017,31225.6049960968
Mozambique,MOZ,GDP per capita (current US$),NY.GDP.PCAP.CD,2017,470.93856305196
Mauritania,MRT,GDP per capita (current US$),NY.GDP.PCAP.CD,2017,1615.00401327323
Mauritius,MUS,GDP per capita (current US$),NY.GDP.PCAP.CD,2017,10986.7034093005
Malawi,MWI,GDP per capita (current US$),NY.GDP.PCAP.CD,2017,495.769683367165
Malaysia,MYS,GDP per capita (current US$),NY.GDP.PCAP.CD,2017,9862.54806612235
North America,NAC,GDP per capita (current US$),NY.GDP.PCAP.CD,2017,58184.8571647569
Namibia,NAM,GDP per capita (current US$),NY.GDP.PCAP.CD,2017,5143.96072323076
New Caledonia,NCL,GDP per capita (current US$),NY.GDP.PCAP.CD,2017,32354.7102832901
Niger,NER,GDP per capita (current US$),NY.GDP.PCAP.CD,2017,521.804130023434
Nigeria,NGA,GDP per capita (current US$),NY.GDP.PCAP.CD,2017,1876.34027111773
Nicaragua,NIC,GDP per capita (current US$),NY.GDP.PCAP.CD,2017,2182.61380995674
Netherlands,NLD,GDP per capita (current US$),NY.GDP.PCAP.CD,2017,49513.6817346384
Norway,NOR,GDP per capita (current US$),NY.GDP.PCAP.CD,2017,76131.8384032764
Nepal,NPL,GDP per capita (current US$),NY.GDP.PCAP.CD,2017,1034.28374906846
Nauru,NRU,GDP per capita (current US$),NY.GDP.PCAP.CD,2017,9656.97976571484
New Zealand,NZL,GDP per capita (current US$),NY.GDP.PCAP.CD,2017,42950.3841711138
OECD members,OED,GDP per capita (current US$),NY.GDP.PCAP.CD,2017,37605.270624989
Oman,OMN,GDP per capita (current US$),NY.GDP.PCAP.CD,2017,17820.0661809335
Other small states,OSS,GDP per capita (current US$),NY.GDP.PCAP.CD,2017,11950.9740553004
Pakistan,PAK,GDP per capita (current US$),NY.GDP.PCAP.CD,2017,1519.23459514248
Panama,PAN,GDP per capita (current US$),NY.GDP.PCAP.CD,2017,15694.6297518495
Peru,PER,GDP per capita (current US$),NY.GDP.PCAP.CD,2017,6736.16693725487
Philippines,PHL,GDP per capita (current US$),NY.GDP.PCAP.CD,2017,3038.12124959289
Palau,PLW,GDP per capita (current US$),NY.GDP.PCAP.CD,2017,16401.7847567871
Papua New Guinea,PNG,GDP per capita (current US$),NY.GDP.PCAP.CD,2017,2477.76530986323
Poland,POL,GDP per capita (current US$),NY.GDP.PCAP.CD,2017,13913.3402919927
Pre-demographic dividend,PRE,GDP per capita (current US$),NY.GDP.PCAP.CD,2017,1338.96011884626
Puerto Rico (US),PRI,GDP per capita (current US$),NY.GDP.PCAP.CD,2017,30328.479490518
Portugal,PRT,GDP per capita (current US$),NY.GDP.PCAP.CD,2017,21442.3842768879
Paraguay,PRY,GDP per capita (current US$),NY.GDP.PCAP.CD,2017,6152.2671153779
West Bank and Gaza,PSE,GDP per capita (current US$),NY.GDP.PCAP.CD,2017,3620.36048715937
Pacific island small states,PSS,GDP per capita (current US$),NY.GDP.PCAP.CD,2017,4099.79965867267
Post-demographic dividend,PST,GDP per capita (current US$),NY.GDP.PCAP.CD,2017,43114.2688521392
French Polynesia,PYF,GDP per capita (current US$),NY.GDP.PCAP.CD,2017,20826.9312492172
Qatar,QAT,GDP per capita (current US$),NY.GDP.PCAP.CD,2017,63279.8767486216
Romania,ROU,GDP per capita (current US$),NY.GDP.PCAP.CD,2017,10727.9822007426
Russian Federation,RUS,GDP per capita (current US$),NY.GDP.PCAP.CD,2017,10658.9130859375
Rwanda,RWA,GDP per capita (current US$),NY.GDP.PCAP.CD,2017,758.300966509647
South Asia,SAS,GDP per capita (current US$),NY.GDP.PCAP.CD,2017,1956.06707554186
Saudi Arabia,SAU,GDP per capita (current US$),NY.GDP.PCAP.CD,2017,23929.2907135982
Sudan,SDN,GDP per capita (current US$),NY.GDP.PCAP.CD,2017,966.505676269531
Senegal,SEN,GDP per capita (current US$),NY.GDP.PCAP.CD,2017,1356.80518449031
Singapore,SGP,GDP per capita (current US$),NY.GDP.PCAP.CD,2017,61236.251270627
Solomon Islands,SLB,GDP per capita (current US$),NY.GDP.PCAP.CD,2017,2143.57670489272
Sierra Leone,SLE,GDP per capita (current US$),NY.GDP.PCAP.CD,2017,779.186007841728
El Salvador,SLV,GDP per capita (current US$),NY.GDP.PCAP.CD,2017,4020.12671373919
San Marino,SMR,GDP per capita (current US$),NY.GDP.PCAP.CD,2017,45192.0279766943
"Somalia, Fed. Rep.",SOM,GDP per capita (current US$),NY.GDP.PCAP.CD,2017,510.939952317726
Serbia,SRB,GDP per capita (current US$),NY.GDP.PCAP.CD,2017,6548.03653824187
Sub-Saharan Africa (excluding high income),SSA,GDP per capita (current US$),NY.GDP.PCAP.CD,2017,1641.39239957439
Sub-Saharan Africa,SSF,GDP per capita (current US$),NY.GDP.PCAP.CD,2017,1546.91774199323
Small states,SST,GDP per capita (current US$),NY.GDP.PCAP.CD,2017,11304.5050810878
Sao Tome and Principe,STP,GDP per capita (current US$),NY.GDP.PCAP.CD,2017,1555.79477812888
Suriname,SUR,GDP per capita (current US$),NY.GDP.PCAP.CD,2017,6049.52128553675
Slovak Republic,SVK,GDP per capita (current US$),NY.GDP.PCAP.CD,2017,17645.5298716761
Slovenia,SVN,GDP per capita (current US$),NY.GDP.PCAP.CD,2017,23303.077705959
Sweden,SWE,GDP per capita (current US$),NY.GDP.PCAP.CD,2017,53210.2233318965
Eswatini,SWZ,GDP per capita (current US$),NY.GDP.PCAP.CD,2017,3853.09956569679
Sint Maarten (Dutch part),SXM,GDP per capita (current US$),NY.GDP.PCAP.CD,2017,34701.3058494468
Seychelles,SYC,GDP per capita (current US$),NY.GDP.PCAP.CD,2017,17480.3651911372
Syrian Arab Republic,SYR,GDP per capita (current US$),NY.GDP.PCAP.CD,2017,851.502005254153
Turks and Caicos Islands,TCA,GDP per capita (current US$),NY.GDP.PCAP.CD,2017,30014.2309523213
Chad,TCD,GDP per capita (current US$),NY.GDP.PCAP.CD,2017,854.46120040098
East Asia & Pacific (IDA & IBRD countries),TEA,GDP per capita (current US$),NY.GDP.PCAP.CD,2017,7323.51364847919
Europe & Central Asia (IDA & IBRD countries),TEC,GDP per capita (current US$),NY.GDP.PCAP.CD,2017,8575.46129195764
Togo,TGO,GDP per capita (current US$),NY.GDP.PCAP.CD,2017,792.765700965864
Thailand,THA,GDP per capita (current US$),NY.GDP.PCAP.CD,2017,6413.09182530343
Tajikistan,TJK,GDP per capita (current US$),NY.GDP.PCAP.CD,2017,829.45714764957
Turkmenistan,TKM,GDP per capita (current US$),NY.GDP.PCAP.CD,2017,5828.4816623489
Latin America & the Caribbean (IDA & IBRD countries),TLA,GDP per capita (current US$),NY.GDP.PCAP.CD,2017,8918.30251254156
Timor-Leste,TLS,GDP per capita (current US$),NY.GDP.PCAP.CD,2017,1266.17771143471
"Middle East, North Africa, Afghanistan & Pakistan (IDA & IBRD)",TMN,GDP per capita (current US$),NY.GDP.PCAP.CD,2017,2854.66192638041
Tonga,TON,GDP per capita (current US$),NY.GDP.PCAP.CD,2017,4365.92932788383
South Asia (IDA & IBRD),TSA,GDP per capita (current US$),NY.GDP.PCAP.CD,2017,1956.06707554186
Sub-Saharan Africa (IDA & IBRD countries),TSS,GDP per capita (current US$),NY.GDP.PCAP.CD,2017,1546.91774199323
Trinidad and Tobago,TTO,GDP per capita (current US$),NY.GDP.PCAP.CD,2017,17566.0999700656
Tunisia,TUN,GDP per capita (current US$),NY.GDP.PCAP.CD,2017,3619.03247319953
Turkiye,TUR,GDP per capita (current US$),NY.GDP.PCAP.CD,2017,10756.3877677883
Tuvalu,TUV,GDP per capita (current US$),NY.GDP.PCAP.CD,2017,4165.66338700106
Tanzania,TZA,GDP per capita (current US$),NY.GDP.PCAP.CD,2017,986.674011230469
Uganda,UGA,GDP per capita (current US$),NY.GDP.PCAP.CD,2017,765.218332297361
Ukraine,UKR,GDP per capita (current US$),NY.GDP.PCAP.CD,2017,2604.28759765625
Upper middle income,UMC,GDP per capita (current US$),NY.GDP.PCAP.CD,2017,8064.20583627107
Uruguay,URY,GDP per capita (current US$),NY.GDP.PCAP.CD,2017,19184.6502617082
United States,USA,GDP per capita (current US$),NY.GDP.PCAP.CD,2017,59635.0984397965
Uzbekistan,UZB,GDP per capita (current US$),NY.GDP.PCAP.CD,2017,2190.60411562888
St. Vincent and the Grenadines,VCT,GDP per capita (current US$),NY.GDP.PCAP.CD,2017,7988.04445019298
"Venezuela, RB",VEN,GDP per capita (current US$),NY.GDP.PCAP.CD,2017,3791.33160682077
Virgin Islands (U.S.),VIR,GDP per capita (current US$),NY.GDP.PCAP.CD,2017,35365.0693039774
Viet Nam,VNM,GDP per capita (current US$),NY.GDP.PCAP.CD,2017,2956.10992127753
Vanuatu,VUT,GDP per capita (current US$),NY.GDP.PCAP.CD,2017,3159.86055790126
World,WLD,GDP per capita (current US$),NY.GDP.PCAP.CD,2017,10747.764306505
Samoa,WSM,GDP per capita (current US$),NY.GDP.PCAP.CD,2017,4307.59381964907
Kosovo,XKX,GDP per capita (current US$),NY.GDP.PCAP.CD,2017,4009.32022050863
"Yemen, Rep.",YEM,GDP per capita (current US$),NY.GDP.PCAP.CD,2017,811.165970405745
South Africa,ZAF,GDP per capita (current US$),NY.GDP.PCAP.CD,2017,6618.33508255701
Zambia,ZMB,GDP per capita (current US$),NY.GDP.PCAP.CD,2017,1483.46577328065
Zimbabwe,ZWE,GDP per capita (current US$),NY.GDP.PCAP.CD,2017,3445.44941020134
Aruba,ABW,GDP per capita (current US$),NY.GDP.PCAP.CD,2018,30082.1584226798
Africa Eastern and Southern,AFE,GDP per capita (current US$),NY.GDP.PCAP.CD,2018,1552.07372194919
Afghanistan,AFG,GDP per capita (current US$),NY.GDP.PCAP.CD,2018,491.337221382603
Africa Western and Central,AFW,GDP per capita (current US$),NY.GDP.PCAP.CD,2018,1720.14009242722
Angola,AGO,GDP per capita (current US$),NY.GDP.PCAP.CD,2018,2860.0936483682
Albania,ALB,GDP per capita (current US$),NY.GDP.PCAP.CD,2018,5897.65452588774
Andorra,AND,GDP per capita (current US$),NY.GDP.PCAP.CD,2018,42819.7577456133
Arab World,ARB,GDP per capita (current US$),NY.GDP.PCAP.CD,2018,6699.18058175457
United Arab Emirates,ARE,GDP per capita (current US$),NY.GDP.PCAP.CD,2018,47135.3591943971
Argentina,ARG,GDP per capita (current US$),NY.GDP.PCAP.CD,2018,11752.7998922979
Armenia,ARM,GDP per capita (current US$),NY.GDP.PCAP.CD,2018,4196.00562301769
American Samoa,ASM,GDP per capita (current US$),NY.GDP.PCAP.CD,2018,12552.0546868861
Antigua and Barbuda,ATG,GDP per capita (current US$),NY.GDP.PCAP.CD,2018,18273.4270684912
Australia,AUS,GDP per capita (current US$),NY.GDP.PCAP.CD,2018,57410.1737346009
Austria,AUT,GDP per capita (current US$),NY.GDP.PCAP.CD,2018,51194.0749841299
Azerbaijan,AZE,GDP per capita (current US$),NY.GDP.PCAP.CD,2018,4739.7943123408
Burundi,BDI,GDP per capita (current US$),NY.GDP.PCAP.CD,2018,245.661678332009
Belgium,BEL,GDP per capita (current US$),NY.GDP.PCAP.CD,2018,47487.2100392561
Benin,BEN,GDP per capita (current US$),NY.GDP.PCAP.CD,2018,1151.7409703472
Burkina Faso,BFA,GDP per capita (current US$),NY.GDP.PCAP.CD,2018,777.465618514048
Bangladesh,BGD,GDP per capita (current US$),NY.GDP.PCAP.CD,2018,1965.24372731467
Bulgaria,BGR,GDP per capita (current US$),NY.GDP.PCAP.CD,2018,9849.38397225174
Bahrain,BHR,GDP per capita (current US$),NY.GDP.PCAP.CD,2018,26324.4066549559
"Bahamas, The",BHS,GDP per capita (current US$),NY.GDP.PCAP.CD,2018,32642.3353203452
Bosnia and Herzegovina,BIH,GDP per capita (current US$),NY.GDP.PCAP.CD,2018,6047.84707207392
Belarus,BLR,GDP per capita (current US$),NY.GDP.PCAP.CD,2018,6360.037502312
Belize,BLZ,GDP per capita (current US$),NY.GDP.PCAP.CD,2018,6011.99036888587
Bermuda,BMU,GDP per capita (current US$),NY.GDP.PCAP.CD,2018,113204.82210838
Bolivia,BOL,GDP per capita (current US$),NY.GDP.PCAP.CD,2018,4206.8552936661
Brazil,BRA,GDP per capita (current US$),NY.GDP.PCAP.CD,2018,9300.66072904004
Barbados,BRB,GDP per capita (current US$),NY.GDP.PCAP.CD,2018,21381.2426303209
Brunei Darussalam,BRN,GDP per capita (current US$),NY.GDP.PCAP.CD,2018,30988.1190267227
Bhutan,BTN,GDP per capita (current US$),NY.GDP.PCAP.CD,2018,3400.20417245342
Botswana,BWA,GDP per capita (current US$),NY.GDP.PCAP.CD,2018,7407.95940141786
Central African Republic,CAF,GDP per capita (current US$),NY.GDP.PCAP.CD,2018,455.243962859534
Canada,CAN,GDP per capita (current US$),NY.GDP.PCAP.CD,2018,46539.1761570405
Central Europe and the Baltics,CEB,GDP per capita (current US$),NY.GDP.PCAP.CD,2018,16227.2484719489
Switzerland,CHE,GDP per capita (current US$),NY.GDP.PCAP.CD,2018,85217.3691512274
Channel Islands,CHI,GDP per capita (current US$),NY.GDP.PCAP.CD,2018,60784.8125397162
Chile,CHL,GDP per capita (current US$),NY.GDP.PCAP.CD,2018,15659.4808675628
China,CHN,GDP per capita (current US$),NY.GDP.PCAP.CD,2018,10085.6638148819
Cote d'Ivoire,CIV,GDP per capita (current US$),NY.GDP.PCAP.CD,2018,2130.86619381144
Cameroon,CMR,GDP per capita (current US$),NY.GDP.PCAP.CD,2018,1610.69641591017
"Congo, Dem. Rep.",COD,GDP per capita (current US$),NY.GDP.PCAP.CD,2018,518.169626875371
"Congo, Rep.",COG,GDP per capita (current US$),NY.GDP.PCAP.CD,2018,2694.43413191427
Colombia,COL,GDP per capita (current US$),NY.GDP.PCAP.CD,2018,6816.96818309544
Comoros,COM,GDP per capita (current US$),NY.GDP.PCAP.CD,2018,1527.40527125285
Cabo Verde,CPV,GDP per capita (current US$),NY.GDP.PCAP.CD,2018,4294.96510035729
Costa Rica,CRI,GDP per capita (current US$),NY.GDP.PCAP.CD,2018,12590.2493781614
Caribbean small states,CSS,GDP per capita (current US$),NY.GDP.PCAP.CD,2018,13896.7409040963
Cuba,CUB,GDP per capita (current US$),NY.GDP.PCAP.CD,2018,8911.46205998726
Curacao,CUW,GDP per capita (current US$),NY.GDP.PCAP.CD,2018,19119.1244887029
Cayman Islands,CYM,GDP per capita (current US$),NY.GDP.PCAP.CD,2018,83865.5540393356
Cyprus,CYP,GDP per capita (current US$),NY.GDP.PCAP.CD,2018,29120.375
Czechia,CZE,GDP per capita (current US$),NY.GDP.PCAP.CD,2018,23705.9329811299
Germany,DEU,GDP per capita (current US$),NY.GDP.PCAP.CD,2018,48916.1686612154
Djibouti,DJI,GDP per capita (current US$),NY.GDP.PCAP.CD,2018,2718.08338799203
Dominica,DMA,GDP per capita (current US$),NY.GDP.PCAP.CD,2018,9215.3085405645
Denmark,DNK,GDP per capita (current US$),NY.GDP.PCAP.CD,2018,61324.7665045565
Dominican Republic,DOM,GDP per capita (current US$),NY.GDP.PCAP.CD,2018,7882.98221584944
Algeria,DZA,GDP per capita (current US$),NY.GDP.PCAP.CD,2018,4577.21029180491
East Asia & Pacific (excluding high income),EAP,GDP per capita (current US$),NY.GDP.PCAP.CD,2018,8045.94630458507
Early-demographic dividend,EAR,GDP per capita (current US$),NY.GDP.PCAP.CD,2018,3463.50882263374
East Asia & Pacific,EAS,GDP per capita (current US$),NY.GDP.PCAP.CD,2018,11438.8584591418
Europe & Central Asia (excluding high income),ECA,GDP per capita (current US$),NY.GDP.PCAP.CD,2018,5996.28775888893
Europe & Central Asia,ECS,GDP per capita (current US$),NY.GDP.PCAP.CD,2018,25408.6379771601
Ecuador,ECU,GDP per capita (current US$),NY.GDP.PCAP.CD,2018,6303.91886658338
"Egypt, Arab Rep.",EGY,GDP per capita (current US$),NY.GDP.PCAP.CD,2018,2484.70315630508
Euro area,EMU,GDP per capita (current US$),NY.GDP.PCAP.CD,2018,40107.5362854643
Spain,ESP,GDP per capita (current US$),NY.GDP.PCAP.CD,2018,30602.4212881113
Estonia,EST,GDP per capita (current US$),NY.GDP.PCAP.CD,2018,23618.1361254581
Ethiopia,ETH,GDP per capita (current US$),NY.GDP.PCAP.CD,2018,739.702022272086
European Union,EUU,GDP per capita (current US$),NY.GDP.PCAP.CD,2018,36054.953230113
Fragile and conflict affected situations,FCS,GDP per capita (current US$),NY.GDP.PCAP.CD,2018,1634.92965875473
Finland,FIN,GDP per capita (current US$),NY.GDP.PCAP.CD,2018,49654.2497035329
Fiji,FJI,GDP per capita (current US$),NY.GDP.PCAP.CD,2018,6085.41979485376
France,FRA,GDP per capita (current US$),NY.GDP.PCAP.CD,2018,41418.1766484844
Faroe Islands,FRO,GDP per capita (current US$),NY.GDP.PCAP.CD,2018,62526.4908515743
"Micronesia, Fed. Sts.",FSM,GDP per capita (current US$),NY.GDP.PCAP.CD,2018,3566.58690371125
Gabon,GAB,GDP per capita (current US$),NY.GDP.PCAP.CD,2018,7624.2775233771
United Kingdom,GBR,GDP per capita (current US$),NY.GDP.PCAP.CD,2018,43702.9976303165
Georgia,GEO,GDP per capita (current US$),NY.GDP.PCAP.CD,2018,4804.0546040444
Ghana,GHA,GDP per capita (current US$),NY.GDP.PCAP.CD,2018,2195.32166016377
Guinea,GIN,GDP per capita (current US$),NY.GDP.PCAP.CD,2018,933.273615633705
"Gambia, The",GMB,GDP per capita (current US$),NY.GDP.PCAP.CD,2018,696.219806960615
Guinea-Bissau,GNB,GDP per capita (current US$),NY.GDP.PCAP.CD,2018,808.531613218504
Equatorial Guinea,GNQ,GDP per capita (current US$),NY.GDP.PCAP.CD,2018,8102.47084834031
Greece,GRC,GDP per capita (current US$),NY.GDP.PCAP.CD,2018,19873.4015238771
Grenada,GRD,GDP per capita (current US$),NY.GDP.PCAP.CD,2018,10083.021279225
Greenland,GRL,GDP per capita (current US$),NY.GDP.PCAP.CD,2018,54545.135857765
Guatemala,GTM,GDP per capita (current US$),NY.GDP.PCAP.CD,2018,4352.94593289707
Guam,GUM,GDP per capita (current US$),NY.GDP.PCAP.CD,2018,37195.9503070464
Guyana,GUY,GDP per capita (current US$),NY.GDP.PCAP.CD,2018,6048.38697180418
High income,HIC,GDP per capita (current US$),NY.GDP.PCAP.CD,2018,41094.8560877186
"Hong Kong SAR, China",HKG,GDP per capita (current US$),NY.GDP.PCAP.CD,2018,48537.5668888343
Honduras,HND,GDP per capita (current US$),NY.GDP.PCAP.CD,2018,2464.64241531918
Heavily indebted poor countries (HIPC),HPC,GDP per capita (current US$),NY.GDP.PCAP.CD,2018,985.478210719267
Croatia,HRV,GDP per capita (current US$),NY.GDP.PCAP.CD,2018,15460.3669595491
Haiti,HTI,GDP per capita (current US$),NY.GDP.PCAP.CD,2018,1496.38048970156
Hungary,HUN,GDP per capita (current US$),NY.GDP.PCAP.CD,2018,16605.0570511887
IBRD only,IBD,GDP per capita (current US$),NY.GDP.PCAP.CD,2018,6394.19484299789
IDA & IBRD total,IBT,GDP per capita (current US$),NY.GDP.PCAP.CD,2018,5085.50217477104
IDA total,IDA,GDP per capita (current US$),NY.GDP.PCAP.CD,2018,1408.95016839901
IDA blend,IDB,GDP per capita (current US$),NY.GDP.PCAP.CD,2018,1869.38204447614
Indonesia,IDN,GDP per capita (current US$),NY.GDP.PCAP.CD,2018,3860.95353090726
IDA only,IDX,GDP per capita (current US$),NY.GDP.PCAP.CD,2018,1159.06134313704
Isle of Man,IMN,GDP per capita (current US$),NY.GDP.PCAP.CD,2018,89393.8244248812
India,IND,GDP per capita (current US$),NY.GDP.PCAP.CD,2018,1966.25455171679
Ireland,IRL,GDP per capita (current US$),NY.GDP.PCAP.CD,2018,80804.1123164826
"Iran, Islamic Rep.",IRN,GDP per capita (current US$),NY.GDP.PCAP.CD,2018,4783.01067340237
Iraq,IRQ,GDP per capita (current US$),NY.GDP.PCAP.CD,2018,5646.68932074742
Iceland,ISL,GDP per capita (current US$),NY.GDP.PCAP.CD,2018,75633.8651351915
Israel,ISR,GDP per capita (current US$),NY.GDP.PCAP.CD,2018,42362.6652754196
Italy,ITA,GDP per capita (current US$),NY.GDP.PCAP.CD,2018,34904.1081923834
Jamaica,JAM,GDP per capita (current US$),NY.GDP.PCAP.CD,2018,5976.90362644337
Jordan,JOR,GDP per capita (current US$),NY.GDP.PCAP.CD,2018,4145.43989673265
Japan,JPN,GDP per capita (current US$),NY.GDP.PCAP.CD,2018,39751.1330982711
Kazakhstan,KAZ,GDP per capita (current US$),NY.GDP.PCAP.CD,2018,9472.48527327758
Kenya,KEN,GDP per capita (current US$),NY.GDP.PCAP.CD,2018,1836.45275528993
Kyrgyz Republic,KGZ,GDP per capita (current US$),NY.GDP.PCAP.CD,2018,1283.5203037417
Cambodia,KHM,GDP per capita (current US$),NY.GDP.PCAP.CD,2018,2036.67377566578
Kiribati,KIR,GDP per capita (current US$),NY.GDP.PCAP.CD,2018,1912.73809378187
St. Kitts and Nevis,KNA,GDP per capita (current US$),NY.GDP.PCAP.CD,2018,22901.3816403197
"Korea, Rep.",KOR,GDP per capita (current US$),NY.GDP.PCAP.CD,2018,35363.9508228687
Kuwait,KWT,GDP per capita (current US$),NY.GDP.PCAP.CD,2018,32067.9623756889
Latin America & Caribbean (excluding high income),LAC,GDP per capita (current US$),NY.GDP.PCAP.CD,2018,8484.48335233409
Lao PDR,LAO,GDP per capita (current US$),NY.GDP.PCAP.CD,2018,2545.1075420815
Lebanon,LBN,GDP per capita (current US$),NY.GDP.PCAP.CD,2018,9174.53666204759
Liberia,LBR,GDP per capita (current US$),NY.GDP.PCAP.CD,2018,692.203127129794
Libya,LBY,GDP per capita (current US$),NY.GDP.PCAP.CD,2018,11196.5854810844
St. Lucia,LCA,GDP per capita (current US$),NY.GDP.PCAP.CD,2018,11642.6984727769
Latin America & Caribbean,LCN,GDP per capita (current US$),NY.GDP.PCAP.CD,2018,8778.37906311973
Least developed countries: UN classification,LDC,GDP per capita (current US$),NY.GDP.PCAP.CD,2018,1080.56177999961
Low income,LIC,GDP per capita (current US$),NY.GDP.PCAP.CD,2018,645.846067078285
Liechtenstein,LIE,GDP per capita (current US$),NY.GDP.PCAP.CD,2018,174988.775083446
Sri Lanka,LKA,GDP per capita (current US$),NY.GDP.PCAP.CD,2018,4358.56095906047
Lower middle income,LMC,GDP per capita (current US$),NY.GDP.PCAP.CD,2018,2085.0452543512
Low & middle income,LMY,GDP per capita (current US$),NY.GDP.PCAP.CD,2018,4853.74507668345
Lesotho,LSO,GDP per capita (current US$),NY.GDP.PCAP.CD,2018,1170.65569702819
Late-demographic dividend,LTE,GDP per capita (current US$),NY.GDP.PCAP.CD,2018,9966.81160876463
Lithuania,LTU,GDP per capita (current US$),NY.GDP.PCAP.CD,2018,19247.2315367967
Luxembourg,LUX,GDP per capita (current US$),NY.GDP.PCAP.CD,2018,116926.759593905
Latvia,LVA,GDP per capita (current US$),NY.GDP.PCAP.CD,2018,17252.1710428626
"Macao SAR, China",MAC,GDP per capita (current US$),NY.GDP.PCAP.CD,2018,83588.2875009014
Morocco,MAR,GDP per capita (current US$),NY.GDP.PCAP.CD,2018,3501.69799804688
Monaco,MCO,GDP per capita (current US$),NY.GDP.PCAP.CD,2018,188298.315668437
Moldova,MDA,GDP per capita (current US$),NY.GDP.PCAP.CD,2018,4156.44981956646
Madagascar,MDG,GDP per capita (current US$),NY.GDP.PCAP.CD,2018,500.45718552916
Maldives,MDV,GDP per capita (current US$),NY.GDP.PCAP.CD,2018,11423.2838427029
"Middle East, North Africa, Afghanistan & Pakistan",MEA,GDP per capita (current US$),NY.GDP.PCAP.CD,2018,5545.88899607591
Mexico,MEX,GDP per capita (current US$),NY.GDP.PCAP.CD,2018,10084.7937562021
Marshall Islands,MHL,GDP per capita (current US$),NY.GDP.PCAP.CD,2018,4858.12079054875
Middle income,MIC,GDP per capita (current US$),NY.GDP.PCAP.CD,2018,5248.39737081301
North Macedonia,MKD,GDP per capita (current US$),NY.GDP.PCAP.CD,2018,6713.98925398989
Mali,MLI,GDP per capita (current US$),NY.GDP.PCAP.CD,2018,996.379292136901
Malta,MLT,GDP per capita (current US$),NY.GDP.PCAP.CD,2018,33382.2677499267
Myanmar,MMR,GDP per capita (current US$),NY.GDP.PCAP.CD,2018,1298.21310327675
"Middle East, North Africa, Afghanistan & Pakistan (excluding high income)",MNA,GDP per capita (current US$),NY.GDP.PCAP.CD,2018,2809.30894215325
Montenegro,MNE,GDP per capita (current US$),NY.GDP.PCAP.CD,2018,8673.59128084795
Mongolia,MNG,GDP per capita (current US$),NY.GDP.PCAP.CD,2018,4107.64288528468
Northern Mariana Islands,MNP,GDP per capita (current US$),NY.GDP.PCAP.CD,2018,26509.3628379893
Mozambique,MOZ,GDP per capita (current US$),NY.GDP.PCAP.CD,2018,517.507260258101
Mauritania,MRT,GDP per capita (current US$),NY.GDP.PCAP.CD,2018,1722.93528854073
Mauritius,MUS,GDP per capita (current US$),NY.GDP.PCAP.CD,2018,11818.7480619272
Malawi,MWI,GDP per capita (current US$),NY.GDP.PCAP.CD,2018,533.202567189331
Malaysia,MYS,GDP per capita (current US$),NY.GDP.PCAP.CD,2018,10901.8019954421
North America,NAC,GDP per capita (current US$),NY.GDP.PCAP.CD,2018,60890.5689258698
Namibia,NAM,GDP per capita (current US$),NY.GDP.PCAP.CD,2018,5308.60813408705
New Caledonia,NCL,GDP per capita (current US$),NY.GDP.PCAP.CD,2018,34902.8968780031
Niger,NER,GDP per capita (current US$),NY.GDP.PCAP.CD,2018,578.568035680892
Nigeria,NGA,GDP per capita (current US$),NY.GDP.PCAP.CD,2018,2057.87944554011
Nicaragua,NIC,GDP per capita (current US$),NY.GDP.PCAP.CD,2018,2035.16549390507
Netherlands,NLD,GDP per capita (current US$),NY.GDP.PCAP.CD,2018,53955.0770024266
Norway,NOR,GDP per capita (current US$),NY.GDP.PCAP.CD,2018,82792.8427113304
Nepal,NPL,GDP per capita (current US$),NY.GDP.PCAP.CD,2018,1179.19843190389
Nauru,NRU,GDP per capita (current US$),NY.GDP.PCAP.CD,2018,11413.7463016389
New Zealand,NZL,GDP per capita (current US$),NY.GDP.PCAP.CD,2018,43257.0769238879
OECD members,OED,GDP per capita (current US$),NY.GDP.PCAP.CD,2018,39552.6956716291
Oman,OMN,GDP per capita (current US$),NY.GDP.PCAP.CD,2018,19901.7615642016
Other small states,OSS,GDP per capita (current US$),NY.GDP.PCAP.CD,2018,13025.990833966
Pakistan,PAK,GDP per capita (current US$),NY.GDP.PCAP.CD,2018,1569.33814626355
Panama,PAN,GDP per capita (current US$),NY.GDP.PCAP.CD,2018,16151.3273433486
Peru,PER,GDP per capita (current US$),NY.GDP.PCAP.CD,2018,6978.49121548627
Philippines,PHL,GDP per capita (current US$),NY.GDP.PCAP.CD,2018,3168.51036609727
Palau,PLW,GDP per capita (current US$),NY.GDP.PCAP.CD,2018,16166.9671073752
Papua New Guinea,PNG,GDP per capita (current US$),NY.GDP.PCAP.CD,2018,2566.36833735041
Poland,POL,GDP per capita (current US$),NY.GDP.PCAP.CD,2018,15658.2120316794
Pre-demographic dividend,PRE,GDP per capita (current US$),NY.GDP.PCAP.CD,2018,1449.85562070843
Puerto Rico (US),PRI,GDP per capita (current US$),NY.GDP.PCAP.CD,2018,30679.9181934488
Portugal,PRT,GDP per capita (current US$),NY.GDP.PCAP.CD,2018,23541.1401075289
Paraguay,PRY,GDP per capita (current US$),NY.GDP.PCAP.CD,2018,6258.44991640984
West Bank and Gaza,PSE,GDP per capita (current US$),NY.GDP.PCAP.CD,2018,3562.33094270256
Pacific island small states,PSS,GDP per capita (current US$),NY.GDP.PCAP.CD,2018,4247.0901276249
Post-demographic dividend,PST,GDP per capita (current US$),NY.GDP.PCAP.CD,2018,45535.8018785923
French Polynesia,PYF,GDP per capita (current US$),NY.GDP.PCAP.CD,2018,21925.616043938
Qatar,QAT,GDP per capita (current US$),NY.GDP.PCAP.CD,2018,71039.9308240078
Romania,ROU,GDP per capita (current US$),NY.GDP.PCAP.CD,2018,12416.134317959
Russian Federation,RUS,GDP per capita (current US$),NY.GDP.PCAP.CD,2018,11211.8876953125
Rwanda,RWA,GDP per capita (current US$),NY.GDP.PCAP.CD,2018,771.773511207309
South Asia,SAS,GDP per capita (current US$),NY.GDP.PCAP.CD,2018,1988.3663331799
Saudi Arabia,SAU,GDP per capita (current US$),NY.GDP.PCAP.CD,2018,29360.0658968566
Sudan,SDN,GDP per capita (current US$),NY.GDP.PCAP.CD,2018,731.027465820313
Senegal,SEN,GDP per capita (current US$),NY.GDP.PCAP.CD,2018,1452.55612562445
Singapore,SGP,GDP per capita (current US$),NY.GDP.PCAP.CD,2018,66881.6067035265
Solomon Islands,SLB,GDP per capita (current US$),NY.GDP.PCAP.CD,2018,2278.19908624102
Sierra Leone,SLE,GDP per capita (current US$),NY.GDP.PCAP.CD,2018,845.914540460932
El Salvador,SLV,GDP per capita (current US$),NY.GDP.PCAP.CD,2018,4183.54620971358
San Marino,SMR,GDP per capita (current US$),NY.GDP.PCAP.CD,2018,47950.6880557136
"Somalia, Fed. Rep.",SOM,GDP per capita (current US$),NY.GDP.PCAP.CD,2018,509.497273804534
Serbia,SRB,GDP per capita (current US$),NY.GDP.PCAP.CD,2018,7559.86165747394
Sub-Saharan Africa (excluding high income),SSA,GDP per capita (current US$),NY.GDP.PCAP.CD,2018,1718.42346098448
Sub-Saharan Africa,SSF,GDP per capita (current US$),NY.GDP.PCAP.CD,2018,1620.54140805919
Small states,SST,GDP per capita (current US$),NY.GDP.PCAP.CD,2018,12057.788581183
Sao Tome and Principe,STP,GDP per capita (current US$),NY.GDP.PCAP.CD,2018,1825.59971753966
Suriname,SUR,GDP per capita (current US$),NY.GDP.PCAP.CD,2018,6665.74180472239
Slovak Republic,SVK,GDP per capita (current US$),NY.GDP.PCAP.CD,2018,19573.3717031314
Slovenia,SVN,GDP per capita (current US$),NY.GDP.PCAP.CD,2018,25888.0481065655
Sweden,SWE,GDP per capita (current US$),NY.GDP.PCAP.CD,2018,54018.4554391861
Eswatini,SWZ,GDP per capita (current US$),NY.GDP.PCAP.CD,2018,3972.65450620357
Sint Maarten (Dutch part),SXM,GDP per capita (current US$),NY.GDP.PCAP.CD,2018,31708.3110124742
Seychelles,SYC,GDP per capita (current US$),NY.GDP.PCAP.CD,2018,18440.2340460932
Syrian Arab Republic,SYR,GDP per capita (current US$),NY.GDP.PCAP.CD,2018,1098.0668642357
Turks and Caicos Islands,TCA,GDP per capita (current US$),NY.GDP.PCAP.CD,2018,31625.616593277
Chad,TCD,GDP per capita (current US$),NY.GDP.PCAP.CD,2018,948.656629871231
East Asia & Pacific (IDA & IBRD countries),TEA,GDP per capita (current US$),NY.GDP.PCAP.CD,2018,8136.37041895137
Europe & Central Asia (IDA & IBRD countries),TEC,GDP per capita (current US$),NY.GDP.PCAP.CD,2018,8911.87742979014
Togo,TGO,GDP per capita (current US$),NY.GDP.PCAP.CD,2018,851.120561233595
Thailand,THA,GDP per capita (current US$),NY.GDP.PCAP.CD,2018,7099.77650081458
Tajikistan,TJK,GDP per capita (current US$),NY.GDP.PCAP.CD,2018,834.288404578801
Turkmenistan,TKM,GDP per capita (current US$),NY.GDP.PCAP.CD,2018,6125.05169712085
Latin America & the Caribbean (IDA & IBRD countries),TLA,GDP per capita (current US$),NY.GDP.PCAP.CD,2018,8620.46890240755
Timor-Leste,TLS,GDP per capita (current US$),NY.GDP.PCAP.CD,2018,1219.46599728983
"Middle East, North Africa, Afghanistan & Pakistan (IDA & IBRD)",TMN,GDP per capita (current US$),NY.GDP.PCAP.CD,2018,2804.12633142444
Tonga,TON,GDP per capita (current US$),NY.GDP.PCAP.CD,2018,4675.04791274385
South Asia (IDA & IBRD),TSA,GDP per capita (current US$),NY.GDP.PCAP.CD,2018,1988.3663331799
Sub-Saharan Africa (IDA & IBRD countries),TSS,GDP per capita (current US$),NY.GDP.PCAP.CD,2018,1620.54140805919
Trinidad and Tobago,TTO,GDP per capita (current US$),NY.GDP.PCAP.CD,2018,17571.498737278
Tunisia,TUN,GDP per capita (current US$),NY.GDP.PCAP.CD,2018,3628.10366464236
Turkiye,TUR,GDP per capita (current US$),NY.GDP.PCAP.CD,2018,9684.11819884721
Tuvalu,TUV,GDP per capita (current US$),NY.GDP.PCAP.CD,2018,4466.12034928245
Tanzania,TZA,GDP per capita (current US$),NY.GDP.PCAP.CD,2018,1023.10626220703
Uganda,UGA,GDP per capita (current US$),NY.GDP.PCAP.CD,2018,792.16570022814
Ukraine,UKR,GDP per capita (current US$),NY.GDP.PCAP.CD,2018,3059.0517578125
Upper middle income,UMC,GDP per capita (current US$),NY.GDP.PCAP.CD,2018,8569.23675625056
Uruguay,URY,GDP per capita (current US$),NY.GDP.PCAP.CD,2018,19249.9404677501
United States,USA,GDP per capita (current US$),NY.GDP.PCAP.CD,2018,62499.8744390068
Uzbekistan,UZB,GDP per capita (current US$),NY.GDP.PCAP.CD,2018,1813.08530813664
St. Vincent and the Grenadines,VCT,GDP per capita (current US$),NY.GDP.PCAP.CD,2018,8428.12677153069
"Venezuela, RB",VEN,GDP per capita (current US$),NY.GDP.PCAP.CD,2018,3422.65467014854
Virgin Islands (U.S.),VIR,GDP per capita (current US$),NY.GDP.PCAP.CD,2018,36663.2087550584
Viet Nam,VNM,GDP per capita (current US$),NY.GDP.PCAP.CD,2018,3222.31003125366
Vanuatu,VUT,GDP per capita (current US$),NY.GDP.PCAP.CD,2018,3206.65748718811
World,WLD,GDP per capita (current US$),NY.GDP.PCAP.CD,2018,11309.3830773178
Samoa,WSM,GDP per capita (current US$),NY.GDP.PCAP.CD,2018,4231.81409469194
Kosovo,XKX,GDP per capita (current US$),NY.GDP.PCAP.CD,2018,4384.18796444738
"Yemen, Rep.",YEM,GDP per capita (current US$),NY.GDP.PCAP.CD,2018,633.887202451545
South Africa,ZAF,GDP per capita (current US$),NY.GDP.PCAP.CD,2018,6914.1780318076
Zambia,ZMB,GDP per capita (current US$),NY.GDP.PCAP.CD,2018,1463.89997855593
Zimbabwe,ZWE,GDP per capita (current US$),NY.GDP.PCAP.CD,2018,2270.89531874302
Aruba,ABW,GDP per capita (current US$),NY.GDP.PCAP.CD,2019,30645.8906024548
Africa Eastern and Southern,AFE,GDP per capita (current US$),NY.GDP.PCAP.CD,2019,1507.08559963484
Afghanistan,AFG,GDP per capita (current US$),NY.GDP.PCAP.CD,2019,496.6025042585
Africa Western and Central,AFW,GDP per capita (current US$),NY.GDP.PCAP.CD,2019,2216.38505520833
Angola,AGO,GDP per capita (current US$),NY.GDP.PCAP.CD,2019,2493.67884440177
Albania,ALB,GDP per capita (current US$),NY.GDP.PCAP.CD,2019,6069.43903131027
Andorra,AND,GDP per capita (current US$),NY.GDP.PCAP.CD,2019,41257.816459345
Arab World,ARB,GDP per capita (current US$),NY.GDP.PCAP.CD,2019,6674.34224402621
United Arab Emirates,ARE,GDP per capita (current US$),NY.GDP.PCAP.CD,2019,45938.6073581994
Argentina,ARG,GDP per capita (current US$),NY.GDP.PCAP.CD,2019,9955.97478680428
Armenia,ARM,GDP per capita (current US$),NY.GDP.PCAP.CD,2019,4597.22887399548
American Samoa,ASM,GDP per capita (current US$),NY.GDP.PCAP.CD,2019,12886.1359517218
Antigua and Barbuda,ATG,GDP per capita (current US$),NY.GDP.PCAP.CD,2019,18896.3721832248
Australia,AUS,GDP per capita (current US$),NY.GDP.PCAP.CD,2019,55194.7585097428
Austria,AUT,GDP per capita (current US$),NY.GDP.PCAP.CD,2019,49885.9947355204
Azerbaijan,AZE,GDP per capita (current US$),NY.GDP.PCAP.CD,2019,4805.75371765917
Burundi,BDI,GDP per capita (current US$),NY.GDP.PCAP.CD,2019,234.31061590725
Belgium,BEL,GDP per capita (current US$),NY.GDP.PCAP.CD,2019,46716.6227467964
Benin,BEN,GDP per capita (current US$),NY.GDP.PCAP.CD,2019,1130.82135339795
Burkina Faso,BFA,GDP per capita (current US$),NY.GDP.PCAP.CD,2019,764.853077774946
Bangladesh,BGD,GDP per capita (current US$),NY.GDP.PCAP.CD,2019,2129.79896954606
Bulgaria,BGR,GDP per capita (current US$),NY.GDP.PCAP.CD,2019,10353.7204584127
Bahrain,BHR,GDP per capita (current US$),NY.GDP.PCAP.CD,2019,27259.7438599327
"Bahamas, The",BHS,GDP per capita (current US$),NY.GDP.PCAP.CD,2019,33640.3369861278
Bosnia and Herzegovina,BIH,GDP per capita (current US$),NY.GDP.PCAP.CD,2019,6122.37541352353
Belarus,BLR,GDP per capita (current US$),NY.GDP.PCAP.CD,2019,6837.77339645635
Belize,BLZ,GDP per capita (current US$),NY.GDP.PCAP.CD,2019,6171.61449761423
Bermuda,BMU,GDP per capita (current US$),NY.GDP.PCAP.CD,2019,115798.040775578
Bolivia,BOL,GDP per capita (current US$),NY.GDP.PCAP.CD,2019,4203.15492855788
Brazil,BRA,GDP per capita (current US$),NY.GDP.PCAP.CD,2019,9029.83304401079
Barbados,BRB,GDP per capita (current US$),NY.GDP.PCAP.CD,2019,21912.1501242857
Brunei Darussalam,BRN,GDP per capita (current US$),NY.GDP.PCAP.CD,2019,30426.5730656528
Bhutan,BTN,GDP per capita (current US$),NY.GDP.PCAP.CD,2019,3576.87987100503
Botswana,BWA,GDP per capita (current US$),NY.GDP.PCAP.CD,2019,7172.08956480028
Central African Republic,CAF,GDP per capita (current US$),NY.GDP.PCAP.CD,2019,449.228467602439
Canada,CAN,GDP per capita (current US$),NY.GDP.PCAP.CD,2019,46352.8693445211
Central Europe and the Baltics,CEB,GDP per capita (current US$),NY.GDP.PCAP.CD,2019,16534.9264870407
Switzerland,CHE,GDP per capita (current US$),NY.GDP.PCAP.CD,2019,84121.9310304414
Channel Islands,CHI,GDP per capita (current US$),NY.GDP.PCAP.CD,2019,60564.6293993681
Chile,CHL,GDP per capita (current US$),NY.GDP.PCAP.CD,2019,14495.716721687
China,CHN,GDP per capita (current US$),NY.GDP.PCAP.CD,2019,10342.9009524335
Cote d'Ivoire,CIV,GDP per capita (current US$),NY.GDP.PCAP.CD,2019,2141.76836170115
Cameroon,CMR,GDP per capita (current US$),NY.GDP.PCAP.CD,2019,1555.22660476477
"Congo, Dem. Rep.",COD,GDP per capita (current US$),NY.GDP.PCAP.CD,2019,504.00419142286
"Congo, Rep.",COG,GDP per capita (current US$),NY.GDP.PCAP.CD,2019,2488.42466724916
Colombia,COL,GDP per capita (current US$),NY.GDP.PCAP.CD,2019,6472.54544924705
Comoros,COM,GDP per capita (current US$),NY.GDP.PCAP.CD,2019,1510.23218151592
Cabo Verde,CPV,GDP per capita (current US$),NY.GDP.PCAP.CD,2019,4380.78117331128
Costa Rica,CRI,GDP per capita (current US$),NY.GDP.PCAP.CD,2019,12884.6859951989
Caribbean small states,CSS,GDP per capita (current US$),NY.GDP.PCAP.CD,2019,13995.8548364074
Cuba,CUB,GDP per capita (current US$),NY.GDP.PCAP.CD,2019,9232.26115935183
Curacao,CUW,GDP per capita (current US$),NY.GDP.PCAP.CD,2019,19220.6865793075
Cayman Islands,CYM,GDP per capita (current US$),NY.GDP.PCAP.CD,2019,88254.2902486867
Cyprus,CYP,GDP per capita (current US$),NY.GDP.PCAP.CD,2019,29227.173828125
Czechia,CZE,GDP per capita (current US$),NY.GDP.PCAP.CD,2019,24062.7190013343
Germany,DEU,GDP per capita (current US$),NY.GDP.PCAP.CD,2019,47656.199739747
Djibouti,DJI,GDP per capita (current US$),NY.GDP.PCAP.CD,2019,2837.16902340932
Dominica,DMA,GDP per capita (current US$),NY.GDP.PCAP.CD,2019,9491.14995962374
Denmark,DNK,GDP per capita (current US$),NY.GDP.PCAP.CD,2019,59404.2663247723
Dominican Republic,DOM,GDP per capita (current US$),NY.GDP.PCAP.CD,2019,8183.01623600375
Algeria,DZA,GDP per capita (current US$),NY.GDP.PCAP.CD,2019,4468.45341883656
East Asia & Pacific (excluding high income),EAP,GDP per capita (current US$),NY.GDP.PCAP.CD,2019,8286.3981179292
Early-demographic dividend,EAR,GDP per capita (current US$),NY.GDP.PCAP.CD,2019,3483.31545469615
East Asia & Pacific,EAS,GDP per capita (current US$),NY.GDP.PCAP.CD,2019,11622.8915284736
Europe & Central Asia (excluding high income),ECA,GDP per capita (current US$),NY.GDP.PCAP.CD,2019,6069.27407282315
Europe & Central Asia,ECS,GDP per capita (current US$),NY.GDP.PCAP.CD,2019,25020.8648271756
Ecuador,ECU,GDP per capita (current US$),NY.GDP.PCAP.CD,2019,6205.05765246766
"Egypt, Arab Rep.",EGY,GDP per capita (current US$),NY.GDP.PCAP.CD,2019,2962.98892023003
Euro area,EMU,GDP per capita (current US$),NY.GDP.PCAP.CD,2019,39220.5136743355
Spain,ESP,GDP per capita (current US$),NY.GDP.PCAP.CD,2019,29786.5245689007
Estonia,EST,GDP per capita (current US$),NY.GDP.PCAP.CD,2019,24021.2501413306
Ethiopia,ETH,GDP per capita (current US$),NY.GDP.PCAP.CD,2019,793.473247210264
European Union,EUU,GDP per capita (current US$),NY.GDP.PCAP.CD,2019,35374.1403676934
Fragile and conflict affected situations,FCS,GDP per capita (current US$),NY.GDP.PCAP.CD,2019,1861.6533045303
Finland,FIN,GDP per capita (current US$),NY.GDP.PCAP.CD,2019,48358.1807773701
Fiji,FJI,GDP per capita (current US$),NY.GDP.PCAP.CD,2019,5842.07344577597
France,FRA,GDP per capita (current US$),NY.GDP.PCAP.CD,2019,40408.2848574751
Faroe Islands,FRO,GDP per capita (current US$),NY.GDP.PCAP.CD,2019,63068.2872688483
"Micronesia, Fed. Sts.",FSM,GDP per capita (current US$),NY.GDP.PCAP.CD,2019,3572.65918282222
Gabon,GAB,GDP per capita (current US$),NY.GDP.PCAP.CD,2019,7441.1786472281
United Kingdom,GBR,GDP per capita (current US$),NY.GDP.PCAP.CD,2019,43158.7411267323
Georgia,GEO,GDP per capita (current US$),NY.GDP.PCAP.CD,2019,4741.2832715876
Ghana,GHA,GDP per capita (current US$),NY.GDP.PCAP.CD,2019,2186.65822682613
Guinea,GIN,GDP per capita (current US$),NY.GDP.PCAP.CD,2019,1031.34146480732
"Gambia, The",GMB,GDP per capita (current US$),NY.GDP.PCAP.CD,2019,738.186751987483
Guinea-Bissau,GNB,GDP per capita (current US$),NY.GDP.PCAP.CD,2019,811.216425885129
Equatorial Guinea,GNQ,GDP per capita (current US$),NY.GDP.PCAP.CD,2019,6804.14923073888
Greece,GRC,GDP per capita (current US$),NY.GDP.PCAP.CD,2019,19335.3602002969
Grenada,GRD,GDP per capita (current US$),NY.GDP.PCAP.CD,2019,10462.7929159533
Greenland,GRL,GDP per capita (current US$),NY.GDP.PCAP.CD,2019,53309.2035905065
Guatemala,GTM,GDP per capita (current US$),NY.GDP.PCAP.CD,2019,4511.99839552697
Guam,GUM,GDP per capita (current US$),NY.GDP.PCAP.CD,2019,39274.9431424899
Guyana,GUY,GDP per capita (current US$),NY.GDP.PCAP.CD,2019,6405.82443444562
High income,HIC,GDP per capita (current US$),NY.GDP.PCAP.CD,2019,41342.2066107349
"Hong Kong SAR, China",HKG,GDP per capita (current US$),NY.GDP.PCAP.CD,2019,48359.0011950597
Honduras,HND,GDP per capita (current US$),NY.GDP.PCAP.CD,2019,2502.32744328073
Heavily indebted poor countries (HIPC),HPC,GDP per capita (current US$),NY.GDP.PCAP.CD,2019,983.900062178744
Croatia,HRV,GDP per capita (current US$),NY.GDP.PCAP.CD,2019,15563.5987295029
Haiti,HTI,GDP per capita (current US$),NY.GDP.PCAP.CD,2019,1352.17204191532
Hungary,HUN,GDP per capita (current US$),NY.GDP.PCAP.CD,2019,17012.8598553199
IBRD only,IBD,GDP per capita (current US$),NY.GDP.PCAP.CD,2019,6476.07259783679
IDA & IBRD total,IBT,GDP per capita (current US$),NY.GDP.PCAP.CD,2019,5167.89523774326
IDA total,IDA,GDP per capita (current US$),NY.GDP.PCAP.CD,2019,1544.27890067061
IDA blend,IDB,GDP per capita (current US$),NY.GDP.PCAP.CD,2019,2205.87361894796
Indonesia,IDN,GDP per capita (current US$),NY.GDP.PCAP.CD,2019,4106.94856160358
IDA only,IDX,GDP per capita (current US$),NY.GDP.PCAP.CD,2019,1186.40559680864
Isle of Man,IMN,GDP per capita (current US$),NY.GDP.PCAP.CD,2019,87127.5517977404
India,IND,GDP per capita (current US$),NY.GDP.PCAP.CD,2019,2041.42863698585
Ireland,IRL,GDP per capita (current US$),NY.GDP.PCAP.CD,2019,81827.6688873996
"Iran, Islamic Rep.",IRN,GDP per capita (current US$),NY.GDP.PCAP.CD,2019,3997.4935449585
Iraq,IRQ,GDP per capita (current US$),NY.GDP.PCAP.CD,2019,5671.8568632942
Iceland,ISL,GDP per capita (current US$),NY.GDP.PCAP.CD,2019,69296.3144361601
Israel,ISR,GDP per capita (current US$),NY.GDP.PCAP.CD,2019,44250.6313628073
Italy,ITA,GDP per capita (current US$),NY.GDP.PCAP.CD,2019,33812.788724868
Jamaica,JAM,GDP per capita (current US$),NY.GDP.PCAP.CD,2019,6030.68896415921
Jordan,JOR,GDP per capita (current US$),NY.GDP.PCAP.CD,2019,4170.1144003465
Japan,JPN,GDP per capita (current US$),NY.GDP.PCAP.CD,2019,40415.9567649547
Kazakhstan,KAZ,GDP per capita (current US$),NY.GDP.PCAP.CD,2019,9457.12614657136
Kenya,KEN,GDP per capita (current US$),NY.GDP.PCAP.CD,2019,1960.40808854893
Kyrgyz Republic,KGZ,GDP per capita (current US$),NY.GDP.PCAP.CD,2019,1421.99927504102
Cambodia,KHM,GDP per capita (current US$),NY.GDP.PCAP.CD,2019,2225.87705485686
Kiribati,KIR,GDP per capita (current US$),NY.GDP.PCAP.CD,2019,1750.9977188915
St. Kitts and Nevis,KNA,GDP per capita (current US$),NY.GDP.PCAP.CD,2019,23595.4923231291
"Korea, Rep.",KOR,GDP per capita (current US$),NY.GDP.PCAP.CD,2019,33826.9443301597
Kuwait,KWT,GDP per capita (current US$),NY.GDP.PCAP.CD,2019,31707.8737443551
Latin America & Caribbean (excluding high income),LAC,GDP per capita (current US$),NY.GDP.PCAP.CD,2019,8282.78290882792
Lao PDR,LAO,GDP per capita (current US$),NY.GDP.PCAP.CD,2019,2589.32081035237
Lebanon,LBN,GDP per capita (current US$),NY.GDP.PCAP.CD,2019,8905.88005497437
Liberia,LBR,GDP per capita (current US$),NY.GDP.PCAP.CD,2019,658.164180770507
Libya,LBY,GDP per capita (current US$),NY.GDP.PCAP.CD,2019,9963.19489084483
St. Lucia,LCA,GDP per capita (current US$),NY.GDP.PCAP.CD,2019,11794.0597229805
Latin America & Caribbean,LCN,GDP per capita (current US$),NY.GDP.PCAP.CD,2019,8539.39776066424
Least developed countries: UN classification,LDC,GDP per capita (current US$),NY.GDP.PCAP.CD,2019,1105.24693378698
Low income,LIC,GDP per capita (current US$),NY.GDP.PCAP.CD,2019,645.998249720369
Liechtenstein,LIE,GDP per capita (current US$),NY.GDP.PCAP.CD,2019,166907.839305016
Sri Lanka,LKA,GDP per capita (current US$),NY.GDP.PCAP.CD,2019,4081.94772722003
Lower middle income,LMC,GDP per capita (current US$),NY.GDP.PCAP.CD,2019,2228.84805859217
Low & middle income,LMY,GDP per capita (current US$),NY.GDP.PCAP.CD,2019,4943.24879858439
Lesotho,LSO,GDP per capita (current US$),NY.GDP.PCAP.CD,2019,1082.05706777516
Late-demographic dividend,LTE,GDP per capita (current US$),NY.GDP.PCAP.CD,2019,10120.3125161359
Lithuania,LTU,GDP per capita (current US$),NY.GDP.PCAP.CD,2019,19608.7943945553
Luxembourg,LUX,GDP per capita (current US$),NY.GDP.PCAP.CD,2019,112696.649059674
Latvia,LVA,GDP per capita (current US$),NY.GDP.PCAP.CD,2019,17294.9751600969
"Macao SAR, China",MAC,GDP per capita (current US$),NY.GDP.PCAP.CD,2019,81882.6964523869
St. Martin (French part),MAF,GDP per capita (current US$),NY.GDP.PCAP.CD,2019,19033.0649634889
Morocco,MAR,GDP per capita (current US$),NY.GDP.PCAP.CD,2019,3508.09765625
Monaco,MCO,GDP per capita (current US$),NY.GDP.PCAP.CD,2019,193746.785647412
Moldova,MDA,GDP per capita (current US$),NY.GDP.PCAP.CD,2019,4405.33418162155
Madagascar,MDG,GDP per capita (current US$),NY.GDP.PCAP.CD,2019,499.818837622534
Maldives,MDV,GDP per capita (current US$),NY.GDP.PCAP.CD,2019,11740.2724029785
"Middle East, North Africa, Afghanistan & Pakistan",MEA,GDP per capita (current US$),NY.GDP.PCAP.CD,2019,5412.42875673528
Mexico,MEX,GDP per capita (current US$),NY.GDP.PCAP.CD,2019,10369.5553585271
Marshall Islands,MHL,GDP per capita (current US$),NY.GDP.PCAP.CD,2019,5292.33985502306
Middle income,MIC,GDP per capita (current US$),NY.GDP.PCAP.CD,2019,5353.79775844374
North Macedonia,MKD,GDP per capita (current US$),NY.GDP.PCAP.CD,2019,6718.85826635458
Mali,MLI,GDP per capita (current US$),NY.GDP.PCAP.CD,2019,971.949318638092
Malta,MLT,GDP per capita (current US$),NY.GDP.PCAP.CD,2019,32421.9179752262
Myanmar,MMR,GDP per capita (current US$),NY.GDP.PCAP.CD,2019,1425.98954241668
"Middle East, North Africa, Afghanistan & Pakistan (excluding high income)",MNA,GDP per capita (current US$),NY.GDP.PCAP.CD,2019,2695.63342343005
Montenegro,MNE,GDP per capita (current US$),NY.GDP.PCAP.CD,2019,8749.02375172644
Mongolia,MNG,GDP per capita (current US$),NY.GDP.PCAP.CD,2019,4347.54610314873
Northern Mariana Islands,MNP,GDP per capita (current US$),NY.GDP.PCAP.CD,2019,24496.6652122421
Mozambique,MOZ,GDP per capita (current US$),NY.GDP.PCAP.CD,2019,519.09255091362
Mauritania,MRT,GDP per capita (current US$),NY.GDP.PCAP.CD,2019,1767.072710621
Mauritius,MUS,GDP per capita (current US$),NY.GDP.PCAP.CD,2019,11568.2533399824
Malawi,MWI,GDP per capita (current US$),NY.GDP.PCAP.CD,2019,580.889139762475
Malaysia,MYS,GDP per capita (current US$),NY.GDP.PCAP.CD,2019,10920.191763972
North America,NAC,GDP per capita (current US$),NY.GDP.PCAP.CD,2019,62874.6117089583
Namibia,NAM,GDP per capita (current US$),NY.GDP.PCAP.CD,2019,4731.9210318831
New Caledonia,NCL,GDP per capita (current US$),NY.GDP.PCAP.CD,2019,33411.3358835672
Niger,NER,GDP per capita (current US$),NY.GDP.PCAP.CD,2019,561.691304349698
Nigeria,NGA,GDP per capita (current US$),NY.GDP.PCAP.CD,2019,3189.81286498516
Nicaragua,NIC,GDP per capita (current US$),NY.GDP.PCAP.CD,2019,1958.62051528095
Netherlands,NLD,GDP per capita (current US$),NY.GDP.PCAP.CD,2019,53554.9007491475
Norway,NOR,GDP per capita (current US$),NY.GDP.PCAP.CD,2019,76430.5889473338
Nepal,NPL,GDP per capita (current US$),NY.GDP.PCAP.CD,2019,1203.14294706401
Nauru,NRU,GDP per capita (current US$),NY.GDP.PCAP.CD,2019,10801.7705659635
New Zealand,NZL,GDP per capita (current US$),NY.GDP.PCAP.CD,2019,42855.831861632
OECD members,OED,GDP per capita (current US$),NY.GDP.PCAP.CD,2019,39708.8864576635
Oman,OMN,GDP per capita (current US$),NY.GDP.PCAP.CD,2019,19180.1864152801
Other small states,OSS,GDP per capita (current US$),NY.GDP.PCAP.CD,2019,12907.6162560274
Pakistan,PAK,GDP per capita (current US$),NY.GDP.PCAP.CD,2019,1390.41690981745
Panama,PAN,GDP per capita (current US$),NY.GDP.PCAP.CD,2019,16477.9066268111
Peru,PER,GDP per capita (current US$),NY.GDP.PCAP.CD,2019,7037.00803692604
Philippines,PHL,GDP per capita (current US$),NY.GDP.PCAP.CD,2019,3400.78949767074
Palau,PLW,GDP per capita (current US$),NY.GDP.PCAP.CD,2019,15846.7968470167
Papua New Guinea,PNG,GDP per capita (current US$),NY.GDP.PCAP.CD,2019,2575.77274140393
Poland,POL,GDP per capita (current US$),NY.GDP.PCAP.CD,2019,15874.5220531254
Pre-demographic dividend,PRE,GDP per capita (current US$),NY.GDP.PCAP.CD,2019,1681.19065754666
Puerto Rico (US),PRI,GDP per capita (current US$),NY.GDP.PCAP.CD,2019,31830.5284993358
Portugal,PRT,GDP per capita (current US$),NY.GDP.PCAP.CD,2019,23343.3628970034
Paraguay,PRY,GDP per capita (current US$),NY.GDP.PCAP.CD,2019,5821.18199548738
West Bank and Gaza,PSE,GDP per capita (current US$),NY.GDP.PCAP.CD,2019,3656.85827137011
Pacific island small states,PSS,GDP per capita (current US$),NY.GDP.PCAP.CD,2019,4136.34140894161
Post-demographic dividend,PST,GDP per capita (current US$),NY.GDP.PCAP.CD,2019,45840.3536114764
French Polynesia,PYF,GDP per capita (current US$),NY.GDP.PCAP.CD,2019,21582.5892046801
Qatar,QAT,GDP per capita (current US$),NY.GDP.PCAP.CD,2019,66841.3623185691
Romania,ROU,GDP per capita (current US$),NY.GDP.PCAP.CD,2019,12909.6104013244
Russian Federation,RUS,GDP per capita (current US$),NY.GDP.PCAP.CD,2019,11447.701171875
Rwanda,RWA,GDP per capita (current US$),NY.GDP.PCAP.CD,2019,810.051412137354
South Asia,SAS,GDP per capita (current US$),NY.GDP.PCAP.CD,2019,2067.05975687637
Saudi Arabia,SAU,GDP per capita (current US$),NY.GDP.PCAP.CD,2019,29566.7933827436
Sudan,SDN,GDP per capita (current US$),NY.GDP.PCAP.CD,2019,709.975280761719
Senegal,SEN,GDP per capita (current US$),NY.GDP.PCAP.CD,2019,1431.18128932159
Singapore,SGP,GDP per capita (current US$),NY.GDP.PCAP.CD,2019,65952.0378959293
Solomon Islands,SLB,GDP per capita (current US$),NY.GDP.PCAP.CD,2019,2223.65890942466
Sierra Leone,SLE,GDP per capita (current US$),NY.GDP.PCAP.CD,2019,843.712517809977
El Salvador,SLV,GDP per capita (current US$),NY.GDP.PCAP.CD,2019,4320.11671534627
San Marino,SMR,GDP per capita (current US$),NY.GDP.PCAP.CD,2019,46630.1443120725
"Somalia, Fed. Rep.",SOM,GDP per capita (current US$),NY.GDP.PCAP.CD,2019,539.954816211694
Serbia,SRB,GDP per capita (current US$),NY.GDP.PCAP.CD,2019,7755.632986437
Sub-Saharan Africa (excluding high income),SSA,GDP per capita (current US$),NY.GDP.PCAP.CD,2019,1907.22499436387
Sub-Saharan Africa,SSF,GDP per capita (current US$),NY.GDP.PCAP.CD,2019,1795.5612786554
Small states,SST,GDP per capita (current US$),NY.GDP.PCAP.CD,2019,11990.4670996465
Sao Tome and Principe,STP,GDP per capita (current US$),NY.GDP.PCAP.CD,2019,1935.2931816596
Suriname,SUR,GDP per capita (current US$),NY.GDP.PCAP.CD,2019,6629.66775248603
Slovak Republic,SVK,GDP per capita (current US$),NY.GDP.PCAP.CD,2019,19406.0589683582
Slovenia,SVN,GDP per capita (current US$),NY.GDP.PCAP.CD,2019,25814.1687167572
Sweden,SWE,GDP per capita (current US$),NY.GDP.PCAP.CD,2019,51648.9892820514
Eswatini,SWZ,GDP per capita (current US$),NY.GDP.PCAP.CD,2019,3913.14577547336
Sint Maarten (Dutch part),SXM,GDP per capita (current US$),NY.GDP.PCAP.CD,2019,34861.469528968
Seychelles,SYC,GDP per capita (current US$),NY.GDP.PCAP.CD,2019,19141.5118743615
Syrian Arab Republic,SYR,GDP per capita (current US$),NY.GDP.PCAP.CD,2019,1109.53926036049
Turks and Caicos Islands,TCA,GDP per capita (current US$),NY.GDP.PCAP.CD,2019,31780.5217068989
Chad,TCD,GDP per capita (current US$),NY.GDP.PCAP.CD,2019,893.336441643325
East Asia & Pacific (IDA & IBRD countries),TEA,GDP per capita (current US$),NY.GDP.PCAP.CD,2019,8379.36503263574
Europe & Central Asia (IDA & IBRD countries),TEC,GDP per capita (current US$),NY.GDP.PCAP.CD,2019,9058.74177112172
Togo,TGO,GDP per capita (current US$),NY.GDP.PCAP.CD,2019,826.255209019798
Thailand,THA,GDP per capita (current US$),NY.GDP.PCAP.CD,2019,7605.69657797759
Tajikistan,TJK,GDP per capita (current US$),NY.GDP.PCAP.CD,2019,871.022372934846
Turkmenistan,TKM,GDP per capita (current US$),NY.GDP.PCAP.CD,2019,5998.0017434754
Latin America & the Caribbean (IDA & IBRD countries),TLA,GDP per capita (current US$),NY.GDP.PCAP.CD,2019,8362.63429845968
Timor-Leste,TLS,GDP per capita (current US$),NY.GDP.PCAP.CD,2019,1562.36458068032
"Middle East, North Africa, Afghanistan & Pakistan (IDA & IBRD)",TMN,GDP per capita (current US$),NY.GDP.PCAP.CD,2019,2688.96932958269
Tonga,TON,GDP per capita (current US$),NY.GDP.PCAP.CD,2019,4788.83342304684
South Asia (IDA & IBRD),TSA,GDP per capita (current US$),NY.GDP.PCAP.CD,2019,2067.05975687637
Sub-Saharan Africa (IDA & IBRD countries),TSS,GDP per capita (current US$),NY.GDP.PCAP.CD,2019,1795.5612786554
Trinidad and Tobago,TTO,GDP per capita (current US$),NY.GDP.PCAP.CD,2019,17212.6128892163
Tunisia,TUN,GDP per capita (current US$),NY.GDP.PCAP.CD,2019,3528.87213306798
Turkiye,TUR,GDP per capita (current US$),NY.GDP.PCAP.CD,2019,9395.23378001368
Tuvalu,TUV,GDP per capita (current US$),NY.GDP.PCAP.CD,2019,5115.13075950206
Tanzania,TZA,GDP per capita (current US$),NY.GDP.PCAP.CD,2019,1063.32250976563
Uganda,UGA,GDP per capita (current US$),NY.GDP.PCAP.CD,2019,822.171150036357
Ukraine,UKR,GDP per capita (current US$),NY.GDP.PCAP.CD,2019,3619.86157226563
Upper middle income,UMC,GDP per capita (current US$),NY.GDP.PCAP.CD,2019,8657.73234539015
Uruguay,URY,GDP per capita (current US$),NY.GDP.PCAP.CD,2019,18315.7316980028
United States,USA,GDP per capita (current US$),NY.GDP.PCAP.CD,2019,64746.4506778863
Uzbekistan,UZB,GDP per capita (current US$),NY.GDP.PCAP.CD,2019,2041.38480729431
St. Vincent and the Grenadines,VCT,GDP per capita (current US$),NY.GDP.PCAP.CD,2019,8740.59425232061
"Venezuela, RB",VEN,GDP per capita (current US$),NY.GDP.PCAP.CD,2019,2523.11275230667
Virgin Islands (U.S.),VIR,GDP per capita (current US$),NY.GDP.PCAP.CD,2019,38633.5298915336
Viet Nam,VNM,GDP per capita (current US$),NY.GDP.PCAP.CD,2019,3440.90025375434
Vanuatu,VUT,GDP per capita (current US$),NY.GDP.PCAP.CD,2019,3207.44650452083
World,WLD,GDP per capita (current US$),NY.GDP.PCAP.CD,2019,11376.0818134476
Samoa,WSM,GDP per capita (current US$),NY.GDP.PCAP.CD,2019,4351.94234943706
Kosovo,XKX,GDP per capita (current US$),NY.GDP.PCAP.CD,2019,4415.99923011071
South Africa,ZAF,GDP per capita (current US$),NY.GDP.PCAP.CD,2019,6533.71121032856
Zambia,ZMB,GDP per capita (current US$),NY.GDP.PCAP.CD,2019,1258.98619844462
Zimbabwe,ZWE,GDP per capita (current US$),NY.GDP.PCAP.CD,2019,2184.32923855469
Aruba,ABW,GDP per capita (current US$),NY.GDP.PCAP.CD,2020,22759.8071750722
Africa Eastern and Southern,AFE,GDP per capita (current US$),NY.GDP.PCAP.CD,2020,1351.59166910879
Afghanistan,AFG,GDP per capita (current US$),NY.GDP.PCAP.CD,2020,510.787063366811
Africa Western and Central,AFW,GDP per capita (current US$),NY.GDP.PCAP.CD,2020,2030.86165860293
Angola,AGO,GDP per capita (current US$),NY.GDP.PCAP.CD,2020,1759.35619918264
Albania,ALB,GDP per capita (current US$),NY.GDP.PCAP.CD,2020,6027.91350716348
Andorra,AND,GDP per capita (current US$),NY.GDP.PCAP.CD,2020,37361.1070081615
Arab World,ARB,GDP per capita (current US$),NY.GDP.PCAP.CD,2020,5739.41283580539
United Arab Emirates,ARE,GDP per capita (current US$),NY.GDP.PCAP.CD,2020,37991.7492971665
Argentina,ARG,GDP per capita (current US$),NY.GDP.PCAP.CD,2020,8535.59938004389
Armenia,ARM,GDP per capita (current US$),NY.GDP.PCAP.CD,2020,4268.68093304583
American Samoa,ASM,GDP per capita (current US$),NY.GDP.PCAP.CD,2020,14489.2586563775
Antigua and Barbuda,ATG,GDP per capita (current US$),NY.GDP.PCAP.CD,2020,15369.6082250401
Australia,AUS,GDP per capita (current US$),NY.GDP.PCAP.CD,2020,51983.4523666382
Austria,AUT,GDP per capita (current US$),NY.GDP.PCAP.CD,2020,48716.4098900349
Azerbaijan,AZE,GDP per capita (current US$),NY.GDP.PCAP.CD,2020,4229.91064904503
Burundi,BDI,GDP per capita (current US$),NY.GDP.PCAP.CD,2020,255.8324539389
Belgium,BEL,GDP per capita (current US$),NY.GDP.PCAP.CD,2020,45906.2875805246
Benin,BEN,GDP per capita (current US$),NY.GDP.PCAP.CD,2020,1200.19426557789
Burkina Faso,BFA,GDP per capita (current US$),NY.GDP.PCAP.CD,2020,825.237038782475
Bangladesh,BGD,GDP per capita (current US$),NY.GDP.PCAP.CD,2020,2248.85078828233
Bulgaria,BGR,GDP per capita (current US$),NY.GDP.PCAP.CD,2020,10760.211975413
Bahrain,BHR,GDP per capita (current US$),NY.GDP.PCAP.CD,2020,24342.8444554718
"Bahamas, The",BHS,GDP per capita (current US$),NY.GDP.PCAP.CD,2020,26178.7537607708
Bosnia and Herzegovina,BIH,GDP per capita (current US$),NY.GDP.PCAP.CD,2020,6130.31187968266
Belarus,BLR,GDP per capita (current US$),NY.GDP.PCAP.CD,2020,6542.85579976768
Belize,BLZ,GDP per capita (current US$),NY.GDP.PCAP.CD,2020,5238.54078175696
Bermuda,BMU,GDP per capita (current US$),NY.GDP.PCAP.CD,2020,106976.546239632
Bolivia,BOL,GDP per capita (current US$),NY.GDP.PCAP.CD,2020,3580.96761778303
Brazil,BRA,GDP per capita (current US$),NY.GDP.PCAP.CD,2020,7074.19407495707
Barbados,BRB,GDP per capita (current US$),NY.GDP.PCAP.CD,2020,19194.4919736739
Brunei Darussalam,BRN,GDP per capita (current US$),NY.GDP.PCAP.CD,2020,26834.3592233943
Bhutan,BTN,GDP per capita (current US$),NY.GDP.PCAP.CD,2020,3191.66906999331
Botswana,BWA,GDP per capita (current US$),NY.GDP.PCAP.CD,2020,6323.2974967659
Central African Republic,CAF,GDP per capita (current US$),NY.GDP.PCAP.CD,2020,462.879071294011
Canada,CAN,GDP per capita (current US$),NY.GDP.PCAP.CD,2020,43537.839298904
Central Europe and the Baltics,CEB,GDP per capita (current US$),NY.GDP.PCAP.CD,2020,16581.3526115028
Switzerland,CHE,GDP per capita (current US$),NY.GDP.PCAP.CD,2020,85897.7843338323
Channel Islands,CHI,GDP per capita (current US$),NY.GDP.PCAP.CD,2020,56785.9402005039
Chile,CHL,GDP per capita (current US$),NY.GDP.PCAP.CD,2020,13114.815470545
China,CHN,GDP per capita (current US$),NY.GDP.PCAP.CD,2020,10627.4637989619
Cote d'Ivoire,CIV,GDP per capita (current US$),NY.GDP.PCAP.CD,2020,2179.72934832935
Cameroon,CMR,GDP per capita (current US$),NY.GDP.PCAP.CD,2020,1555.60370660749
"Congo, Dem. Rep.",COD,GDP per capita (current US$),NY.GDP.PCAP.CD,2020,486.425572682256
"Congo, Rep.",COG,GDP per capita (current US$),NY.GDP.PCAP.CD,2020,1993.586671931
Colombia,COL,GDP per capita (current US$),NY.GDP.PCAP.CD,2020,5339.68711357943
Comoros,COM,GDP per capita (current US$),NY.GDP.PCAP.CD,2020,1519.34665556206
Cabo Verde,CPV,GDP per capita (current US$),NY.GDP.PCAP.CD,2020,3539.22661248299
Costa Rica,CRI,GDP per capita (current US$),NY.GDP.PCAP.CD,2020,12394.0493969492
Caribbean small states,CSS,GDP per capita (current US$),NY.GDP.PCAP.CD,2020,11957.223222537
Cuba,CUB,GDP per capita (current US$),NY.GDP.PCAP.CD,2020,9605.27914559614
Curacao,CUW,GDP per capita (current US$),NY.GDP.PCAP.CD,2020,16299.8134349902
Cayman Islands,CYM,GDP per capita (current US$),NY.GDP.PCAP.CD,2020,82338.7977439023
Cyprus,CYP,GDP per capita (current US$),NY.GDP.PCAP.CD,2020,28130.341796875
Czechia,CZE,GDP per capita (current US$),NY.GDP.PCAP.CD,2020,23472.8915454417
Germany,DEU,GDP per capita (current US$),NY.GDP.PCAP.CD,2020,47394.8734504469
Djibouti,DJI,GDP per capita (current US$),NY.GDP.PCAP.CD,2020,2844.88810647853
Dominica,DMA,GDP per capita (current US$),NY.GDP.PCAP.CD,2020,7827.74842680426
Denmark,DNK,GDP per capita (current US$),NY.GDP.PCAP.CD,2020,60985.4885601514
Dominican Republic,DOM,GDP per capita (current US$),NY.GDP.PCAP.CD,2020,7135.22273255899
Algeria,DZA,GDP per capita (current US$),NY.GDP.PCAP.CD,2020,3743.5419522929
East Asia & Pacific (excluding high income),EAP,GDP per capita (current US$),NY.GDP.PCAP.CD,2020,8391.27634645494
Early-demographic dividend,EAR,GDP per capita (current US$),NY.GDP.PCAP.CD,2020,3187.03781234801
East Asia & Pacific,EAS,GDP per capita (current US$),NY.GDP.PCAP.CD,2020,11639.4853357389
Europe & Central Asia (excluding high income),ECA,GDP per capita (current US$),NY.GDP.PCAP.CD,2020,5776.19343817718
Europe & Central Asia,ECS,GDP per capita (current US$),NY.GDP.PCAP.CD,2020,24167.3551199699
Ecuador,ECU,GDP per capita (current US$),NY.GDP.PCAP.CD,2020,5463.64515348598
"Egypt, Arab Rep.",EGY,GDP per capita (current US$),NY.GDP.PCAP.CD,2020,3511.11381026379
Euro area,EMU,GDP per capita (current US$),NY.GDP.PCAP.CD,2020,38236.5543048506
Spain,ESP,GDP per capita (current US$),NY.GDP.PCAP.CD,2020,27233.9426461608
Estonia,EST,GDP per capita (current US$),NY.GDP.PCAP.CD,2020,23933.9939421065
Ethiopia,ETH,GDP per capita (current US$),NY.GDP.PCAP.CD,2020,829.790982547947
European Union,EUU,GDP per capita (current US$),NY.GDP.PCAP.CD,2020,34694.7035869195
Fragile and conflict affected situations,FCS,GDP per capita (current US$),NY.GDP.PCAP.CD,2020,1618.4798041022
Finland,FIN,GDP per capita (current US$),NY.GDP.PCAP.CD,2020,48828.6846862799
Fiji,FJI,GDP per capita (current US$),NY.GDP.PCAP.CD,2020,4620.6457238014
France,FRA,GDP per capita (current US$),NY.GDP.PCAP.CD,2020,39169.8606000707
Faroe Islands,FRO,GDP per capita (current US$),NY.GDP.PCAP.CD,2020,62243.1905561324
"Micronesia, Fed. Sts.",FSM,GDP per capita (current US$),NY.GDP.PCAP.CD,2020,3362.02802120524
Gabon,GAB,GDP per capita (current US$),NY.GDP.PCAP.CD,2020,6605.80346077565
United Kingdom,GBR,GDP per capita (current US$),NY.GDP.PCAP.CD,2020,40812.6794663879
Georgia,GEO,GDP per capita (current US$),NY.GDP.PCAP.CD,2020,4300.85701291207
Ghana,GHA,GDP per capita (current US$),NY.GDP.PCAP.CD,2020,2195.45481659987
Guinea,GIN,GDP per capita (current US$),NY.GDP.PCAP.CD,2020,1053.66097696415
"Gambia, The",GMB,GDP per capita (current US$),NY.GDP.PCAP.CD,2020,720.335143352133
Guinea-Bissau,GNB,GDP per capita (current US$),NY.GDP.PCAP.CD,2020,846.915855715971
Equatorial Guinea,GNQ,GDP per capita (current US$),NY.GDP.PCAP.CD,2020,5764.05502912947
Greece,GRC,GDP per capita (current US$),NY.GDP.PCAP.CD,2020,17886.733165236
Grenada,GRD,GDP per capita (current US$),NY.GDP.PCAP.CD,2020,8968.55890108484
Greenland,GRL,GDP per capita (current US$),NY.GDP.PCAP.CD,2020,54812.6661771023
Guatemala,GTM,GDP per capita (current US$),NY.GDP.PCAP.CD,2020,4477.61785000665
Guam,GUM,GDP per capita (current US$),NY.GDP.PCAP.CD,2020,36482.9363953675
Guyana,GUY,GDP per capita (current US$),NY.GDP.PCAP.CD,2020,6775.70939096303
High income,HIC,GDP per capita (current US$),NY.GDP.PCAP.CD,2020,40108.2348602411
"Hong Kong SAR, China",HKG,GDP per capita (current US$),NY.GDP.PCAP.CD,2020,46109.2299946609
Honduras,HND,GDP per capita (current US$),NY.GDP.PCAP.CD,2020,2307.61494319511
Heavily indebted poor countries (HIPC),HPC,GDP per capita (current US$),NY.GDP.PCAP.CD,2020,962.590226473892
Croatia,HRV,GDP per capita (current US$),NY.GDP.PCAP.CD,2020,14807.5608543265
Haiti,HTI,GDP per capita (current US$),NY.GDP.PCAP.CD,2020,1290.32538667383
Hungary,HUN,GDP per capita (current US$),NY.GDP.PCAP.CD,2020,16386.9308821258
IBRD only,IBD,GDP per capita (current US$),NY.GDP.PCAP.CD,2020,6191.51088391849
IDA & IBRD total,IBT,GDP per capita (current US$),NY.GDP.PCAP.CD,2020,4923.57218418891
IDA total,IDA,GDP per capita (current US$),NY.GDP.PCAP.CD,2020,1464.52261402905
IDA blend,IDB,GDP per capita (current US$),NY.GDP.PCAP.CD,2020,2008.89632662853
Indonesia,IDN,GDP per capita (current US$),NY.GDP.PCAP.CD,2020,3853.70288774146
IDA only,IDX,GDP per capita (current US$),NY.GDP.PCAP.CD,2020,1170.98051516892
Isle of Man,IMN,GDP per capita (current US$),NY.GDP.PCAP.CD,2020,79513.5330346598
India,IND,GDP per capita (current US$),NY.GDP.PCAP.CD,2020,1907.04251637669
Ireland,IRL,GDP per capita (current US$),NY.GDP.PCAP.CD,2020,86514.0706108754
"Iran, Islamic Rep.",IRN,GDP per capita (current US$),NY.GDP.PCAP.CD,2020,3202.50003502169
Iraq,IRQ,GDP per capita (current US$),NY.GDP.PCAP.CD,2020,4295.18945121228
Iceland,ISL,GDP per capita (current US$),NY.GDP.PCAP.CD,2020,60127.9393575616
Israel,ISR,GDP per capita (current US$),NY.GDP.PCAP.CD,2020,44575.5719045492
Italy,ITA,GDP per capita (current US$),NY.GDP.PCAP.CD,2020,32091.4866621366
Jamaica,JAM,GDP per capita (current US$),NY.GDP.PCAP.CD,2020,5299.04530804283
Jordan,JOR,GDP per capita (current US$),NY.GDP.PCAP.CD,2020,4022.0401356135
Japan,JPN,GDP per capita (current US$),NY.GDP.PCAP.CD,2020,40028.7341726762
Kazakhstan,KAZ,GDP per capita (current US$),NY.GDP.PCAP.CD,2020,8781.50797787648
Kenya,KEN,GDP per capita (current US$),NY.GDP.PCAP.CD,2020,1927.66459027849
Kyrgyz Republic,KGZ,GDP per capita (current US$),NY.GDP.PCAP.CD,2020,1229.51766602907
Cambodia,KHM,GDP per capita (current US$),NY.GDP.PCAP.CD,2020,2081.73914242939
Kiribati,KIR,GDP per capita (current US$),NY.GDP.PCAP.CD,2020,1751.78249168214
St. Kitts and Nevis,KNA,GDP per capita (current US$),NY.GDP.PCAP.CD,2020,18859.0190361046
"Korea, Rep.",KOR,GDP per capita (current US$),NY.GDP.PCAP.CD,2020,33645.7719545073
Kuwait,KWT,GDP per capita (current US$),NY.GDP.PCAP.CD,2020,25236.0755848941
Latin America & Caribbean (excluding high income),LAC,GDP per capita (current US$),NY.GDP.PCAP.CD,2020,6904.27677369596
Lao PDR,LAO,GDP per capita (current US$),NY.GDP.PCAP.CD,2020,2583.77730696131
Lebanon,LBN,GDP per capita (current US$),NY.GDP.PCAP.CD,2020,5561.19166950397
Liberia,LBR,GDP per capita (current US$),NY.GDP.PCAP.CD,2020,616.787867006715
Libya,LBY,GDP per capita (current US$),NY.GDP.PCAP.CD,2020,6650.33810585348
St. Lucia,LCA,GDP per capita (current US$),NY.GDP.PCAP.CD,2020,8411.07474936367
Latin America & Caribbean,LCN,GDP per capita (current US$),NY.GDP.PCAP.CD,2020,7168.64740599577
Least developed countries: UN classification,LDC,GDP per capita (current US$),NY.GDP.PCAP.CD,2020,1088.72161311357
Low income,LIC,GDP per capita (current US$),NY.GDP.PCAP.CD,2020,605.437906755342
Liechtenstein,LIE,GDP per capita (current US$),NY.GDP.PCAP.CD,2020,164671.093553454
Sri Lanka,LKA,GDP per capita (current US$),NY.GDP.PCAP.CD,2020,3847.60137695639
Lower middle income,LMC,GDP per capita (current US$),NY.GDP.PCAP.CD,2020,2121.61421722256
Low & middle income,LMY,GDP per capita (current US$),NY.GDP.PCAP.CD,2020,4732.82727829687
Lesotho,LSO,GDP per capita (current US$),NY.GDP.PCAP.CD,2020,918.582574704447
Late-demographic dividend,LTE,GDP per capita (current US$),NY.GDP.PCAP.CD,2020,9873.93519864422
Lithuania,LTU,GDP per capita (current US$),NY.GDP.PCAP.CD,2020,20428.6478157394
Luxembourg,LUX,GDP per capita (current US$),NY.GDP.PCAP.CD,2020,116860.02817236
Latvia,LVA,GDP per capita (current US$),NY.GDP.PCAP.CD,2020,17564.2321549354
"Macao SAR, China",MAC,GDP per capita (current US$),NY.GDP.PCAP.CD,2020,36883.6652578543
Morocco,MAR,GDP per capita (current US$),NY.GDP.PCAP.CD,2020,3268.0302734375
Monaco,MCO,GDP per capita (current US$),NY.GDP.PCAP.CD,2020,176891.886538492
Moldova,MDA,GDP per capita (current US$),NY.GDP.PCAP.CD,2020,4375.7788930524
Madagascar,MDG,GDP per capita (current US$),NY.GDP.PCAP.CD,2020,450.771615201509
Maldives,MDV,GDP per capita (current US$),NY.GDP.PCAP.CD,2020,7393.8886543933
"Middle East, North Africa, Afghanistan & Pakistan",MEA,GDP per capita (current US$),NY.GDP.PCAP.CD,2020,4742.76402632259
Mexico,MEX,GDP per capita (current US$),NY.GDP.PCAP.CD,2020,8841.27075039868
Marshall Islands,MHL,GDP per capita (current US$),NY.GDP.PCAP.CD,2020,5661.96787336674
Middle income,MIC,GDP per capita (current US$),NY.GDP.PCAP.CD,2020,5134.62007912707
North Macedonia,MKD,GDP per capita (current US$),NY.GDP.PCAP.CD,2020,6659.59651070776
Mali,MLI,GDP per capita (current US$),NY.GDP.PCAP.CD,2020,953.242943290974
Malta,MLT,GDP per capita (current US$),NY.GDP.PCAP.CD,2020,31823.4363934505
Myanmar,MMR,GDP per capita (current US$),NY.GDP.PCAP.CD,2020,1490.21683599469
"Middle East, North Africa, Afghanistan & Pakistan (excluding high income)",MNA,GDP per capita (current US$),NY.GDP.PCAP.CD,2020,2408.49731335268
Montenegro,MNE,GDP per capita (current US$),NY.GDP.PCAP.CD,2020,7538.53635992191
Mongolia,MNG,GDP per capita (current US$),NY.GDP.PCAP.CD,2020,4001.25193077703
Northern Mariana Islands,MNP,GDP per capita (current US$),NY.GDP.PCAP.CD,2020,18220.8382427201
Mozambique,MOZ,GDP per capita (current US$),NY.GDP.PCAP.CD,2020,462.433876479921
Mauritania,MRT,GDP per capita (current US$),NY.GDP.PCAP.CD,2020,1795.76459566714
Mauritius,MUS,GDP per capita (current US$),NY.GDP.PCAP.CD,2020,9135.84773751062
Malawi,MWI,GDP per capita (current US$),NY.GDP.PCAP.CD,2020,602.507478176106
Malaysia,MYS,GDP per capita (current US$),NY.GDP.PCAP.CD,2020,9957.52626697613
North America,NAC,GDP per capita (current US$),NY.GDP.PCAP.CD,2020,61468.3372208474
Namibia,NAM,GDP per capita (current US$),NY.GDP.PCAP.CD,2020,3878.58982993966
New Caledonia,NCL,GDP per capita (current US$),NY.GDP.PCAP.CD,2020,33270.330597637
Niger,NER,GDP per capita (current US$),NY.GDP.PCAP.CD,2020,579.512495758236
Nigeria,NGA,GDP per capita (current US$),NY.GDP.PCAP.CD,2020,2797.18458068686
Nicaragua,NIC,GDP per capita (current US$),NY.GDP.PCAP.CD,2020,1938.44704754382
Netherlands,NLD,GDP per capita (current US$),NY.GDP.PCAP.CD,2020,53467.9277413737
Norway,NOR,GDP per capita (current US$),NY.GDP.PCAP.CD,2020,68340.0181033702
Nepal,NPL,GDP per capita (current US$),NY.GDP.PCAP.CD,2020,1154.21517578318
Nauru,NRU,GDP per capita (current US$),NY.GDP.PCAP.CD,2020,10709.068810538
New Zealand,NZL,GDP per capita (current US$),NY.GDP.PCAP.CD,2020,41997.7830324279
OECD members,OED,GDP per capita (current US$),NY.GDP.PCAP.CD,2020,38597.246423496
Oman,OMN,GDP per capita (current US$),NY.GDP.PCAP.CD,2020,16784.8630630058
Other small states,OSS,GDP per capita (current US$),NY.GDP.PCAP.CD,2020,11770.4564127379
Pakistan,PAK,GDP per capita (current US$),NY.GDP.PCAP.CD,2020,1278.39735206896
Panama,PAN,GDP per capita (current US$),NY.GDP.PCAP.CD,2020,13290.5608397749
Peru,PER,GDP per capita (current US$),NY.GDP.PCAP.CD,2020,6133.32552410183
Philippines,PHL,GDP per capita (current US$),NY.GDP.PCAP.CD,2020,3227.57910235199
Palau,PLW,GDP per capita (current US$),NY.GDP.PCAP.CD,2020,14708.2119536914
Papua New Guinea,PNG,GDP per capita (current US$),NY.GDP.PCAP.CD,2020,2429.61134585269
Poland,POL,GDP per capita (current US$),NY.GDP.PCAP.CD,2020,16150.9304813473
Pre-demographic dividend,PRE,GDP per capita (current US$),NY.GDP.PCAP.CD,2020,1496.33767488397
Puerto Rico (US),PRI,GDP per capita (current US$),NY.GDP.PCAP.CD,2020,31427.1130762831
Portugal,PRT,GDP per capita (current US$),NY.GDP.PCAP.CD,2020,22299.4044062173
Paraguay,PRY,GDP per capita (current US$),NY.GDP.PCAP.CD,2020,5365.47220721104
West Bank and Gaza,PSE,GDP per capita (current US$),NY.GDP.PCAP.CD,2020,3233.56863835858
Pacific island small states,PSS,GDP per capita (current US$),NY.GDP.PCAP.CD,2020,3592.04110507296
Post-demographic dividend,PST,GDP per capita (current US$),NY.GDP.PCAP.CD,2020,44743.738932431
French Polynesia,PYF,GDP per capita (current US$),NY.GDP.PCAP.CD,2020,19966.4838503859
Qatar,QAT,GDP per capita (current US$),NY.GDP.PCAP.CD,2020,51683.5681078949
Romania,ROU,GDP per capita (current US$),NY.GDP.PCAP.CD,2020,13009.1770573223
Russian Federation,RUS,GDP per capita (current US$),NY.GDP.PCAP.CD,2020,10108.3271484375
Rwanda,RWA,GDP per capita (current US$),NY.GDP.PCAP.CD,2020,778.701498925026
South Asia,SAS,GDP per capita (current US$),NY.GDP.PCAP.CD,2020,1957.20343722686
Saudi Arabia,SAU,GDP per capita (current US$),NY.GDP.PCAP.CD,2020,24338.8307301067
Sudan,SDN,GDP per capita (current US$),NY.GDP.PCAP.CD,2020,577.795227050781
Senegal,SEN,GDP per capita (current US$),NY.GDP.PCAP.CD,2020,1461.08720350553
Singapore,SGP,GDP per capita (current US$),NY.GDP.PCAP.CD,2020,61410.0792630788
Solomon Islands,SLB,GDP per capita (current US$),NY.GDP.PCAP.CD,2020,2063.32780991967
Sierra Leone,SLE,GDP per capita (current US$),NY.GDP.PCAP.CD,2020,845.277557920549
El Salvador,SLV,GDP per capita (current US$),NY.GDP.PCAP.CD,2020,3997.19279583709
San Marino,SMR,GDP per capita (current US$),NY.GDP.PCAP.CD,2020,44326.9556746411
"Somalia, Fed. Rep.",SOM,GDP per capita (current US$),NY.GDP.PCAP.CD,2020,518.16113333875
Serbia,SRB,GDP per capita (current US$),NY.GDP.PCAP.CD,2020,8098.70955668849
Sub-Saharan Africa (excluding high income),SSA,GDP per capita (current US$),NY.GDP.PCAP.CD,2020,1716.50863861427
Sub-Saharan Africa,SSF,GDP per capita (current US$),NY.GDP.PCAP.CD,2020,1627.34569596297
Small states,SST,GDP per capita (current US$),NY.GDP.PCAP.CD,2020,10723.093901861
Sao Tome and Principe,STP,GDP per capita (current US$),NY.GDP.PCAP.CD,2020,2167.22001796925
Suriname,SUR,GDP per capita (current US$),NY.GDP.PCAP.CD,2020,4755.39221710693
Slovak Republic,SVK,GDP per capita (current US$),NY.GDP.PCAP.CD,2020,19735.4858280801
Slovenia,SVN,GDP per capita (current US$),NY.GDP.PCAP.CD,2020,25392.0651093612
Sweden,SWE,GDP per capita (current US$),NY.GDP.PCAP.CD,2020,52568.5726980146
Eswatini,SWZ,GDP per capita (current US$),NY.GDP.PCAP.CD,2020,3466.56936278145
Sint Maarten (Dutch part),SXM,GDP per capita (current US$),NY.GDP.PCAP.CD,2020,30150.8998380477
Seychelles,SYC,GDP per capita (current US$),NY.GDP.PCAP.CD,2020,14041.4754074575
Syrian Arab Republic,SYR,GDP per capita (current US$),NY.GDP.PCAP.CD,2020,572.355289831901
Turks and Caicos Islands,TCA,GDP per capita (current US$),NY.GDP.PCAP.CD,2020,20690.9160546118
Chad,TCD,GDP per capita (current US$),NY.GDP.PCAP.CD,2020,866.947814890409
East Asia & Pacific (IDA & IBRD countries),TEA,GDP per capita (current US$),NY.GDP.PCAP.CD,2020,8485.32855185979
Europe & Central Asia (IDA & IBRD countries),TEC,GDP per capita (current US$),NY.GDP.PCAP.CD,2020,8478.35038656806
Togo,TGO,GDP per capita (current US$),NY.GDP.PCAP.CD,2020,863.468665870276
Thailand,THA,GDP per capita (current US$),NY.GDP.PCAP.CD,2020,6985.64393892574
Tajikistan,TJK,GDP per capita (current US$),NY.GDP.PCAP.CD,2020,834.311715460625
Turkmenistan,TKM,GDP per capita (current US$),NY.GDP.PCAP.CD,2020,5972.72356566861
Latin America & the Caribbean (IDA & IBRD countries),TLA,GDP per capita (current US$),NY.GDP.PCAP.CD,2020,6964.3711102796
Timor-Leste,TLS,GDP per capita (current US$),NY.GDP.PCAP.CD,2020,1630.86938521256
"Middle East, North Africa, Afghanistan & Pakistan (IDA & IBRD)",TMN,GDP per capita (current US$),NY.GDP.PCAP.CD,2020,2402.73480964452
Tonga,TON,GDP per capita (current US$),NY.GDP.PCAP.CD,2020,4792.35854741522
South Asia (IDA & IBRD),TSA,GDP per capita (current US$),NY.GDP.PCAP.CD,2020,1957.20343722686
Sub-Saharan Africa (IDA & IBRD countries),TSS,GDP per capita (current US$),NY.GDP.PCAP.CD,2020,1627.34569596297
Trinidad and Tobago,TTO,GDP per capita (current US$),NY.GDP.PCAP.CD,2020,15283.6270531554
Tunisia,TUN,GDP per capita (current US$),NY.GDP.PCAP.CD,2020,3548.65363663803
Turkiye,TUR,GDP per capita (current US$),NY.GDP.PCAP.CD,2020,8798.11791709313
Tuvalu,TUV,GDP per capita (current US$),NY.GDP.PCAP.CD,2020,4976.11254109571
Tanzania,TZA,GDP per capita (current US$),NY.GDP.PCAP.CD,2020,1117.41528320313
Uganda,UGA,GDP per capita (current US$),NY.GDP.PCAP.CD,2020,845.766463890124
Ukraine,UKR,GDP per capita (current US$),NY.GDP.PCAP.CD,2020,3709.76928710938
Upper middle income,UMC,GDP per capita (current US$),NY.GDP.PCAP.CD,2020,8346.18727671435
Uruguay,URY,GDP per capita (current US$),NY.GDP.PCAP.CD,2020,15757.5355995779
United States,USA,GDP per capita (current US$),NY.GDP.PCAP.CD,2020,63515.9491807833
Uzbekistan,UZB,GDP per capita (current US$),NY.GDP.PCAP.CD,2020,1978.28051860763
St. Vincent and the Grenadines,VCT,GDP per capita (current US$),NY.GDP.PCAP.CD,2020,8351.20324040982
"Venezuela, RB",VEN,GDP per capita (current US$),NY.GDP.PCAP.CD,2020,1506.0436210041
Virgin Islands (U.S.),VIR,GDP per capita (current US$),NY.GDP.PCAP.CD,2020,39787.3741650202
Viet Nam,VNM,GDP per capita (current US$),NY.GDP.PCAP.CD,2020,3534.03953482647
Vanuatu,VUT,GDP per capita (current US$),NY.GDP.PCAP.CD,2020,3042.98711598286
World,WLD,GDP per capita (current US$),NY.GDP.PCAP.CD,2020,10937.6846205191
Samoa,WSM,GDP per capita (current US$),NY.GDP.PCAP.CD,2020,4099.59660548583
Kosovo,XKX,GDP per capita (current US$),NY.GDP.PCAP.CD,2020,4310.88963754863
South Africa,ZAF,GDP per capita (current US$),NY.GDP.PCAP.CD,2020,5580.60383075189
Zambia,ZMB,GDP per capita (current US$),NY.GDP.PCAP.CD,2020,951.644316655957
Zimbabwe,ZWE,GDP per capita (current US$),NY.GDP.PCAP.CD,2020,2059.67445384499
Aruba,ABW,GDP per capita (current US$),NY.GDP.PCAP.CD,2021,26749.3296093118
Africa Eastern and Southern,AFE,GDP per capita (current US$),NY.GDP.PCAP.CD,2021,1562.41617477738
Afghanistan,AFG,GDP per capita (current US$),NY.GDP.PCAP.CD,2021,356.496214115892
Africa Western and Central,AFW,GDP per capita (current US$),NY.GDP.PCAP.CD,2021,2112.79407637079
Angola,AGO,GDP per capita (current US$),NY.GDP.PCAP.CD,2021,2303.90812662776
Albania,ALB,GDP per capita (current US$),NY.GDP.PCAP.CD,2021,7242.45513146613
Andorra,AND,GDP per capita (current US$),NY.GDP.PCAP.CD,2021,42425.7066454357
Arab World,ARB,GDP per capita (current US$),NY.GDP.PCAP.CD,2021,6697.41498492196
United Arab Emirates,ARE,GDP per capita (current US$),NY.GDP.PCAP.CD,2021,44118.5047192771
Argentina,ARG,GDP per capita (current US$),NY.GDP.PCAP.CD,2021,10738.0179223384
Armenia,ARM,GDP per capita (current US$),NY.GDP.PCAP.CD,2021,4685.17997128509
American Samoa,ASM,GDP per capita (current US$),NY.GDP.PCAP.CD,2021,15236.1604875571
Antigua and Barbuda,ATG,GDP per capita (current US$),NY.GDP.PCAP.CD,2021,17348.6006987182
Australia,AUS,GDP per capita (current US$),NY.GDP.PCAP.CD,2021,60758.9044397144
Austria,AUT,GDP per capita (current US$),NY.GDP.PCAP.CD,2021,53648.6437976214
Azerbaijan,AZE,GDP per capita (current US$),NY.GDP.PCAP.CD,2021,5408.04535175023
Burundi,BDI,GDP per capita (current US$),NY.GDP.PCAP.CD,2021,264.980379269655
Belgium,BEL,GDP per capita (current US$),NY.GDP.PCAP.CD,2021,51658.238294958
Benin,BEN,GDP per capita (current US$),NY.GDP.PCAP.CD,2021,1318.65158075198
Burkina Faso,BFA,GDP per capita (current US$),NY.GDP.PCAP.CD,2021,895.535288442991
Bangladesh,BGD,GDP per capita (current US$),NY.GDP.PCAP.CD,2021,2482.84917843357
Bulgaria,BGR,GDP per capita (current US$),NY.GDP.PCAP.CD,2021,12966.1457543396
Bahrain,BHR,GDP per capita (current US$),NY.GDP.PCAP.CD,2021,27147.8083882286
"Bahamas, The",BHS,GDP per capita (current US$),NY.GDP.PCAP.CD,2021,30367.8605757708
Bosnia and Herzegovina,BIH,GDP per capita (current US$),NY.GDP.PCAP.CD,2021,7295.34378682258
Belarus,BLR,GDP per capita (current US$),NY.GDP.PCAP.CD,2021,7489.71894713888
Belize,BLZ,GDP per capita (current US$),NY.GDP.PCAP.CD,2021,6142.98930557031
Bermuda,BMU,GDP per capita (current US$),NY.GDP.PCAP.CD,2021,112765.08167306
Bolivia,BOL,GDP per capita (current US$),NY.GDP.PCAP.CD,2021,4010.76053686204
Brazil,BRA,GDP per capita (current US$),NY.GDP.PCAP.CD,2021,7972.53696080695
Barbados,BRB,GDP per capita (current US$),NY.GDP.PCAP.CD,2021,21079.6145271791
Brunei Darussalam,BRN,GDP per capita (current US$),NY.GDP.PCAP.CD,2021,31006.9636289785
Bhutan,BTN,GDP per capita (current US$),NY.GDP.PCAP.CD,2021,3570.61257980872
Botswana,BWA,GDP per capita (current US$),NY.GDP.PCAP.CD,2021,7807.88794570471
Central African Republic,CAF,GDP per capita (current US$),NY.GDP.PCAP.CD,2021,492.263142830507
Canada,CAN,GDP per capita (current US$),NY.GDP.PCAP.CD,2021,52886.6616372703
Central Europe and the Baltics,CEB,GDP per capita (current US$),NY.GDP.PCAP.CD,2021,19223.9274030651
Switzerland,CHE,GDP per capita (current US$),NY.GDP.PCAP.CD,2021,93664.7736696111
Channel Islands,CHI,GDP per capita (current US$),NY.GDP.PCAP.CD,2021,66915.3963925722
Chile,CHL,GDP per capita (current US$),NY.GDP.PCAP.CD,2021,16206.8325493421
China,CHN,GDP per capita (current US$),NY.GDP.PCAP.CD,2021,12887.4357242941
Cote d'Ivoire,CIV,GDP per capita (current US$),NY.GDP.PCAP.CD,2021,2455.98127641148
Cameroon,CMR,GDP per capita (current US$),NY.GDP.PCAP.CD,2021,1672.32657340872
"Congo, Dem. Rep.",COD,GDP per capita (current US$),NY.GDP.PCAP.CD,2021,595.743074403567
"Congo, Rep.",COG,GDP per capita (current US$),NY.GDP.PCAP.CD,2021,2516.16255145432
Colombia,COL,GDP per capita (current US$),NY.GDP.PCAP.CD,2021,6222.62164397614
Comoros,COM,GDP per capita (current US$),NY.GDP.PCAP.CD,2021,1554.97289190153
Cabo Verde,CPV,GDP per capita (current US$),NY.GDP.PCAP.CD,2021,3971.44409203423
Costa Rica,CRI,GDP per capita (current US$),NY.GDP.PCAP.CD,2021,12838.1185358931
Caribbean small states,CSS,GDP per capita (current US$),NY.GDP.PCAP.CD,2021,13995.2694921728
Curacao,CUW,GDP per capita (current US$),NY.GDP.PCAP.CD,2021,17795.5826616182
Cayman Islands,CYM,GDP per capita (current US$),NY.GDP.PCAP.CD,2021,86449.6749037302
Cyprus,CYP,GDP per capita (current US$),NY.GDP.PCAP.CD,2021,32937.83984375
Czechia,CZE,GDP per capita (current US$),NY.GDP.PCAP.CD,2021,27696.4619527544
Germany,DEU,GDP per capita (current US$),NY.GDP.PCAP.CD,2021,52349.2459994422
Djibouti,DJI,GDP per capita (current US$),NY.GDP.PCAP.CD,2021,3025.91126413549
Dominica,DMA,GDP per capita (current US$),NY.GDP.PCAP.CD,2021,8376.40414141113
Denmark,DNK,GDP per capita (current US$),NY.GDP.PCAP.CD,2021,69340.7334922138
Dominican Republic,DOM,GDP per capita (current US$),NY.GDP.PCAP.CD,2021,8527.0754858205
Algeria,DZA,GDP per capita (current US$),NY.GDP.PCAP.CD,2021,4160.55926736925
East Asia & Pacific (excluding high income),EAP,GDP per capita (current US$),NY.GDP.PCAP.CD,2021,9974.57829690175
Early-demographic dividend,EAR,GDP per capita (current US$),NY.GDP.PCAP.CD,2021,3698.98363187847
East Asia & Pacific,EAS,GDP per capita (current US$),NY.GDP.PCAP.CD,2021,13336.4841670883
Europe & Central Asia (excluding high income),ECA,GDP per capita (current US$),NY.GDP.PCAP.CD,2021,6673.97429035651
Europe & Central Asia,ECS,GDP per capita (current US$),NY.GDP.PCAP.CD,2021,27664.8914080918
Ecuador,ECU,GDP per capita (current US$),NY.GDP.PCAP.CD,2021,6061.32350181711
"Egypt, Arab Rep.",EGY,GDP per capita (current US$),NY.GDP.PCAP.CD,2021,3827.35415374308
Euro area,EMU,GDP per capita (current US$),NY.GDP.PCAP.CD,2021,42984.5697414154
Spain,ESP,GDP per capita (current US$),NY.GDP.PCAP.CD,2021,30799.4775937775
Estonia,EST,GDP per capita (current US$),NY.GDP.PCAP.CD,2021,27951.1659277744
Ethiopia,ETH,GDP per capita (current US$),NY.GDP.PCAP.CD,2021,893.00983544905
European Union,EUU,GDP per capita (current US$),NY.GDP.PCAP.CD,2021,39206.9791776084
Fragile and conflict affected situations,FCS,GDP per capita (current US$),NY.GDP.PCAP.CD,2021,1711.40128929758
Finland,FIN,GDP per capita (current US$),NY.GDP.PCAP.CD,2021,53099.1351400148
Fiji,FJI,GDP per capita (current US$),NY.GDP.PCAP.CD,2021,4536.73312110335
France,FRA,GDP per capita (current US$),NY.GDP.PCAP.CD,2021,43725.0999521245
Faroe Islands,FRO,GDP per capita (current US$),NY.GDP.PCAP.CD,2021,69415.1853254579
"Micronesia, Fed. Sts.",FSM,GDP per capita (current US$),NY.GDP.PCAP.CD,2021,3508.22314197664
Gabon,GAB,GDP per capita (current US$),NY.GDP.PCAP.CD,2021,8181.40914134656
United Kingdom,GBR,GDP per capita (current US$),NY.GDP.PCAP.CD,2021,47691.3768799404
Georgia,GEO,GDP per capita (current US$),NY.GDP.PCAP.CD,2021,5083.60695484577
Ghana,GHA,GDP per capita (current US$),NY.GDP.PCAP.CD,2021,2445.18662529344
Guinea,GIN,GDP per capita (current US$),NY.GDP.PCAP.CD,2021,1244.96550477914
"Gambia, The",GMB,GDP per capita (current US$),NY.GDP.PCAP.CD,2021,781.890925169531
Guinea-Bissau,GNB,GDP per capita (current US$),NY.GDP.PCAP.CD,2021,926.780921081233
Equatorial Guinea,GNQ,GDP per capita (current US$),NY.GDP.PCAP.CD,2021,6945.63069794539
Greece,GRC,GDP per capita (current US$),NY.GDP.PCAP.CD,2021,20654.7001960815
Grenada,GRD,GDP per capita (current US$),NY.GDP.PCAP.CD,2021,9617.28902905373
Greenland,GRL,GDP per capita (current US$),NY.GDP.PCAP.CD,2021,58135.9939910203
Guatemala,GTM,GDP per capita (current US$),NY.GDP.PCAP.CD,2021,4912.62240414681
Guam,GUM,GDP per capita (current US$),NY.GDP.PCAP.CD,2021,38074.8793745801
Guyana,GUY,GDP per capita (current US$),NY.GDP.PCAP.CD,2021,9860.87014834386
High income,HIC,GDP per capita (current US$),NY.GDP.PCAP.CD,2021,45081.6648348438
"Hong Kong SAR, China",HKG,GDP per capita (current US$),NY.GDP.PCAP.CD,2021,49770.5642374739
Honduras,HND,GDP per capita (current US$),NY.GDP.PCAP.CD,2021,2735.14751503977
Heavily indebted poor countries (HIPC),HPC,GDP per capita (current US$),NY.GDP.PCAP.CD,2021,1061.41414950431
Croatia,HRV,GDP per capita (current US$),NY.GDP.PCAP.CD,2021,17788.7865816658
Haiti,HTI,GDP per capita (current US$),NY.GDP.PCAP.CD,2021,1841.33189337222
Hungary,HUN,GDP per capita (current US$),NY.GDP.PCAP.CD,2021,19030.628130329
IBRD only,IBD,GDP per capita (current US$),NY.GDP.PCAP.CD,2021,7314.52836425795
IDA & IBRD total,IBT,GDP per capita (current US$),NY.GDP.PCAP.CD,2021,5754.24675079938
IDA total,IDA,GDP per capita (current US$),NY.GDP.PCAP.CD,2021,1566.13709936781
IDA blend,IDB,GDP per capita (current US$),NY.GDP.PCAP.CD,2021,2142.31172674601
Indonesia,IDN,GDP per capita (current US$),NY.GDP.PCAP.CD,2021,4287.17313995098
IDA only,IDX,GDP per capita (current US$),NY.GDP.PCAP.CD,2021,1256.19296430735
Isle of Man,IMN,GDP per capita (current US$),NY.GDP.PCAP.CD,2021,94299.969348965
India,IND,GDP per capita (current US$),NY.GDP.PCAP.CD,2021,2239.61384367482
Ireland,IRL,GDP per capita (current US$),NY.GDP.PCAP.CD,2021,103783.446284479
"Iran, Islamic Rep.",IRN,GDP per capita (current US$),NY.GDP.PCAP.CD,2021,4605.14881318992
Iraq,IRQ,GDP per capita (current US$),NY.GDP.PCAP.CD,2021,4868.49431080783
Iceland,ISL,GDP per capita (current US$),NY.GDP.PCAP.CD,2021,70425.4064277273
Israel,ISR,GDP per capita (current US$),NY.GDP.PCAP.CD,2021,52270.9040241956
Italy,ITA,GDP per capita (current US$),NY.GDP.PCAP.CD,2021,36852.5425414951
Jamaica,JAM,GDP per capita (current US$),NY.GDP.PCAP.CD,2021,5625.67806271236
Jordan,JOR,GDP per capita (current US$),NY.GDP.PCAP.CD,2021,4183.49998326866
Japan,JPN,GDP per capita (current US$),NY.GDP.PCAP.CD,2021,40094.5599795288
Kazakhstan,KAZ,GDP per capita (current US$),NY.GDP.PCAP.CD,2021,9983.60103576902
Kenya,KEN,GDP per capita (current US$),NY.GDP.PCAP.CD,2021,2061.35622089594
Kyrgyz Republic,KGZ,GDP per capita (current US$),NY.GDP.PCAP.CD,2021,1349.99730650542
Cambodia,KHM,GDP per capita (current US$),NY.GDP.PCAP.CD,2021,2167.40324198499
Kiribati,KIR,GDP per capita (current US$),NY.GDP.PCAP.CD,2021,2222.04819501897
St. Kitts and Nevis,KNA,GDP per capita (current US$),NY.GDP.PCAP.CD,2021,18361.1449697886
"Korea, Rep.",KOR,GDP per capita (current US$),NY.GDP.PCAP.CD,2021,37518.4635305697
Kuwait,KWT,GDP per capita (current US$),NY.GDP.PCAP.CD,2021,34018.6342592913
Latin America & Caribbean (excluding high income),LAC,GDP per capita (current US$),NY.GDP.PCAP.CD,2021,7970.6164425206
Lao PDR,LAO,GDP per capita (current US$),NY.GDP.PCAP.CD,2021,2526.05105018529
Lebanon,LBN,GDP per capita (current US$),NY.GDP.PCAP.CD,2021,4045.37391066234
Liberia,LBR,GDP per capita (current US$),NY.GDP.PCAP.CD,2021,667.96610514319
Libya,LBY,GDP per capita (current US$),NY.GDP.PCAP.CD,2021,4935.82787349801
St. Lucia,LCA,GDP per capita (current US$),NY.GDP.PCAP.CD,2021,10459.1321248092
Latin America & Caribbean,LCN,GDP per capita (current US$),NY.GDP.PCAP.CD,2021,8291.07156305024
Least developed countries: UN classification,LDC,GDP per capita (current US$),NY.GDP.PCAP.CD,2021,1175.55718251136
Low income,LIC,GDP per capita (current US$),NY.GDP.PCAP.CD,2021,651.812637638679
Liechtenstein,LIE,GDP per capita (current US$),NY.GDP.PCAP.CD,2021,201944.830335076
Sri Lanka,LKA,GDP per capita (current US$),NY.GDP.PCAP.CD,2021,3996.96240014909
Lower middle income,LMC,GDP per capita (current US$),NY.GDP.PCAP.CD,2021,2369.9577651033
Low & middle income,LMY,GDP per capita (current US$),NY.GDP.PCAP.CD,2021,5524.24398933119
Lesotho,LSO,GDP per capita (current US$),NY.GDP.PCAP.CD,2021,1066.58645143823
Late-demographic dividend,LTE,GDP per capita (current US$),NY.GDP.PCAP.CD,2021,11759.7974990154
Lithuania,LTU,GDP per capita (current US$),NY.GDP.PCAP.CD,2021,23870.4594851722
Luxembourg,LUX,GDP per capita (current US$),NY.GDP.PCAP.CD,2021,134965.815442152
Latvia,LVA,GDP per capita (current US$),NY.GDP.PCAP.CD,2021,20261.8887788916
"Macao SAR, China",MAC,GDP per capita (current US$),NY.GDP.PCAP.CD,2021,44884.8961602393
St. Martin (French part),MAF,GDP per capita (current US$),NY.GDP.PCAP.CD,2021,21668.3776525323
Morocco,MAR,GDP per capita (current US$),NY.GDP.PCAP.CD,2021,3785.93627929688
Monaco,MCO,GDP per capita (current US$),NY.GDP.PCAP.CD,2021,223823.363960226
Moldova,MDA,GDP per capita (current US$),NY.GDP.PCAP.CD,2021,5274.60582195352
Madagascar,MDG,GDP per capita (current US$),NY.GDP.PCAP.CD,2021,483.469463351195
Maldives,MDV,GDP per capita (current US$),NY.GDP.PCAP.CD,2021,10176.143882547
"Middle East, North Africa, Afghanistan & Pakistan",MEA,GDP per capita (current US$),NY.GDP.PCAP.CD,2021,5615.91186098726
Mexico,MEX,GDP per capita (current US$),NY.GDP.PCAP.CD,2021,10314.0506722115
Marshall Islands,MHL,GDP per capita (current US$),NY.GDP.PCAP.CD,2021,6315.31279603534
Middle income,MIC,GDP per capita (current US$),NY.GDP.PCAP.CD,2021,6007.32308658146
North Macedonia,MKD,GDP per capita (current US$),NY.GDP.PCAP.CD,2021,7620.80296977508
Mali,MLI,GDP per capita (current US$),NY.GDP.PCAP.CD,2021,1027.27345365357
Malta,MLT,GDP per capita (current US$),NY.GDP.PCAP.CD,2021,38096.8360735119
Myanmar,MMR,GDP per capita (current US$),NY.GDP.PCAP.CD,2021,1242.7213439951
"Middle East, North Africa, Afghanistan & Pakistan (excluding high income)",MNA,GDP per capita (current US$),NY.GDP.PCAP.CD,2021,2753.47858029524
Montenegro,MNE,GDP per capita (current US$),NY.GDP.PCAP.CD,2021,9317.15520065156
Mongolia,MNG,GDP per capita (current US$),NY.GDP.PCAP.CD,2021,4517.61578018785
Northern Mariana Islands,MNP,GDP per capita (current US$),NY.GDP.PCAP.CD,2021,19455.50139424
Mozambique,MOZ,GDP per capita (current US$),NY.GDP.PCAP.CD,2021,509.907829475551
Mauritania,MRT,GDP per capita (current US$),NY.GDP.PCAP.CD,2021,1947.78918383313
Mauritius,MUS,GDP per capita (current US$),NY.GDP.PCAP.CD,2021,9177.71195973013
Malawi,MWI,GDP per capita (current US$),NY.GDP.PCAP.CD,2021,617.446994451007
Malaysia,MYS,GDP per capita (current US$),NY.GDP.PCAP.CD,2021,10903.1037480772
North America,NAC,GDP per capita (current US$),NY.GDP.PCAP.CD,2021,68424.560031595
Namibia,NAM,GDP per capita (current US$),NY.GDP.PCAP.CD,2021,4412.8355693052
New Caledonia,NCL,GDP per capita (current US$),NY.GDP.PCAP.CD,2021,35311.5543551452
Niger,NER,GDP per capita (current US$),NY.GDP.PCAP.CD,2021,608.722439593808
Nigeria,NGA,GDP per capita (current US$),NY.GDP.PCAP.CD,2021,2787.48779224428
Nicaragua,NIC,GDP per capita (current US$),NY.GDP.PCAP.CD,2021,2138.38588469449
Netherlands,NLD,GDP per capita (current US$),NY.GDP.PCAP.CD,2021,60141.9880911492
Norway,NOR,GDP per capita (current US$),NY.GDP.PCAP.CD,2021,93072.8925119571
Nepal,NPL,GDP per capita (current US$),NY.GDP.PCAP.CD,2021,1252.75076731986
Nauru,NRU,GDP per capita (current US$),NY.GDP.PCAP.CD,2021,14979.099896799
New Zealand,NZL,GDP per capita (current US$),NY.GDP.PCAP.CD,2021,49950.4251691316
OECD members,OED,GDP per capita (current US$),NY.GDP.PCAP.CD,2021,43027.7494275706
Oman,OMN,GDP per capita (current US$),NY.GDP.PCAP.CD,2021,19403.4600160211
Other small states,OSS,GDP per capita (current US$),NY.GDP.PCAP.CD,2021,13717.0894877353
Pakistan,PAK,GDP per capita (current US$),NY.GDP.PCAP.CD,2021,1455.31922370186
Panama,PAN,GDP per capita (current US$),NY.GDP.PCAP.CD,2021,15509.8069124139
Peru,PER,GDP per capita (current US$),NY.GDP.PCAP.CD,2021,6826.20255614477
Philippines,PHL,GDP per capita (current US$),NY.GDP.PCAP.CD,2021,3484.38593882819
Palau,PLW,GDP per capita (current US$),NY.GDP.PCAP.CD,2021,13009.2481630213
Papua New Guinea,PNG,GDP per capita (current US$),NY.GDP.PCAP.CD,2021,2607.57861874444
Poland,POL,GDP per capita (current US$),NY.GDP.PCAP.CD,2021,18635.5104895754
Pre-demographic dividend,PRE,GDP per capita (current US$),NY.GDP.PCAP.CD,2021,1594.14229813292
Puerto Rico (US),PRI,GDP per capita (current US$),NY.GDP.PCAP.CD,2021,32619.0704601174
Portugal,PRT,GDP per capita (current US$),NY.GDP.PCAP.CD,2021,24711.4510062111
Paraguay,PRY,GDP per capita (current US$),NY.GDP.PCAP.CD,2021,5976.93179789949
West Bank and Gaza,PSE,GDP per capita (current US$),NY.GDP.PCAP.CD,2021,3678.63565662194
Pacific island small states,PSS,GDP per capita (current US$),NY.GDP.PCAP.CD,2021,3600.81254375167
Post-demographic dividend,PST,GDP per capita (current US$),NY.GDP.PCAP.CD,2021,49855.2269396596
French Polynesia,PYF,GDP per capita (current US$),NY.GDP.PCAP.CD,2021,21426.3854449835
Qatar,QAT,GDP per capita (current US$),NY.GDP.PCAP.CD,2021,71751.9363398856
Romania,ROU,GDP per capita (current US$),NY.GDP.PCAP.CD,2021,14907.9803652143
Russian Federation,RUS,GDP per capita (current US$),NY.GDP.PCAP.CD,2021,12425.029296875
Rwanda,RWA,GDP per capita (current US$),NY.GDP.PCAP.CD,2021,829.544845263697
South Asia,SAS,GDP per capita (current US$),NY.GDP.PCAP.CD,2021,2273.72055798689
Saudi Arabia,SAU,GDP per capita (current US$),NY.GDP.PCAP.CD,2021,31920.7653655643
Sudan,SDN,GDP per capita (current US$),NY.GDP.PCAP.CD,2021,712.122009277344
Senegal,SEN,GDP per capita (current US$),NY.GDP.PCAP.CD,2021,1598.10676952274
Singapore,SGP,GDP per capita (current US$),NY.GDP.PCAP.CD,2021,80056.1288247844
Solomon Islands,SLB,GDP per capita (current US$),NY.GDP.PCAP.CD,2021,2043.44413170658
Sierra Leone,SLE,GDP per capita (current US$),NY.GDP.PCAP.CD,2021,885.396401885395
El Salvador,SLV,GDP per capita (current US$),NY.GDP.PCAP.CD,2021,4642.60743101342
San Marino,SMR,GDP per capita (current US$),NY.GDP.PCAP.CD,2021,54176.4798021628
"Somalia, Fed. Rep.",SOM,GDP per capita (current US$),NY.GDP.PCAP.CD,2021,549.056994756254
Serbia,SRB,GDP per capita (current US$),NY.GDP.PCAP.CD,2021,9680.52798074468
Sub-Saharan Africa (excluding high income),SSA,GDP per capita (current US$),NY.GDP.PCAP.CD,2021,1885.48155965903
Sub-Saharan Africa,SSF,GDP per capita (current US$),NY.GDP.PCAP.CD,2021,1785.46664916614
Small states,SST,GDP per capita (current US$),NY.GDP.PCAP.CD,2021,12428.6087674544
Sao Tome and Principe,STP,GDP per capita (current US$),NY.GDP.PCAP.CD,2021,2362.58827248102
Suriname,SUR,GDP per capita (current US$),NY.GDP.PCAP.CD,2021,5029.84838543953
Slovak Republic,SVK,GDP per capita (current US$),NY.GDP.PCAP.CD,2021,22123.3342114545
Slovenia,SVN,GDP per capita (current US$),NY.GDP.PCAP.CD,2021,29192.8401933019
Sweden,SWE,GDP per capita (current US$),NY.GDP.PCAP.CD,2021,60647.5416365347
Eswatini,SWZ,GDP per capita (current US$),NY.GDP.PCAP.CD,2021,3984.00229174306
Sint Maarten (Dutch part),SXM,GDP per capita (current US$),NY.GDP.PCAP.CD,2021,32548.4366854902
Seychelles,SYC,GDP per capita (current US$),NY.GDP.PCAP.CD,2021,14982.9111487767
Syrian Arab Republic,SYR,GDP per capita (current US$),NY.GDP.PCAP.CD,2021,663.614245706815
Turks and Caicos Islands,TCA,GDP per capita (current US$),NY.GDP.PCAP.CD,2021,27329.2885087196
Chad,TCD,GDP per capita (current US$),NY.GDP.PCAP.CD,2021,946.358500208374
East Asia & Pacific (IDA & IBRD countries),TEA,GDP per capita (current US$),NY.GDP.PCAP.CD,2021,10086.4176067356
Europe & Central Asia (IDA & IBRD countries),TEC,GDP per capita (current US$),NY.GDP.PCAP.CD,2021,10014.5108823837
Togo,TGO,GDP per capita (current US$),NY.GDP.PCAP.CD,2021,962.075187515872
Thailand,THA,GDP per capita (current US$),NY.GDP.PCAP.CD,2021,7057.20754802279
Tajikistan,TJK,GDP per capita (current US$),NY.GDP.PCAP.CD,2021,896.748053372182
Turkmenistan,TKM,GDP per capita (current US$),NY.GDP.PCAP.CD,2021,5723.30227157906
Latin America & the Caribbean (IDA & IBRD countries),TLA,GDP per capita (current US$),NY.GDP.PCAP.CD,2021,8075.78816650564
Timor-Leste,TLS,GDP per capita (current US$),NY.GDP.PCAP.CD,2021,2684.92676774277
"Middle East, North Africa, Afghanistan & Pakistan (IDA & IBRD)",TMN,GDP per capita (current US$),NY.GDP.PCAP.CD,2021,2746.96809945183
Tonga,TON,GDP per capita (current US$),NY.GDP.PCAP.CD,2021,4922.80171378368
South Asia (IDA & IBRD),TSA,GDP per capita (current US$),NY.GDP.PCAP.CD,2021,2273.72055798689
Sub-Saharan Africa (IDA & IBRD countries),TSS,GDP per capita (current US$),NY.GDP.PCAP.CD,2021,1785.46664916614
Trinidad and Tobago,TTO,GDP per capita (current US$),NY.GDP.PCAP.CD,2021,17712.5674104655
Tunisia,TUN,GDP per capita (current US$),NY.GDP.PCAP.CD,2021,3906.93926319391
Turkiye,TUR,GDP per capita (current US$),NY.GDP.PCAP.CD,2021,9981.76398411336
Tuvalu,TUV,GDP per capita (current US$),NY.GDP.PCAP.CD,2021,5905.08198095343
Tanzania,TZA,GDP per capita (current US$),NY.GDP.PCAP.CD,2021,1159.85656738281
Uganda,UGA,GDP per capita (current US$),NY.GDP.PCAP.CD,2021,882.791717542504
Ukraine,UKR,GDP per capita (current US$),NY.GDP.PCAP.CD,2021,4775.94580078125
Upper middle income,UMC,GDP per capita (current US$),NY.GDP.PCAP.CD,2021,9918.69947746711
Uruguay,URY,GDP per capita (current US$),NY.GDP.PCAP.CD,2021,17881.818721099
United States,USA,GDP per capita (current US$),NY.GDP.PCAP.CD,2021,70205.050916026
Uzbekistan,UZB,GDP per capita (current US$),NY.GDP.PCAP.CD,2021,2258.51964119278
St. Vincent and the Grenadines,VCT,GDP per capita (current US$),NY.GDP.PCAP.CD,2021,8641.27904024443
"Venezuela, RB",VEN,GDP per capita (current US$),NY.GDP.PCAP.CD,2021,2004.93397949792
Virgin Islands (U.S.),VIR,GDP per capita (current US$),NY.GDP.PCAP.CD,2021,42571.0777368471
Viet Nam,VNM,GDP per capita (current US$),NY.GDP.PCAP.CD,2021,3704.1935590038
Vanuatu,VUT,GDP per capita (current US$),NY.GDP.PCAP.CD,2021,3107.20312858002
World,WLD,GDP per capita (current US$),NY.GDP.PCAP.CD,2021,12390.6686716727
Samoa,WSM,GDP per capita (current US$),NY.GDP.PCAP.CD,2021,4021.55934894283
Kosovo,XKX,GDP per capita (current US$),NY.GDP.PCAP.CD,2021,5270.43236861018
South Africa,ZAF,GDP per capita (current US$),NY.GDP.PCAP.CD,2021,6828.75624590017
Zambia,ZMB,GDP per capita (current US$),NY.GDP.PCAP.CD,2021,1127.16077872857
Zimbabwe,ZWE,GDP per capita (current US$),NY.GDP.PCAP.CD,2021,2613.60542083552
Aruba,ABW,GDP per capita (current US$),NY.GDP.PCAP.CD,2022,30975.9989121779
Africa Eastern and Southern,AFE,GDP per capita (current US$),NY.GDP.PCAP.CD,2022,1679.32762166466
Afghanistan,AFG,GDP per capita (current US$),NY.GDP.PCAP.CD,2022,357.261152798144
Africa Western and Central,AFW,GDP per capita (current US$),NY.GDP.PCAP.CD,2022,2138.47315259913
Angola,AGO,GDP per capita (current US$),NY.GDP.PCAP.CD,2022,3682.1131513698
Albania,ALB,GDP per capita (current US$),NY.GDP.PCAP.CD,2022,7756.96188744253
Andorra,AND,GDP per capita (current US$),NY.GDP.PCAP.CD,2022,42414.0479861228
Arab World,ARB,GDP per capita (current US$),NY.GDP.PCAP.CD,2022,7950.35581975672
United Arab Emirates,ARE,GDP per capita (current US$),NY.GDP.PCAP.CD,2022,50759.7589231191
Argentina,ARG,GDP per capita (current US$),NY.GDP.PCAP.CD,2022,13962.1894087223
Armenia,ARM,GDP per capita (current US$),NY.GDP.PCAP.CD,2022,6571.97445545099
American Samoa,ASM,GDP per capita (current US$),NY.GDP.PCAP.CD,2022,18017.4589383973
Antigua and Barbuda,ATG,GDP per capita (current US$),NY.GDP.PCAP.CD,2022,20105.1989085164
Australia,AUS,GDP per capita (current US$),NY.GDP.PCAP.CD,2022,65169.5191118657
Austria,AUT,GDP per capita (current US$),NY.GDP.PCAP.CD,2022,52336.7725223758
Azerbaijan,AZE,GDP per capita (current US$),NY.GDP.PCAP.CD,2022,7770.594223351
Burundi,BDI,GDP per capita (current US$),NY.GDP.PCAP.CD,2022,302.992505263552
Belgium,BEL,GDP per capita (current US$),NY.GDP.PCAP.CD,2022,50605.7496677086
Benin,BEN,GDP per capita (current US$),NY.GDP.PCAP.CD,2022,1266.42711031904
Burkina Faso,BFA,GDP per capita (current US$),NY.GDP.PCAP.CD,2022,827.330843486661
Bangladesh,BGD,GDP per capita (current US$),NY.GDP.PCAP.CD,2022,2716.48592780431
Bulgaria,BGR,GDP per capita (current US$),NY.GDP.PCAP.CD,2022,13999.1949530956
Bahrain,BHR,GDP per capita (current US$),NY.GDP.PCAP.CD,2022,30470.5219276023
"Bahamas, The",BHS,GDP per capita (current US$),NY.GDP.PCAP.CD,2022,34957.1613279737
Bosnia and Herzegovina,BIH,GDP per capita (current US$),NY.GDP.PCAP.CD,2022,7655.59421024383
Belarus,BLR,GDP per capita (current US$),NY.GDP.PCAP.CD,2022,7994.64806074889
Belize,BLZ,GDP per capita (current US$),NY.GDP.PCAP.CD,2022,7068.21728043145
Bermuda,BMU,GDP per capita (current US$),NY.GDP.PCAP.CD,2022,121613.939983629
Bolivia,BOL,GDP per capita (current US$),NY.GDP.PCAP.CD,2022,4219.46113742445
Brazil,BRA,GDP per capita (current US$),NY.GDP.PCAP.CD,2022,9281.33282136864
Barbados,BRB,GDP per capita (current US$),NY.GDP.PCAP.CD,2022,24387.0387293761
Brunei Darussalam,BRN,GDP per capita (current US$),NY.GDP.PCAP.CD,2022,36632.9280952155
Bhutan,BTN,GDP per capita (current US$),NY.GDP.PCAP.CD,2022,3711.32767981591
Botswana,BWA,GDP per capita (current US$),NY.GDP.PCAP.CD,2022,8328.7090572666
Central African Republic,CAF,GDP per capita (current US$),NY.GDP.PCAP.CD,2022,467.359825026238
Canada,CAN,GDP per capita (current US$),NY.GDP.PCAP.CD,2022,56256.8007264015
Central Europe and the Baltics,CEB,GDP per capita (current US$),NY.GDP.PCAP.CD,2022,19530.1553232172
Switzerland,CHE,GDP per capita (current US$),NY.GDP.PCAP.CD,2022,94394.5106803525
Channel Islands,CHI,GDP per capita (current US$),NY.GDP.PCAP.CD,2022,67627.1417347907
Chile,CHL,GDP per capita (current US$),NY.GDP.PCAP.CD,2022,15405.6165774073
China,CHN,GDP per capita (current US$),NY.GDP.PCAP.CD,2022,12970.6056414327
Cote d'Ivoire,CIV,GDP per capita (current US$),NY.GDP.PCAP.CD,2022,2333.37128301259
Cameroon,CMR,GDP per capita (current US$),NY.GDP.PCAP.CD,2022,1604.87726954895
"Congo, Dem. Rep.",COD,GDP per capita (current US$),NY.GDP.PCAP.CD,2022,687.738587554685
"Congo, Rep.",COG,GDP per capita (current US$),NY.GDP.PCAP.CD,2022,2620.83804267402
Colombia,COL,GDP per capita (current US$),NY.GDP.PCAP.CD,2022,6680.44506854481
Comoros,COM,GDP per capita (current US$),NY.GDP.PCAP.CD,2022,1465.479642862
Cabo Verde,CPV,GDP per capita (current US$),NY.GDP.PCAP.CD,2022,4323.31362032709
Costa Rica,CRI,GDP per capita (current US$),NY.GDP.PCAP.CD,2022,13625.9008491328
Caribbean small states,CSS,GDP per capita (current US$),NY.GDP.PCAP.CD,2022,17456.3084845676
Curacao,CUW,GDP per capita (current US$),NY.GDP.PCAP.CD,2022,20057.1404747175
Cayman Islands,CYM,GDP per capita (current US$),NY.GDP.PCAP.CD,2022,93030.7051447803
Cyprus,CYP,GDP per capita (current US$),NY.GDP.PCAP.CD,2022,33231.04296875
Czechia,CZE,GDP per capita (current US$),NY.GDP.PCAP.CD,2022,28282.2236715857
Germany,DEU,GDP per capita (current US$),NY.GDP.PCAP.CD,2022,50506.5179638543
Djibouti,DJI,GDP per capita (current US$),NY.GDP.PCAP.CD,2022,3133.25779772463
Dominica,DMA,GDP per capita (current US$),NY.GDP.PCAP.CD,2022,9323.66089490562
Denmark,DNK,GDP per capita (current US$),NY.GDP.PCAP.CD,2022,67781.0940939514
Dominican Republic,DOM,GDP per capita (current US$),NY.GDP.PCAP.CD,2022,10104.2449349081
Algeria,DZA,GDP per capita (current US$),NY.GDP.PCAP.CD,2022,4960.30334332888
East Asia & Pacific (excluding high income),EAP,GDP per capita (current US$),NY.GDP.PCAP.CD,2022,10106.9935977814
Early-demographic dividend,EAR,GDP per capita (current US$),NY.GDP.PCAP.CD,2022,4043.82776331568
East Asia & Pacific,EAS,GDP per capita (current US$),NY.GDP.PCAP.CD,2022,13139.2109813612
Europe & Central Asia (excluding high income),ECA,GDP per capita (current US$),NY.GDP.PCAP.CD,2022,7266.02243154199
Europe & Central Asia,ECS,GDP per capita (current US$),NY.GDP.PCAP.CD,2022,27913.5882331645
Ecuador,ECU,GDP per capita (current US$),NY.GDP.PCAP.CD,2022,6515.58528418336
"Egypt, Arab Rep.",EGY,GDP per capita (current US$),NY.GDP.PCAP.CD,2022,4233.30783744856
Euro area,EMU,GDP per capita (current US$),NY.GDP.PCAP.CD,2022,41608.7123275598
Spain,ESP,GDP per capita (current US$),NY.GDP.PCAP.CD,2022,30319.4987196616
Estonia,EST,GDP per capita (current US$),NY.GDP.PCAP.CD,2022,28340.3826549406
Ethiopia,ETH,GDP per capita (current US$),NY.GDP.PCAP.CD,2022,982.103161506992
European Union,EUU,GDP per capita (current US$),NY.GDP.PCAP.CD,2022,38066.8844892624
Fragile and conflict affected situations,FCS,GDP per capita (current US$),NY.GDP.PCAP.CD,2022,1850.91743054769
Finland,FIN,GDP per capita (current US$),NY.GDP.PCAP.CD,2022,50440.560224974
Fiji,FJI,GDP per capita (current US$),NY.GDP.PCAP.CD,2022,5414.12092119088
France,FRA,GDP per capita (current US$),NY.GDP.PCAP.CD,2022,40988.6396406579
Faroe Islands,FRO,GDP per capita (current US$),NY.GDP.PCAP.CD,2022,67058.2022648126
"Micronesia, Fed. Sts.",FSM,GDP per capita (current US$),NY.GDP.PCAP.CD,2022,3710.12451611752
Gabon,GAB,GDP per capita (current US$),NY.GDP.PCAP.CD,2022,8409.2074145028
United Kingdom,GBR,GDP per capita (current US$),NY.GDP.PCAP.CD,2022,47057.043229179
Georgia,GEO,GDP per capita (current US$),NY.GDP.PCAP.CD,2022,6729.84659930283
Ghana,GHA,GDP per capita (current US$),NY.GDP.PCAP.CD,2022,2229.89122647803
Guinea,GIN,GDP per capita (current US$),NY.GDP.PCAP.CD,2022,1416.59612011764
"Gambia, The",GMB,GDP per capita (current US$),NY.GDP.PCAP.CD,2022,836.244875868476
Guinea-Bissau,GNB,GDP per capita (current US$),NY.GDP.PCAP.CD,2022,883.199131457831
Equatorial Guinea,GNQ,GDP per capita (current US$),NY.GDP.PCAP.CD,2022,7589.29964909381
Greece,GRC,GDP per capita (current US$),NY.GDP.PCAP.CD,2022,20886.5243087629
Grenada,GRD,GDP per capita (current US$),NY.GDP.PCAP.CD,2022,10469.3867012856
Greenland,GRL,GDP per capita (current US$),NY.GDP.PCAP.CD,2022,55635.0006491223
Guatemala,GTM,GDP per capita (current US$),NY.GDP.PCAP.CD,2022,5358.70156997677
Guam,GUM,GDP per capita (current US$),NY.GDP.PCAP.CD,2022,41833.1517132825
Guyana,GUY,GDP per capita (current US$),NY.GDP.PCAP.CD,2022,17913.4928066879
High income,HIC,GDP per capita (current US$),NY.GDP.PCAP.CD,2022,46553.1150181383
"Hong Kong SAR, China",HKG,GDP per capita (current US$),NY.GDP.PCAP.CD,2022,48825.8441873536
Honduras,HND,GDP per capita (current US$),NY.GDP.PCAP.CD,2022,3003.28996826399
Heavily indebted poor countries (HIPC),HPC,GDP per capita (current US$),NY.GDP.PCAP.CD,2022,1121.48387311982
Croatia,HRV,GDP per capita (current US$),NY.GDP.PCAP.CD,2022,18465.5414420364
Haiti,HTI,GDP per capita (current US$),NY.GDP.PCAP.CD,2022,1760.62635668777
Hungary,HUN,GDP per capita (current US$),NY.GDP.PCAP.CD,2022,18428.028825614
IBRD only,IBD,GDP per capita (current US$),NY.GDP.PCAP.CD,2022,7699.23258826186
IDA & IBRD total,IBT,GDP per capita (current US$),NY.GDP.PCAP.CD,2022,6036.81374407089
IDA total,IDA,GDP per capita (current US$),NY.GDP.PCAP.CD,2022,1647.52732460307
IDA blend,IDB,GDP per capita (current US$),NY.GDP.PCAP.CD,2022,2234.83616206483
Indonesia,IDN,GDP per capita (current US$),NY.GDP.PCAP.CD,2022,4730.83484836107
IDA only,IDX,GDP per capita (current US$),NY.GDP.PCAP.CD,2022,1332.31730178708
Isle of Man,IMN,GDP per capita (current US$),NY.GDP.PCAP.CD,2022,88328.548125887
India,IND,GDP per capita (current US$),NY.GDP.PCAP.CD,2022,2347.44829434623
Ireland,IRL,GDP per capita (current US$),NY.GDP.PCAP.CD,2022,105190.685952731
"Iran, Islamic Rep.",IRN,GDP per capita (current US$),NY.GDP.PCAP.CD,2022,4721.20437099984
Iraq,IRQ,GDP per capita (current US$),NY.GDP.PCAP.CD,2022,6520.73154560584
Iceland,ISL,GDP per capita (current US$),NY.GDP.PCAP.CD,2022,76350.4550416502
Israel,ISR,GDP per capita (current US$),NY.GDP.PCAP.CD,2022,54949.621556429
Italy,ITA,GDP per capita (current US$),NY.GDP.PCAP.CD,2022,35653.9042103495
Jamaica,JAM,GDP per capita (current US$),NY.GDP.PCAP.CD,2022,6626.47502388538
Jordan,JOR,GDP per capita (current US$),NY.GDP.PCAP.CD,2022,4332.25159897931
Japan,JPN,GDP per capita (current US$),NY.GDP.PCAP.CD,2022,34065.6438962526
Kazakhstan,KAZ,GDP per capita (current US$),NY.GDP.PCAP.CD,2022,11255.3396437881
Kenya,KEN,GDP per capita (current US$),NY.GDP.PCAP.CD,2022,2109.56288513137
Kyrgyz Republic,KGZ,GDP per capita (current US$),NY.GDP.PCAP.CD,2022,1739.72018344174
Cambodia,KHM,GDP per capita (current US$),NY.GDP.PCAP.CD,2022,2325.03050040841
Kiribati,KIR,GDP per capita (current US$),NY.GDP.PCAP.CD,2022,2069.7671726925
St. Kitts and Nevis,KNA,GDP per capita (current US$),NY.GDP.PCAP.CD,2022,21011.5744209816
"Korea, Rep.",KOR,GDP per capita (current US$),NY.GDP.PCAP.CD,2022,34822.4048404971
Kuwait,KWT,GDP per capita (current US$),NY.GDP.PCAP.CD,2022,39981.7691035833
Latin America & Caribbean (excluding high income),LAC,GDP per capita (current US$),NY.GDP.PCAP.CD,2022,9111.34927084769
Lao PDR,LAO,GDP per capita (current US$),NY.GDP.PCAP.CD,2022,2046.40440255621
Lebanon,LBN,GDP per capita (current US$),NY.GDP.PCAP.CD,2022,3654.35845534878
Liberia,LBR,GDP per capita (current US$),NY.GDP.PCAP.CD,2022,744.617175237387
Libya,LBY,GDP per capita (current US$),NY.GDP.PCAP.CD,2022,5986.63694851258
St. Lucia,LCA,GDP per capita (current US$),NY.GDP.PCAP.CD,2022,13103.8243147472
Latin America & Caribbean,LCN,GDP per capita (current US$),NY.GDP.PCAP.CD,2022,9408.84820249156
Least developed countries: UN classification,LDC,GDP per capita (current US$),NY.GDP.PCAP.CD,2022,1299.36172423082
Low income,LIC,GDP per capita (current US$),NY.GDP.PCAP.CD,2022,734.204117595357
Liechtenstein,LIE,GDP per capita (current US$),NY.GDP.PCAP.CD,2022,188055.003235348
Sri Lanka,LKA,GDP per capita (current US$),NY.GDP.PCAP.CD,2022,3342.63650253855
Lower middle income,LMC,GDP per capita (current US$),NY.GDP.PCAP.CD,2022,2493.61487371356
Low & middle income,LMY,GDP per capita (current US$),NY.GDP.PCAP.CD,2022,5741.78381882953
Lesotho,LSO,GDP per capita (current US$),NY.GDP.PCAP.CD,2022,1030.12582947757
Late-demographic dividend,LTE,GDP per capita (current US$),NY.GDP.PCAP.CD,2022,12286.0846812169
Lithuania,LTU,GDP per capita (current US$),NY.GDP.PCAP.CD,2022,25085.784063499
Luxembourg,LUX,GDP per capita (current US$),NY.GDP.PCAP.CD,2022,123719.658915996
Latvia,LVA,GDP per capita (current US$),NY.GDP.PCAP.CD,2022,20221.103686109
"Macao SAR, China",MAC,GDP per capita (current US$),NY.GDP.PCAP.CD,2022,36806.891255461
Morocco,MAR,GDP per capita (current US$),NY.GDP.PCAP.CD,2022,3463.1376953125
Monaco,MCO,GDP per capita (current US$),NY.GDP.PCAP.CD,2022,226052.001905201
Moldova,MDA,GDP per capita (current US$),NY.GDP.PCAP.CD,2022,5744.29618434435
Madagascar,MDG,GDP per capita (current US$),NY.GDP.PCAP.CD,2022,503.51453347296
Maldives,MDV,GDP per capita (current US$),NY.GDP.PCAP.CD,2022,11786.0191492983
"Middle East, North Africa, Afghanistan & Pakistan",MEA,GDP per capita (current US$),NY.GDP.PCAP.CD,2022,6430.53553485753
Mexico,MEX,GDP per capita (current US$),NY.GDP.PCAP.CD,2022,11405.7940473759
Marshall Islands,MHL,GDP per capita (current US$),NY.GDP.PCAP.CD,2022,6455.66062185762
Middle income,MIC,GDP per capita (current US$),NY.GDP.PCAP.CD,2022,6248.00962014697
North Macedonia,MKD,GDP per capita (current US$),NY.GDP.PCAP.CD,2022,7606.2375253797
Mali,MLI,GDP per capita (current US$),NY.GDP.PCAP.CD,2022,976.914116406452
Malta,MLT,GDP per capita (current US$),NY.GDP.PCAP.CD,2022,35638.8869457406
Myanmar,MMR,GDP per capita (current US$),NY.GDP.PCAP.CD,2022,1158.05005055976
"Middle East, North Africa, Afghanistan & Pakistan (excluding high income)",MNA,GDP per capita (current US$),NY.GDP.PCAP.CD,2022,3015.7557973385
Montenegro,MNE,GDP per capita (current US$),NY.GDP.PCAP.CD,2022,10024.5435616209
Mongolia,MNG,GDP per capita (current US$),NY.GDP.PCAP.CD,2022,4993.51487463495
Northern Mariana Islands,MNP,GDP per capita (current US$),NY.GDP.PCAP.CD,2022,23785.754590043
Mozambique,MOZ,GDP per capita (current US$),NY.GDP.PCAP.CD,2022,578.251663751351
Mauritania,MRT,GDP per capita (current US$),NY.GDP.PCAP.CD,2022,1960.35240077424
Mauritius,MUS,GDP per capita (current US$),NY.GDP.PCAP.CD,2022,10246.5017455553
Malawi,MWI,GDP per capita (current US$),NY.GDP.PCAP.CD,2022,604.269740360317
Malaysia,MYS,GDP per capita (current US$),NY.GDP.PCAP.CD,2022,11754.5678336248
North America,NAC,GDP per capita (current US$),NY.GDP.PCAP.CD,2022,74535.6365392629
Namibia,NAM,GDP per capita (current US$),NY.GDP.PCAP.CD,2022,4349.79908493314
New Caledonia,NCL,GDP per capita (current US$),NY.GDP.PCAP.CD,2022,33516.363085906
Niger,NER,GDP per capita (current US$),NY.GDP.PCAP.CD,2022,609.745147574878
Nigeria,NGA,GDP per capita (current US$),NY.GDP.PCAP.CD,2022,2899.16047470324
Nicaragua,NIC,GDP per capita (current US$),NY.GDP.PCAP.CD,2022,2322.89053964583
Netherlands,NLD,GDP per capita (current US$),NY.GDP.PCAP.CD,2022,59123.318556487
Norway,NOR,GDP per capita (current US$),NY.GDP.PCAP.CD,2022,109269.520580298
Nepal,NPL,GDP per capita (current US$),NY.GDP.PCAP.CD,2022,1385.91066274851
Nauru,NRU,GDP per capita (current US$),NY.GDP.PCAP.CD,2022,12911.9086441381
New Zealand,NZL,GDP per capita (current US$),NY.GDP.PCAP.CD,2022,49099.7090423358
OECD members,OED,GDP per capita (current US$),NY.GDP.PCAP.CD,2022,43950.173710934
Oman,OMN,GDP per capita (current US$),NY.GDP.PCAP.CD,2022,23223.5829405935
Other small states,OSS,GDP per capita (current US$),NY.GDP.PCAP.CD,2022,14320.7706776288
Pakistan,PAK,GDP per capita (current US$),NY.GDP.PCAP.CD,2022,1538.3228133171
Panama,PAN,GDP per capita (current US$),NY.GDP.PCAP.CD,2022,17378.6070017557
Peru,PER,GDP per capita (current US$),NY.GDP.PCAP.CD,2022,7350.63034300417
Philippines,PHL,GDP per capita (current US$),NY.GDP.PCAP.CD,2022,3548.06930572116
Palau,PLW,GDP per capita (current US$),NY.GDP.PCAP.CD,2022,13729.7602761496
Papua New Guinea,PNG,GDP per capita (current US$),NY.GDP.PCAP.CD,2022,3102.28968594061
Poland,POL,GDP per capita (current US$),NY.GDP.PCAP.CD,2022,18891.2121169279
Pre-demographic dividend,PRE,GDP per capita (current US$),NY.GDP.PCAP.CD,2022,1770.15579032782
Puerto Rico (US),PRI,GDP per capita (current US$),NY.GDP.PCAP.CD,2022,35353.6821570014
Portugal,PRT,GDP per capita (current US$),NY.GDP.PCAP.CD,2022,24620.5197587181
Paraguay,PRY,GDP per capita (current US$),NY.GDP.PCAP.CD,2022,6205.62595379319
West Bank and Gaza,PSE,GDP per capita (current US$),NY.GDP.PCAP.CD,2022,3799.95527015163
Pacific island small states,PSS,GDP per capita (current US$),NY.GDP.PCAP.CD,2022,3896.81060847355
Post-demographic dividend,PST,GDP per capita (current US$),NY.GDP.PCAP.CD,2022,50969.801641014
French Polynesia,PYF,GDP per capita (current US$),NY.GDP.PCAP.CD,2022,20053.9569369322
Qatar,QAT,GDP per capita (current US$),NY.GDP.PCAP.CD,2022,88701.4689763536
Romania,ROU,GDP per capita (current US$),NY.GDP.PCAP.CD,2022,15503.551804598
Russian Federation,RUS,GDP per capita (current US$),NY.GDP.PCAP.CD,2022,15619.6142578125
Rwanda,RWA,GDP per capita (current US$),NY.GDP.PCAP.CD,2022,975.469323735369
South Asia,SAS,GDP per capita (current US$),NY.GDP.PCAP.CD,2022,2385.08341896271
Saudi Arabia,SAU,GDP per capita (current US$),NY.GDP.PCAP.CD,2022,38510.2276211037
Sudan,SDN,GDP per capita (current US$),NY.GDP.PCAP.CD,2022,1046.24084472656
Senegal,SEN,GDP per capita (current US$),NY.GDP.PCAP.CD,2022,1574.0281059306
Singapore,SGP,GDP per capita (current US$),NY.GDP.PCAP.CD,2022,90299.0694637269
Solomon Islands,SLB,GDP per capita (current US$),NY.GDP.PCAP.CD,2022,1877.78104490956
Sierra Leone,SLE,GDP per capita (current US$),NY.GDP.PCAP.CD,2022,860.371067916096
El Salvador,SLV,GDP per capita (current US$),NY.GDP.PCAP.CD,2022,5074.60210221806
San Marino,SMR,GDP per capita (current US$),NY.GDP.PCAP.CD,2022,54190.8417700372
"Somalia, Fed. Rep.",SOM,GDP per capita (current US$),NY.GDP.PCAP.CD,2022,573.141165798229
Serbia,SRB,GDP per capita (current US$),NY.GDP.PCAP.CD,2022,10024.8191112596
Sub-Saharan Africa (excluding high income),SSA,GDP per capita (current US$),NY.GDP.PCAP.CD,2022,1963.80330032374
Sub-Saharan Africa,SSF,GDP per capita (current US$),NY.GDP.PCAP.CD,2022,1865.11635260699
Small states,SST,GDP per capita (current US$),NY.GDP.PCAP.CD,2022,13636.4661190787
Sao Tome and Principe,STP,GDP per capita (current US$),NY.GDP.PCAP.CD,2022,2389.73729784737
Suriname,SUR,GDP per capita (current US$),NY.GDP.PCAP.CD,2022,6084.43876736445
Slovak Republic,SVK,GDP per capita (current US$),NY.GDP.PCAP.CD,2022,21317.7943982363
Slovenia,SVN,GDP per capita (current US$),NY.GDP.PCAP.CD,2022,28360.3041467268
Sweden,SWE,GDP per capita (current US$),NY.GDP.PCAP.CD,2022,54836.8907235124
Eswatini,SWZ,GDP per capita (current US$),NY.GDP.PCAP.CD,2022,3894.1620089869
Sint Maarten (Dutch part),SXM,GDP per capita (current US$),NY.GDP.PCAP.CD,2022,37793.1284399157
Seychelles,SYC,GDP per capita (current US$),NY.GDP.PCAP.CD,2022,16836.6721895387
Syrian Arab Republic,SYR,GDP per capita (current US$),NY.GDP.PCAP.CD,2022,1051.67149587463
Turks and Caicos Islands,TCA,GDP per capita (current US$),NY.GDP.PCAP.CD,2022,31280.5418020808
Chad,TCD,GDP per capita (current US$),NY.GDP.PCAP.CD,2022,966.036468278568
East Asia & Pacific (IDA & IBRD countries),TEA,GDP per capita (current US$),NY.GDP.PCAP.CD,2022,10220.4774431567
Europe & Central Asia (IDA & IBRD countries),TEC,GDP per capita (current US$),NY.GDP.PCAP.CD,2022,11421.1364427001
Togo,TGO,GDP per capita (current US$),NY.GDP.PCAP.CD,2022,951.232378690387
Thailand,THA,GDP per capita (current US$),NY.GDP.PCAP.CD,2022,6909.35281815827
Tajikistan,TJK,GDP per capita (current US$),NY.GDP.PCAP.CD,2022,1052.17949484894
Turkmenistan,TKM,GDP per capita (current US$),NY.GDP.PCAP.CD,2022,5837.84224538947
Latin America & the Caribbean (IDA & IBRD countries),TLA,GDP per capita (current US$),NY.GDP.PCAP.CD,2022,9174.55690452428
Timor-Leste,TLS,GDP per capita (current US$),NY.GDP.PCAP.CD,2022,2343.24954740187
"Middle East, North Africa, Afghanistan & Pakistan (IDA & IBRD)",TMN,GDP per capita (current US$),NY.GDP.PCAP.CD,2022,3010.19656726913
Tonga,TON,GDP per capita (current US$),NY.GDP.PCAP.CD,2022,5298.01941509951
South Asia (IDA & IBRD),TSA,GDP per capita (current US$),NY.GDP.PCAP.CD,2022,2385.08341896271
Sub-Saharan Africa (IDA & IBRD countries),TSS,GDP per capita (current US$),NY.GDP.PCAP.CD,2022,1865.11635260699
Trinidad and Tobago,TTO,GDP per capita (current US$),NY.GDP.PCAP.CD,2022,20750.5202434652
Tunisia,TUN,GDP per capita (current US$),NY.GDP.PCAP.CD,2022,3707.29283414381
Turkiye,TUR,GDP per capita (current US$),NY.GDP.PCAP.CD,2022,10897.8397861365
Tuvalu,TUV,GDP per capita (current US$),NY.GDP.PCAP.CD,2022,5911.32727055301
Tanzania,TZA,GDP per capita (current US$),NY.GDP.PCAP.CD,2022,1207.52062988281
Uganda,UGA,GDP per capita (current US$),NY.GDP.PCAP.CD,2022,963.067314117178
Ukraine,UKR,GDP per capita (current US$),NY.GDP.PCAP.CD,2022,4199.6708984375
Upper middle income,UMC,GDP per capita (current US$),NY.GDP.PCAP.CD,2022,10324.5193124329
Uruguay,URY,GDP per capita (current US$),NY.GDP.PCAP.CD,2022,20818.6146091144
United States,USA,GDP per capita (current US$),NY.GDP.PCAP.CD,2022,76657.2488844403
Uzbekistan,UZB,GDP per capita (current US$),NY.GDP.PCAP.CD,2022,2578.66689394219
St. Vincent and the Grenadines,VCT,GDP per capita (current US$),NY.GDP.PCAP.CD,2022,9693.55867833025
"Venezuela, RB",VEN,GDP per capita (current US$),NY.GDP.PCAP.CD,2022,3155.04207099687
Virgin Islands (U.S.),VIR,GDP per capita (current US$),NY.GDP.PCAP.CD,2022,44320.909185774
Viet Nam,VNM,GDP per capita (current US$),NY.GDP.PCAP.CD,2022,4147.69777213621
Vanuatu,VUT,GDP per capita (current US$),NY.GDP.PCAP.CD,2022,3370.21191956953
World,WLD,GDP per capita (current US$),NY.GDP.PCAP.CD,2022,12798.1658465319
Samoa,WSM,GDP per capita (current US$),NY.GDP.PCAP.CD,2022,4132.44717734444
Kosovo,XKX,GDP per capita (current US$),NY.GDP.PCAP.CD,2022,5290.95006509706
South Africa,ZAF,GDP per capita (current US$),NY.GDP.PCAP.CD,2022,6534.24867783397
Zambia,ZMB,GDP per capita (current US$),NY.GDP.PCAP.CD,2022,1447.12310138035
Zimbabwe,ZWE,GDP per capita (current US$),NY.GDP.PCAP.CD,2022,2536.40050223076
Aruba,ABW,GDP per capita (current US$),NY.GDP.PCAP.CD,2023,35718.7531191634
Africa Eastern and Southern,AFE,GDP per capita (current US$),NY.GDP.PCAP.CD,2023,1571.44918918981
Afghanistan,AFG,GDP per capita (current US$),NY.GDP.PCAP.CD,2023,413.757894705303
Africa Western and Central,AFW,GDP per capita (current US$),NY.GDP.PCAP.CD,2023,1841.85506354867
Angola,AGO,GDP per capita (current US$),NY.GDP.PCAP.CD,2023,2916.13663284275
Albania,ALB,GDP per capita (current US$),NY.GDP.PCAP.CD,2023,9730.86921906893
Andorra,AND,GDP per capita (current US$),NY.GDP.PCAP.CD,2023,46812.4261013102
Arab World,ARB,GDP per capita (current US$),NY.GDP.PCAP.CD,2023,7513.89907880749
United Arab Emirates,ARE,GDP per capita (current US$),NY.GDP.PCAP.CD,2023,49850.6872175164
Argentina,ARG,GDP per capita (current US$),NY.GDP.PCAP.CD,2023,14261.8465667948
Armenia,ARM,GDP per capita (current US$),NY.GDP.PCAP.CD,2023,8159.08720967996
Antigua and Barbuda,ATG,GDP per capita (current US$),NY.GDP.PCAP.CD,2023,21494.5474000727
Australia,AUS,GDP per capita (current US$),NY.GDP.PCAP.CD,2023,65058.3773146674
Austria,AUT,GDP per capita (current US$),NY.GDP.PCAP.CD,2023,56579.504175468
Azerbaijan,AZE,GDP per capita (current US$),NY.GDP.PCAP.CD,2023,7133.02838048328
Burundi,BDI,GDP per capita (current US$),NY.GDP.PCAP.CD,2023,250.627253097255
Belgium,BEL,GDP per capita (current US$),NY.GDP.PCAP.CD,2023,55291.4754541329
Benin,BEN,GDP per capita (current US$),NY.GDP.PCAP.CD,2023,1394.17784721831
Burkina Faso,BFA,GDP per capita (current US$),NY.GDP.PCAP.CD,2023,873.482589651003
Bangladesh,BGD,GDP per capita (current US$),NY.GDP.PCAP.CD,2023,2551.01773827307
Bulgaria,BGR,GDP per capita (current US$),NY.GDP.PCAP.CD,2023,15853.208636704
Bahrain,BHR,GDP per capita (current US$),NY.GDP.PCAP.CD,2023,29290.1284215098
"Bahamas, The",BHS,GDP per capita (current US$),NY.GDP.PCAP.CD,2023,38231.774484278
Bosnia and Herzegovina,BIH,GDP per capita (current US$),NY.GDP.PCAP.CD,2023,8663.02326458629
Belarus,BLR,GDP per capita (current US$),NY.GDP.PCAP.CD,2023,7896.75388295584
Belize,BLZ,GDP per capita (current US$),NY.GDP.PCAP.CD,2023,7424.75821321022
Bermuda,BMU,GDP per capita (current US$),NY.GDP.PCAP.CD,2023,132604.439086216
Bolivia,BOL,GDP per capita (current US$),NY.GDP.PCAP.CD,2023,4274.70820547613
Brazil,BRA,GDP per capita (current US$),NY.GDP.PCAP.CD,2023,10377.5897719195
Barbados,BRB,GDP per capita (current US$),NY.GDP.PCAP.CD,2023,25583.878782727
Brunei Darussalam,BRN,GDP per capita (current US$),NY.GDP.PCAP.CD,2023,32890.5491812019
Bhutan,BTN,GDP per capita (current US$),NY.GDP.PCAP.CD,2023,3831.32535494609
Botswana,BWA,GDP per capita (current US$),NY.GDP.PCAP.CD,2023,7826.35376483298
Central African Republic,CAF,GDP per capita (current US$),NY.GDP.PCAP.CD,2023,495.978897288721
Canada,CAN,GDP per capita (current US$),NY.GDP.PCAP.CD,2023,54220.3285039875
Central Europe and the Baltics,CEB,GDP per capita (current US$),NY.GDP.PCAP.CD,2023,22690.3736174216
Switzerland,CHE,GDP per capita (current US$),NY.GDP.PCAP.CD,2023,100623.549627296
Channel Islands,CHI,GDP per capita (current US$),NY.GDP.PCAP.CD,2023,74585.5224096294
Chile,CHL,GDP per capita (current US$),NY.GDP.PCAP.CD,2023,17067.0364799154
China,CHN,GDP per capita (current US$),NY.GDP.PCAP.CD,2023,12951.1782397043
Cote d'Ivoire,CIV,GDP per capita (current US$),NY.GDP.PCAP.CD,2023,2591.9659048119
Cameroon,CMR,GDP per capita (current US$),NY.GDP.PCAP.CD,2023,1720.47510154506
"Congo, Dem. Rep.",COD,GDP per capita (current US$),NY.GDP.PCAP.CD,2023,660.21205238997
"Congo, Rep.",COG,GDP per capita (current US$),NY.GDP.PCAP.CD,2023,2477.97845544866
Colombia,COL,GDP per capita (current US$),NY.GDP.PCAP.CD,2023,7000.83660501046
Comoros,COM,GDP per capita (current US$),NY.GDP.PCAP.CD,2023,1560.27378476855
Cabo Verde,CPV,GDP per capita (current US$),NY.GDP.PCAP.CD,2023,4794.90121917259
Costa Rica,CRI,GDP per capita (current US$),NY.GDP.PCAP.CD,2023,16942.0268119375
Caribbean small states,CSS,GDP per capita (current US$),NY.GDP.PCAP.CD,2023,17596.5404249612
Curacao,CUW,GDP per capita (current US$),NY.GDP.PCAP.CD,2023,21217.8110321785
Cayman Islands,CYM,GDP per capita (current US$),NY.GDP.PCAP.CD,2023,99143.5180243123
Cyprus,CYP,GDP per capita (current US$),NY.GDP.PCAP.CD,2023,36623.69140625
Czechia,CZE,GDP per capita (current US$),NY.GDP.PCAP.CD,2023,31761.5944102491
Germany,DEU,GDP per capita (current US$),NY.GDP.PCAP.CD,2023,54776.7668235491
Djibouti,DJI,GDP per capita (current US$),NY.GDP.PCAP.CD,2023,3381.29779710722
Dominica,DMA,GDP per capita (current US$),NY.GDP.PCAP.CD,2023,9912.96212766668
Denmark,DNK,GDP per capita (current US$),NY.GDP.PCAP.CD,2023,68043.5466971243
Dominican Republic,DOM,GDP per capita (current US$),NY.GDP.PCAP.CD,2023,10630.431743829
Algeria,DZA,GDP per capita (current US$),NY.GDP.PCAP.CD,2023,5370.477235078
East Asia & Pacific (excluding high income),EAP,GDP per capita (current US$),NY.GDP.PCAP.CD,2023,10125.9095208645
Early-demographic dividend,EAR,GDP per capita (current US$),NY.GDP.PCAP.CD,2023,4252.59733415786
East Asia & Pacific,EAS,GDP per capita (current US$),NY.GDP.PCAP.CD,2023,13176.1786055635
Europe & Central Asia (excluding high income),ECA,GDP per capita (current US$),NY.GDP.PCAP.CD,2023,8617.04840986329
Europe & Central Asia,ECS,GDP per capita (current US$),NY.GDP.PCAP.CD,2023,29988.9022903108
Ecuador,ECU,GDP per capita (current US$),NY.GDP.PCAP.CD,2023,6737.84748379638
"Egypt, Arab Rep.",EGY,GDP per capita (current US$),NY.GDP.PCAP.CD,2023,3456.78968456253
Euro area,EMU,GDP per capita (current US$),NY.GDP.PCAP.CD,2023,45330.1093015768
Spain,ESP,GDP per capita (current US$),NY.GDP.PCAP.CD,2023,33493.2225409111
Estonia,EST,GDP per capita (current US$),NY.GDP.PCAP.CD,2023,30264.0064885057
Ethiopia,ETH,GDP per capita (current US$),NY.GDP.PCAP.CD,2023,1055.81091592527
European Union,EUU,GDP per capita (current US$),NY.GDP.PCAP.CD,2023,41566.5741100785
Fragile and conflict affected situations,FCS,GDP per capita (current US$),NY.GDP.PCAP.CD,2023,1682.75058845476
Finland,FIN,GDP per capita (current US$),NY.GDP.PCAP.CD,2023,52834.2916752703
Fiji,FJI,GDP per capita (current US$),NY.GDP.PCAP.CD,2023,5926.20586394763
France,FRA,GDP per capita (current US$),NY.GDP.PCAP.CD,2023,44700.1384177544
Faroe Islands,FRO,GDP per capita (current US$),NY.GDP.PCAP.CD,2023,72465.3769660215
"Micronesia, Fed. Sts.",FSM,GDP per capita (current US$),NY.GDP.PCAP.CD,2023,3919.64307910859
Gabon,GAB,GDP per capita (current US$),NY.GDP.PCAP.CD,2023,7802.82433276138
United Kingdom,GBR,GDP per capita (current US$),NY.GDP.PCAP.CD,2023,49944.4702124201
Georgia,GEO,GDP per capita (current US$),NY.GDP.PCAP.CD,2023,8283.66960652261
Ghana,GHA,GDP per capita (current US$),NY.GDP.PCAP.CD,2023,2383.90410483418
Guinea,GIN,GDP per capita (current US$),NY.GDP.PCAP.CD,2023,1555.49375806861
"Gambia, The",GMB,GDP per capita (current US$),NY.GDP.PCAP.CD,2023,883.024111719809
Guinea-Bissau,GNB,GDP per capita (current US$),NY.GDP.PCAP.CD,2023,988.087886357022
Equatorial Guinea,GNQ,GDP per capita (current US$),NY.GDP.PCAP.CD,2023,6677.793435386
Greece,GRC,GDP per capita (current US$),NY.GDP.PCAP.CD,2023,23343.7103964562
Grenada,GRD,GDP per capita (current US$),NY.GDP.PCAP.CD,2023,11414.4781691181
Greenland,GRL,GDP per capita (current US$),NY.GDP.PCAP.CD,2023,58498.9707973609
Guatemala,GTM,GDP per capita (current US$),NY.GDP.PCAP.CD,2023,5758.32760847852
Guyana,GUY,GDP per capita (current US$),NY.GDP.PCAP.CD,2023,20473.7002190617
High income,HIC,GDP per capita (current US$),NY.GDP.PCAP.CD,2023,48608.1947665895
"Hong Kong SAR, China",HKG,GDP per capita (current US$),NY.GDP.PCAP.CD,2023,50562.3633144379
Honduras,HND,GDP per capita (current US$),NY.GDP.PCAP.CD,2023,3227.45762509776
Heavily indebted poor countries (HIPC),HPC,GDP per capita (current US$),NY.GDP.PCAP.CD,2023,1155.90445279924
Croatia,HRV,GDP per capita (current US$),NY.GDP.PCAP.CD,2023,22184.2279304842
Haiti,HTI,GDP per capita (current US$),NY.GDP.PCAP.CD,2023,1705.75808460999
Hungary,HUN,GDP per capita (current US$),NY.GDP.PCAP.CD,2023,22230.6277875187
IBRD only,IBD,GDP per capita (current US$),NY.GDP.PCAP.CD,2023,7925.3992413749
IDA & IBRD total,IBT,GDP per capita (current US$),NY.GDP.PCAP.CD,2023,6149.50554558945
IDA total,IDA,GDP per capita (current US$),NY.GDP.PCAP.CD,2023,1536.08719237098
IDA blend,IDB,GDP per capita (current US$),NY.GDP.PCAP.CD,2023,1915.31328433422
Indonesia,IDN,GDP per capita (current US$),NY.GDP.PCAP.CD,2023,4876.30774512252
IDA only,IDX,GDP per capita (current US$),NY.GDP.PCAP.CD,2023,1333.20971979026
India,IND,GDP per capita (current US$),NY.GDP.PCAP.CD,2023,2530.12031278204
Ireland,IRL,GDP per capita (current US$),NY.GDP.PCAP.CD,2023,106818.917130804
"Iran, Islamic Rep.",IRN,GDP per capita (current US$),NY.GDP.PCAP.CD,2023,5049.29931642754
Iraq,IRQ,GDP per capita (current US$),NY.GDP.PCAP.CD,2023,5965.31835077761
Iceland,ISL,GDP per capita (current US$),NY.GDP.PCAP.CD,2023,82138.7892973557
Israel,ISR,GDP per capita (current US$),NY.GDP.PCAP.CD,2023,52003.7200729997
Italy,ITA,GDP per capita (current US$),NY.GDP.PCAP.CD,2023,39277.0838783918
Jamaica,JAM,GDP per capita (current US$),NY.GDP.PCAP.CD,2023,7542.40084275345
Jordan,JOR,GDP per capita (current US$),NY.GDP.PCAP.CD,2023,4466.08314208575
Japan,JPN,GDP per capita (current US$),NY.GDP.PCAP.CD,2023,33836.1756271617
Kazakhstan,KAZ,GDP per capita (current US$),NY.GDP.PCAP.CD,2023,12879.4275257974
Kenya,KEN,GDP per capita (current US$),NY.GDP.PCAP.CD,2023,1942.58802756191
Kyrgyz Republic,KGZ,GDP per capita (current US$),NY.GDP.PCAP.CD,2023,2138.22210211478
Cambodia,KHM,GDP per capita (current US$),NY.GDP.PCAP.CD,2023,2429.74853452838
Kiribati,KIR,GDP per capita (current US$),NY.GDP.PCAP.CD,2023,2177.70125812262
St. Kitts and Nevis,KNA,GDP per capita (current US$),NY.GDP.PCAP.CD,2023,22576.9248439166
"Korea, Rep.",KOR,GDP per capita (current US$),NY.GDP.PCAP.CD,2023,35674.095995632
Kuwait,KWT,GDP per capita (current US$),NY.GDP.PCAP.CD,2023,34075.849012909
Latin America & Caribbean (excluding high income),LAC,GDP per capita (current US$),NY.GDP.PCAP.CD,2023,10196.271088969
Lao PDR,LAO,GDP per capita (current US$),NY.GDP.PCAP.CD,2023,2066.94979776957
Lebanon,LBN,GDP per capita (current US$),NY.GDP.PCAP.CD,2023,3477.72489842684
Liberia,LBR,GDP per capita (current US$),NY.GDP.PCAP.CD,2023,799.194470229642
Libya,LBY,GDP per capita (current US$),NY.GDP.PCAP.CD,2023,6026.51518708812
St. Lucia,LCA,GDP per capita (current US$),NY.GDP.PCAP.CD,2023,13554.7684784933
Latin America & Caribbean,LCN,GDP per capita (current US$),NY.GDP.PCAP.CD,2023,10508.6472548025
Least developed countries: UN classification,LDC,GDP per capita (current US$),NY.GDP.PCAP.CD,2023,1257.69806699331
Low income,LIC,GDP per capita (current US$),NY.GDP.PCAP.CD,2023,714.151764242762
Liechtenstein,LIE,GDP per capita (current US$),NY.GDP.PCAP.CD,2023,206780.590353385
Sri Lanka,LKA,GDP per capita (current US$),NY.GDP.PCAP.CD,2023,3798.89016573011
Lower middle income,LMC,GDP per capita (current US$),NY.GDP.PCAP.CD,2023,2493.38985253651
Low & middle income,LMY,GDP per capita (current US$),NY.GDP.PCAP.CD,2023,5856.29495195922
Lesotho,LSO,GDP per capita (current US$),NY.GDP.PCAP.CD,2023,916.282976983803
Late-demographic dividend,LTE,GDP per capita (current US$),NY.GDP.PCAP.CD,2023,12437.9861721907
Lithuania,LTU,GDP per capita (current US$),NY.GDP.PCAP.CD,2023,27786.0057829276
Luxembourg,LUX,GDP per capita (current US$),NY.GDP.PCAP.CD,2023,133230.619178899
Latvia,LVA,GDP per capita (current US$),NY.GDP.PCAP.CD,2023,22710.2637544197
"Macao SAR, China",MAC,GDP per capita (current US$),NY.GDP.PCAP.CD,2023,67216.3631112124
Morocco,MAR,GDP per capita (current US$),NY.GDP.PCAP.CD,2023,3813.72607421875
Monaco,MCO,GDP per capita (current US$),NY.GDP.PCAP.CD,2023,256799.788612806
Moldova,MDA,GDP per capita (current US$),NY.GDP.PCAP.CD,2023,6799.58594644576
Madagascar,MDG,GDP per capita (current US$),NY.GDP.PCAP.CD,2023,508.718427705591
Maldives,MDV,GDP per capita (current US$),NY.GDP.PCAP.CD,2023,12587.6126038651
"Middle East, North Africa, Afghanistan & Pakistan",MEA,GDP per capita (current US$),NY.GDP.PCAP.CD,2023,6149.061198935
Mexico,MEX,GDP per capita (current US$),NY.GDP.PCAP.CD,2023,13860.9597809326
Marshall Islands,MHL,GDP per capita (current US$),NY.GDP.PCAP.CD,2023,6793.24495895856
Middle income,MIC,GDP per capita (current US$),NY.GDP.PCAP.CD,2023,6386.30246387838
North Macedonia,MKD,GDP per capita (current US$),NY.GDP.PCAP.CD,2023,8674.35846327485
Mali,MLI,GDP per capita (current US$),NY.GDP.PCAP.CD,2023,1043.9533853528
Malta,MLT,GDP per capita (current US$),NY.GDP.PCAP.CD,2023,40905.8059585057
Myanmar,MMR,GDP per capita (current US$),NY.GDP.PCAP.CD,2023,1233.19666209269
"Middle East, North Africa, Afghanistan & Pakistan (excluding high income)",MNA,GDP per capita (current US$),NY.GDP.PCAP.CD,2023,2873.03929302735
Montenegro,MNE,GDP per capita (current US$),NY.GDP.PCAP.CD,2023,12259.8775034436
Mongolia,MNG,GDP per capita (current US$),NY.GDP.PCAP.CD,2023,5838.63108083902
Mozambique,MOZ,GDP per capita (current US$),NY.GDP.PCAP.CD,2023,622.000297682823
Mauritania,MRT,GDP per capita (current US$),NY.GDP.PCAP.CD,2023,2135.78187606359
Mauritius,MUS,GDP per capita (current US$),NY.GDP.PCAP.CD,2023,11269.9684462139
Malawi,MWI,GDP per capita (current US$),NY.GDP.PCAP.CD,2023,633.214767978695
Malaysia,MYS,GDP per capita (current US$),NY.GDP.PCAP.CD,2023,11386.0395636528
North America,NAC,GDP per capita (current US$),NY.GDP.PCAP.CD,2023,78190.0640735535
Namibia,NAM,GDP per capita (current US$),NY.GDP.PCAP.CD,2023,4187.60500396525
New Caledonia,NCL,GDP per capita (current US$),NY.GDP.PCAP.CD,2023,33701.8923322781
Niger,NER,GDP per capita (current US$),NY.GDP.PCAP.CD,2023,638.336080897887
Nigeria,NGA,GDP per capita (current US$),NY.GDP.PCAP.CD,2023,2138.76383719983
Nicaragua,NIC,GDP per capita (current US$),NY.GDP.PCAP.CD,2023,2609.44492072931
Netherlands,NLD,GDP per capita (current US$),NY.GDP.PCAP.CD,2023,63515.6030780019
Norway,NOR,GDP per capita (current US$),NY.GDP.PCAP.CD,2023,87497.2179649556
Nepal,NPL,GDP per capita (current US$),NY.GDP.PCAP.CD,2023,1382.33055769304
Nauru,NRU,GDP per capita (current US$),NY.GDP.PCAP.CD,2023,12752.4723855838
New Zealand,NZL,GDP per capita (current US$),NY.GDP.PCAP.CD,2023,49075.9562832927
OECD members,OED,GDP per capita (current US$),NY.GDP.PCAP.CD,2023,46580.4448807226
Oman,OMN,GDP per capita (current US$),NY.GDP.PCAP.CD,2023,21027.7384778886
Other small states,OSS,GDP per capita (current US$),NY.GDP.PCAP.CD,2023,15334.1046502228
Pakistan,PAK,GDP per capita (current US$),NY.GDP.PCAP.CD,2023,1360.32417758419
Panama,PAN,GDP per capita (current US$),NY.GDP.PCAP.CD,2023,18797.1933994045
Peru,PER,GDP per capita (current US$),NY.GDP.PCAP.CD,2023,7887.54185920108
Philippines,PHL,GDP per capita (current US$),NY.GDP.PCAP.CD,2023,3804.08274131097
Palau,PLW,GDP per capita (current US$),NY.GDP.PCAP.CD,2023,15610.8231931032
Papua New Guinea,PNG,GDP per capita (current US$),NY.GDP.PCAP.CD,2023,2966.06830432055
Poland,POL,GDP per capita (current US$),NY.GDP.PCAP.CD,2023,22145.2660647429
Pre-demographic dividend,PRE,GDP per capita (current US$),NY.GDP.PCAP.CD,2023,1558.34344693401
Puerto Rico (US),PRI,GDP per capita (current US$),NY.GDP.PCAP.CD,2023,36980.7884784287
Portugal,PRT,GDP per capita (current US$),NY.GDP.PCAP.CD,2023,27634.6183139773
Paraguay,PRY,GDP per capita (current US$),NY.GDP.PCAP.CD,2023,6299.99026533713
West Bank and Gaza,PSE,GDP per capita (current US$),NY.GDP.PCAP.CD,2023,3455.02852911712
Pacific island small states,PSS,GDP per capita (current US$),NY.GDP.PCAP.CD,2023,4173.79964748513
Post-demographic dividend,PST,GDP per capita (current US$),NY.GDP.PCAP.CD,2023,53813.7418308677
French Polynesia,PYF,GDP per capita (current US$),NY.GDP.PCAP.CD,2023,21832.2831795569
Qatar,QAT,GDP per capita (current US$),NY.GDP.PCAP.CD,2023,81816.9797967481
Romania,ROU,GDP per capita (current US$),NY.GDP.PCAP.CD,2023,18244.4186876321
Russian Federation,RUS,GDP per capita (current US$),NY.GDP.PCAP.CD,2023,14159.3876953125
Rwanda,RWA,GDP per capita (current US$),NY.GDP.PCAP.CD,2023,1027.03446826565
South Asia,SAS,GDP per capita (current US$),NY.GDP.PCAP.CD,2023,2532.38988993306
Saudi Arabia,SAU,GDP per capita (current US$),NY.GDP.PCAP.CD,2023,36156.848337701
Sudan,SDN,GDP per capita (current US$),NY.GDP.PCAP.CD,2023,797.283447265625
Senegal,SEN,GDP per capita (current US$),NY.GDP.PCAP.CD,2023,1698.03387300843
Singapore,SGP,GDP per capita (current US$),NY.GDP.PCAP.CD,2023,85412.230345235
Solomon Islands,SLB,GDP per capita (current US$),NY.GDP.PCAP.CD,2023,1882.64394148042
Sierra Leone,SLE,GDP per capita (current US$),NY.GDP.PCAP.CD,2023,758.329137378248
El Salvador,SLV,GDP per capita (current US$),NY.GDP.PCAP.CD,2023,5365.44491399171
San Marino,SMR,GDP per capita (current US$),NY.GDP.PCAP.CD,2023,59879.7173015651
"Somalia, Fed. Rep.",SOM,GDP per capita (current US$),NY.GDP.PCAP.CD,2023,596.885985135589
Serbia,SRB,GDP per capita (current US$),NY.GDP.PCAP.CD,2023,12281.707946167
Sub-Saharan Africa (excluding high income),SSA,GDP per capita (current US$),NY.GDP.PCAP.CD,2023,1750.13136836946
Sub-Saharan Africa,SSF,GDP per capita (current US$),NY.GDP.PCAP.CD,2023,1680.77966672218
Small states,SST,GDP per capita (current US$),NY.GDP.PCAP.CD,2023,14346.3202783396
Sao Tome and Principe,STP,GDP per capita (current US$),NY.GDP.PCAP.CD,2023,2990.6606143535
Suriname,SUR,GDP per capita (current US$),NY.GDP.PCAP.CD,2023,5521.97602122638
Slovak Republic,SVK,GDP per capita (current US$),NY.GDP.PCAP.CD,2023,24614.8734642794
Slovenia,SVN,GDP per capita (current US$),NY.GDP.PCAP.CD,2023,32660.4753581346
Sweden,SWE,GDP per capita (current US$),NY.GDP.PCAP.CD,2023,54950.2834725622
Eswatini,SWZ,GDP per capita (current US$),NY.GDP.PCAP.CD,2023,3755.52111232464
Sint Maarten (Dutch part),SXM,GDP per capita (current US$),NY.GDP.PCAP.CD,2023,39451.8223361963
Seychelles,SYC,GDP per capita (current US$),NY.GDP.PCAP.CD,2023,18262.7115849287
Turks and Caicos Islands,TCA,GDP per capita (current US$),NY.GDP.PCAP.CD,2023,35470.2151608295
Chad,TCD,GDP per capita (current US$),NY.GDP.PCAP.CD,2023,949.333453674592
East Asia & Pacific (IDA & IBRD countries),TEA,GDP per capita (current US$),NY.GDP.PCAP.CD,2023,10239.8162178816
Europe & Central Asia (IDA & IBRD countries),TEC,GDP per capita (current US$),NY.GDP.PCAP.CD,2023,12129.8641155432
Togo,TGO,GDP per capita (current US$),NY.GDP.PCAP.CD,2023,1055.01727877926
Thailand,THA,GDP per capita (current US$),NY.GDP.PCAP.CD,2023,7195.10130919449
Tajikistan,TJK,GDP per capita (current US$),NY.GDP.PCAP.CD,2023,1178.47990060249
Turkmenistan,TKM,GDP per capita (current US$),NY.GDP.PCAP.CD,2023,6231.91323839698
Latin America & the Caribbean (IDA & IBRD countries),TLA,GDP per capita (current US$),NY.GDP.PCAP.CD,2023,10260.5196915782
Timor-Leste,TLS,GDP per capita (current US$),NY.GDP.PCAP.CD,2023,1502.41147438211
"Middle East, North Africa, Afghanistan & Pakistan (IDA & IBRD)",TMN,GDP per capita (current US$),NY.GDP.PCAP.CD,2023,2868.88626501212
Tonga,TON,GDP per capita (current US$),NY.GDP.PCAP.CD,2023,5651.59373063157
South Asia (IDA & IBRD),TSA,GDP per capita (current US$),NY.GDP.PCAP.CD,2023,2532.38988993306
Sub-Saharan Africa (IDA & IBRD countries),TSS,GDP per capita (current US$),NY.GDP.PCAP.CD,2023,1680.77966672218
Trinidad and Tobago,TTO,GDP per capita (current US$),NY.GDP.PCAP.CD,2023,18308.4536298575
Tunisia,TUN,GDP per capita (current US$),NY.GDP.PCAP.CD,2023,3951.11683376921
Turkiye,TUR,GDP per capita (current US$),NY.GDP.PCAP.CD,2023,13375.0947282864
Tuvalu,TUV,GDP per capita (current US$),NY.GDP.PCAP.CD,2023,6344.7750188689
Tanzania,TZA,GDP per capita (current US$),NY.GDP.PCAP.CD,2023,1224.00219726563
Uganda,UGA,GDP per capita (current US$),NY.GDP.PCAP.CD,2023,1002.30913917142
Ukraine,UKR,GDP per capita (current US$),NY.GDP.PCAP.CD,2023,5139.59814453125
Upper middle income,UMC,GDP per capita (current US$),NY.GDP.PCAP.CD,2023,10657.9686111279
Uruguay,URY,GDP per capita (current US$),NY.GDP.PCAP.CD,2023,23019.4221560046
United States,USA,GDP per capita (current US$),NY.GDP.PCAP.CD,2023,81032.262117545
Uzbekistan,UZB,GDP per capita (current US$),NY.GDP.PCAP.CD,2023,2878.96879292451
St. Vincent and the Grenadines,VCT,GDP per capita (current US$),NY.GDP.PCAP.CD,2023,10582.3656725229
"Venezuela, RB",VEN,GDP per capita (current US$),NY.GDP.PCAP.CD,2023,3617.43594578269
Viet Nam,VNM,GDP per capita (current US$),NY.GDP.PCAP.CD,2023,4323.35031982451
Vanuatu,VUT,GDP per capita (current US$),NY.GDP.PCAP.CD,2023,3482.61458237637
World,WLD,GDP per capita (current US$),NY.GDP.PCAP.CD,2023,13236.7163960917
Samoa,WSM,GDP per capita (current US$),NY.GDP.PCAP.CD,2023,4822.74084650019
Kosovo,XKX,GDP per capita (current US$),NY.GDP.PCAP.CD,2023,6221.20618847799
South Africa,ZAF,GDP per capita (current US$),NY.GDP.PCAP.CD,2023,6034.27208964673
Zambia,ZMB,GDP per capita (current US$),NY.GDP.PCAP.CD,2023,1330.72780576709
Zimbabwe,ZWE,GDP per capita (current US$),NY.GDP.PCAP.CD,2023,2195.22492079245
