country_name,country_code,indicator_name,indicator_code,year,value
Aruba,ABW,Secure Internet servers,IT.NET.SECR,2010,9.0
Afghanistan,AFG,Secure Internet servers,IT.NET.SECR,2010,14.0
Angola,AGO,Secure Internet servers,IT.NET.SECR,2010,30.0
Albania,ALB,Secure Internet servers,IT.NET.SECR,2010,12.0
Andorra,AND,Secure Internet servers,IT.NET.SECR,2010,58.0
United Arab Emirates,ARE,Secure Internet servers,IT.NET.SECR,2010,785.0
Argentina,ARG,Secure Internet servers,IT.NET.SECR,2010,1028.0
Armenia,ARM,Secure Internet servers,IT.NET.SECR,2010,30.0
American Samoa,ASM,Secure Internet servers,IT.NET.SECR,2010,3.0
Antigua and Barbuda,ATG,Secure Internet servers,IT.NET.SECR,2010,60.0
Australia,AUS,Secure Internet servers,IT.NET.SECR,2010,30906.0
Austria,AUT,Secure Internet servers,IT.NET.SECR,2010,5772.0
Azerbaijan,AZE,Secure Internet servers,IT.NET.SECR,2010,23.0
Burundi,BDI,Secure Internet servers,IT.NET.SECR,2010,4.0
Belgium,BEL,Secure Internet servers,IT.NET.SECR,2010,4378.0
Benin,BEN,Secure Internet servers,IT.NET.SECR,2010,1.0
Burkina Faso,BFA,Secure Internet servers,IT.NET.SECR,2010,4.0
Bangladesh,BGD,Secure Internet servers,IT.NET.SECR,2010,30.0
Bulgaria,BGR,Secure Internet servers,IT.NET.SECR,2010,461.0
Bahrain,BHR,Secure Internet servers,IT.NET.SECR,2010,93.0
"Bahamas, The",BHS,Secure Internet servers,IT.NET.SECR,2010,130.0
Bosnia and Herzegovina,BIH,Secure Internet servers,IT.NET.SECR,2010,44.0
Belarus,BLR,Secure Internet servers,IT.NET.SECR,2010,48.0
Belize,BLZ,Secure Internet servers,IT.NET.SECR,2010,69.0
Bermuda,BMU,Secure Internet servers,IT.NET.SECR,2010,232.0
Bolivia,BOL,Secure Internet servers,IT.NET.SECR,2010,58.0
Brazil,BRA,Secure Internet servers,IT.NET.SECR,2010,5529.0
Barbados,BRB,Secure Internet servers,IT.NET.SECR,2010,53.0
Brunei Darussalam,BRN,Secure Internet servers,IT.NET.SECR,2010,16.0
Bhutan,BTN,Secure Internet servers,IT.NET.SECR,2010,1.0
Botswana,BWA,Secure Internet servers,IT.NET.SECR,2010,9.0
Canada,CAN,Secure Internet servers,IT.NET.SECR,2010,43618.0
Switzerland,CHE,Secure Internet servers,IT.NET.SECR,2010,11343.0
Chile,CHL,Secure Internet servers,IT.NET.SECR,2010,790.0
China,CHN,Secure Internet servers,IT.NET.SECR,2010,1604.0
Cote d'Ivoire,CIV,Secure Internet servers,IT.NET.SECR,2010,11.0
Cameroon,CMR,Secure Internet servers,IT.NET.SECR,2010,7.0
"Congo, Dem. Rep.",COD,Secure Internet servers,IT.NET.SECR,2010,4.0
"Congo, Rep.",COG,Secure Internet servers,IT.NET.SECR,2010,0.0
Colombia,COL,Secure Internet servers,IT.NET.SECR,2010,475.0
Comoros,COM,Secure Internet servers,IT.NET.SECR,2010,0.0
Cabo Verde,CPV,Secure Internet servers,IT.NET.SECR,2010,12.0
Costa Rica,CRI,Secure Internet servers,IT.NET.SECR,2010,474.0
Cuba,CUB,Secure Internet servers,IT.NET.SECR,2010,1.0
Curacao,CUW,Secure Internet servers,IT.NET.SECR,2010,0.0
Cayman Islands,CYM,Secure Internet servers,IT.NET.SECR,2010,95.0
Cyprus,CYP,Secure Internet servers,IT.NET.SECR,2010,307.0
Czechia,CZE,Secure Internet servers,IT.NET.SECR,2010,3200.0
Germany,DEU,Secure Internet servers,IT.NET.SECR,2010,85810.0
Djibouti,DJI,Secure Internet servers,IT.NET.SECR,2010,4.0
Dominica,DMA,Secure Internet servers,IT.NET.SECR,2010,3.0
Denmark,DNK,Secure Internet servers,IT.NET.SECR,2010,8810.0
Dominican Republic,DOM,Secure Internet servers,IT.NET.SECR,2010,115.0
Algeria,DZA,Secure Internet servers,IT.NET.SECR,2010,13.0
Ecuador,ECU,Secure Internet servers,IT.NET.SECR,2010,159.0
"Egypt, Arab Rep.",EGY,Secure Internet servers,IT.NET.SECR,2010,205.0
Eritrea,ERI,Secure Internet servers,IT.NET.SECR,2010,1.0
Spain,ESP,Secure Internet servers,IT.NET.SECR,2010,9644.0
Estonia,EST,Secure Internet servers,IT.NET.SECR,2010,713.0
Ethiopia,ETH,Secure Internet servers,IT.NET.SECR,2010,3.0
Finland,FIN,Secure Internet servers,IT.NET.SECR,2010,5457.0
Fiji,FJI,Secure Internet servers,IT.NET.SECR,2010,13.0
France,FRA,Secure Internet servers,IT.NET.SECR,2010,18081.0
Faroe Islands,FRO,Secure Internet servers,IT.NET.SECR,2010,83.0
"Micronesia, Fed. Sts.",FSM,Secure Internet servers,IT.NET.SECR,2010,3.0
Gabon,GAB,Secure Internet servers,IT.NET.SECR,2010,4.0
United Kingdom,GBR,Secure Internet servers,IT.NET.SECR,2010,82563.0
Georgia,GEO,Secure Internet servers,IT.NET.SECR,2010,36.0
Ghana,GHA,Secure Internet servers,IT.NET.SECR,2010,22.0
Gibraltar,GIB,Secure Internet servers,IT.NET.SECR,2010,161.0
Guinea,GIN,Secure Internet servers,IT.NET.SECR,2010,1.0
"Gambia, The",GMB,Secure Internet servers,IT.NET.SECR,2010,8.0
Equatorial Guinea,GNQ,Secure Internet servers,IT.NET.SECR,2010,0.0
Greece,GRC,Secure Internet servers,IT.NET.SECR,2010,711.0
Grenada,GRD,Secure Internet servers,IT.NET.SECR,2010,10.0
Greenland,GRL,Secure Internet servers,IT.NET.SECR,2010,53.0
Guatemala,GTM,Secure Internet servers,IT.NET.SECR,2010,106.0
Guam,GUM,Secure Internet servers,IT.NET.SECR,2010,26.0
Guyana,GUY,Secure Internet servers,IT.NET.SECR,2010,1.0
"Hong Kong SAR, China",HKG,Secure Internet servers,IT.NET.SECR,2010,3143.0
Honduras,HND,Secure Internet servers,IT.NET.SECR,2010,50.0
Croatia,HRV,Secure Internet servers,IT.NET.SECR,2010,506.0
Haiti,HTI,Secure Internet servers,IT.NET.SECR,2010,2.0
Hungary,HUN,Secure Internet servers,IT.NET.SECR,2010,1677.0
Indonesia,IDN,Secure Internet servers,IT.NET.SECR,2010,396.0
Isle of Man,IMN,Secure Internet servers,IT.NET.SECR,2010,5.0
India,IND,Secure Internet servers,IT.NET.SECR,2010,2061.0
Ireland,IRL,Secure Internet servers,IT.NET.SECR,2010,4375.0
"Iran, Islamic Rep.",IRN,Secure Internet servers,IT.NET.SECR,2010,92.0
Iraq,IRQ,Secure Internet servers,IT.NET.SECR,2010,1.0
Iceland,ISL,Secure Internet servers,IT.NET.SECR,2010,742.0
Israel,ISR,Secure Internet servers,IT.NET.SECR,2010,3388.0
Italy,ITA,Secure Internet servers,IT.NET.SECR,2010,7532.0
Jamaica,JAM,Secure Internet servers,IT.NET.SECR,2010,68.0
Jordan,JOR,Secure Internet servers,IT.NET.SECR,2010,86.0
Japan,JPN,Secure Internet servers,IT.NET.SECR,2010,70810.0
Kazakhstan,KAZ,Secure Internet servers,IT.NET.SECR,2010,57.0
Kenya,KEN,Secure Internet servers,IT.NET.SECR,2010,65.0
Kyrgyz Republic,KGZ,Secure Internet servers,IT.NET.SECR,2010,10.0
Cambodia,KHM,Secure Internet servers,IT.NET.SECR,2010,10.0
Kiribati,KIR,Secure Internet servers,IT.NET.SECR,2010,0.0
St. Kitts and Nevis,KNA,Secure Internet servers,IT.NET.SECR,2010,27.0
"Korea, Rep.",KOR,Secure Internet servers,IT.NET.SECR,2010,8688.0
Kuwait,KWT,Secure Internet servers,IT.NET.SECR,2010,236.0
Lao PDR,LAO,Secure Internet servers,IT.NET.SECR,2010,3.0
Lebanon,LBN,Secure Internet servers,IT.NET.SECR,2010,83.0
Liberia,LBR,Secure Internet servers,IT.NET.SECR,2010,2.0
Libya,LBY,Secure Internet servers,IT.NET.SECR,2010,7.0
St. Lucia,LCA,Secure Internet servers,IT.NET.SECR,2010,8.0
Liechtenstein,LIE,Secure Internet servers,IT.NET.SECR,2010,137.0
Sri Lanka,LKA,Secure Internet servers,IT.NET.SECR,2010,72.0
Lesotho,LSO,Secure Internet servers,IT.NET.SECR,2010,1.0
Lithuania,LTU,Secure Internet servers,IT.NET.SECR,2010,549.0
Luxembourg,LUX,Secure Internet servers,IT.NET.SECR,2010,606.0
Latvia,LVA,Secure Internet servers,IT.NET.SECR,2010,477.0
"Macao SAR, China",MAC,Secure Internet servers,IT.NET.SECR,2010,113.0
St. Martin (French part),MAF,Secure Internet servers,IT.NET.SECR,2010,0.0
Morocco,MAR,Secure Internet servers,IT.NET.SECR,2010,51.0
Monaco,MCO,Secure Internet servers,IT.NET.SECR,2010,28.0
Moldova,MDA,Secure Internet servers,IT.NET.SECR,2010,38.0
Madagascar,MDG,Secure Internet servers,IT.NET.SECR,2010,6.0
Maldives,MDV,Secure Internet servers,IT.NET.SECR,2010,9.0
Mexico,MEX,Secure Internet servers,IT.NET.SECR,2010,1531.0
Marshall Islands,MHL,Secure Internet servers,IT.NET.SECR,2010,1.0
North Macedonia,MKD,Secure Internet servers,IT.NET.SECR,2010,41.0
Mali,MLI,Secure Internet servers,IT.NET.SECR,2010,7.0
Malta,MLT,Secure Internet servers,IT.NET.SECR,2010,686.0
Myanmar,MMR,Secure Internet servers,IT.NET.SECR,2010,1.0
Montenegro,MNE,Secure Internet servers,IT.NET.SECR,2010,13.0
Mongolia,MNG,Secure Internet servers,IT.NET.SECR,2010,25.0
Northern Mariana Islands,MNP,Secure Internet servers,IT.NET.SECR,2010,7.0
Mozambique,MOZ,Secure Internet servers,IT.NET.SECR,2010,18.0
Mauritania,MRT,Secure Internet servers,IT.NET.SECR,2010,6.0
Mauritius,MUS,Secure Internet servers,IT.NET.SECR,2010,38.0
Malawi,MWI,Secure Internet servers,IT.NET.SECR,2010,3.0
Malaysia,MYS,Secure Internet servers,IT.NET.SECR,2010,1267.0
Namibia,NAM,Secure Internet servers,IT.NET.SECR,2010,14.0
New Caledonia,NCL,Secure Internet servers,IT.NET.SECR,2010,32.0
Niger,NER,Secure Internet servers,IT.NET.SECR,2010,3.0
Nigeria,NGA,Secure Internet servers,IT.NET.SECR,2010,102.0
Nicaragua,NIC,Secure Internet servers,IT.NET.SECR,2010,27.0
Netherlands,NLD,Secure Internet servers,IT.NET.SECR,2010,34640.0
Norway,NOR,Secure Internet servers,IT.NET.SECR,2010,7614.0
Nepal,NPL,Secure Internet servers,IT.NET.SECR,2010,24.0
Nauru,NRU,Secure Internet servers,IT.NET.SECR,2010,0.0
New Zealand,NZL,Secure Internet servers,IT.NET.SECR,2010,6042.0
Oman,OMN,Secure Internet servers,IT.NET.SECR,2010,62.0
Pakistan,PAK,Secure Internet servers,IT.NET.SECR,2010,106.0
Panama,PAN,Secure Internet servers,IT.NET.SECR,2010,488.0
Peru,PER,Secure Internet servers,IT.NET.SECR,2010,301.0
Philippines,PHL,Secure Internet servers,IT.NET.SECR,2010,474.0
Palau,PLW,Secure Internet servers,IT.NET.SECR,2010,0.0
Papua New Guinea,PNG,Secure Internet servers,IT.NET.SECR,2010,11.0
Poland,POL,Secure Internet servers,IT.NET.SECR,2010,5897.0
Puerto Rico (US),PRI,Secure Internet servers,IT.NET.SECR,2010,354.0
"Korea, Dem. People's Rep.",PRK,Secure Internet servers,IT.NET.SECR,2010,0.0
Portugal,PRT,Secure Internet servers,IT.NET.SECR,2010,1717.0
Paraguay,PRY,Secure Internet servers,IT.NET.SECR,2010,38.0
West Bank and Gaza,PSE,Secure Internet servers,IT.NET.SECR,2010,14.0
French Polynesia,PYF,Secure Internet servers,IT.NET.SECR,2010,17.0
Qatar,QAT,Secure Internet servers,IT.NET.SECR,2010,115.0
Romania,ROU,Secure Internet servers,IT.NET.SECR,2010,790.0
Russian Federation,RUS,Secure Internet servers,IT.NET.SECR,2010,2442.0
Rwanda,RWA,Secure Internet servers,IT.NET.SECR,2010,9.0
Saudi Arabia,SAU,Secure Internet servers,IT.NET.SECR,2010,359.0
Sudan,SDN,Secure Internet servers,IT.NET.SECR,2010,8.0
Senegal,SEN,Secure Internet servers,IT.NET.SECR,2010,13.0
Singapore,SGP,Secure Internet servers,IT.NET.SECR,2010,2699.0
Solomon Islands,SLB,Secure Internet servers,IT.NET.SECR,2010,1.0
Sierra Leone,SLE,Secure Internet servers,IT.NET.SECR,2010,3.0
El Salvador,SLV,Secure Internet servers,IT.NET.SECR,2010,84.0
San Marino,SMR,Secure Internet servers,IT.NET.SECR,2010,30.0
"Somalia, Fed. Rep.",SOM,Secure Internet servers,IT.NET.SECR,2010,0.0
Serbia,SRB,Secure Internet servers,IT.NET.SECR,2010,54.0
Sao Tome and Principe,STP,Secure Internet servers,IT.NET.SECR,2010,0.0
Suriname,SUR,Secure Internet servers,IT.NET.SECR,2010,6.0
Slovak Republic,SVK,Secure Internet servers,IT.NET.SECR,2010,738.0
Slovenia,SVN,Secure Internet servers,IT.NET.SECR,2010,684.0
Sweden,SWE,Secure Internet servers,IT.NET.SECR,2010,11265.0
Eswatini,SWZ,Secure Internet servers,IT.NET.SECR,2010,5.0
Sint Maarten (Dutch part),SXM,Secure Internet servers,IT.NET.SECR,2010,0.0
Seychelles,SYC,Secure Internet servers,IT.NET.SECR,2010,6.0
Syrian Arab Republic,SYR,Secure Internet servers,IT.NET.SECR,2010,6.0
Turks and Caicos Islands,TCA,Secure Internet servers,IT.NET.SECR,2010,3.0
Chad,TCD,Secure Internet servers,IT.NET.SECR,2010,1.0
Togo,TGO,Secure Internet servers,IT.NET.SECR,2010,1.0
Thailand,THA,Secure Internet servers,IT.NET.SECR,2010,753.0
Tajikistan,TJK,Secure Internet servers,IT.NET.SECR,2010,2.0
Turkmenistan,TKM,Secure Internet servers,IT.NET.SECR,2010,1.0
Timor-Leste,TLS,Secure Internet servers,IT.NET.SECR,2010,2.0
Tonga,TON,Secure Internet servers,IT.NET.SECR,2010,1.0
Trinidad and Tobago,TTO,Secure Internet servers,IT.NET.SECR,2010,59.0
Tunisia,TUN,Secure Internet servers,IT.NET.SECR,2010,66.0
Turkiye,TUR,Secure Internet servers,IT.NET.SECR,2010,6245.0
Tanzania,TZA,Secure Internet servers,IT.NET.SECR,2010,22.0
Uganda,UGA,Secure Internet servers,IT.NET.SECR,2010,9.0
Ukraine,UKR,Secure Internet servers,IT.NET.SECR,2010,567.0
Uruguay,URY,Secure Internet servers,IT.NET.SECR,2010,120.0
United States,USA,Secure Internet servers,IT.NET.SECR,2010,767662.0
Uzbekistan,UZB,Secure Internet servers,IT.NET.SECR,2010,2.0
St. Vincent and the Grenadines,VCT,Secure Internet servers,IT.NET.SECR,2010,2.0
"Venezuela, RB",VEN,Secure Internet servers,IT.NET.SECR,2010,201.0
British Virgin Islands,VGB,Secure Internet servers,IT.NET.SECR,2010,17.0
Virgin Islands (U.S.),VIR,Secure Internet servers,IT.NET.SECR,2010,30.0
Viet Nam,VNM,Secure Internet servers,IT.NET.SECR,2010,202.0
Vanuatu,VUT,Secure Internet servers,IT.NET.SECR,2010,10.0
Samoa,WSM,Secure Internet servers,IT.NET.SECR,2010,5.0
"Yemen, Rep.",YEM,Secure Internet servers,IT.NET.SECR,2010,5.0
South Africa,ZAF,Secure Internet servers,IT.NET.SECR,2010,2667.0
Zambia,ZMB,Secure Internet servers,IT.NET.SECR,2010,5.0
Zimbabwe,ZWE,Secure Internet servers,IT.NET.SECR,2010,6.0
Aruba,ABW,Secure Internet servers,IT.NET.SECR,2011,13.0
Afghanistan,AFG,Secure Internet servers,IT.NET.SECR,2011,16.0
Angola,AGO,Secure Internet servers,IT.NET.SECR,2011,45.0
Albania,ALB,Secure Internet servers,IT.NET.SECR,2011,24.0
Andorra,AND,Secure Internet servers,IT.NET.SECR,2011,79.0
United Arab Emirates,ARE,Secure Internet servers,IT.NET.SECR,2011,1124.0
Argentina,ARG,Secure Internet servers,IT.NET.SECR,2011,1404.0
Armenia,ARM,Secure Internet servers,IT.NET.SECR,2011,54.0
American Samoa,ASM,Secure Internet servers,IT.NET.SECR,2011,1.0
Antigua and Barbuda,ATG,Secure Internet servers,IT.NET.SECR,2011,73.0
Australia,AUS,Secure Internet servers,IT.NET.SECR,2011,48509.0
Austria,AUT,Secure Internet servers,IT.NET.SECR,2011,8966.0
Azerbaijan,AZE,Secure Internet servers,IT.NET.SECR,2011,45.0
Burundi,BDI,Secure Internet servers,IT.NET.SECR,2011,4.0
Belgium,BEL,Secure Internet servers,IT.NET.SECR,2011,6600.0
Benin,BEN,Secure Internet servers,IT.NET.SECR,2011,3.0
Burkina Faso,BFA,Secure Internet servers,IT.NET.SECR,2011,4.0
Bangladesh,BGD,Secure Internet servers,IT.NET.SECR,2011,73.0
Bulgaria,BGR,Secure Internet servers,IT.NET.SECR,2011,745.0
Bahrain,BHR,Secure Internet servers,IT.NET.SECR,2011,140.0
"Bahamas, The",BHS,Secure Internet servers,IT.NET.SECR,2011,149.0
Bosnia and Herzegovina,BIH,Secure Internet servers,IT.NET.SECR,2011,66.0
Belarus,BLR,Secure Internet servers,IT.NET.SECR,2011,86.0
Belize,BLZ,Secure Internet servers,IT.NET.SECR,2011,93.0
Bermuda,BMU,Secure Internet servers,IT.NET.SECR,2011,357.0
Bolivia,BOL,Secure Internet servers,IT.NET.SECR,2011,83.0
Brazil,BRA,Secure Internet servers,IT.NET.SECR,2011,8709.0
Barbados,BRB,Secure Internet servers,IT.NET.SECR,2011,70.0
Brunei Darussalam,BRN,Secure Internet servers,IT.NET.SECR,2011,23.0
Bhutan,BTN,Secure Internet servers,IT.NET.SECR,2011,2.0
Botswana,BWA,Secure Internet servers,IT.NET.SECR,2011,12.0
Canada,CAN,Secure Internet servers,IT.NET.SECR,2011,56383.0
Switzerland,CHE,Secure Internet servers,IT.NET.SECR,2011,19299.0
Chile,CHL,Secure Internet servers,IT.NET.SECR,2011,1110.0
China,CHN,Secure Internet servers,IT.NET.SECR,2011,2631.0
Cote d'Ivoire,CIV,Secure Internet servers,IT.NET.SECR,2011,14.0
Cameroon,CMR,Secure Internet servers,IT.NET.SECR,2011,9.0
"Congo, Dem. Rep.",COD,Secure Internet servers,IT.NET.SECR,2011,5.0
"Congo, Rep.",COG,Secure Internet servers,IT.NET.SECR,2011,1.0
Colombia,COL,Secure Internet servers,IT.NET.SECR,2011,680.0
Comoros,COM,Secure Internet servers,IT.NET.SECR,2011,1.0
Cabo Verde,CPV,Secure Internet servers,IT.NET.SECR,2011,14.0
Costa Rica,CRI,Secure Internet servers,IT.NET.SECR,2011,639.0
Cuba,CUB,Secure Internet servers,IT.NET.SECR,2011,0.0
Curacao,CUW,Secure Internet servers,IT.NET.SECR,2011,0.0
Cayman Islands,CYM,Secure Internet servers,IT.NET.SECR,2011,170.0
Cyprus,CYP,Secure Internet servers,IT.NET.SECR,2011,457.0
Czechia,CZE,Secure Internet servers,IT.NET.SECR,2011,4934.0
Germany,DEU,Secure Internet servers,IT.NET.SECR,2011,118157.0
Djibouti,DJI,Secure Internet servers,IT.NET.SECR,2011,6.0
Dominica,DMA,Secure Internet servers,IT.NET.SECR,2011,5.0
Denmark,DNK,Secure Internet servers,IT.NET.SECR,2011,13192.0
Dominican Republic,DOM,Secure Internet servers,IT.NET.SECR,2011,135.0
Algeria,DZA,Secure Internet servers,IT.NET.SECR,2011,18.0
Ecuador,ECU,Secure Internet servers,IT.NET.SECR,2011,211.0
"Egypt, Arab Rep.",EGY,Secure Internet servers,IT.NET.SECR,2011,252.0
Eritrea,ERI,Secure Internet servers,IT.NET.SECR,2011,1.0
Spain,ESP,Secure Internet servers,IT.NET.SECR,2011,12387.0
Estonia,EST,Secure Internet servers,IT.NET.SECR,2011,970.0
Ethiopia,ETH,Secure Internet servers,IT.NET.SECR,2011,4.0
Finland,FIN,Secure Internet servers,IT.NET.SECR,2011,8519.0
Fiji,FJI,Secure Internet servers,IT.NET.SECR,2011,21.0
France,FRA,Secure Internet servers,IT.NET.SECR,2011,26229.0
Faroe Islands,FRO,Secure Internet servers,IT.NET.SECR,2011,108.0
"Micronesia, Fed. Sts.",FSM,Secure Internet servers,IT.NET.SECR,2011,8.0
Gabon,GAB,Secure Internet servers,IT.NET.SECR,2011,31.0
United Kingdom,GBR,Secure Internet servers,IT.NET.SECR,2011,114622.0
Georgia,GEO,Secure Internet servers,IT.NET.SECR,2011,56.0
Ghana,GHA,Secure Internet servers,IT.NET.SECR,2011,33.0
Gibraltar,GIB,Secure Internet servers,IT.NET.SECR,2011,177.0
Guinea,GIN,Secure Internet servers,IT.NET.SECR,2011,1.0
"Gambia, The",GMB,Secure Internet servers,IT.NET.SECR,2011,4.0
Equatorial Guinea,GNQ,Secure Internet servers,IT.NET.SECR,2011,1.0
Greece,GRC,Secure Internet servers,IT.NET.SECR,2011,1031.0
Grenada,GRD,Secure Internet servers,IT.NET.SECR,2011,8.0
Greenland,GRL,Secure Internet servers,IT.NET.SECR,2011,63.0
Guatemala,GTM,Secure Internet servers,IT.NET.SECR,2011,153.0
Guam,GUM,Secure Internet servers,IT.NET.SECR,2011,29.0
Guyana,GUY,Secure Internet servers,IT.NET.SECR,2011,4.0
"Hong Kong SAR, China",HKG,Secure Internet servers,IT.NET.SECR,2011,4521.0
Honduras,HND,Secure Internet servers,IT.NET.SECR,2011,70.0
Croatia,HRV,Secure Internet servers,IT.NET.SECR,2011,739.0
Haiti,HTI,Secure Internet servers,IT.NET.SECR,2011,4.0
Hungary,HUN,Secure Internet servers,IT.NET.SECR,2011,2172.0
Indonesia,IDN,Secure Internet servers,IT.NET.SECR,2011,595.0
Isle of Man,IMN,Secure Internet servers,IT.NET.SECR,2011,21.0
India,IND,Secure Internet servers,IT.NET.SECR,2011,2842.0
Ireland,IRL,Secure Internet servers,IT.NET.SECR,2011,6907.0
"Iran, Islamic Rep.",IRN,Secure Internet servers,IT.NET.SECR,2011,127.0
Iraq,IRQ,Secure Internet servers,IT.NET.SECR,2011,8.0
Iceland,ISL,Secure Internet servers,IT.NET.SECR,2011,1043.0
Israel,ISR,Secure Internet servers,IT.NET.SECR,2011,5056.0
Italy,ITA,Secure Internet servers,IT.NET.SECR,2011,11306.0
Jamaica,JAM,Secure Internet servers,IT.NET.SECR,2011,91.0
Jordan,JOR,Secure Internet servers,IT.NET.SECR,2011,131.0
Japan,JPN,Secure Internet servers,IT.NET.SECR,2011,86878.0
Kazakhstan,KAZ,Secure Internet servers,IT.NET.SECR,2011,91.0
Kenya,KEN,Secure Internet servers,IT.NET.SECR,2011,95.0
Kyrgyz Republic,KGZ,Secure Internet servers,IT.NET.SECR,2011,8.0
Cambodia,KHM,Secure Internet servers,IT.NET.SECR,2011,18.0
Kiribati,KIR,Secure Internet servers,IT.NET.SECR,2011,0.0
St. Kitts and Nevis,KNA,Secure Internet servers,IT.NET.SECR,2011,72.0
"Korea, Rep.",KOR,Secure Internet servers,IT.NET.SECR,2011,10413.0
Kuwait,KWT,Secure Internet servers,IT.NET.SECR,2011,370.0
Lao PDR,LAO,Secure Internet servers,IT.NET.SECR,2011,6.0
Lebanon,LBN,Secure Internet servers,IT.NET.SECR,2011,160.0
Liberia,LBR,Secure Internet servers,IT.NET.SECR,2011,1.0
Libya,LBY,Secure Internet servers,IT.NET.SECR,2011,7.0
St. Lucia,LCA,Secure Internet servers,IT.NET.SECR,2011,9.0
Liechtenstein,LIE,Secure Internet servers,IT.NET.SECR,2011,272.0
Sri Lanka,LKA,Secure Internet servers,IT.NET.SECR,2011,106.0
Lesotho,LSO,Secure Internet servers,IT.NET.SECR,2011,2.0
Lithuania,LTU,Secure Internet servers,IT.NET.SECR,2011,757.0
Luxembourg,LUX,Secure Internet servers,IT.NET.SECR,2011,800.0
Latvia,LVA,Secure Internet servers,IT.NET.SECR,2011,673.0
"Macao SAR, China",MAC,Secure Internet servers,IT.NET.SECR,2011,145.0
St. Martin (French part),MAF,Secure Internet servers,IT.NET.SECR,2011,0.0
Morocco,MAR,Secure Internet servers,IT.NET.SECR,2011,76.0
Monaco,MCO,Secure Internet servers,IT.NET.SECR,2011,51.0
Moldova,MDA,Secure Internet servers,IT.NET.SECR,2011,69.0
Madagascar,MDG,Secure Internet servers,IT.NET.SECR,2011,9.0
Maldives,MDV,Secure Internet servers,IT.NET.SECR,2011,11.0
Mexico,MEX,Secure Internet servers,IT.NET.SECR,2011,2001.0
Marshall Islands,MHL,Secure Internet servers,IT.NET.SECR,2011,3.0
North Macedonia,MKD,Secure Internet servers,IT.NET.SECR,2011,46.0
Mali,MLI,Secure Internet servers,IT.NET.SECR,2011,7.0
Malta,MLT,Secure Internet servers,IT.NET.SECR,2011,849.0
Myanmar,MMR,Secure Internet servers,IT.NET.SECR,2011,1.0
Montenegro,MNE,Secure Internet servers,IT.NET.SECR,2011,17.0
Mongolia,MNG,Secure Internet servers,IT.NET.SECR,2011,35.0
Northern Mariana Islands,MNP,Secure Internet servers,IT.NET.SECR,2011,12.0
Mozambique,MOZ,Secure Internet servers,IT.NET.SECR,2011,30.0
Mauritania,MRT,Secure Internet servers,IT.NET.SECR,2011,4.0
Mauritius,MUS,Secure Internet servers,IT.NET.SECR,2011,55.0
Malawi,MWI,Secure Internet servers,IT.NET.SECR,2011,5.0
Malaysia,MYS,Secure Internet servers,IT.NET.SECR,2011,1650.0
Namibia,NAM,Secure Internet servers,IT.NET.SECR,2011,24.0
New Caledonia,NCL,Secure Internet servers,IT.NET.SECR,2011,44.0
Niger,NER,Secure Internet servers,IT.NET.SECR,2011,2.0
Nigeria,NGA,Secure Internet servers,IT.NET.SECR,2011,155.0
Nicaragua,NIC,Secure Internet servers,IT.NET.SECR,2011,33.0
Netherlands,NLD,Secure Internet servers,IT.NET.SECR,2011,53432.0
Norway,NOR,Secure Internet servers,IT.NET.SECR,2011,11560.0
Nepal,NPL,Secure Internet servers,IT.NET.SECR,2011,35.0
Nauru,NRU,Secure Internet servers,IT.NET.SECR,2011,1.0
New Zealand,NZL,Secure Internet servers,IT.NET.SECR,2011,8913.0
Oman,OMN,Secure Internet servers,IT.NET.SECR,2011,81.0
Pakistan,PAK,Secure Internet servers,IT.NET.SECR,2011,146.0
Panama,PAN,Secure Internet servers,IT.NET.SECR,2011,617.0
Peru,PER,Secure Internet servers,IT.NET.SECR,2011,433.0
Philippines,PHL,Secure Internet servers,IT.NET.SECR,2011,674.0
Palau,PLW,Secure Internet servers,IT.NET.SECR,2011,0.0
Papua New Guinea,PNG,Secure Internet servers,IT.NET.SECR,2011,18.0
Poland,POL,Secure Internet servers,IT.NET.SECR,2011,8655.0
Puerto Rico (US),PRI,Secure Internet servers,IT.NET.SECR,2011,496.0
"Korea, Dem. People's Rep.",PRK,Secure Internet servers,IT.NET.SECR,2011,0.0
Portugal,PRT,Secure Internet servers,IT.NET.SECR,2011,2256.0
Paraguay,PRY,Secure Internet servers,IT.NET.SECR,2011,54.0
West Bank and Gaza,PSE,Secure Internet servers,IT.NET.SECR,2011,20.0
French Polynesia,PYF,Secure Internet servers,IT.NET.SECR,2011,21.0
Qatar,QAT,Secure Internet servers,IT.NET.SECR,2011,193.0
Romania,ROU,Secure Internet servers,IT.NET.SECR,2011,1227.0
Russian Federation,RUS,Secure Internet servers,IT.NET.SECR,2011,4126.0
Rwanda,RWA,Secure Internet servers,IT.NET.SECR,2011,8.0
Saudi Arabia,SAU,Secure Internet servers,IT.NET.SECR,2011,577.0
Sudan,SDN,Secure Internet servers,IT.NET.SECR,2011,12.0
Senegal,SEN,Secure Internet servers,IT.NET.SECR,2011,13.0
Singapore,SGP,Secure Internet servers,IT.NET.SECR,2011,4810.0
Solomon Islands,SLB,Secure Internet servers,IT.NET.SECR,2011,4.0
Sierra Leone,SLE,Secure Internet servers,IT.NET.SECR,2011,4.0
El Salvador,SLV,Secure Internet servers,IT.NET.SECR,2011,99.0
San Marino,SMR,Secure Internet servers,IT.NET.SECR,2011,37.0
"Somalia, Fed. Rep.",SOM,Secure Internet servers,IT.NET.SECR,2011,0.0
Serbia,SRB,Secure Internet servers,IT.NET.SECR,2011,188.0
Sao Tome and Principe,STP,Secure Internet servers,IT.NET.SECR,2011,1.0
Suriname,SUR,Secure Internet servers,IT.NET.SECR,2011,10.0
Slovak Republic,SVK,Secure Internet servers,IT.NET.SECR,2011,1074.0
Slovenia,SVN,Secure Internet servers,IT.NET.SECR,2011,1025.0
Sweden,SWE,Secure Internet servers,IT.NET.SECR,2011,16174.0
Eswatini,SWZ,Secure Internet servers,IT.NET.SECR,2011,7.0
Sint Maarten (Dutch part),SXM,Secure Internet servers,IT.NET.SECR,2011,0.0
Seychelles,SYC,Secure Internet servers,IT.NET.SECR,2011,14.0
Syrian Arab Republic,SYR,Secure Internet servers,IT.NET.SECR,2011,7.0
Turks and Caicos Islands,TCA,Secure Internet servers,IT.NET.SECR,2011,8.0
Chad,TCD,Secure Internet servers,IT.NET.SECR,2011,2.0
Togo,TGO,Secure Internet servers,IT.NET.SECR,2011,2.0
Thailand,THA,Secure Internet servers,IT.NET.SECR,2011,1022.0
Tajikistan,TJK,Secure Internet servers,IT.NET.SECR,2011,6.0
Turkmenistan,TKM,Secure Internet servers,IT.NET.SECR,2011,1.0
Timor-Leste,TLS,Secure Internet servers,IT.NET.SECR,2011,2.0
Tonga,TON,Secure Internet servers,IT.NET.SECR,2011,1.0
Trinidad and Tobago,TTO,Secure Internet servers,IT.NET.SECR,2011,82.0
Tunisia,TUN,Secure Internet servers,IT.NET.SECR,2011,82.0
Turkiye,TUR,Secure Internet servers,IT.NET.SECR,2011,8689.0
Tanzania,TZA,Secure Internet servers,IT.NET.SECR,2011,27.0
Uganda,UGA,Secure Internet servers,IT.NET.SECR,2011,22.0
Ukraine,UKR,Secure Internet servers,IT.NET.SECR,2011,958.0
Uruguay,URY,Secure Internet servers,IT.NET.SECR,2011,197.0
United States,USA,Secure Internet servers,IT.NET.SECR,2011,930471.0
Uzbekistan,UZB,Secure Internet servers,IT.NET.SECR,2011,8.0
St. Vincent and the Grenadines,VCT,Secure Internet servers,IT.NET.SECR,2011,6.0
"Venezuela, RB",VEN,Secure Internet servers,IT.NET.SECR,2011,189.0
British Virgin Islands,VGB,Secure Internet servers,IT.NET.SECR,2011,22.0
Virgin Islands (U.S.),VIR,Secure Internet servers,IT.NET.SECR,2011,52.0
Viet Nam,VNM,Secure Internet servers,IT.NET.SECR,2011,327.0
Vanuatu,VUT,Secure Internet servers,IT.NET.SECR,2011,15.0
Samoa,WSM,Secure Internet servers,IT.NET.SECR,2011,7.0
"Yemen, Rep.",YEM,Secure Internet servers,IT.NET.SECR,2011,7.0
South Africa,ZAF,Secure Internet servers,IT.NET.SECR,2011,4281.0
Zambia,ZMB,Secure Internet servers,IT.NET.SECR,2011,13.0
Zimbabwe,ZWE,Secure Internet servers,IT.NET.SECR,2011,12.0
Aruba,ABW,Secure Internet servers,IT.NET.SECR,2012,26.0
Afghanistan,AFG,Secure Internet servers,IT.NET.SECR,2012,38.0
Angola,AGO,Secure Internet servers,IT.NET.SECR,2012,80.0
Albania,ALB,Secure Internet servers,IT.NET.SECR,2012,74.0
Andorra,AND,Secure Internet servers,IT.NET.SECR,2012,92.0
United Arab Emirates,ARE,Secure Internet servers,IT.NET.SECR,2012,2167.0
Argentina,ARG,Secure Internet servers,IT.NET.SECR,2012,2643.0
Armenia,ARM,Secure Internet servers,IT.NET.SECR,2012,87.0
American Samoa,ASM,Secure Internet servers,IT.NET.SECR,2012,1.0
Antigua and Barbuda,ATG,Secure Internet servers,IT.NET.SECR,2012,47.0
Australia,AUS,Secure Internet servers,IT.NET.SECR,2012,72472.0
Austria,AUT,Secure Internet servers,IT.NET.SECR,2012,13601.0
Azerbaijan,AZE,Secure Internet servers,IT.NET.SECR,2012,100.0
Burundi,BDI,Secure Internet servers,IT.NET.SECR,2012,4.0
Belgium,BEL,Secure Internet servers,IT.NET.SECR,2012,10633.0
Benin,BEN,Secure Internet servers,IT.NET.SECR,2012,9.0
Burkina Faso,BFA,Secure Internet servers,IT.NET.SECR,2012,10.0
Bangladesh,BGD,Secure Internet servers,IT.NET.SECR,2012,111.0
Bulgaria,BGR,Secure Internet servers,IT.NET.SECR,2012,1839.0
Bahrain,BHR,Secure Internet servers,IT.NET.SECR,2012,271.0
"Bahamas, The",BHS,Secure Internet servers,IT.NET.SECR,2012,193.0
Bosnia and Herzegovina,BIH,Secure Internet servers,IT.NET.SECR,2012,122.0
Belarus,BLR,Secure Internet servers,IT.NET.SECR,2012,241.0
Belize,BLZ,Secure Internet servers,IT.NET.SECR,2012,331.0
Bermuda,BMU,Secure Internet servers,IT.NET.SECR,2012,433.0
Bolivia,BOL,Secure Internet servers,IT.NET.SECR,2012,109.0
Brazil,BRA,Secure Internet servers,IT.NET.SECR,2012,14059.0
Barbados,BRB,Secure Internet servers,IT.NET.SECR,2012,83.0
Brunei Darussalam,BRN,Secure Internet servers,IT.NET.SECR,2012,49.0
Bhutan,BTN,Secure Internet servers,IT.NET.SECR,2012,8.0
Botswana,BWA,Secure Internet servers,IT.NET.SECR,2012,20.0
Canada,CAN,Secure Internet servers,IT.NET.SECR,2012,74500.0
Switzerland,CHE,Secure Internet servers,IT.NET.SECR,2012,27881.0
Chile,CHL,Secure Internet servers,IT.NET.SECR,2012,1791.0
China,CHN,Secure Internet servers,IT.NET.SECR,2012,5100.0
Cote d'Ivoire,CIV,Secure Internet servers,IT.NET.SECR,2012,39.0
Cameroon,CMR,Secure Internet servers,IT.NET.SECR,2012,19.0
"Congo, Dem. Rep.",COD,Secure Internet servers,IT.NET.SECR,2012,12.0
"Congo, Rep.",COG,Secure Internet servers,IT.NET.SECR,2012,8.0
Colombia,COL,Secure Internet servers,IT.NET.SECR,2012,1401.0
Comoros,COM,Secure Internet servers,IT.NET.SECR,2012,0.0
Cabo Verde,CPV,Secure Internet servers,IT.NET.SECR,2012,31.0
Costa Rica,CRI,Secure Internet servers,IT.NET.SECR,2012,767.0
Cuba,CUB,Secure Internet servers,IT.NET.SECR,2012,0.0
Curacao,CUW,Secure Internet servers,IT.NET.SECR,2012,2.0
Cayman Islands,CYM,Secure Internet servers,IT.NET.SECR,2012,232.0
Cyprus,CYP,Secure Internet servers,IT.NET.SECR,2012,1710.0
Czechia,CZE,Secure Internet servers,IT.NET.SECR,2012,8773.0
Germany,DEU,Secure Internet servers,IT.NET.SECR,2012,176527.0
Djibouti,DJI,Secure Internet servers,IT.NET.SECR,2012,1.0
Dominica,DMA,Secure Internet servers,IT.NET.SECR,2012,14.0
Denmark,DNK,Secure Internet servers,IT.NET.SECR,2012,17135.0
Dominican Republic,DOM,Secure Internet servers,IT.NET.SECR,2012,239.0
Algeria,DZA,Secure Internet servers,IT.NET.SECR,2012,46.0
Ecuador,ECU,Secure Internet servers,IT.NET.SECR,2012,371.0
"Egypt, Arab Rep.",EGY,Secure Internet servers,IT.NET.SECR,2012,437.0
Eritrea,ERI,Secure Internet servers,IT.NET.SECR,2012,0.0
Spain,ESP,Secure Internet servers,IT.NET.SECR,2012,18879.0
Estonia,EST,Secure Internet servers,IT.NET.SECR,2012,1661.0
Ethiopia,ETH,Secure Internet servers,IT.NET.SECR,2012,24.0
Finland,FIN,Secure Internet servers,IT.NET.SECR,2012,11939.0
Fiji,FJI,Secure Internet servers,IT.NET.SECR,2012,41.0
France,FRA,Secure Internet servers,IT.NET.SECR,2012,40871.0
Faroe Islands,FRO,Secure Internet servers,IT.NET.SECR,2012,150.0
"Micronesia, Fed. Sts.",FSM,Secure Internet servers,IT.NET.SECR,2012,12.0
Gabon,GAB,Secure Internet servers,IT.NET.SECR,2012,14.0
United Kingdom,GBR,Secure Internet servers,IT.NET.SECR,2012,159285.0
Georgia,GEO,Secure Internet servers,IT.NET.SECR,2012,163.0
Ghana,GHA,Secure Internet servers,IT.NET.SECR,2012,70.0
Gibraltar,GIB,Secure Internet servers,IT.NET.SECR,2012,266.0
Guinea,GIN,Secure Internet servers,IT.NET.SECR,2012,4.0
"Gambia, The",GMB,Secure Internet servers,IT.NET.SECR,2012,6.0
Equatorial Guinea,GNQ,Secure Internet servers,IT.NET.SECR,2012,0.0
Greece,GRC,Secure Internet servers,IT.NET.SECR,2012,1793.0
Grenada,GRD,Secure Internet servers,IT.NET.SECR,2012,17.0
Greenland,GRL,Secure Internet servers,IT.NET.SECR,2012,101.0
Guatemala,GTM,Secure Internet servers,IT.NET.SECR,2012,221.0
Guam,GUM,Secure Internet servers,IT.NET.SECR,2012,37.0
Guyana,GUY,Secure Internet servers,IT.NET.SECR,2012,5.0
"Hong Kong SAR, China",HKG,Secure Internet servers,IT.NET.SECR,2012,7138.0
Honduras,HND,Secure Internet servers,IT.NET.SECR,2012,93.0
Croatia,HRV,Secure Internet servers,IT.NET.SECR,2012,1336.0
Haiti,HTI,Secure Internet servers,IT.NET.SECR,2012,11.0
Hungary,HUN,Secure Internet servers,IT.NET.SECR,2012,3900.0
Indonesia,IDN,Secure Internet servers,IT.NET.SECR,2012,1320.0
Isle of Man,IMN,Secure Internet servers,IT.NET.SECR,2012,44.0
India,IND,Secure Internet servers,IT.NET.SECR,2012,5704.0
Ireland,IRL,Secure Internet servers,IT.NET.SECR,2012,11346.0
"Iran, Islamic Rep.",IRN,Secure Internet servers,IT.NET.SECR,2012,179.0
Iraq,IRQ,Secure Internet servers,IT.NET.SECR,2012,18.0
Iceland,ISL,Secure Internet servers,IT.NET.SECR,2012,1469.0
Israel,ISR,Secure Internet servers,IT.NET.SECR,2012,7123.0
Italy,ITA,Secure Internet servers,IT.NET.SECR,2012,18058.0
Jamaica,JAM,Secure Internet servers,IT.NET.SECR,2012,147.0
Jordan,JOR,Secure Internet servers,IT.NET.SECR,2012,250.0
Japan,JPN,Secure Internet servers,IT.NET.SECR,2012,116093.0
Kazakhstan,KAZ,Secure Internet servers,IT.NET.SECR,2012,202.0
Kenya,KEN,Secure Internet servers,IT.NET.SECR,2012,229.0
Kyrgyz Republic,KGZ,Secure Internet servers,IT.NET.SECR,2012,38.0
Cambodia,KHM,Secure Internet servers,IT.NET.SECR,2012,44.0
Kiribati,KIR,Secure Internet servers,IT.NET.SECR,2012,1.0
St. Kitts and Nevis,KNA,Secure Internet servers,IT.NET.SECR,2012,38.0
"Korea, Rep.",KOR,Secure Internet servers,IT.NET.SECR,2012,13470.0
Kuwait,KWT,Secure Internet servers,IT.NET.SECR,2012,629.0
Lao PDR,LAO,Secure Internet servers,IT.NET.SECR,2012,12.0
Lebanon,LBN,Secure Internet servers,IT.NET.SECR,2012,272.0
Liberia,LBR,Secure Internet servers,IT.NET.SECR,2012,2.0
Libya,LBY,Secure Internet servers,IT.NET.SECR,2012,9.0
St. Lucia,LCA,Secure Internet servers,IT.NET.SECR,2012,20.0
Liechtenstein,LIE,Secure Internet servers,IT.NET.SECR,2012,358.0
Sri Lanka,LKA,Secure Internet servers,IT.NET.SECR,2012,189.0
Lesotho,LSO,Secure Internet servers,IT.NET.SECR,2012,2.0
Lithuania,LTU,Secure Internet servers,IT.NET.SECR,2012,1344.0
Luxembourg,LUX,Secure Internet servers,IT.NET.SECR,2012,1232.0
Latvia,LVA,Secure Internet servers,IT.NET.SECR,2012,1141.0
"Macao SAR, China",MAC,Secure Internet servers,IT.NET.SECR,2012,215.0
St. Martin (French part),MAF,Secure Internet servers,IT.NET.SECR,2012,1.0
Morocco,MAR,Secure Internet servers,IT.NET.SECR,2012,113.0
Monaco,MCO,Secure Internet servers,IT.NET.SECR,2012,82.0
Moldova,MDA,Secure Internet servers,IT.NET.SECR,2012,130.0
Madagascar,MDG,Secure Internet servers,IT.NET.SECR,2012,15.0
Maldives,MDV,Secure Internet servers,IT.NET.SECR,2012,30.0
Mexico,MEX,Secure Internet servers,IT.NET.SECR,2012,3146.0
Marshall Islands,MHL,Secure Internet servers,IT.NET.SECR,2012,2.0
North Macedonia,MKD,Secure Internet servers,IT.NET.SECR,2012,94.0
Mali,MLI,Secure Internet servers,IT.NET.SECR,2012,14.0
Malta,MLT,Secure Internet servers,IT.NET.SECR,2012,1091.0
Myanmar,MMR,Secure Internet servers,IT.NET.SECR,2012,5.0
Montenegro,MNE,Secure Internet servers,IT.NET.SECR,2012,30.0
Mongolia,MNG,Secure Internet servers,IT.NET.SECR,2012,81.0
Northern Mariana Islands,MNP,Secure Internet servers,IT.NET.SECR,2012,12.0
Mozambique,MOZ,Secure Internet servers,IT.NET.SECR,2012,45.0
Mauritania,MRT,Secure Internet servers,IT.NET.SECR,2012,1.0
Mauritius,MUS,Secure Internet servers,IT.NET.SECR,2012,121.0
Malawi,MWI,Secure Internet servers,IT.NET.SECR,2012,20.0
Malaysia,MYS,Secure Internet servers,IT.NET.SECR,2012,2948.0
Namibia,NAM,Secure Internet servers,IT.NET.SECR,2012,64.0
New Caledonia,NCL,Secure Internet servers,IT.NET.SECR,2012,83.0
Niger,NER,Secure Internet servers,IT.NET.SECR,2012,4.0
Nigeria,NGA,Secure Internet servers,IT.NET.SECR,2012,290.0
Nicaragua,NIC,Secure Internet servers,IT.NET.SECR,2012,64.0
Netherlands,NLD,Secure Internet servers,IT.NET.SECR,2012,81309.0
Norway,NOR,Secure Internet servers,IT.NET.SECR,2012,15056.0
Nepal,NPL,Secure Internet servers,IT.NET.SECR,2012,63.0
Nauru,NRU,Secure Internet servers,IT.NET.SECR,2012,0.0
New Zealand,NZL,Secure Internet servers,IT.NET.SECR,2012,12618.0
Oman,OMN,Secure Internet servers,IT.NET.SECR,2012,212.0
Pakistan,PAK,Secure Internet servers,IT.NET.SECR,2012,240.0
Panama,PAN,Secure Internet servers,IT.NET.SECR,2012,877.0
Peru,PER,Secure Internet servers,IT.NET.SECR,2012,731.0
Philippines,PHL,Secure Internet servers,IT.NET.SECR,2012,1146.0
Palau,PLW,Secure Internet servers,IT.NET.SECR,2012,1.0
Papua New Guinea,PNG,Secure Internet servers,IT.NET.SECR,2012,47.0
Poland,POL,Secure Internet servers,IT.NET.SECR,2012,15198.0
Puerto Rico (US),PRI,Secure Internet servers,IT.NET.SECR,2012,609.0
"Korea, Dem. People's Rep.",PRK,Secure Internet servers,IT.NET.SECR,2012,0.0
Portugal,PRT,Secure Internet servers,IT.NET.SECR,2012,3767.0
Paraguay,PRY,Secure Internet servers,IT.NET.SECR,2012,96.0
West Bank and Gaza,PSE,Secure Internet servers,IT.NET.SECR,2012,46.0
French Polynesia,PYF,Secure Internet servers,IT.NET.SECR,2012,35.0
Qatar,QAT,Secure Internet servers,IT.NET.SECR,2012,380.0
Romania,ROU,Secure Internet servers,IT.NET.SECR,2012,2635.0
Russian Federation,RUS,Secure Internet servers,IT.NET.SECR,2012,8245.0
Rwanda,RWA,Secure Internet servers,IT.NET.SECR,2012,27.0
Saudi Arabia,SAU,Secure Internet servers,IT.NET.SECR,2012,1176.0
Sudan,SDN,Secure Internet servers,IT.NET.SECR,2012,16.0
Senegal,SEN,Secure Internet servers,IT.NET.SECR,2012,28.0
Singapore,SGP,Secure Internet servers,IT.NET.SECR,2012,10088.0
Solomon Islands,SLB,Secure Internet servers,IT.NET.SECR,2012,7.0
Sierra Leone,SLE,Secure Internet servers,IT.NET.SECR,2012,9.0
El Salvador,SLV,Secure Internet servers,IT.NET.SECR,2012,139.0
San Marino,SMR,Secure Internet servers,IT.NET.SECR,2012,50.0
"Somalia, Fed. Rep.",SOM,Secure Internet servers,IT.NET.SECR,2012,3.0
Serbia,SRB,Secure Internet servers,IT.NET.SECR,2012,382.0
Sao Tome and Principe,STP,Secure Internet servers,IT.NET.SECR,2012,1.0
Suriname,SUR,Secure Internet servers,IT.NET.SECR,2012,15.0
Slovak Republic,SVK,Secure Internet servers,IT.NET.SECR,2012,1934.0
Slovenia,SVN,Secure Internet servers,IT.NET.SECR,2012,1990.0
Sweden,SWE,Secure Internet servers,IT.NET.SECR,2012,22775.0
Eswatini,SWZ,Secure Internet servers,IT.NET.SECR,2012,9.0
Sint Maarten (Dutch part),SXM,Secure Internet servers,IT.NET.SECR,2012,0.0
Seychelles,SYC,Secure Internet servers,IT.NET.SECR,2012,20.0
Syrian Arab Republic,SYR,Secure Internet servers,IT.NET.SECR,2012,28.0
Turks and Caicos Islands,TCA,Secure Internet servers,IT.NET.SECR,2012,10.0
Chad,TCD,Secure Internet servers,IT.NET.SECR,2012,1.0
Togo,TGO,Secure Internet servers,IT.NET.SECR,2012,3.0
Thailand,THA,Secure Internet servers,IT.NET.SECR,2012,2095.0
Tajikistan,TJK,Secure Internet servers,IT.NET.SECR,2012,9.0
Turkmenistan,TKM,Secure Internet servers,IT.NET.SECR,2012,3.0
Timor-Leste,TLS,Secure Internet servers,IT.NET.SECR,2012,1.0
Tonga,TON,Secure Internet servers,IT.NET.SECR,2012,3.0
Trinidad and Tobago,TTO,Secure Internet servers,IT.NET.SECR,2012,142.0
Tunisia,TUN,Secure Internet servers,IT.NET.SECR,2012,117.0
Turkiye,TUR,Secure Internet servers,IT.NET.SECR,2012,16733.0
Tanzania,TZA,Secure Internet servers,IT.NET.SECR,2012,46.0
Uganda,UGA,Secure Internet servers,IT.NET.SECR,2012,58.0
Ukraine,UKR,Secure Internet servers,IT.NET.SECR,2012,1866.0
Uruguay,URY,Secure Internet servers,IT.NET.SECR,2012,285.0
United States,USA,Secure Internet servers,IT.NET.SECR,2012,1205823.0
Uzbekistan,UZB,Secure Internet servers,IT.NET.SECR,2012,27.0
St. Vincent and the Grenadines,VCT,Secure Internet servers,IT.NET.SECR,2012,10.0
"Venezuela, RB",VEN,Secure Internet servers,IT.NET.SECR,2012,355.0
British Virgin Islands,VGB,Secure Internet servers,IT.NET.SECR,2012,76.0
Virgin Islands (U.S.),VIR,Secure Internet servers,IT.NET.SECR,2012,68.0
Viet Nam,VNM,Secure Internet servers,IT.NET.SECR,2012,812.0
Vanuatu,VUT,Secure Internet servers,IT.NET.SECR,2012,24.0
Samoa,WSM,Secure Internet servers,IT.NET.SECR,2012,12.0
"Yemen, Rep.",YEM,Secure Internet servers,IT.NET.SECR,2012,13.0
South Africa,ZAF,Secure Internet servers,IT.NET.SECR,2012,7539.0
Zambia,ZMB,Secure Internet servers,IT.NET.SECR,2012,28.0
Zimbabwe,ZWE,Secure Internet servers,IT.NET.SECR,2012,47.0
Aruba,ABW,Secure Internet servers,IT.NET.SECR,2013,44.0
Afghanistan,AFG,Secure Internet servers,IT.NET.SECR,2013,46.0
Angola,AGO,Secure Internet servers,IT.NET.SECR,2013,119.0
Albania,ALB,Secure Internet servers,IT.NET.SECR,2013,103.0
Andorra,AND,Secure Internet servers,IT.NET.SECR,2013,79.0
United Arab Emirates,ARE,Secure Internet servers,IT.NET.SECR,2013,2533.0
Argentina,ARG,Secure Internet servers,IT.NET.SECR,2013,3117.0
Armenia,ARM,Secure Internet servers,IT.NET.SECR,2013,158.0
American Samoa,ASM,Secure Internet servers,IT.NET.SECR,2013,0.0
Antigua and Barbuda,ATG,Secure Internet servers,IT.NET.SECR,2013,65.0
Australia,AUS,Secure Internet servers,IT.NET.SECR,2013,81067.0
Austria,AUT,Secure Internet servers,IT.NET.SECR,2013,15751.0
Azerbaijan,AZE,Secure Internet servers,IT.NET.SECR,2013,158.0
Burundi,BDI,Secure Internet servers,IT.NET.SECR,2013,3.0
Belgium,BEL,Secure Internet servers,IT.NET.SECR,2013,14067.0
Benin,BEN,Secure Internet servers,IT.NET.SECR,2013,10.0
Burkina Faso,BFA,Secure Internet servers,IT.NET.SECR,2013,12.0
Bangladesh,BGD,Secure Internet servers,IT.NET.SECR,2013,146.0
Bulgaria,BGR,Secure Internet servers,IT.NET.SECR,2013,2343.0
Bahrain,BHR,Secure Internet servers,IT.NET.SECR,2013,326.0
"Bahamas, The",BHS,Secure Internet servers,IT.NET.SECR,2013,228.0
Bosnia and Herzegovina,BIH,Secure Internet servers,IT.NET.SECR,2013,147.0
Belarus,BLR,Secure Internet servers,IT.NET.SECR,2013,366.0
Belize,BLZ,Secure Internet servers,IT.NET.SECR,2013,351.0
Bermuda,BMU,Secure Internet servers,IT.NET.SECR,2013,474.0
Bolivia,BOL,Secure Internet servers,IT.NET.SECR,2013,150.0
Brazil,BRA,Secure Internet servers,IT.NET.SECR,2013,17456.0
Barbados,BRB,Secure Internet servers,IT.NET.SECR,2013,109.0
Brunei Darussalam,BRN,Secure Internet servers,IT.NET.SECR,2013,61.0
Bhutan,BTN,Secure Internet servers,IT.NET.SECR,2013,7.0
Botswana,BWA,Secure Internet servers,IT.NET.SECR,2013,22.0
Central African Republic,CAF,Secure Internet servers,IT.NET.SECR,2013,0.0
Canada,CAN,Secure Internet servers,IT.NET.SECR,2013,82897.0
Switzerland,CHE,Secure Internet servers,IT.NET.SECR,2013,31993.0
Chile,CHL,Secure Internet servers,IT.NET.SECR,2013,2239.0
China,CHN,Secure Internet servers,IT.NET.SECR,2013,6999.0
Cote d'Ivoire,CIV,Secure Internet servers,IT.NET.SECR,2013,54.0
Cameroon,CMR,Secure Internet servers,IT.NET.SECR,2013,28.0
"Congo, Dem. Rep.",COD,Secure Internet servers,IT.NET.SECR,2013,11.0
"Congo, Rep.",COG,Secure Internet servers,IT.NET.SECR,2013,9.0
Colombia,COL,Secure Internet servers,IT.NET.SECR,2013,1923.0
Comoros,COM,Secure Internet servers,IT.NET.SECR,2013,1.0
Cabo Verde,CPV,Secure Internet servers,IT.NET.SECR,2013,32.0
Costa Rica,CRI,Secure Internet servers,IT.NET.SECR,2013,1294.0
Curacao,CUW,Secure Internet servers,IT.NET.SECR,2013,202.0
Cayman Islands,CYM,Secure Internet servers,IT.NET.SECR,2013,225.0
Cyprus,CYP,Secure Internet servers,IT.NET.SECR,2013,1122.0
Czechia,CZE,Secure Internet servers,IT.NET.SECR,2013,11354.0
Germany,DEU,Secure Internet servers,IT.NET.SECR,2013,209774.0
Djibouti,DJI,Secure Internet servers,IT.NET.SECR,2013,4.0
Dominica,DMA,Secure Internet servers,IT.NET.SECR,2013,12.0
Denmark,DNK,Secure Internet servers,IT.NET.SECR,2013,19419.0
Dominican Republic,DOM,Secure Internet servers,IT.NET.SECR,2013,270.0
Algeria,DZA,Secure Internet servers,IT.NET.SECR,2013,68.0
Ecuador,ECU,Secure Internet servers,IT.NET.SECR,2013,482.0
"Egypt, Arab Rep.",EGY,Secure Internet servers,IT.NET.SECR,2013,563.0
Eritrea,ERI,Secure Internet servers,IT.NET.SECR,2013,0.0
Spain,ESP,Secure Internet servers,IT.NET.SECR,2013,22766.0
Estonia,EST,Secure Internet servers,IT.NET.SECR,2013,2127.0
Ethiopia,ETH,Secure Internet servers,IT.NET.SECR,2013,28.0
Finland,FIN,Secure Internet servers,IT.NET.SECR,2013,13736.0
Fiji,FJI,Secure Internet servers,IT.NET.SECR,2013,43.0
France,FRA,Secure Internet servers,IT.NET.SECR,2013,54208.0
Faroe Islands,FRO,Secure Internet servers,IT.NET.SECR,2013,166.0
"Micronesia, Fed. Sts.",FSM,Secure Internet servers,IT.NET.SECR,2013,11.0
Gabon,GAB,Secure Internet servers,IT.NET.SECR,2013,22.0
United Kingdom,GBR,Secure Internet servers,IT.NET.SECR,2013,181643.0
Georgia,GEO,Secure Internet servers,IT.NET.SECR,2013,237.0
Ghana,GHA,Secure Internet servers,IT.NET.SECR,2013,113.0
Gibraltar,GIB,Secure Internet servers,IT.NET.SECR,2013,269.0
Guinea,GIN,Secure Internet servers,IT.NET.SECR,2013,4.0
"Gambia, The",GMB,Secure Internet servers,IT.NET.SECR,2013,8.0
Equatorial Guinea,GNQ,Secure Internet servers,IT.NET.SECR,2013,1.0
Greece,GRC,Secure Internet servers,IT.NET.SECR,2013,2330.0
Grenada,GRD,Secure Internet servers,IT.NET.SECR,2013,19.0
Greenland,GRL,Secure Internet servers,IT.NET.SECR,2013,114.0
Guatemala,GTM,Secure Internet servers,IT.NET.SECR,2013,273.0
Guam,GUM,Secure Internet servers,IT.NET.SECR,2013,48.0
Guyana,GUY,Secure Internet servers,IT.NET.SECR,2013,7.0
"Hong Kong SAR, China",HKG,Secure Internet servers,IT.NET.SECR,2013,8339.0
Honduras,HND,Secure Internet servers,IT.NET.SECR,2013,117.0
Croatia,HRV,Secure Internet servers,IT.NET.SECR,2013,1689.0
Haiti,HTI,Secure Internet servers,IT.NET.SECR,2013,14.0
Hungary,HUN,Secure Internet servers,IT.NET.SECR,2013,5099.0
Indonesia,IDN,Secure Internet servers,IT.NET.SECR,2013,1970.0
Isle of Man,IMN,Secure Internet servers,IT.NET.SECR,2013,68.0
India,IND,Secure Internet servers,IT.NET.SECR,2013,7880.0
Ireland,IRL,Secure Internet servers,IT.NET.SECR,2013,12215.0
"Iran, Islamic Rep.",IRN,Secure Internet servers,IT.NET.SECR,2013,238.0
Iraq,IRQ,Secure Internet servers,IT.NET.SECR,2013,30.0
Iceland,ISL,Secure Internet servers,IT.NET.SECR,2013,1788.0
Israel,ISR,Secure Internet servers,IT.NET.SECR,2013,7740.0
Italy,ITA,Secure Internet servers,IT.NET.SECR,2013,22587.0
Jamaica,JAM,Secure Internet servers,IT.NET.SECR,2013,203.0
Jordan,JOR,Secure Internet servers,IT.NET.SECR,2013,294.0
Japan,JPN,Secure Internet servers,IT.NET.SECR,2013,134421.0
Kazakhstan,KAZ,Secure Internet servers,IT.NET.SECR,2013,296.0
Kenya,KEN,Secure Internet servers,IT.NET.SECR,2013,316.0
Kyrgyz Republic,KGZ,Secure Internet servers,IT.NET.SECR,2013,44.0
Cambodia,KHM,Secure Internet servers,IT.NET.SECR,2013,60.0
Kiribati,KIR,Secure Internet servers,IT.NET.SECR,2013,1.0
St. Kitts and Nevis,KNA,Secure Internet servers,IT.NET.SECR,2013,33.0
"Korea, Rep.",KOR,Secure Internet servers,IT.NET.SECR,2013,17000.0
Kuwait,KWT,Secure Internet servers,IT.NET.SECR,2013,790.0
Lao PDR,LAO,Secure Internet servers,IT.NET.SECR,2013,17.0
Lebanon,LBN,Secure Internet servers,IT.NET.SECR,2013,339.0
Liberia,LBR,Secure Internet servers,IT.NET.SECR,2013,2.0
Libya,LBY,Secure Internet servers,IT.NET.SECR,2013,36.0
St. Lucia,LCA,Secure Internet servers,IT.NET.SECR,2013,23.0
Liechtenstein,LIE,Secure Internet servers,IT.NET.SECR,2013,429.0
Sri Lanka,LKA,Secure Internet servers,IT.NET.SECR,2013,238.0
Lesotho,LSO,Secure Internet servers,IT.NET.SECR,2013,4.0
Lithuania,LTU,Secure Internet servers,IT.NET.SECR,2013,1882.0
Luxembourg,LUX,Secure Internet servers,IT.NET.SECR,2013,1765.0
Latvia,LVA,Secure Internet servers,IT.NET.SECR,2013,1430.0
"Macao SAR, China",MAC,Secure Internet servers,IT.NET.SECR,2013,240.0
St. Martin (French part),MAF,Secure Internet servers,IT.NET.SECR,2013,2.0
Morocco,MAR,Secure Internet servers,IT.NET.SECR,2013,182.0
Monaco,MCO,Secure Internet servers,IT.NET.SECR,2013,143.0
Moldova,MDA,Secure Internet servers,IT.NET.SECR,2013,168.0
Madagascar,MDG,Secure Internet servers,IT.NET.SECR,2013,16.0
Maldives,MDV,Secure Internet servers,IT.NET.SECR,2013,33.0
Mexico,MEX,Secure Internet servers,IT.NET.SECR,2013,3756.0
Marshall Islands,MHL,Secure Internet servers,IT.NET.SECR,2013,1.0
North Macedonia,MKD,Secure Internet servers,IT.NET.SECR,2013,135.0
Mali,MLI,Secure Internet servers,IT.NET.SECR,2013,16.0
Malta,MLT,Secure Internet servers,IT.NET.SECR,2013,1108.0
Myanmar,MMR,Secure Internet servers,IT.NET.SECR,2013,9.0
Montenegro,MNE,Secure Internet servers,IT.NET.SECR,2013,36.0
Mongolia,MNG,Secure Internet servers,IT.NET.SECR,2013,117.0
Northern Mariana Islands,MNP,Secure Internet servers,IT.NET.SECR,2013,24.0
Mozambique,MOZ,Secure Internet servers,IT.NET.SECR,2013,61.0
Mauritania,MRT,Secure Internet servers,IT.NET.SECR,2013,2.0
Mauritius,MUS,Secure Internet servers,IT.NET.SECR,2013,159.0
Malawi,MWI,Secure Internet servers,IT.NET.SECR,2013,23.0
Malaysia,MYS,Secure Internet servers,IT.NET.SECR,2013,3604.0
Namibia,NAM,Secure Internet servers,IT.NET.SECR,2013,74.0
New Caledonia,NCL,Secure Internet servers,IT.NET.SECR,2013,100.0
Niger,NER,Secure Internet servers,IT.NET.SECR,2013,5.0
Nigeria,NGA,Secure Internet servers,IT.NET.SECR,2013,382.0
Nicaragua,NIC,Secure Internet servers,IT.NET.SECR,2013,77.0
Netherlands,NLD,Secure Internet servers,IT.NET.SECR,2013,95253.0
Norway,NOR,Secure Internet servers,IT.NET.SECR,2013,16312.0
Nepal,NPL,Secure Internet servers,IT.NET.SECR,2013,79.0
Nauru,NRU,Secure Internet servers,IT.NET.SECR,2013,0.0
New Zealand,NZL,Secure Internet servers,IT.NET.SECR,2013,14188.0
Oman,OMN,Secure Internet servers,IT.NET.SECR,2013,281.0
Pakistan,PAK,Secure Internet servers,IT.NET.SECR,2013,328.0
Panama,PAN,Secure Internet servers,IT.NET.SECR,2013,990.0
Peru,PER,Secure Internet servers,IT.NET.SECR,2013,872.0
Philippines,PHL,Secure Internet servers,IT.NET.SECR,2013,1233.0
Palau,PLW,Secure Internet servers,IT.NET.SECR,2013,3.0
Papua New Guinea,PNG,Secure Internet servers,IT.NET.SECR,2013,60.0
Poland,POL,Secure Internet servers,IT.NET.SECR,2013,19695.0
Puerto Rico (US),PRI,Secure Internet servers,IT.NET.SECR,2013,665.0
"Korea, Dem. People's Rep.",PRK,Secure Internet servers,IT.NET.SECR,2013,0.0
Portugal,PRT,Secure Internet servers,IT.NET.SECR,2013,4420.0
Paraguay,PRY,Secure Internet servers,IT.NET.SECR,2013,154.0
West Bank and Gaza,PSE,Secure Internet servers,IT.NET.SECR,2013,60.0
French Polynesia,PYF,Secure Internet servers,IT.NET.SECR,2013,42.0
Qatar,QAT,Secure Internet servers,IT.NET.SECR,2013,486.0
Romania,ROU,Secure Internet servers,IT.NET.SECR,2013,3515.0
Russian Federation,RUS,Secure Internet servers,IT.NET.SECR,2013,11442.0
Rwanda,RWA,Secure Internet servers,IT.NET.SECR,2013,44.0
Saudi Arabia,SAU,Secure Internet servers,IT.NET.SECR,2013,1556.0
Sudan,SDN,Secure Internet servers,IT.NET.SECR,2013,14.0
Senegal,SEN,Secure Internet servers,IT.NET.SECR,2013,30.0
Singapore,SGP,Secure Internet servers,IT.NET.SECR,2013,13765.0
Solomon Islands,SLB,Secure Internet servers,IT.NET.SECR,2013,9.0
Sierra Leone,SLE,Secure Internet servers,IT.NET.SECR,2013,7.0
El Salvador,SLV,Secure Internet servers,IT.NET.SECR,2013,175.0
San Marino,SMR,Secure Internet servers,IT.NET.SECR,2013,69.0
"Somalia, Fed. Rep.",SOM,Secure Internet servers,IT.NET.SECR,2013,2.0
Serbia,SRB,Secure Internet servers,IT.NET.SECR,2013,484.0
Sao Tome and Principe,STP,Secure Internet servers,IT.NET.SECR,2013,2.0
Suriname,SUR,Secure Internet servers,IT.NET.SECR,2013,19.0
Slovak Republic,SVK,Secure Internet servers,IT.NET.SECR,2013,2673.0
Slovenia,SVN,Secure Internet servers,IT.NET.SECR,2013,2504.0
Sweden,SWE,Secure Internet servers,IT.NET.SECR,2013,25830.0
Eswatini,SWZ,Secure Internet servers,IT.NET.SECR,2013,11.0
Sint Maarten (Dutch part),SXM,Secure Internet servers,IT.NET.SECR,2013,12.0
Seychelles,SYC,Secure Internet servers,IT.NET.SECR,2013,32.0
Syrian Arab Republic,SYR,Secure Internet servers,IT.NET.SECR,2013,26.0
Turks and Caicos Islands,TCA,Secure Internet servers,IT.NET.SECR,2013,28.0
Chad,TCD,Secure Internet servers,IT.NET.SECR,2013,2.0
Togo,TGO,Secure Internet servers,IT.NET.SECR,2013,6.0
Thailand,THA,Secure Internet servers,IT.NET.SECR,2013,2649.0
Tajikistan,TJK,Secure Internet servers,IT.NET.SECR,2013,15.0
Turkmenistan,TKM,Secure Internet servers,IT.NET.SECR,2013,2.0
Timor-Leste,TLS,Secure Internet servers,IT.NET.SECR,2013,3.0
Tonga,TON,Secure Internet servers,IT.NET.SECR,2013,3.0
Trinidad and Tobago,TTO,Secure Internet servers,IT.NET.SECR,2013,181.0
Tunisia,TUN,Secure Internet servers,IT.NET.SECR,2013,170.0
Turkiye,TUR,Secure Internet servers,IT.NET.SECR,2013,20046.0
Tanzania,TZA,Secure Internet servers,IT.NET.SECR,2013,80.0
Uganda,UGA,Secure Internet servers,IT.NET.SECR,2013,66.0
Ukraine,UKR,Secure Internet servers,IT.NET.SECR,2013,2458.0
Uruguay,URY,Secure Internet servers,IT.NET.SECR,2013,386.0
United States,USA,Secure Internet servers,IT.NET.SECR,2013,1360046.0
Uzbekistan,UZB,Secure Internet servers,IT.NET.SECR,2013,41.0
St. Vincent and the Grenadines,VCT,Secure Internet servers,IT.NET.SECR,2013,7.0
"Venezuela, RB",VEN,Secure Internet servers,IT.NET.SECR,2013,443.0
British Virgin Islands,VGB,Secure Internet servers,IT.NET.SECR,2013,260.0
Virgin Islands (U.S.),VIR,Secure Internet servers,IT.NET.SECR,2013,73.0
Viet Nam,VNM,Secure Internet servers,IT.NET.SECR,2013,1286.0
Vanuatu,VUT,Secure Internet servers,IT.NET.SECR,2013,35.0
Samoa,WSM,Secure Internet servers,IT.NET.SECR,2013,14.0
"Yemen, Rep.",YEM,Secure Internet servers,IT.NET.SECR,2013,24.0
South Africa,ZAF,Secure Internet servers,IT.NET.SECR,2013,9298.0
Zambia,ZMB,Secure Internet servers,IT.NET.SECR,2013,45.0
Zimbabwe,ZWE,Secure Internet servers,IT.NET.SECR,2013,64.0
Aruba,ABW,Secure Internet servers,IT.NET.SECR,2014,59.0
Afghanistan,AFG,Secure Internet servers,IT.NET.SECR,2014,57.0
Angola,AGO,Secure Internet servers,IT.NET.SECR,2014,160.0
Albania,ALB,Secure Internet servers,IT.NET.SECR,2014,151.0
Andorra,AND,Secure Internet servers,IT.NET.SECR,2014,87.0
United Arab Emirates,ARE,Secure Internet servers,IT.NET.SECR,2014,3382.0
Argentina,ARG,Secure Internet servers,IT.NET.SECR,2014,3837.0
Armenia,ARM,Secure Internet servers,IT.NET.SECR,2014,182.0
American Samoa,ASM,Secure Internet servers,IT.NET.SECR,2014,24.0
Antigua and Barbuda,ATG,Secure Internet servers,IT.NET.SECR,2014,72.0
Australia,AUS,Secure Internet servers,IT.NET.SECR,2014,92461.0
Austria,AUT,Secure Internet servers,IT.NET.SECR,2014,20044.0
Azerbaijan,AZE,Secure Internet servers,IT.NET.SECR,2014,219.0
Burundi,BDI,Secure Internet servers,IT.NET.SECR,2014,6.0
Belgium,BEL,Secure Internet servers,IT.NET.SECR,2014,18047.0
Benin,BEN,Secure Internet servers,IT.NET.SECR,2014,11.0
Burkina Faso,BFA,Secure Internet servers,IT.NET.SECR,2014,13.0
Bangladesh,BGD,Secure Internet servers,IT.NET.SECR,2014,202.0
Bulgaria,BGR,Secure Internet servers,IT.NET.SECR,2014,4589.0
Bahrain,BHR,Secure Internet servers,IT.NET.SECR,2014,386.0
"Bahamas, The",BHS,Secure Internet servers,IT.NET.SECR,2014,274.0
Bosnia and Herzegovina,BIH,Secure Internet servers,IT.NET.SECR,2014,215.0
Belarus,BLR,Secure Internet servers,IT.NET.SECR,2014,579.0
Belize,BLZ,Secure Internet servers,IT.NET.SECR,2014,295.0
Bermuda,BMU,Secure Internet servers,IT.NET.SECR,2014,506.0
Bolivia,BOL,Secure Internet servers,IT.NET.SECR,2014,198.0
Brazil,BRA,Secure Internet servers,IT.NET.SECR,2014,22778.0
Barbados,BRB,Secure Internet servers,IT.NET.SECR,2014,136.0
Brunei Darussalam,BRN,Secure Internet servers,IT.NET.SECR,2014,99.0
Bhutan,BTN,Secure Internet servers,IT.NET.SECR,2014,13.0
Botswana,BWA,Secure Internet servers,IT.NET.SECR,2014,40.0
Central African Republic,CAF,Secure Internet servers,IT.NET.SECR,2014,1.0
Canada,CAN,Secure Internet servers,IT.NET.SECR,2014,95604.0
Switzerland,CHE,Secure Internet servers,IT.NET.SECR,2014,40108.0
Chile,CHL,Secure Internet servers,IT.NET.SECR,2014,2933.0
China,CHN,Secure Internet servers,IT.NET.SECR,2014,13314.0
Cote d'Ivoire,CIV,Secure Internet servers,IT.NET.SECR,2014,78.0
Cameroon,CMR,Secure Internet servers,IT.NET.SECR,2014,41.0
"Congo, Dem. Rep.",COD,Secure Internet servers,IT.NET.SECR,2014,26.0
"Congo, Rep.",COG,Secure Internet servers,IT.NET.SECR,2014,15.0
Colombia,COL,Secure Internet servers,IT.NET.SECR,2014,2571.0
Comoros,COM,Secure Internet servers,IT.NET.SECR,2014,3.0
Cabo Verde,CPV,Secure Internet servers,IT.NET.SECR,2014,39.0
Costa Rica,CRI,Secure Internet servers,IT.NET.SECR,2014,1463.0
Cuba,CUB,Secure Internet servers,IT.NET.SECR,2014,1.0
Curacao,CUW,Secure Internet servers,IT.NET.SECR,2014,227.0
Cayman Islands,CYM,Secure Internet servers,IT.NET.SECR,2014,264.0
Cyprus,CYP,Secure Internet servers,IT.NET.SECR,2014,2796.0
Czechia,CZE,Secure Internet servers,IT.NET.SECR,2014,14921.0
Germany,DEU,Secure Internet servers,IT.NET.SECR,2014,271517.0
Djibouti,DJI,Secure Internet servers,IT.NET.SECR,2014,8.0
Dominica,DMA,Secure Internet servers,IT.NET.SECR,2014,16.0
Denmark,DNK,Secure Internet servers,IT.NET.SECR,2014,24548.0
Dominican Republic,DOM,Secure Internet servers,IT.NET.SECR,2014,348.0
Algeria,DZA,Secure Internet servers,IT.NET.SECR,2014,94.0
Ecuador,ECU,Secure Internet servers,IT.NET.SECR,2014,665.0
"Egypt, Arab Rep.",EGY,Secure Internet servers,IT.NET.SECR,2014,725.0
Spain,ESP,Secure Internet servers,IT.NET.SECR,2014,29090.0
Estonia,EST,Secure Internet servers,IT.NET.SECR,2014,2885.0
Ethiopia,ETH,Secure Internet servers,IT.NET.SECR,2014,36.0
Finland,FIN,Secure Internet servers,IT.NET.SECR,2014,16433.0
Fiji,FJI,Secure Internet servers,IT.NET.SECR,2014,64.0
France,FRA,Secure Internet servers,IT.NET.SECR,2014,78843.0
Faroe Islands,FRO,Secure Internet servers,IT.NET.SECR,2014,174.0
"Micronesia, Fed. Sts.",FSM,Secure Internet servers,IT.NET.SECR,2014,13.0
Gabon,GAB,Secure Internet servers,IT.NET.SECR,2014,23.0
United Kingdom,GBR,Secure Internet servers,IT.NET.SECR,2014,210025.0
Georgia,GEO,Secure Internet servers,IT.NET.SECR,2014,309.0
Ghana,GHA,Secure Internet servers,IT.NET.SECR,2014,148.0
Gibraltar,GIB,Secure Internet servers,IT.NET.SECR,2014,343.0
Guinea,GIN,Secure Internet servers,IT.NET.SECR,2014,6.0
"Gambia, The",GMB,Secure Internet servers,IT.NET.SECR,2014,16.0
Guinea-Bissau,GNB,Secure Internet servers,IT.NET.SECR,2014,1.0
Equatorial Guinea,GNQ,Secure Internet servers,IT.NET.SECR,2014,3.0
Greece,GRC,Secure Internet servers,IT.NET.SECR,2014,3026.0
Grenada,GRD,Secure Internet servers,IT.NET.SECR,2014,20.0
Greenland,GRL,Secure Internet servers,IT.NET.SECR,2014,131.0
Guatemala,GTM,Secure Internet servers,IT.NET.SECR,2014,360.0
Guam,GUM,Secure Internet servers,IT.NET.SECR,2014,51.0
Guyana,GUY,Secure Internet servers,IT.NET.SECR,2014,11.0
"Hong Kong SAR, China",HKG,Secure Internet servers,IT.NET.SECR,2014,11232.0
Honduras,HND,Secure Internet servers,IT.NET.SECR,2014,144.0
Croatia,HRV,Secure Internet servers,IT.NET.SECR,2014,2122.0
Haiti,HTI,Secure Internet servers,IT.NET.SECR,2014,25.0
Hungary,HUN,Secure Internet servers,IT.NET.SECR,2014,6592.0
Indonesia,IDN,Secure Internet servers,IT.NET.SECR,2014,3006.0
Isle of Man,IMN,Secure Internet servers,IT.NET.SECR,2014,89.0
India,IND,Secure Internet servers,IT.NET.SECR,2014,10941.0
Ireland,IRL,Secure Internet servers,IT.NET.SECR,2014,13078.0
"Iran, Islamic Rep.",IRN,Secure Internet servers,IT.NET.SECR,2014,404.0
Iraq,IRQ,Secure Internet servers,IT.NET.SECR,2014,53.0
Iceland,ISL,Secure Internet servers,IT.NET.SECR,2014,2153.0
Israel,ISR,Secure Internet servers,IT.NET.SECR,2014,8287.0
Italy,ITA,Secure Internet servers,IT.NET.SECR,2014,29973.0
Jamaica,JAM,Secure Internet servers,IT.NET.SECR,2014,245.0
Jordan,JOR,Secure Internet servers,IT.NET.SECR,2014,346.0
Japan,JPN,Secure Internet servers,IT.NET.SECR,2014,175217.0
Kazakhstan,KAZ,Secure Internet servers,IT.NET.SECR,2014,465.0
Kenya,KEN,Secure Internet servers,IT.NET.SECR,2014,458.0
Kyrgyz Republic,KGZ,Secure Internet servers,IT.NET.SECR,2014,82.0
Cambodia,KHM,Secure Internet servers,IT.NET.SECR,2014,71.0
Kiribati,KIR,Secure Internet servers,IT.NET.SECR,2014,1.0
St. Kitts and Nevis,KNA,Secure Internet servers,IT.NET.SECR,2014,61.0
"Korea, Rep.",KOR,Secure Internet servers,IT.NET.SECR,2014,20634.0
Kuwait,KWT,Secure Internet servers,IT.NET.SECR,2014,956.0
Lao PDR,LAO,Secure Internet servers,IT.NET.SECR,2014,22.0
Lebanon,LBN,Secure Internet servers,IT.NET.SECR,2014,454.0
Liberia,LBR,Secure Internet servers,IT.NET.SECR,2014,4.0
Libya,LBY,Secure Internet servers,IT.NET.SECR,2014,36.0
St. Lucia,LCA,Secure Internet servers,IT.NET.SECR,2014,25.0
Liechtenstein,LIE,Secure Internet servers,IT.NET.SECR,2014,535.0
Sri Lanka,LKA,Secure Internet servers,IT.NET.SECR,2014,331.0
Lesotho,LSO,Secure Internet servers,IT.NET.SECR,2014,4.0
Lithuania,LTU,Secure Internet servers,IT.NET.SECR,2014,2208.0
Luxembourg,LUX,Secure Internet servers,IT.NET.SECR,2014,2511.0
Latvia,LVA,Secure Internet servers,IT.NET.SECR,2014,1824.0
"Macao SAR, China",MAC,Secure Internet servers,IT.NET.SECR,2014,297.0
St. Martin (French part),MAF,Secure Internet servers,IT.NET.SECR,2014,2.0
Morocco,MAR,Secure Internet servers,IT.NET.SECR,2014,244.0
Monaco,MCO,Secure Internet servers,IT.NET.SECR,2014,155.0
Moldova,MDA,Secure Internet servers,IT.NET.SECR,2014,237.0
Madagascar,MDG,Secure Internet servers,IT.NET.SECR,2014,27.0
Maldives,MDV,Secure Internet servers,IT.NET.SECR,2014,41.0
Mexico,MEX,Secure Internet servers,IT.NET.SECR,2014,4930.0
Marshall Islands,MHL,Secure Internet servers,IT.NET.SECR,2014,2.0
North Macedonia,MKD,Secure Internet servers,IT.NET.SECR,2014,203.0
Mali,MLI,Secure Internet servers,IT.NET.SECR,2014,25.0
Malta,MLT,Secure Internet servers,IT.NET.SECR,2014,1246.0
Myanmar,MMR,Secure Internet servers,IT.NET.SECR,2014,37.0
Montenegro,MNE,Secure Internet servers,IT.NET.SECR,2014,43.0
Mongolia,MNG,Secure Internet servers,IT.NET.SECR,2014,174.0
Northern Mariana Islands,MNP,Secure Internet servers,IT.NET.SECR,2014,24.0
Mozambique,MOZ,Secure Internet servers,IT.NET.SECR,2014,91.0
Mauritania,MRT,Secure Internet servers,IT.NET.SECR,2014,1.0
Mauritius,MUS,Secure Internet servers,IT.NET.SECR,2014,239.0
Malawi,MWI,Secure Internet servers,IT.NET.SECR,2014,31.0
Malaysia,MYS,Secure Internet servers,IT.NET.SECR,2014,4513.0
Namibia,NAM,Secure Internet servers,IT.NET.SECR,2014,97.0
New Caledonia,NCL,Secure Internet servers,IT.NET.SECR,2014,148.0
Niger,NER,Secure Internet servers,IT.NET.SECR,2014,5.0
Nigeria,NGA,Secure Internet servers,IT.NET.SECR,2014,528.0
Nicaragua,NIC,Secure Internet servers,IT.NET.SECR,2014,101.0
Netherlands,NLD,Secure Internet servers,IT.NET.SECR,2014,121508.0
Norway,NOR,Secure Internet servers,IT.NET.SECR,2014,18347.0
Nepal,NPL,Secure Internet servers,IT.NET.SECR,2014,99.0
New Zealand,NZL,Secure Internet servers,IT.NET.SECR,2014,15743.0
Oman,OMN,Secure Internet servers,IT.NET.SECR,2014,401.0
Pakistan,PAK,Secure Internet servers,IT.NET.SECR,2014,479.0
Panama,PAN,Secure Internet servers,IT.NET.SECR,2014,1283.0
Peru,PER,Secure Internet servers,IT.NET.SECR,2014,1130.0
Philippines,PHL,Secure Internet servers,IT.NET.SECR,2014,1619.0
Palau,PLW,Secure Internet servers,IT.NET.SECR,2014,2.0
Papua New Guinea,PNG,Secure Internet servers,IT.NET.SECR,2014,88.0
Poland,POL,Secure Internet servers,IT.NET.SECR,2014,25891.0
Puerto Rico (US),PRI,Secure Internet servers,IT.NET.SECR,2014,730.0
Portugal,PRT,Secure Internet servers,IT.NET.SECR,2014,5570.0
Paraguay,PRY,Secure Internet servers,IT.NET.SECR,2014,219.0
West Bank and Gaza,PSE,Secure Internet servers,IT.NET.SECR,2014,88.0
French Polynesia,PYF,Secure Internet servers,IT.NET.SECR,2014,49.0
Qatar,QAT,Secure Internet servers,IT.NET.SECR,2014,691.0
Romania,ROU,Secure Internet servers,IT.NET.SECR,2014,4912.0
Russian Federation,RUS,Secure Internet servers,IT.NET.SECR,2014,17310.0
Rwanda,RWA,Secure Internet servers,IT.NET.SECR,2014,63.0
Saudi Arabia,SAU,Secure Internet servers,IT.NET.SECR,2014,2189.0
Sudan,SDN,Secure Internet servers,IT.NET.SECR,2014,22.0
Senegal,SEN,Secure Internet servers,IT.NET.SECR,2014,43.0
Singapore,SGP,Secure Internet servers,IT.NET.SECR,2014,13915.0
Solomon Islands,SLB,Secure Internet servers,IT.NET.SECR,2014,8.0
Sierra Leone,SLE,Secure Internet servers,IT.NET.SECR,2014,5.0
El Salvador,SLV,Secure Internet servers,IT.NET.SECR,2014,216.0
San Marino,SMR,Secure Internet servers,IT.NET.SECR,2014,94.0
"Somalia, Fed. Rep.",SOM,Secure Internet servers,IT.NET.SECR,2014,4.0
Serbia,SRB,Secure Internet servers,IT.NET.SECR,2014,664.0
Sao Tome and Principe,STP,Secure Internet servers,IT.NET.SECR,2014,2.0
Suriname,SUR,Secure Internet servers,IT.NET.SECR,2014,37.0
Slovak Republic,SVK,Secure Internet servers,IT.NET.SECR,2014,3564.0
Slovenia,SVN,Secure Internet servers,IT.NET.SECR,2014,3213.0
Sweden,SWE,Secure Internet servers,IT.NET.SECR,2014,30531.0
Eswatini,SWZ,Secure Internet servers,IT.NET.SECR,2014,21.0
Sint Maarten (Dutch part),SXM,Secure Internet servers,IT.NET.SECR,2014,20.0
Seychelles,SYC,Secure Internet servers,IT.NET.SECR,2014,36.0
Syrian Arab Republic,SYR,Secure Internet servers,IT.NET.SECR,2014,24.0
Turks and Caicos Islands,TCA,Secure Internet servers,IT.NET.SECR,2014,31.0
Chad,TCD,Secure Internet servers,IT.NET.SECR,2014,2.0
Togo,TGO,Secure Internet servers,IT.NET.SECR,2014,18.0
Thailand,THA,Secure Internet servers,IT.NET.SECR,2014,3555.0
Tajikistan,TJK,Secure Internet servers,IT.NET.SECR,2014,14.0
Turkmenistan,TKM,Secure Internet servers,IT.NET.SECR,2014,4.0
Timor-Leste,TLS,Secure Internet servers,IT.NET.SECR,2014,7.0
Tonga,TON,Secure Internet servers,IT.NET.SECR,2014,4.0
Trinidad and Tobago,TTO,Secure Internet servers,IT.NET.SECR,2014,236.0
Tunisia,TUN,Secure Internet servers,IT.NET.SECR,2014,225.0
Turkiye,TUR,Secure Internet servers,IT.NET.SECR,2014,23067.0
Tanzania,TZA,Secure Internet servers,IT.NET.SECR,2014,116.0
Uganda,UGA,Secure Internet servers,IT.NET.SECR,2014,81.0
Ukraine,UKR,Secure Internet servers,IT.NET.SECR,2014,3382.0
Uruguay,URY,Secure Internet servers,IT.NET.SECR,2014,537.0
United States,USA,Secure Internet servers,IT.NET.SECR,2014,1633177.0
Uzbekistan,UZB,Secure Internet servers,IT.NET.SECR,2014,73.0
St. Vincent and the Grenadines,VCT,Secure Internet servers,IT.NET.SECR,2014,10.0
"Venezuela, RB",VEN,Secure Internet servers,IT.NET.SECR,2014,493.0
British Virgin Islands,VGB,Secure Internet servers,IT.NET.SECR,2014,442.0
Virgin Islands (U.S.),VIR,Secure Internet servers,IT.NET.SECR,2014,67.0
Viet Nam,VNM,Secure Internet servers,IT.NET.SECR,2014,1864.0
Vanuatu,VUT,Secure Internet servers,IT.NET.SECR,2014,30.0
Samoa,WSM,Secure Internet servers,IT.NET.SECR,2014,15.0
"Yemen, Rep.",YEM,Secure Internet servers,IT.NET.SECR,2014,36.0
South Africa,ZAF,Secure Internet servers,IT.NET.SECR,2014,12102.0
Zambia,ZMB,Secure Internet servers,IT.NET.SECR,2014,63.0
Zimbabwe,ZWE,Secure Internet servers,IT.NET.SECR,2014,108.0
Aruba,ABW,Secure Internet servers,IT.NET.SECR,2015,79.0
Afghanistan,AFG,Secure Internet servers,IT.NET.SECR,2015,74.0
Angola,AGO,Secure Internet servers,IT.NET.SECR,2015,227.0
Albania,ALB,Secure Internet servers,IT.NET.SECR,2015,197.0
Andorra,AND,Secure Internet servers,IT.NET.SECR,2015,158.0
United Arab Emirates,ARE,Secure Internet servers,IT.NET.SECR,2015,5434.0
Argentina,ARG,Secure Internet servers,IT.NET.SECR,2015,5317.0
Armenia,ARM,Secure Internet servers,IT.NET.SECR,2015,224.0
American Samoa,ASM,Secure Internet servers,IT.NET.SECR,2015,1.0
Antigua and Barbuda,ATG,Secure Internet servers,IT.NET.SECR,2015,65.0
Australia,AUS,Secure Internet servers,IT.NET.SECR,2015,108937.0
Austria,AUT,Secure Internet servers,IT.NET.SECR,2015,26636.0
Azerbaijan,AZE,Secure Internet servers,IT.NET.SECR,2015,321.0
Burundi,BDI,Secure Internet servers,IT.NET.SECR,2015,8.0
Belgium,BEL,Secure Internet servers,IT.NET.SECR,2015,22982.0
Benin,BEN,Secure Internet servers,IT.NET.SECR,2015,24.0
Burkina Faso,BFA,Secure Internet servers,IT.NET.SECR,2015,27.0
Bangladesh,BGD,Secure Internet servers,IT.NET.SECR,2015,314.0
Bulgaria,BGR,Secure Internet servers,IT.NET.SECR,2015,4880.0
Bahrain,BHR,Secure Internet servers,IT.NET.SECR,2015,450.0
"Bahamas, The",BHS,Secure Internet servers,IT.NET.SECR,2015,375.0
Bosnia and Herzegovina,BIH,Secure Internet servers,IT.NET.SECR,2015,282.0
Belarus,BLR,Secure Internet servers,IT.NET.SECR,2015,1021.0
Belize,BLZ,Secure Internet servers,IT.NET.SECR,2015,412.0
Bermuda,BMU,Secure Internet servers,IT.NET.SECR,2015,528.0
Bolivia,BOL,Secure Internet servers,IT.NET.SECR,2015,290.0
Brazil,BRA,Secure Internet servers,IT.NET.SECR,2015,32503.0
Barbados,BRB,Secure Internet servers,IT.NET.SECR,2015,164.0
Brunei Darussalam,BRN,Secure Internet servers,IT.NET.SECR,2015,238.0
Bhutan,BTN,Secure Internet servers,IT.NET.SECR,2015,14.0
Botswana,BWA,Secure Internet servers,IT.NET.SECR,2015,75.0
Central African Republic,CAF,Secure Internet servers,IT.NET.SECR,2015,1.0
Canada,CAN,Secure Internet servers,IT.NET.SECR,2015,120922.0
Switzerland,CHE,Secure Internet servers,IT.NET.SECR,2015,57464.0
Chile,CHL,Secure Internet servers,IT.NET.SECR,2015,4025.0
China,CHN,Secure Internet servers,IT.NET.SECR,2015,26989.0
Cote d'Ivoire,CIV,Secure Internet servers,IT.NET.SECR,2015,117.0
Cameroon,CMR,Secure Internet servers,IT.NET.SECR,2015,52.0
"Congo, Dem. Rep.",COD,Secure Internet servers,IT.NET.SECR,2015,39.0
"Congo, Rep.",COG,Secure Internet servers,IT.NET.SECR,2015,18.0
Colombia,COL,Secure Internet servers,IT.NET.SECR,2015,3389.0
Comoros,COM,Secure Internet servers,IT.NET.SECR,2015,1.0
Cabo Verde,CPV,Secure Internet servers,IT.NET.SECR,2015,39.0
Costa Rica,CRI,Secure Internet servers,IT.NET.SECR,2015,1517.0
Cuba,CUB,Secure Internet servers,IT.NET.SECR,2015,1.0
Curacao,CUW,Secure Internet servers,IT.NET.SECR,2015,399.0
Cayman Islands,CYM,Secure Internet servers,IT.NET.SECR,2015,307.0
Cyprus,CYP,Secure Internet servers,IT.NET.SECR,2015,2760.0
Czechia,CZE,Secure Internet servers,IT.NET.SECR,2015,21607.0
Germany,DEU,Secure Internet servers,IT.NET.SECR,2015,351083.0
Djibouti,DJI,Secure Internet servers,IT.NET.SECR,2015,10.0
Dominica,DMA,Secure Internet servers,IT.NET.SECR,2015,19.0
Denmark,DNK,Secure Internet servers,IT.NET.SECR,2015,34129.0
Dominican Republic,DOM,Secure Internet servers,IT.NET.SECR,2015,477.0
Algeria,DZA,Secure Internet servers,IT.NET.SECR,2015,152.0
Ecuador,ECU,Secure Internet servers,IT.NET.SECR,2015,1319.0
"Egypt, Arab Rep.",EGY,Secure Internet servers,IT.NET.SECR,2015,975.0
Eritrea,ERI,Secure Internet servers,IT.NET.SECR,2015,0.0
Spain,ESP,Secure Internet servers,IT.NET.SECR,2015,41316.0
Estonia,EST,Secure Internet servers,IT.NET.SECR,2015,4105.0
Ethiopia,ETH,Secure Internet servers,IT.NET.SECR,2015,33.0
Finland,FIN,Secure Internet servers,IT.NET.SECR,2015,18604.0
Fiji,FJI,Secure Internet servers,IT.NET.SECR,2015,79.0
France,FRA,Secure Internet servers,IT.NET.SECR,2015,126340.0
Faroe Islands,FRO,Secure Internet servers,IT.NET.SECR,2015,177.0
"Micronesia, Fed. Sts.",FSM,Secure Internet servers,IT.NET.SECR,2015,15.0
Gabon,GAB,Secure Internet servers,IT.NET.SECR,2015,32.0
United Kingdom,GBR,Secure Internet servers,IT.NET.SECR,2015,285617.0
Georgia,GEO,Secure Internet servers,IT.NET.SECR,2015,442.0
Ghana,GHA,Secure Internet servers,IT.NET.SECR,2015,200.0
Gibraltar,GIB,Secure Internet servers,IT.NET.SECR,2015,387.0
Guinea,GIN,Secure Internet servers,IT.NET.SECR,2015,9.0
"Gambia, The",GMB,Secure Internet servers,IT.NET.SECR,2015,17.0
Guinea-Bissau,GNB,Secure Internet servers,IT.NET.SECR,2015,3.0
Equatorial Guinea,GNQ,Secure Internet servers,IT.NET.SECR,2015,4.0
Greece,GRC,Secure Internet servers,IT.NET.SECR,2015,4436.0
Grenada,GRD,Secure Internet servers,IT.NET.SECR,2015,24.0
Greenland,GRL,Secure Internet servers,IT.NET.SECR,2015,157.0
Guatemala,GTM,Secure Internet servers,IT.NET.SECR,2015,463.0
Guam,GUM,Secure Internet servers,IT.NET.SECR,2015,115.0
Guyana,GUY,Secure Internet servers,IT.NET.SECR,2015,21.0
"Hong Kong SAR, China",HKG,Secure Internet servers,IT.NET.SECR,2015,17002.0
Honduras,HND,Secure Internet servers,IT.NET.SECR,2015,185.0
Croatia,HRV,Secure Internet servers,IT.NET.SECR,2015,2672.0
Haiti,HTI,Secure Internet servers,IT.NET.SECR,2015,41.0
Hungary,HUN,Secure Internet servers,IT.NET.SECR,2015,9120.0
Indonesia,IDN,Secure Internet servers,IT.NET.SECR,2015,4569.0
Isle of Man,IMN,Secure Internet servers,IT.NET.SECR,2015,132.0
India,IND,Secure Internet servers,IT.NET.SECR,2015,15313.0
Ireland,IRL,Secure Internet servers,IT.NET.SECR,2015,15020.0
"Iran, Islamic Rep.",IRN,Secure Internet servers,IT.NET.SECR,2015,963.0
Iraq,IRQ,Secure Internet servers,IT.NET.SECR,2015,87.0
Iceland,ISL,Secure Internet servers,IT.NET.SECR,2015,2518.0
Israel,ISR,Secure Internet servers,IT.NET.SECR,2015,10936.0
Italy,ITA,Secure Internet servers,IT.NET.SECR,2015,38140.0
Jamaica,JAM,Secure Internet servers,IT.NET.SECR,2015,351.0
Jordan,JOR,Secure Internet servers,IT.NET.SECR,2015,426.0
Japan,JPN,Secure Internet servers,IT.NET.SECR,2015,191255.0
Kazakhstan,KAZ,Secure Internet servers,IT.NET.SECR,2015,845.0
Kenya,KEN,Secure Internet servers,IT.NET.SECR,2015,619.0
Kyrgyz Republic,KGZ,Secure Internet servers,IT.NET.SECR,2015,136.0
Cambodia,KHM,Secure Internet servers,IT.NET.SECR,2015,158.0
Kiribati,KIR,Secure Internet servers,IT.NET.SECR,2015,1.0
St. Kitts and Nevis,KNA,Secure Internet servers,IT.NET.SECR,2015,38.0
"Korea, Rep.",KOR,Secure Internet servers,IT.NET.SECR,2015,28452.0
Kuwait,KWT,Secure Internet servers,IT.NET.SECR,2015,1276.0
Lao PDR,LAO,Secure Internet servers,IT.NET.SECR,2015,28.0
Lebanon,LBN,Secure Internet servers,IT.NET.SECR,2015,547.0
Liberia,LBR,Secure Internet servers,IT.NET.SECR,2015,4.0
Libya,LBY,Secure Internet servers,IT.NET.SECR,2015,40.0
St. Lucia,LCA,Secure Internet servers,IT.NET.SECR,2015,25.0
Liechtenstein,LIE,Secure Internet servers,IT.NET.SECR,2015,579.0
Sri Lanka,LKA,Secure Internet servers,IT.NET.SECR,2015,439.0
Lesotho,LSO,Secure Internet servers,IT.NET.SECR,2015,14.0
Lithuania,LTU,Secure Internet servers,IT.NET.SECR,2015,3443.0
Luxembourg,LUX,Secure Internet servers,IT.NET.SECR,2015,3133.0
Latvia,LVA,Secure Internet servers,IT.NET.SECR,2015,2596.0
"Macao SAR, China",MAC,Secure Internet servers,IT.NET.SECR,2015,453.0
St. Martin (French part),MAF,Secure Internet servers,IT.NET.SECR,2015,4.0
Morocco,MAR,Secure Internet servers,IT.NET.SECR,2015,328.0
Monaco,MCO,Secure Internet servers,IT.NET.SECR,2015,208.0
Moldova,MDA,Secure Internet servers,IT.NET.SECR,2015,361.0
Madagascar,MDG,Secure Internet servers,IT.NET.SECR,2015,39.0
Maldives,MDV,Secure Internet servers,IT.NET.SECR,2015,53.0
Mexico,MEX,Secure Internet servers,IT.NET.SECR,2015,7054.0
Marshall Islands,MHL,Secure Internet servers,IT.NET.SECR,2015,1.0
North Macedonia,MKD,Secure Internet servers,IT.NET.SECR,2015,239.0
Mali,MLI,Secure Internet servers,IT.NET.SECR,2015,39.0
Malta,MLT,Secure Internet servers,IT.NET.SECR,2015,1570.0
Myanmar,MMR,Secure Internet servers,IT.NET.SECR,2015,55.0
Montenegro,MNE,Secure Internet servers,IT.NET.SECR,2015,59.0
Mongolia,MNG,Secure Internet servers,IT.NET.SECR,2015,225.0
Northern Mariana Islands,MNP,Secure Internet servers,IT.NET.SECR,2015,26.0
Mozambique,MOZ,Secure Internet servers,IT.NET.SECR,2015,130.0
Mauritania,MRT,Secure Internet servers,IT.NET.SECR,2015,14.0
Mauritius,MUS,Secure Internet servers,IT.NET.SECR,2015,296.0
Malawi,MWI,Secure Internet servers,IT.NET.SECR,2015,38.0
Malaysia,MYS,Secure Internet servers,IT.NET.SECR,2015,7079.0
Namibia,NAM,Secure Internet servers,IT.NET.SECR,2015,146.0
New Caledonia,NCL,Secure Internet servers,IT.NET.SECR,2015,214.0
Niger,NER,Secure Internet servers,IT.NET.SECR,2015,6.0
Nigeria,NGA,Secure Internet servers,IT.NET.SECR,2015,643.0
Nicaragua,NIC,Secure Internet servers,IT.NET.SECR,2015,136.0
Netherlands,NLD,Secure Internet servers,IT.NET.SECR,2015,164806.0
Norway,NOR,Secure Internet servers,IT.NET.SECR,2015,21242.0
Nepal,NPL,Secure Internet servers,IT.NET.SECR,2015,147.0
New Zealand,NZL,Secure Internet servers,IT.NET.SECR,2015,18074.0
Oman,OMN,Secure Internet servers,IT.NET.SECR,2015,497.0
Pakistan,PAK,Secure Internet servers,IT.NET.SECR,2015,680.0
Panama,PAN,Secure Internet servers,IT.NET.SECR,2015,1217.0
Peru,PER,Secure Internet servers,IT.NET.SECR,2015,1412.0
Philippines,PHL,Secure Internet servers,IT.NET.SECR,2015,2139.0
Palau,PLW,Secure Internet servers,IT.NET.SECR,2015,3.0
Papua New Guinea,PNG,Secure Internet servers,IT.NET.SECR,2015,109.0
Poland,POL,Secure Internet servers,IT.NET.SECR,2015,36309.0
Puerto Rico (US),PRI,Secure Internet servers,IT.NET.SECR,2015,1106.0
Portugal,PRT,Secure Internet servers,IT.NET.SECR,2015,9336.0
Paraguay,PRY,Secure Internet servers,IT.NET.SECR,2015,271.0
West Bank and Gaza,PSE,Secure Internet servers,IT.NET.SECR,2015,139.0
French Polynesia,PYF,Secure Internet servers,IT.NET.SECR,2015,58.0
Qatar,QAT,Secure Internet servers,IT.NET.SECR,2015,923.0
Romania,ROU,Secure Internet servers,IT.NET.SECR,2015,7158.0
Russian Federation,RUS,Secure Internet servers,IT.NET.SECR,2015,46313.0
Rwanda,RWA,Secure Internet servers,IT.NET.SECR,2015,84.0
Saudi Arabia,SAU,Secure Internet servers,IT.NET.SECR,2015,2836.0
Sudan,SDN,Secure Internet servers,IT.NET.SECR,2015,29.0
Senegal,SEN,Secure Internet servers,IT.NET.SECR,2015,92.0
Singapore,SGP,Secure Internet servers,IT.NET.SECR,2015,19844.0
Solomon Islands,SLB,Secure Internet servers,IT.NET.SECR,2015,13.0
Sierra Leone,SLE,Secure Internet servers,IT.NET.SECR,2015,7.0
El Salvador,SLV,Secure Internet servers,IT.NET.SECR,2015,286.0
San Marino,SMR,Secure Internet servers,IT.NET.SECR,2015,112.0
"Somalia, Fed. Rep.",SOM,Secure Internet servers,IT.NET.SECR,2015,7.0
Serbia,SRB,Secure Internet servers,IT.NET.SECR,2015,1001.0
South Sudan,SSD,Secure Internet servers,IT.NET.SECR,2015,0.0
Sao Tome and Principe,STP,Secure Internet servers,IT.NET.SECR,2015,3.0
Suriname,SUR,Secure Internet servers,IT.NET.SECR,2015,60.0
Slovak Republic,SVK,Secure Internet servers,IT.NET.SECR,2015,5795.0
Slovenia,SVN,Secure Internet servers,IT.NET.SECR,2015,4517.0
Sweden,SWE,Secure Internet servers,IT.NET.SECR,2015,41234.0
Eswatini,SWZ,Secure Internet servers,IT.NET.SECR,2015,29.0
Sint Maarten (Dutch part),SXM,Secure Internet servers,IT.NET.SECR,2015,24.0
Seychelles,SYC,Secure Internet servers,IT.NET.SECR,2015,94.0
Syrian Arab Republic,SYR,Secure Internet servers,IT.NET.SECR,2015,44.0
Turks and Caicos Islands,TCA,Secure Internet servers,IT.NET.SECR,2015,30.0
Chad,TCD,Secure Internet servers,IT.NET.SECR,2015,5.0
Togo,TGO,Secure Internet servers,IT.NET.SECR,2015,22.0
Thailand,THA,Secure Internet servers,IT.NET.SECR,2015,4768.0
Tajikistan,TJK,Secure Internet servers,IT.NET.SECR,2015,43.0
Turkmenistan,TKM,Secure Internet servers,IT.NET.SECR,2015,12.0
Timor-Leste,TLS,Secure Internet servers,IT.NET.SECR,2015,11.0
Tonga,TON,Secure Internet servers,IT.NET.SECR,2015,11.0
Trinidad and Tobago,TTO,Secure Internet servers,IT.NET.SECR,2015,369.0
Tunisia,TUN,Secure Internet servers,IT.NET.SECR,2015,214.0
Turkiye,TUR,Secure Internet servers,IT.NET.SECR,2015,28548.0
Tanzania,TZA,Secure Internet servers,IT.NET.SECR,2015,169.0
Uganda,UGA,Secure Internet servers,IT.NET.SECR,2015,114.0
Ukraine,UKR,Secure Internet servers,IT.NET.SECR,2015,6403.0
Uruguay,URY,Secure Internet servers,IT.NET.SECR,2015,635.0
United States,USA,Secure Internet servers,IT.NET.SECR,2015,2039539.0
Uzbekistan,UZB,Secure Internet servers,IT.NET.SECR,2015,177.0
St. Vincent and the Grenadines,VCT,Secure Internet servers,IT.NET.SECR,2015,13.0
"Venezuela, RB",VEN,Secure Internet servers,IT.NET.SECR,2015,645.0
British Virgin Islands,VGB,Secure Internet servers,IT.NET.SECR,2015,1111.0
Virgin Islands (U.S.),VIR,Secure Internet servers,IT.NET.SECR,2015,57.0
Viet Nam,VNM,Secure Internet servers,IT.NET.SECR,2015,3033.0
Vanuatu,VUT,Secure Internet servers,IT.NET.SECR,2015,34.0
Samoa,WSM,Secure Internet servers,IT.NET.SECR,2015,25.0
"Yemen, Rep.",YEM,Secure Internet servers,IT.NET.SECR,2015,37.0
South Africa,ZAF,Secure Internet servers,IT.NET.SECR,2015,15107.0
Zambia,ZMB,Secure Internet servers,IT.NET.SECR,2015,90.0
Zimbabwe,ZWE,Secure Internet servers,IT.NET.SECR,2015,162.0
Aruba,ABW,Secure Internet servers,IT.NET.SECR,2016,123.0
Afghanistan,AFG,Secure Internet servers,IT.NET.SECR,2016,426.0
Angola,AGO,Secure Internet servers,IT.NET.SECR,2016,240.0
Albania,ALB,Secure Internet servers,IT.NET.SECR,2016,416.0
Andorra,AND,Secure Internet servers,IT.NET.SECR,2016,219.0
United Arab Emirates,ARE,Secure Internet servers,IT.NET.SECR,2016,8787.0
Argentina,ARG,Secure Internet servers,IT.NET.SECR,2016,32040.0
Armenia,ARM,Secure Internet servers,IT.NET.SECR,2016,557.0
American Samoa,ASM,Secure Internet servers,IT.NET.SECR,2016,10.0
Antigua and Barbuda,ATG,Secure Internet servers,IT.NET.SECR,2016,76.0
Australia,AUS,Secure Internet servers,IT.NET.SECR,2016,237318.0
Austria,AUT,Secure Internet servers,IT.NET.SECR,2016,38878.0
Azerbaijan,AZE,Secure Internet servers,IT.NET.SECR,2016,994.0
Burundi,BDI,Secure Internet servers,IT.NET.SECR,2016,16.0
Belgium,BEL,Secure Internet servers,IT.NET.SECR,2016,34530.0
Benin,BEN,Secure Internet servers,IT.NET.SECR,2016,27.0
Burkina Faso,BFA,Secure Internet servers,IT.NET.SECR,2016,34.0
Bangladesh,BGD,Secure Internet servers,IT.NET.SECR,2016,3731.0
Bulgaria,BGR,Secure Internet servers,IT.NET.SECR,2016,28821.0
Bahrain,BHR,Secure Internet servers,IT.NET.SECR,2016,494.0
"Bahamas, The",BHS,Secure Internet servers,IT.NET.SECR,2016,398.0
Bosnia and Herzegovina,BIH,Secure Internet servers,IT.NET.SECR,2016,638.0
Belarus,BLR,Secure Internet servers,IT.NET.SECR,2016,4171.0
Belize,BLZ,Secure Internet servers,IT.NET.SECR,2016,559.0
Bermuda,BMU,Secure Internet servers,IT.NET.SECR,2016,525.0
Bolivia,BOL,Secure Internet servers,IT.NET.SECR,2016,418.0
Brazil,BRA,Secure Internet servers,IT.NET.SECR,2016,84536.0
Barbados,BRB,Secure Internet servers,IT.NET.SECR,2016,184.0
Brunei Darussalam,BRN,Secure Internet servers,IT.NET.SECR,2016,257.0
Bhutan,BTN,Secure Internet servers,IT.NET.SECR,2016,27.0
Botswana,BWA,Secure Internet servers,IT.NET.SECR,2016,110.0
Central African Republic,CAF,Secure Internet servers,IT.NET.SECR,2016,1.0
Canada,CAN,Secure Internet servers,IT.NET.SECR,2016,369091.0
Switzerland,CHE,Secure Internet servers,IT.NET.SECR,2016,143994.0
Chile,CHL,Secure Internet servers,IT.NET.SECR,2016,22528.0
China,CHN,Secure Internet servers,IT.NET.SECR,2016,66054.0
Cote d'Ivoire,CIV,Secure Internet servers,IT.NET.SECR,2016,144.0
Cameroon,CMR,Secure Internet servers,IT.NET.SECR,2016,67.0
"Congo, Dem. Rep.",COD,Secure Internet servers,IT.NET.SECR,2016,50.0
"Congo, Rep.",COG,Secure Internet servers,IT.NET.SECR,2016,23.0
Colombia,COL,Secure Internet servers,IT.NET.SECR,2016,15415.0
Comoros,COM,Secure Internet servers,IT.NET.SECR,2016,47.0
Cabo Verde,CPV,Secure Internet servers,IT.NET.SECR,2016,60.0
Costa Rica,CRI,Secure Internet servers,IT.NET.SECR,2016,2400.0
Cuba,CUB,Secure Internet servers,IT.NET.SECR,2016,32.0
Curacao,CUW,Secure Internet servers,IT.NET.SECR,2016,465.0
Cayman Islands,CYM,Secure Internet servers,IT.NET.SECR,2016,327.0
Cyprus,CYP,Secure Internet servers,IT.NET.SECR,2016,5325.0
Czechia,CZE,Secure Internet servers,IT.NET.SECR,2016,126705.0
Germany,DEU,Secure Internet servers,IT.NET.SECR,2016,957300.0
Djibouti,DJI,Secure Internet servers,IT.NET.SECR,2016,11.0
Dominica,DMA,Secure Internet servers,IT.NET.SECR,2016,382.0
Denmark,DNK,Secure Internet servers,IT.NET.SECR,2016,137709.0
Dominican Republic,DOM,Secure Internet servers,IT.NET.SECR,2016,970.0
Algeria,DZA,Secure Internet servers,IT.NET.SECR,2016,309.0
Ecuador,ECU,Secure Internet servers,IT.NET.SECR,2016,1988.0
"Egypt, Arab Rep.",EGY,Secure Internet servers,IT.NET.SECR,2016,1388.0
Eritrea,ERI,Secure Internet servers,IT.NET.SECR,2016,0.0
Spain,ESP,Secure Internet servers,IT.NET.SECR,2016,128415.0
Estonia,EST,Secure Internet servers,IT.NET.SECR,2016,14193.0
Ethiopia,ETH,Secure Internet servers,IT.NET.SECR,2016,42.0
Finland,FIN,Secure Internet servers,IT.NET.SECR,2016,39189.0
Fiji,FJI,Secure Internet servers,IT.NET.SECR,2016,99.0
France,FRA,Secure Internet servers,IT.NET.SECR,2016,446252.0
Faroe Islands,FRO,Secure Internet servers,IT.NET.SECR,2016,178.0
"Micronesia, Fed. Sts.",FSM,Secure Internet servers,IT.NET.SECR,2016,17.0
Gabon,GAB,Secure Internet servers,IT.NET.SECR,2016,45.0
United Kingdom,GBR,Secure Internet servers,IT.NET.SECR,2016,570586.0
Georgia,GEO,Secure Internet servers,IT.NET.SECR,2016,1516.0
Ghana,GHA,Secure Internet servers,IT.NET.SECR,2016,2761.0
Gibraltar,GIB,Secure Internet servers,IT.NET.SECR,2016,470.0
Guinea,GIN,Secure Internet servers,IT.NET.SECR,2016,11.0
"Gambia, The",GMB,Secure Internet servers,IT.NET.SECR,2016,19.0
Guinea-Bissau,GNB,Secure Internet servers,IT.NET.SECR,2016,3.0
Equatorial Guinea,GNQ,Secure Internet servers,IT.NET.SECR,2016,7.0
Greece,GRC,Secure Internet servers,IT.NET.SECR,2016,15214.0
Grenada,GRD,Secure Internet servers,IT.NET.SECR,2016,31.0
Greenland,GRL,Secure Internet servers,IT.NET.SECR,2016,166.0
Guatemala,GTM,Secure Internet servers,IT.NET.SECR,2016,600.0
Guam,GUM,Secure Internet servers,IT.NET.SECR,2016,106.0
Guyana,GUY,Secure Internet servers,IT.NET.SECR,2016,24.0
"Hong Kong SAR, China",HKG,Secure Internet servers,IT.NET.SECR,2016,28417.0
Honduras,HND,Secure Internet servers,IT.NET.SECR,2016,281.0
Croatia,HRV,Secure Internet servers,IT.NET.SECR,2016,7199.0
Haiti,HTI,Secure Internet servers,IT.NET.SECR,2016,49.0
Hungary,HUN,Secure Internet servers,IT.NET.SECR,2016,40492.0
Indonesia,IDN,Secure Internet servers,IT.NET.SECR,2016,80094.0
Isle of Man,IMN,Secure Internet servers,IT.NET.SECR,2016,283.0
India,IND,Secure Internet servers,IT.NET.SECR,2016,50723.0
Ireland,IRL,Secure Internet servers,IT.NET.SECR,2016,55844.0
"Iran, Islamic Rep.",IRN,Secure Internet servers,IT.NET.SECR,2016,5102.0
Iraq,IRQ,Secure Internet servers,IT.NET.SECR,2016,152.0
Iceland,ISL,Secure Internet servers,IT.NET.SECR,2016,11963.0
Israel,ISR,Secure Internet servers,IT.NET.SECR,2016,18114.0
Italy,ITA,Secure Internet servers,IT.NET.SECR,2016,79125.0
Jamaica,JAM,Secure Internet servers,IT.NET.SECR,2016,354.0
Jordan,JOR,Secure Internet servers,IT.NET.SECR,2016,669.0
Japan,JPN,Secure Internet servers,IT.NET.SECR,2016,267900.0
Kazakhstan,KAZ,Secure Internet servers,IT.NET.SECR,2016,4701.0
Kenya,KEN,Secure Internet servers,IT.NET.SECR,2016,942.0
Kyrgyz Republic,KGZ,Secure Internet servers,IT.NET.SECR,2016,257.0
Cambodia,KHM,Secure Internet servers,IT.NET.SECR,2016,323.0
Kiribati,KIR,Secure Internet servers,IT.NET.SECR,2016,3.0
St. Kitts and Nevis,KNA,Secure Internet servers,IT.NET.SECR,2016,46.0
"Korea, Rep.",KOR,Secure Internet servers,IT.NET.SECR,2016,36928.0
Kuwait,KWT,Secure Internet servers,IT.NET.SECR,2016,1575.0
Lao PDR,LAO,Secure Internet servers,IT.NET.SECR,2016,57.0
Lebanon,LBN,Secure Internet servers,IT.NET.SECR,2016,592.0
Liberia,LBR,Secure Internet servers,IT.NET.SECR,2016,10.0
Libya,LBY,Secure Internet servers,IT.NET.SECR,2016,926.0
St. Lucia,LCA,Secure Internet servers,IT.NET.SECR,2016,33.0
Liechtenstein,LIE,Secure Internet servers,IT.NET.SECR,2016,661.0
Sri Lanka,LKA,Secure Internet servers,IT.NET.SECR,2016,1507.0
Lesotho,LSO,Secure Internet servers,IT.NET.SECR,2016,18.0
Lithuania,LTU,Secure Internet servers,IT.NET.SECR,2016,12556.0
Luxembourg,LUX,Secure Internet servers,IT.NET.SECR,2016,6678.0
Latvia,LVA,Secure Internet servers,IT.NET.SECR,2016,5758.0
"Macao SAR, China",MAC,Secure Internet servers,IT.NET.SECR,2016,681.0
St. Martin (French part),MAF,Secure Internet servers,IT.NET.SECR,2016,12.0
Morocco,MAR,Secure Internet servers,IT.NET.SECR,2016,859.0
Monaco,MCO,Secure Internet servers,IT.NET.SECR,2016,273.0
Moldova,MDA,Secure Internet servers,IT.NET.SECR,2016,1852.0
Madagascar,MDG,Secure Internet servers,IT.NET.SECR,2016,76.0
Maldives,MDV,Secure Internet servers,IT.NET.SECR,2016,101.0
Mexico,MEX,Secure Internet servers,IT.NET.SECR,2016,14758.0
Marshall Islands,MHL,Secure Internet servers,IT.NET.SECR,2016,3.0
North Macedonia,MKD,Secure Internet servers,IT.NET.SECR,2016,971.0
Mali,MLI,Secure Internet servers,IT.NET.SECR,2016,57.0
Malta,MLT,Secure Internet servers,IT.NET.SECR,2016,1473.0
Myanmar,MMR,Secure Internet servers,IT.NET.SECR,2016,1087.0
Montenegro,MNE,Secure Internet servers,IT.NET.SECR,2016,87.0
Mongolia,MNG,Secure Internet servers,IT.NET.SECR,2016,1337.0
Northern Mariana Islands,MNP,Secure Internet servers,IT.NET.SECR,2016,23.0
Mozambique,MOZ,Secure Internet servers,IT.NET.SECR,2016,158.0
Mauritania,MRT,Secure Internet servers,IT.NET.SECR,2016,14.0
Mauritius,MUS,Secure Internet servers,IT.NET.SECR,2016,406.0
Malawi,MWI,Secure Internet servers,IT.NET.SECR,2016,90.0
Malaysia,MYS,Secure Internet servers,IT.NET.SECR,2016,29017.0
Namibia,NAM,Secure Internet servers,IT.NET.SECR,2016,185.0
New Caledonia,NCL,Secure Internet servers,IT.NET.SECR,2016,354.0
Niger,NER,Secure Internet servers,IT.NET.SECR,2016,5.0
Nigeria,NGA,Secure Internet servers,IT.NET.SECR,2016,8814.0
Nicaragua,NIC,Secure Internet servers,IT.NET.SECR,2016,218.0
Netherlands,NLD,Secure Internet servers,IT.NET.SECR,2016,410955.0
Norway,NOR,Secure Internet servers,IT.NET.SECR,2016,36660.0
Nepal,NPL,Secure Internet servers,IT.NET.SECR,2016,508.0
Nauru,NRU,Secure Internet servers,IT.NET.SECR,2016,1.0
New Zealand,NZL,Secure Internet servers,IT.NET.SECR,2016,30178.0
Oman,OMN,Secure Internet servers,IT.NET.SECR,2016,573.0
Pakistan,PAK,Secure Internet servers,IT.NET.SECR,2016,6448.0
Panama,PAN,Secure Internet servers,IT.NET.SECR,2016,2060.0
Peru,PER,Secure Internet servers,IT.NET.SECR,2016,2243.0
Philippines,PHL,Secure Internet servers,IT.NET.SECR,2016,4202.0
Palau,PLW,Secure Internet servers,IT.NET.SECR,2016,3.0
Papua New Guinea,PNG,Secure Internet servers,IT.NET.SECR,2016,123.0
Poland,POL,Secure Internet servers,IT.NET.SECR,2016,94640.0
Puerto Rico (US),PRI,Secure Internet servers,IT.NET.SECR,2016,1430.0
"Korea, Dem. People's Rep.",PRK,Secure Internet servers,IT.NET.SECR,2016,0.0
Portugal,PRT,Secure Internet servers,IT.NET.SECR,2016,32838.0
Paraguay,PRY,Secure Internet servers,IT.NET.SECR,2016,418.0
West Bank and Gaza,PSE,Secure Internet servers,IT.NET.SECR,2016,472.0
French Polynesia,PYF,Secure Internet servers,IT.NET.SECR,2016,72.0
Qatar,QAT,Secure Internet servers,IT.NET.SECR,2016,963.0
Romania,ROU,Secure Internet servers,IT.NET.SECR,2016,67411.0
Russian Federation,RUS,Secure Internet servers,IT.NET.SECR,2016,168007.0
Rwanda,RWA,Secure Internet servers,IT.NET.SECR,2016,149.0
Saudi Arabia,SAU,Secure Internet servers,IT.NET.SECR,2016,3442.0
Sudan,SDN,Secure Internet servers,IT.NET.SECR,2016,52.0
Senegal,SEN,Secure Internet servers,IT.NET.SECR,2016,106.0
Singapore,SGP,Secure Internet servers,IT.NET.SECR,2016,106879.0
Solomon Islands,SLB,Secure Internet servers,IT.NET.SECR,2016,23.0
Sierra Leone,SLE,Secure Internet servers,IT.NET.SECR,2016,11.0
El Salvador,SLV,Secure Internet servers,IT.NET.SECR,2016,331.0
San Marino,SMR,Secure Internet servers,IT.NET.SECR,2016,156.0
"Somalia, Fed. Rep.",SOM,Secure Internet servers,IT.NET.SECR,2016,11.0
Serbia,SRB,Secure Internet servers,IT.NET.SECR,2016,3894.0
South Sudan,SSD,Secure Internet servers,IT.NET.SECR,2016,1.0
Sao Tome and Principe,STP,Secure Internet servers,IT.NET.SECR,2016,3.0
Suriname,SUR,Secure Internet servers,IT.NET.SECR,2016,79.0
Slovak Republic,SVK,Secure Internet servers,IT.NET.SECR,2016,17600.0
Slovenia,SVN,Secure Internet servers,IT.NET.SECR,2016,11628.0
Sweden,SWE,Secure Internet servers,IT.NET.SECR,2016,61582.0
Eswatini,SWZ,Secure Internet servers,IT.NET.SECR,2016,29.0
Sint Maarten (Dutch part),SXM,Secure Internet servers,IT.NET.SECR,2016,28.0
Seychelles,SYC,Secure Internet servers,IT.NET.SECR,2016,2930.0
Syrian Arab Republic,SYR,Secure Internet servers,IT.NET.SECR,2016,110.0
Turks and Caicos Islands,TCA,Secure Internet servers,IT.NET.SECR,2016,33.0
Chad,TCD,Secure Internet servers,IT.NET.SECR,2016,5.0
Togo,TGO,Secure Internet servers,IT.NET.SECR,2016,26.0
Thailand,THA,Secure Internet servers,IT.NET.SECR,2016,10103.0
Tajikistan,TJK,Secure Internet servers,IT.NET.SECR,2016,51.0
Turkmenistan,TKM,Secure Internet servers,IT.NET.SECR,2016,11.0
Timor-Leste,TLS,Secure Internet servers,IT.NET.SECR,2016,14.0
Tonga,TON,Secure Internet servers,IT.NET.SECR,2016,14.0
Trinidad and Tobago,TTO,Secure Internet servers,IT.NET.SECR,2016,412.0
Tunisia,TUN,Secure Internet servers,IT.NET.SECR,2016,1045.0
Turkiye,TUR,Secure Internet servers,IT.NET.SECR,2016,103855.0
Tanzania,TZA,Secure Internet servers,IT.NET.SECR,2016,300.0
Uganda,UGA,Secure Internet servers,IT.NET.SECR,2016,156.0
Ukraine,UKR,Secure Internet servers,IT.NET.SECR,2016,85755.0
Uruguay,URY,Secure Internet servers,IT.NET.SECR,2016,1061.0
United States,USA,Secure Internet servers,IT.NET.SECR,2016,3694357.0
Uzbekistan,UZB,Secure Internet servers,IT.NET.SECR,2016,2221.0
St. Vincent and the Grenadines,VCT,Secure Internet servers,IT.NET.SECR,2016,21.0
"Venezuela, RB",VEN,Secure Internet servers,IT.NET.SECR,2016,4421.0
British Virgin Islands,VGB,Secure Internet servers,IT.NET.SECR,2016,634.0
Virgin Islands (U.S.),VIR,Secure Internet servers,IT.NET.SECR,2016,90.0
Viet Nam,VNM,Secure Internet servers,IT.NET.SECR,2016,26098.0
Vanuatu,VUT,Secure Internet servers,IT.NET.SECR,2016,46.0
Samoa,WSM,Secure Internet servers,IT.NET.SECR,2016,29.0
"Yemen, Rep.",YEM,Secure Internet servers,IT.NET.SECR,2016,39.0
South Africa,ZAF,Secure Internet servers,IT.NET.SECR,2016,51575.0
Zambia,ZMB,Secure Internet servers,IT.NET.SECR,2016,145.0
Zimbabwe,ZWE,Secure Internet servers,IT.NET.SECR,2016,194.0
Aruba,ABW,Secure Internet servers,IT.NET.SECR,2017,103.0
Afghanistan,AFG,Secure Internet servers,IT.NET.SECR,2017,1577.0
Angola,AGO,Secure Internet servers,IT.NET.SECR,2017,322.0
Albania,ALB,Secure Internet servers,IT.NET.SECR,2017,1273.0
Andorra,AND,Secure Internet servers,IT.NET.SECR,2017,263.0
United Arab Emirates,ARE,Secure Internet servers,IT.NET.SECR,2017,12192.0
Argentina,ARG,Secure Internet servers,IT.NET.SECR,2017,71731.0
Armenia,ARM,Secure Internet servers,IT.NET.SECR,2017,799.0
American Samoa,ASM,Secure Internet servers,IT.NET.SECR,2017,55.0
Antigua and Barbuda,ATG,Secure Internet servers,IT.NET.SECR,2017,85.0
Australia,AUS,Secure Internet servers,IT.NET.SECR,2017,530042.0
Austria,AUT,Secure Internet servers,IT.NET.SECR,2017,65381.0
Azerbaijan,AZE,Secure Internet servers,IT.NET.SECR,2017,2557.0
Burundi,BDI,Secure Internet servers,IT.NET.SECR,2017,50.0
Belgium,BEL,Secure Internet servers,IT.NET.SECR,2017,94420.0
Benin,BEN,Secure Internet servers,IT.NET.SECR,2017,47.0
Burkina Faso,BFA,Secure Internet servers,IT.NET.SECR,2017,37.0
Bangladesh,BGD,Secure Internet servers,IT.NET.SECR,2017,10413.0
Bulgaria,BGR,Secure Internet servers,IT.NET.SECR,2017,228612.0
Bahrain,BHR,Secure Internet servers,IT.NET.SECR,2017,537.0
"Bahamas, The",BHS,Secure Internet servers,IT.NET.SECR,2017,576.0
Bosnia and Herzegovina,BIH,Secure Internet servers,IT.NET.SECR,2017,5024.0
Belarus,BLR,Secure Internet servers,IT.NET.SECR,2017,21465.0
Belize,BLZ,Secure Internet servers,IT.NET.SECR,2017,3007.0
Bermuda,BMU,Secure Internet servers,IT.NET.SECR,2017,503.0
Bolivia,BOL,Secure Internet servers,IT.NET.SECR,2017,1226.0
Brazil,BRA,Secure Internet servers,IT.NET.SECR,2017,328718.0
Barbados,BRB,Secure Internet servers,IT.NET.SECR,2017,220.0
Brunei Darussalam,BRN,Secure Internet servers,IT.NET.SECR,2017,688.0
Bhutan,BTN,Secure Internet servers,IT.NET.SECR,2017,88.0
Botswana,BWA,Secure Internet servers,IT.NET.SECR,2017,151.0
Central African Republic,CAF,Secure Internet servers,IT.NET.SECR,2017,2.0
Canada,CAN,Secure Internet servers,IT.NET.SECR,2017,970834.0
Switzerland,CHE,Secure Internet servers,IT.NET.SECR,2017,278505.0
Chile,CHL,Secure Internet servers,IT.NET.SECR,2017,134062.0
China,CHN,Secure Internet servers,IT.NET.SECR,2017,289923.0
Cote d'Ivoire,CIV,Secure Internet servers,IT.NET.SECR,2017,212.0
Cameroon,CMR,Secure Internet servers,IT.NET.SECR,2017,210.0
"Congo, Dem. Rep.",COD,Secure Internet servers,IT.NET.SECR,2017,208.0
"Congo, Rep.",COG,Secure Internet servers,IT.NET.SECR,2017,24.0
Colombia,COL,Secure Internet servers,IT.NET.SECR,2017,22640.0
Comoros,COM,Secure Internet servers,IT.NET.SECR,2017,4.0
Cabo Verde,CPV,Secure Internet servers,IT.NET.SECR,2017,140.0
Costa Rica,CRI,Secure Internet servers,IT.NET.SECR,2017,5749.0
Cuba,CUB,Secure Internet servers,IT.NET.SECR,2017,96.0
Curacao,CUW,Secure Internet servers,IT.NET.SECR,2017,507.0
Cayman Islands,CYM,Secure Internet servers,IT.NET.SECR,2017,384.0
Cyprus,CYP,Secure Internet servers,IT.NET.SECR,2017,20484.0
Czechia,CZE,Secure Internet servers,IT.NET.SECR,2017,269310.0
Germany,DEU,Secure Internet servers,IT.NET.SECR,2017,2825322.0
Djibouti,DJI,Secure Internet servers,IT.NET.SECR,2017,21.0
Dominica,DMA,Secure Internet servers,IT.NET.SECR,2017,498.0
Denmark,DNK,Secure Internet servers,IT.NET.SECR,2017,252263.0
Dominican Republic,DOM,Secure Internet servers,IT.NET.SECR,2017,1032.0
Algeria,DZA,Secure Internet servers,IT.NET.SECR,2017,2621.0
Ecuador,ECU,Secure Internet servers,IT.NET.SECR,2017,3524.0
"Egypt, Arab Rep.",EGY,Secure Internet servers,IT.NET.SECR,2017,3490.0
Eritrea,ERI,Secure Internet servers,IT.NET.SECR,2017,0.0
Spain,ESP,Secure Internet servers,IT.NET.SECR,2017,337663.0
Estonia,EST,Secure Internet servers,IT.NET.SECR,2017,38377.0
Ethiopia,ETH,Secure Internet servers,IT.NET.SECR,2017,76.0
Finland,FIN,Secure Internet servers,IT.NET.SECR,2017,122966.0
Fiji,FJI,Secure Internet servers,IT.NET.SECR,2017,131.0
France,FRA,Secure Internet servers,IT.NET.SECR,2017,991690.0
Faroe Islands,FRO,Secure Internet servers,IT.NET.SECR,2017,190.0
"Micronesia, Fed. Sts.",FSM,Secure Internet servers,IT.NET.SECR,2017,18.0
Gabon,GAB,Secure Internet servers,IT.NET.SECR,2017,58.0
United Kingdom,GBR,Secure Internet servers,IT.NET.SECR,2017,1400176.0
Georgia,GEO,Secure Internet servers,IT.NET.SECR,2017,8799.0
Ghana,GHA,Secure Internet servers,IT.NET.SECR,2017,2744.0
Gibraltar,GIB,Secure Internet servers,IT.NET.SECR,2017,620.0
Guinea,GIN,Secure Internet servers,IT.NET.SECR,2017,19.0
"Gambia, The",GMB,Secure Internet servers,IT.NET.SECR,2017,106.0
Guinea-Bissau,GNB,Secure Internet servers,IT.NET.SECR,2017,5.0
Equatorial Guinea,GNQ,Secure Internet servers,IT.NET.SECR,2017,0.0
Greece,GRC,Secure Internet servers,IT.NET.SECR,2017,39746.0
Grenada,GRD,Secure Internet servers,IT.NET.SECR,2017,26.0
Greenland,GRL,Secure Internet servers,IT.NET.SECR,2017,142.0
Guatemala,GTM,Secure Internet servers,IT.NET.SECR,2017,1155.0
Guam,GUM,Secure Internet servers,IT.NET.SECR,2017,120.0
Guyana,GUY,Secure Internet servers,IT.NET.SECR,2017,25.0
"Hong Kong SAR, China",HKG,Secure Internet servers,IT.NET.SECR,2017,77501.0
Honduras,HND,Secure Internet servers,IT.NET.SECR,2017,750.0
Croatia,HRV,Secure Internet servers,IT.NET.SECR,2017,60251.0
Haiti,HTI,Secure Internet servers,IT.NET.SECR,2017,50.0
Hungary,HUN,Secure Internet servers,IT.NET.SECR,2017,133382.0
Indonesia,IDN,Secure Internet servers,IT.NET.SECR,2017,338925.0
Isle of Man,IMN,Secure Internet servers,IT.NET.SECR,2017,380.0
India,IND,Secure Internet servers,IT.NET.SECR,2017,164791.0
Ireland,IRL,Secure Internet servers,IT.NET.SECR,2017,185553.0
"Iran, Islamic Rep.",IRN,Secure Internet servers,IT.NET.SECR,2017,18208.0
Iraq,IRQ,Secure Internet servers,IT.NET.SECR,2017,391.0
Iceland,ISL,Secure Internet servers,IT.NET.SECR,2017,19793.0
Israel,ISR,Secure Internet servers,IT.NET.SECR,2017,60711.0
Italy,ITA,Secure Internet servers,IT.NET.SECR,2017,468800.0
Jamaica,JAM,Secure Internet servers,IT.NET.SECR,2017,401.0
Jordan,JOR,Secure Internet servers,IT.NET.SECR,2017,1057.0
Japan,JPN,Secure Internet servers,IT.NET.SECR,2017,758209.0
Kazakhstan,KAZ,Secure Internet servers,IT.NET.SECR,2017,22227.0
Kenya,KEN,Secure Internet servers,IT.NET.SECR,2017,1837.0
Kyrgyz Republic,KGZ,Secure Internet servers,IT.NET.SECR,2017,639.0
Cambodia,KHM,Secure Internet servers,IT.NET.SECR,2017,883.0
Kiribati,KIR,Secure Internet servers,IT.NET.SECR,2017,3.0
St. Kitts and Nevis,KNA,Secure Internet servers,IT.NET.SECR,2017,162.0
"Korea, Rep.",KOR,Secure Internet servers,IT.NET.SECR,2017,61580.0
Kuwait,KWT,Secure Internet servers,IT.NET.SECR,2017,1964.0
Lao PDR,LAO,Secure Internet servers,IT.NET.SECR,2017,114.0
Lebanon,LBN,Secure Internet servers,IT.NET.SECR,2017,813.0
Liberia,LBR,Secure Internet servers,IT.NET.SECR,2017,9.0
Libya,LBY,Secure Internet servers,IT.NET.SECR,2017,6174.0
St. Lucia,LCA,Secure Internet servers,IT.NET.SECR,2017,35.0
Liechtenstein,LIE,Secure Internet servers,IT.NET.SECR,2017,904.0
Sri Lanka,LKA,Secure Internet servers,IT.NET.SECR,2017,6545.0
Lesotho,LSO,Secure Internet servers,IT.NET.SECR,2017,42.0
Lithuania,LTU,Secure Internet servers,IT.NET.SECR,2017,36934.0
Luxembourg,LUX,Secure Internet servers,IT.NET.SECR,2017,25651.0
Latvia,LVA,Secure Internet servers,IT.NET.SECR,2017,23206.0
"Macao SAR, China",MAC,Secure Internet servers,IT.NET.SECR,2017,1108.0
St. Martin (French part),MAF,Secure Internet servers,IT.NET.SECR,2017,9.0
Morocco,MAR,Secure Internet servers,IT.NET.SECR,2017,10115.0
Monaco,MCO,Secure Internet servers,IT.NET.SECR,2017,373.0
Moldova,MDA,Secure Internet servers,IT.NET.SECR,2017,10071.0
Madagascar,MDG,Secure Internet servers,IT.NET.SECR,2017,126.0
Maldives,MDV,Secure Internet servers,IT.NET.SECR,2017,209.0
Mexico,MEX,Secure Internet servers,IT.NET.SECR,2017,23144.0
Marshall Islands,MHL,Secure Internet servers,IT.NET.SECR,2017,6.0
North Macedonia,MKD,Secure Internet servers,IT.NET.SECR,2017,1037.0
Mali,MLI,Secure Internet servers,IT.NET.SECR,2017,142.0
Malta,MLT,Secure Internet servers,IT.NET.SECR,2017,6600.0
Myanmar,MMR,Secure Internet servers,IT.NET.SECR,2017,529.0
Montenegro,MNE,Secure Internet servers,IT.NET.SECR,2017,139.0
Mongolia,MNG,Secure Internet servers,IT.NET.SECR,2017,4755.0
Northern Mariana Islands,MNP,Secure Internet servers,IT.NET.SECR,2017,14.0
Mozambique,MOZ,Secure Internet servers,IT.NET.SECR,2017,222.0
Mauritania,MRT,Secure Internet servers,IT.NET.SECR,2017,18.0
Mauritius,MUS,Secure Internet servers,IT.NET.SECR,2017,480.0
Malawi,MWI,Secure Internet servers,IT.NET.SECR,2017,184.0
Malaysia,MYS,Secure Internet servers,IT.NET.SECR,2017,152966.0
Namibia,NAM,Secure Internet servers,IT.NET.SECR,2017,287.0
New Caledonia,NCL,Secure Internet servers,IT.NET.SECR,2017,801.0
Niger,NER,Secure Internet servers,IT.NET.SECR,2017,10.0
Nigeria,NGA,Secure Internet servers,IT.NET.SECR,2017,42529.0
Nicaragua,NIC,Secure Internet servers,IT.NET.SECR,2017,781.0
Netherlands,NLD,Secure Internet servers,IT.NET.SECR,2017,1206251.0
Norway,NOR,Secure Internet servers,IT.NET.SECR,2017,76899.0
Nepal,NPL,Secure Internet servers,IT.NET.SECR,2017,4372.0
Nauru,NRU,Secure Internet servers,IT.NET.SECR,2017,1.0
New Zealand,NZL,Secure Internet servers,IT.NET.SECR,2017,71815.0
Oman,OMN,Secure Internet servers,IT.NET.SECR,2017,662.0
Pakistan,PAK,Secure Internet servers,IT.NET.SECR,2017,23923.0
Panama,PAN,Secure Internet servers,IT.NET.SECR,2017,8835.0
Peru,PER,Secure Internet servers,IT.NET.SECR,2017,6873.0
Philippines,PHL,Secure Internet servers,IT.NET.SECR,2017,9239.0
Palau,PLW,Secure Internet servers,IT.NET.SECR,2017,4.0
Papua New Guinea,PNG,Secure Internet servers,IT.NET.SECR,2017,262.0
Poland,POL,Secure Internet servers,IT.NET.SECR,2017,248163.0
Puerto Rico (US),PRI,Secure Internet servers,IT.NET.SECR,2017,941.0
"Korea, Dem. People's Rep.",PRK,Secure Internet servers,IT.NET.SECR,2017,1.0
Portugal,PRT,Secure Internet servers,IT.NET.SECR,2017,128391.0
Paraguay,PRY,Secure Internet servers,IT.NET.SECR,2017,1283.0
West Bank and Gaza,PSE,Secure Internet servers,IT.NET.SECR,2017,2440.0
French Polynesia,PYF,Secure Internet servers,IT.NET.SECR,2017,165.0
Qatar,QAT,Secure Internet servers,IT.NET.SECR,2017,1093.0
Romania,ROU,Secure Internet servers,IT.NET.SECR,2017,240048.0
Russian Federation,RUS,Secure Internet servers,IT.NET.SECR,2017,511677.0
Rwanda,RWA,Secure Internet servers,IT.NET.SECR,2017,219.0
Saudi Arabia,SAU,Secure Internet servers,IT.NET.SECR,2017,5521.0
Sudan,SDN,Secure Internet servers,IT.NET.SECR,2017,79.0
Senegal,SEN,Secure Internet servers,IT.NET.SECR,2017,136.0
Singapore,SGP,Secure Internet servers,IT.NET.SECR,2017,329385.0
Solomon Islands,SLB,Secure Internet servers,IT.NET.SECR,2017,39.0
Sierra Leone,SLE,Secure Internet servers,IT.NET.SECR,2017,14.0
El Salvador,SLV,Secure Internet servers,IT.NET.SECR,2017,393.0
San Marino,SMR,Secure Internet servers,IT.NET.SECR,2017,635.0
"Somalia, Fed. Rep.",SOM,Secure Internet servers,IT.NET.SECR,2017,378.0
Serbia,SRB,Secure Internet servers,IT.NET.SECR,2017,40739.0
South Sudan,SSD,Secure Internet servers,IT.NET.SECR,2017,2.0
Sao Tome and Principe,STP,Secure Internet servers,IT.NET.SECR,2017,8.0
Suriname,SUR,Secure Internet servers,IT.NET.SECR,2017,115.0
Slovak Republic,SVK,Secure Internet servers,IT.NET.SECR,2017,37877.0
Slovenia,SVN,Secure Internet servers,IT.NET.SECR,2017,40489.0
Sweden,SWE,Secure Internet servers,IT.NET.SECR,2017,136977.0
Eswatini,SWZ,Secure Internet servers,IT.NET.SECR,2017,46.0
Sint Maarten (Dutch part),SXM,Secure Internet servers,IT.NET.SECR,2017,30.0
Seychelles,SYC,Secure Internet servers,IT.NET.SECR,2017,14874.0
Syrian Arab Republic,SYR,Secure Internet servers,IT.NET.SECR,2017,227.0
Turks and Caicos Islands,TCA,Secure Internet servers,IT.NET.SECR,2017,28.0
Chad,TCD,Secure Internet servers,IT.NET.SECR,2017,9.0
Togo,TGO,Secure Internet servers,IT.NET.SECR,2017,35.0
Thailand,THA,Secure Internet servers,IT.NET.SECR,2017,40023.0
Tajikistan,TJK,Secure Internet servers,IT.NET.SECR,2017,178.0
Turkmenistan,TKM,Secure Internet servers,IT.NET.SECR,2017,26.0
Timor-Leste,TLS,Secure Internet servers,IT.NET.SECR,2017,15.0
Tonga,TON,Secure Internet servers,IT.NET.SECR,2017,21.0
Trinidad and Tobago,TTO,Secure Internet servers,IT.NET.SECR,2017,402.0
Tunisia,TUN,Secure Internet servers,IT.NET.SECR,2017,2450.0
Turkiye,TUR,Secure Internet servers,IT.NET.SECR,2017,271843.0
Tanzania,TZA,Secure Internet servers,IT.NET.SECR,2017,1241.0
Uganda,UGA,Secure Internet servers,IT.NET.SECR,2017,840.0
Ukraine,UKR,Secure Internet servers,IT.NET.SECR,2017,177005.0
Uruguay,URY,Secure Internet servers,IT.NET.SECR,2017,3793.0
United States,USA,Secure Internet servers,IT.NET.SECR,2017,9863566.0
Uzbekistan,UZB,Secure Internet servers,IT.NET.SECR,2017,6548.0
St. Vincent and the Grenadines,VCT,Secure Internet servers,IT.NET.SECR,2017,18.0
"Venezuela, RB",VEN,Secure Internet servers,IT.NET.SECR,2017,8626.0
British Virgin Islands,VGB,Secure Internet servers,IT.NET.SECR,2017,10516.0
Virgin Islands (U.S.),VIR,Secure Internet servers,IT.NET.SECR,2017,113.0
Viet Nam,VNM,Secure Internet servers,IT.NET.SECR,2017,127584.0
Vanuatu,VUT,Secure Internet servers,IT.NET.SECR,2017,51.0
Samoa,WSM,Secure Internet servers,IT.NET.SECR,2017,58.0
"Yemen, Rep.",YEM,Secure Internet servers,IT.NET.SECR,2017,94.0
South Africa,ZAF,Secure Internet servers,IT.NET.SECR,2017,537554.0
Zambia,ZMB,Secure Internet servers,IT.NET.SECR,2017,714.0
Zimbabwe,ZWE,Secure Internet servers,IT.NET.SECR,2017,435.0
Aruba,ABW,Secure Internet servers,IT.NET.SECR,2018,122.0
Afghanistan,AFG,Secure Internet servers,IT.NET.SECR,2018,1965.0
Angola,AGO,Secure Internet servers,IT.NET.SECR,2018,345.0
Albania,ALB,Secure Internet servers,IT.NET.SECR,2018,1508.0
Andorra,AND,Secure Internet servers,IT.NET.SECR,2018,400.0
United Arab Emirates,ARE,Secure Internet servers,IT.NET.SECR,2018,14292.0
Argentina,ARG,Secure Internet servers,IT.NET.SECR,2018,83320.0
Armenia,ARM,Secure Internet servers,IT.NET.SECR,2018,989.0
American Samoa,ASM,Secure Internet servers,IT.NET.SECR,2018,25.0
Antigua and Barbuda,ATG,Secure Internet servers,IT.NET.SECR,2018,81.0
Australia,AUS,Secure Internet servers,IT.NET.SECR,2018,822020.0
Austria,AUT,Secure Internet servers,IT.NET.SECR,2018,147681.0
Azerbaijan,AZE,Secure Internet servers,IT.NET.SECR,2018,3274.0
Burundi,BDI,Secure Internet servers,IT.NET.SECR,2018,67.0
Belgium,BEL,Secure Internet servers,IT.NET.SECR,2018,159673.0
Benin,BEN,Secure Internet servers,IT.NET.SECR,2018,84.0
Burkina Faso,BFA,Secure Internet servers,IT.NET.SECR,2018,50.0
Bangladesh,BGD,Secure Internet servers,IT.NET.SECR,2018,18712.0
Bulgaria,BGR,Secure Internet servers,IT.NET.SECR,2018,268524.0
Bahrain,BHR,Secure Internet servers,IT.NET.SECR,2018,582.0
"Bahamas, The",BHS,Secure Internet servers,IT.NET.SECR,2018,909.0
Bosnia and Herzegovina,BIH,Secure Internet servers,IT.NET.SECR,2018,6431.0
Belarus,BLR,Secure Internet servers,IT.NET.SECR,2018,32440.0
Belize,BLZ,Secure Internet servers,IT.NET.SECR,2018,4442.0
Bermuda,BMU,Secure Internet servers,IT.NET.SECR,2018,521.0
Bolivia,BOL,Secure Internet servers,IT.NET.SECR,2018,1478.0
Brazil,BRA,Secure Internet servers,IT.NET.SECR,2018,426560.0
Barbados,BRB,Secure Internet servers,IT.NET.SECR,2018,249.0
Brunei Darussalam,BRN,Secure Internet servers,IT.NET.SECR,2018,853.0
Bhutan,BTN,Secure Internet servers,IT.NET.SECR,2018,134.0
Botswana,BWA,Secure Internet servers,IT.NET.SECR,2018,301.0
Central African Republic,CAF,Secure Internet servers,IT.NET.SECR,2018,3.0
Canada,CAN,Secure Internet servers,IT.NET.SECR,2018,1147057.0
Switzerland,CHE,Secure Internet servers,IT.NET.SECR,2018,580292.0
Chile,CHL,Secure Internet servers,IT.NET.SECR,2018,151206.0
China,CHN,Secure Internet servers,IT.NET.SECR,2018,622142.0
Cote d'Ivoire,CIV,Secure Internet servers,IT.NET.SECR,2018,292.0
Cameroon,CMR,Secure Internet servers,IT.NET.SECR,2018,137.0
"Congo, Dem. Rep.",COD,Secure Internet servers,IT.NET.SECR,2018,237.0
"Congo, Rep.",COG,Secure Internet servers,IT.NET.SECR,2018,32.0
Colombia,COL,Secure Internet servers,IT.NET.SECR,2018,32338.0
Comoros,COM,Secure Internet servers,IT.NET.SECR,2018,6.0
Cabo Verde,CPV,Secure Internet servers,IT.NET.SECR,2018,271.0
Costa Rica,CRI,Secure Internet servers,IT.NET.SECR,2018,6029.0
Cuba,CUB,Secure Internet servers,IT.NET.SECR,2018,182.0
Curacao,CUW,Secure Internet servers,IT.NET.SECR,2018,605.0
Cayman Islands,CYM,Secure Internet servers,IT.NET.SECR,2018,740.0
Cyprus,CYP,Secure Internet servers,IT.NET.SECR,2018,7578.0
Czechia,CZE,Secure Internet servers,IT.NET.SECR,2018,450120.0
Germany,DEU,Secure Internet servers,IT.NET.SECR,2018,4676435.0
Djibouti,DJI,Secure Internet servers,IT.NET.SECR,2018,36.0
Dominica,DMA,Secure Internet servers,IT.NET.SECR,2018,475.0
Denmark,DNK,Secure Internet servers,IT.NET.SECR,2018,713512.0
Dominican Republic,DOM,Secure Internet servers,IT.NET.SECR,2018,1293.0
Algeria,DZA,Secure Internet servers,IT.NET.SECR,2018,2855.0
Ecuador,ECU,Secure Internet servers,IT.NET.SECR,2018,4538.0
"Egypt, Arab Rep.",EGY,Secure Internet servers,IT.NET.SECR,2018,3456.0
Eritrea,ERI,Secure Internet servers,IT.NET.SECR,2018,1.0
Spain,ESP,Secure Internet servers,IT.NET.SECR,2018,528944.0
Estonia,EST,Secure Internet servers,IT.NET.SECR,2018,64636.0
Ethiopia,ETH,Secure Internet servers,IT.NET.SECR,2018,160.0
Finland,FIN,Secure Internet servers,IT.NET.SECR,2018,187523.0
Fiji,FJI,Secure Internet servers,IT.NET.SECR,2018,153.0
France,FRA,Secure Internet servers,IT.NET.SECR,2018,1367541.0
Faroe Islands,FRO,Secure Internet servers,IT.NET.SECR,2018,225.0
"Micronesia, Fed. Sts.",FSM,Secure Internet servers,IT.NET.SECR,2018,21.0
Gabon,GAB,Secure Internet servers,IT.NET.SECR,2018,56.0
United Kingdom,GBR,Secure Internet servers,IT.NET.SECR,2018,1811830.0
Georgia,GEO,Secure Internet servers,IT.NET.SECR,2018,8132.0
Ghana,GHA,Secure Internet servers,IT.NET.SECR,2018,649.0
Gibraltar,GIB,Secure Internet servers,IT.NET.SECR,2018,555.0
Guinea,GIN,Secure Internet servers,IT.NET.SECR,2018,41.0
"Gambia, The",GMB,Secure Internet servers,IT.NET.SECR,2018,56.0
Guinea-Bissau,GNB,Secure Internet servers,IT.NET.SECR,2018,4.0
Equatorial Guinea,GNQ,Secure Internet servers,IT.NET.SECR,2018,13.0
Greece,GRC,Secure Internet servers,IT.NET.SECR,2018,54044.0
Grenada,GRD,Secure Internet servers,IT.NET.SECR,2018,36.0
Greenland,GRL,Secure Internet servers,IT.NET.SECR,2018,172.0
Guatemala,GTM,Secure Internet servers,IT.NET.SECR,2018,1286.0
Guam,GUM,Secure Internet servers,IT.NET.SECR,2018,142.0
Guyana,GUY,Secure Internet servers,IT.NET.SECR,2018,37.0
"Hong Kong SAR, China",HKG,Secure Internet servers,IT.NET.SECR,2018,144576.0
Honduras,HND,Secure Internet servers,IT.NET.SECR,2018,717.0
Croatia,HRV,Secure Internet servers,IT.NET.SECR,2018,79937.0
Haiti,HTI,Secure Internet servers,IT.NET.SECR,2018,59.0
Hungary,HUN,Secure Internet servers,IT.NET.SECR,2018,188120.0
Indonesia,IDN,Secure Internet servers,IT.NET.SECR,2018,343412.0
Isle of Man,IMN,Secure Internet servers,IT.NET.SECR,2018,694.0
India,IND,Secure Internet servers,IT.NET.SECR,2018,254032.0
Ireland,IRL,Secure Internet servers,IT.NET.SECR,2018,338734.0
"Iran, Islamic Rep.",IRN,Secure Internet servers,IT.NET.SECR,2018,40458.0
Iraq,IRQ,Secure Internet servers,IT.NET.SECR,2018,435.0
Iceland,ISL,Secure Internet servers,IT.NET.SECR,2018,22843.0
Israel,ISR,Secure Internet servers,IT.NET.SECR,2018,85381.0
Italy,ITA,Secure Internet servers,IT.NET.SECR,2018,740648.0
Jamaica,JAM,Secure Internet servers,IT.NET.SECR,2018,451.0
Jordan,JOR,Secure Internet servers,IT.NET.SECR,2018,1025.0
Japan,JPN,Secure Internet servers,IT.NET.SECR,2018,1476696.0
Kazakhstan,KAZ,Secure Internet servers,IT.NET.SECR,2018,25115.0
Kenya,KEN,Secure Internet servers,IT.NET.SECR,2018,11164.0
Kyrgyz Republic,KGZ,Secure Internet servers,IT.NET.SECR,2018,1075.0
Cambodia,KHM,Secure Internet servers,IT.NET.SECR,2018,1318.0
Kiribati,KIR,Secure Internet servers,IT.NET.SECR,2018,5.0
St. Kitts and Nevis,KNA,Secure Internet servers,IT.NET.SECR,2018,234.0
"Korea, Rep.",KOR,Secure Internet servers,IT.NET.SECR,2018,106574.0
Kuwait,KWT,Secure Internet servers,IT.NET.SECR,2018,1705.0
Lao PDR,LAO,Secure Internet servers,IT.NET.SECR,2018,144.0
Lebanon,LBN,Secure Internet servers,IT.NET.SECR,2018,1195.0
Liberia,LBR,Secure Internet servers,IT.NET.SECR,2018,11.0
Libya,LBY,Secure Internet servers,IT.NET.SECR,2018,7345.0
St. Lucia,LCA,Secure Internet servers,IT.NET.SECR,2018,46.0
Liechtenstein,LIE,Secure Internet servers,IT.NET.SECR,2018,1333.0
Sri Lanka,LKA,Secure Internet servers,IT.NET.SECR,2018,8937.0
Lesotho,LSO,Secure Internet servers,IT.NET.SECR,2018,83.0
Lithuania,LTU,Secure Internet servers,IT.NET.SECR,2018,51176.0
Luxembourg,LUX,Secure Internet servers,IT.NET.SECR,2018,26234.0
Latvia,LVA,Secure Internet servers,IT.NET.SECR,2018,27952.0
"Macao SAR, China",MAC,Secure Internet servers,IT.NET.SECR,2018,1674.0
St. Martin (French part),MAF,Secure Internet servers,IT.NET.SECR,2018,11.0
Morocco,MAR,Secure Internet servers,IT.NET.SECR,2018,10655.0
Monaco,MCO,Secure Internet servers,IT.NET.SECR,2018,412.0
Moldova,MDA,Secure Internet servers,IT.NET.SECR,2018,10610.0
Madagascar,MDG,Secure Internet servers,IT.NET.SECR,2018,143.0
Maldives,MDV,Secure Internet servers,IT.NET.SECR,2018,270.0
Mexico,MEX,Secure Internet servers,IT.NET.SECR,2018,28487.0
Marshall Islands,MHL,Secure Internet servers,IT.NET.SECR,2018,8.0
North Macedonia,MKD,Secure Internet servers,IT.NET.SECR,2018,968.0
Mali,MLI,Secure Internet servers,IT.NET.SECR,2018,201.0
Malta,MLT,Secure Internet servers,IT.NET.SECR,2018,6986.0
Myanmar,MMR,Secure Internet servers,IT.NET.SECR,2018,494.0
Montenegro,MNE,Secure Internet servers,IT.NET.SECR,2018,259.0
Mongolia,MNG,Secure Internet servers,IT.NET.SECR,2018,5357.0
Northern Mariana Islands,MNP,Secure Internet servers,IT.NET.SECR,2018,14.0
Mozambique,MOZ,Secure Internet servers,IT.NET.SECR,2018,349.0
Mauritania,MRT,Secure Internet servers,IT.NET.SECR,2018,24.0
Mauritius,MUS,Secure Internet servers,IT.NET.SECR,2018,9926.0
Malawi,MWI,Secure Internet servers,IT.NET.SECR,2018,279.0
Malaysia,MYS,Secure Internet servers,IT.NET.SECR,2018,180124.0
Namibia,NAM,Secure Internet servers,IT.NET.SECR,2018,366.0
New Caledonia,NCL,Secure Internet servers,IT.NET.SECR,2018,945.0
Niger,NER,Secure Internet servers,IT.NET.SECR,2018,11.0
Nigeria,NGA,Secure Internet servers,IT.NET.SECR,2018,36082.0
Nicaragua,NIC,Secure Internet servers,IT.NET.SECR,2018,448.0
Netherlands,NLD,Secure Internet servers,IT.NET.SECR,2018,1733183.0
Norway,NOR,Secure Internet servers,IT.NET.SECR,2018,110946.0
Nepal,NPL,Secure Internet servers,IT.NET.SECR,2018,5126.0
Nauru,NRU,Secure Internet servers,IT.NET.SECR,2018,1.0
New Zealand,NZL,Secure Internet servers,IT.NET.SECR,2018,86339.0
Oman,OMN,Secure Internet servers,IT.NET.SECR,2018,757.0
Pakistan,PAK,Secure Internet servers,IT.NET.SECR,2018,23161.0
Panama,PAN,Secure Internet servers,IT.NET.SECR,2018,8945.0
Peru,PER,Secure Internet servers,IT.NET.SECR,2018,8232.0
Philippines,PHL,Secure Internet servers,IT.NET.SECR,2018,9903.0
Palau,PLW,Secure Internet servers,IT.NET.SECR,2018,15.0
Papua New Guinea,PNG,Secure Internet servers,IT.NET.SECR,2018,429.0
Poland,POL,Secure Internet servers,IT.NET.SECR,2018,616219.0
Puerto Rico (US),PRI,Secure Internet servers,IT.NET.SECR,2018,1229.0
Portugal,PRT,Secure Internet servers,IT.NET.SECR,2018,164308.0
Paraguay,PRY,Secure Internet servers,IT.NET.SECR,2018,1728.0
West Bank and Gaza,PSE,Secure Internet servers,IT.NET.SECR,2018,2143.0
French Polynesia,PYF,Secure Internet servers,IT.NET.SECR,2018,206.0
Qatar,QAT,Secure Internet servers,IT.NET.SECR,2018,1103.0
Romania,ROU,Secure Internet servers,IT.NET.SECR,2018,310378.0
Russian Federation,RUS,Secure Internet servers,IT.NET.SECR,2018,749930.0
Rwanda,RWA,Secure Internet servers,IT.NET.SECR,2018,449.0
Saudi Arabia,SAU,Secure Internet servers,IT.NET.SECR,2018,5445.0
Sudan,SDN,Secure Internet servers,IT.NET.SECR,2018,193.0
Senegal,SEN,Secure Internet servers,IT.NET.SECR,2018,272.0
Singapore,SGP,Secure Internet servers,IT.NET.SECR,2018,477674.0
Solomon Islands,SLB,Secure Internet servers,IT.NET.SECR,2018,28.0
El Salvador,SLV,Secure Internet servers,IT.NET.SECR,2018,582.0
San Marino,SMR,Secure Internet servers,IT.NET.SECR,2018,2002.0
"Somalia, Fed. Rep.",SOM,Secure Internet servers,IT.NET.SECR,2018,65.0
Serbia,SRB,Secure Internet servers,IT.NET.SECR,2018,48178.0
South Sudan,SSD,Secure Internet servers,IT.NET.SECR,2018,15.0
Sao Tome and Principe,STP,Secure Internet servers,IT.NET.SECR,2018,12.0
Suriname,SUR,Secure Internet servers,IT.NET.SECR,2018,168.0
Slovak Republic,SVK,Secure Internet servers,IT.NET.SECR,2018,70772.0
Slovenia,SVN,Secure Internet servers,IT.NET.SECR,2018,68476.0
Sweden,SWE,Secure Internet servers,IT.NET.SECR,2018,189345.0
Eswatini,SWZ,Secure Internet servers,IT.NET.SECR,2018,61.0
Sint Maarten (Dutch part),SXM,Secure Internet servers,IT.NET.SECR,2018,32.0
Seychelles,SYC,Secure Internet servers,IT.NET.SECR,2018,25570.0
Syrian Arab Republic,SYR,Secure Internet servers,IT.NET.SECR,2018,323.0
Turks and Caicos Islands,TCA,Secure Internet servers,IT.NET.SECR,2018,28.0
Chad,TCD,Secure Internet servers,IT.NET.SECR,2018,7.0
Togo,TGO,Secure Internet servers,IT.NET.SECR,2018,61.0
Thailand,THA,Secure Internet servers,IT.NET.SECR,2018,66225.0
Tajikistan,TJK,Secure Internet servers,IT.NET.SECR,2018,249.0
Turkmenistan,TKM,Secure Internet servers,IT.NET.SECR,2018,35.0
Timor-Leste,TLS,Secure Internet servers,IT.NET.SECR,2018,37.0
Tonga,TON,Secure Internet servers,IT.NET.SECR,2018,18.0
Trinidad and Tobago,TTO,Secure Internet servers,IT.NET.SECR,2018,391.0
Tunisia,TUN,Secure Internet servers,IT.NET.SECR,2018,3657.0
Turkiye,TUR,Secure Internet servers,IT.NET.SECR,2018,356867.0
Tuvalu,TUV,Secure Internet servers,IT.NET.SECR,2018,1.0
Tanzania,TZA,Secure Internet servers,IT.NET.SECR,2018,1537.0
Uganda,UGA,Secure Internet servers,IT.NET.SECR,2018,864.0
Ukraine,UKR,Secure Internet servers,IT.NET.SECR,2018,268976.0
Uruguay,URY,Secure Internet servers,IT.NET.SECR,2018,5432.0
United States,USA,Secure Internet servers,IT.NET.SECR,2018,21517004.0
Uzbekistan,UZB,Secure Internet servers,IT.NET.SECR,2018,9193.0
St. Vincent and the Grenadines,VCT,Secure Internet servers,IT.NET.SECR,2018,10.0
"Venezuela, RB",VEN,Secure Internet servers,IT.NET.SECR,2018,7956.0
British Virgin Islands,VGB,Secure Internet servers,IT.NET.SECR,2018,9856.0
Virgin Islands (U.S.),VIR,Secure Internet servers,IT.NET.SECR,2018,92.0
Viet Nam,VNM,Secure Internet servers,IT.NET.SECR,2018,169056.0
Vanuatu,VUT,Secure Internet servers,IT.NET.SECR,2018,58.0
World,WLD,Secure Internet servers,IT.NET.SECR,2018,46647599.0
Samoa,WSM,Secure Internet servers,IT.NET.SECR,2018,105.0
"Yemen, Rep.",YEM,Secure Internet servers,IT.NET.SECR,2018,107.0
South Africa,ZAF,Secure Internet servers,IT.NET.SECR,2018,695336.0
Zambia,ZMB,Secure Internet servers,IT.NET.SECR,2018,715.0
Zimbabwe,ZWE,Secure Internet servers,IT.NET.SECR,2018,673.0
Aruba,ABW,Secure Internet servers,IT.NET.SECR,2019,149.0
Afghanistan,AFG,Secure Internet servers,IT.NET.SECR,2019,1047.0
Angola,AGO,Secure Internet servers,IT.NET.SECR,2019,469.0
Albania,ALB,Secure Internet servers,IT.NET.SECR,2019,2190.0
Andorra,AND,Secure Internet servers,IT.NET.SECR,2019,1557.0
United Arab Emirates,ARE,Secure Internet servers,IT.NET.SECR,2019,18682.0
Argentina,ARG,Secure Internet servers,IT.NET.SECR,2019,135647.0
Armenia,ARM,Secure Internet servers,IT.NET.SECR,2019,1416.0
American Samoa,ASM,Secure Internet servers,IT.NET.SECR,2019,19.0
Antigua and Barbuda,ATG,Secure Internet servers,IT.NET.SECR,2019,87.0
Australia,AUS,Secure Internet servers,IT.NET.SECR,2019,931399.0
Austria,AUT,Secure Internet servers,IT.NET.SECR,2019,233527.0
Azerbaijan,AZE,Secure Internet servers,IT.NET.SECR,2019,3697.0
Burundi,BDI,Secure Internet servers,IT.NET.SECR,2019,106.0
Belgium,BEL,Secure Internet servers,IT.NET.SECR,2019,225822.0
Benin,BEN,Secure Internet servers,IT.NET.SECR,2019,117.0
Burkina Faso,BFA,Secure Internet servers,IT.NET.SECR,2019,69.0
Bangladesh,BGD,Secure Internet servers,IT.NET.SECR,2019,16334.0
Bulgaria,BGR,Secure Internet servers,IT.NET.SECR,2019,280691.0
Bahrain,BHR,Secure Internet servers,IT.NET.SECR,2019,638.0
"Bahamas, The",BHS,Secure Internet servers,IT.NET.SECR,2019,618.0
Bosnia and Herzegovina,BIH,Secure Internet servers,IT.NET.SECR,2019,8768.0
Belarus,BLR,Secure Internet servers,IT.NET.SECR,2019,54170.0
Belize,BLZ,Secure Internet servers,IT.NET.SECR,2019,16465.0
Bermuda,BMU,Secure Internet servers,IT.NET.SECR,2019,492.0
Bolivia,BOL,Secure Internet servers,IT.NET.SECR,2019,1987.0
Brazil,BRA,Secure Internet servers,IT.NET.SECR,2019,578468.0
Barbados,BRB,Secure Internet servers,IT.NET.SECR,2019,270.0
Brunei Darussalam,BRN,Secure Internet servers,IT.NET.SECR,2019,4645.0
Bhutan,BTN,Secure Internet servers,IT.NET.SECR,2019,365.0
Botswana,BWA,Secure Internet servers,IT.NET.SECR,2019,486.0
Central African Republic,CAF,Secure Internet servers,IT.NET.SECR,2019,5.0
Canada,CAN,Secure Internet servers,IT.NET.SECR,2019,1349486.0
Switzerland,CHE,Secure Internet servers,IT.NET.SECR,2019,821368.0
Chile,CHL,Secure Internet servers,IT.NET.SECR,2019,208732.0
China,CHN,Secure Internet servers,IT.NET.SECR,2019,1027286.0
Cote d'Ivoire,CIV,Secure Internet servers,IT.NET.SECR,2019,1145.0
Cameroon,CMR,Secure Internet servers,IT.NET.SECR,2019,392.0
"Congo, Dem. Rep.",COD,Secure Internet servers,IT.NET.SECR,2019,263.0
"Congo, Rep.",COG,Secure Internet servers,IT.NET.SECR,2019,33.0
Colombia,COL,Secure Internet servers,IT.NET.SECR,2019,39298.0
Comoros,COM,Secure Internet servers,IT.NET.SECR,2019,6.0
Cabo Verde,CPV,Secure Internet servers,IT.NET.SECR,2019,302.0
Costa Rica,CRI,Secure Internet servers,IT.NET.SECR,2019,6614.0
Cuba,CUB,Secure Internet servers,IT.NET.SECR,2019,401.0
Curacao,CUW,Secure Internet servers,IT.NET.SECR,2019,647.0
Cayman Islands,CYM,Secure Internet servers,IT.NET.SECR,2019,1101.0
Cyprus,CYP,Secure Internet servers,IT.NET.SECR,2019,9854.0
Czechia,CZE,Secure Internet servers,IT.NET.SECR,2019,599619.0
Germany,DEU,Secure Internet servers,IT.NET.SECR,2019,6478761.0
Djibouti,DJI,Secure Internet servers,IT.NET.SECR,2019,44.0
Dominica,DMA,Secure Internet servers,IT.NET.SECR,2019,705.0
Denmark,DNK,Secure Internet servers,IT.NET.SECR,2019,1612517.0
Dominican Republic,DOM,Secure Internet servers,IT.NET.SECR,2019,1215.0
Algeria,DZA,Secure Internet servers,IT.NET.SECR,2019,2154.0
Ecuador,ECU,Secure Internet servers,IT.NET.SECR,2019,5448.0
"Egypt, Arab Rep.",EGY,Secure Internet servers,IT.NET.SECR,2019,3547.0
Eritrea,ERI,Secure Internet servers,IT.NET.SECR,2019,3.0
Spain,ESP,Secure Internet servers,IT.NET.SECR,2019,834027.0
Estonia,EST,Secure Internet servers,IT.NET.SECR,2019,110548.0
Ethiopia,ETH,Secure Internet servers,IT.NET.SECR,2019,165.0
Finland,FIN,Secure Internet servers,IT.NET.SECR,2019,318556.0
Fiji,FJI,Secure Internet servers,IT.NET.SECR,2019,187.0
France,FRA,Secure Internet servers,IT.NET.SECR,2019,1971311.0
Faroe Islands,FRO,Secure Internet servers,IT.NET.SECR,2019,243.0
"Micronesia, Fed. Sts.",FSM,Secure Internet servers,IT.NET.SECR,2019,24.0
Gabon,GAB,Secure Internet servers,IT.NET.SECR,2019,55.0
United Kingdom,GBR,Secure Internet servers,IT.NET.SECR,2019,2405337.0
Georgia,GEO,Secure Internet servers,IT.NET.SECR,2019,10329.0
Ghana,GHA,Secure Internet servers,IT.NET.SECR,2019,1369.0
Gibraltar,GIB,Secure Internet servers,IT.NET.SECR,2019,546.0
Guinea,GIN,Secure Internet servers,IT.NET.SECR,2019,63.0
"Gambia, The",GMB,Secure Internet servers,IT.NET.SECR,2019,52.0
Guinea-Bissau,GNB,Secure Internet servers,IT.NET.SECR,2019,7.0
Equatorial Guinea,GNQ,Secure Internet servers,IT.NET.SECR,2019,27.0
Greece,GRC,Secure Internet servers,IT.NET.SECR,2019,71270.0
Grenada,GRD,Secure Internet servers,IT.NET.SECR,2019,56.0
Greenland,GRL,Secure Internet servers,IT.NET.SECR,2019,180.0
Guatemala,GTM,Secure Internet servers,IT.NET.SECR,2019,1559.0
Guam,GUM,Secure Internet servers,IT.NET.SECR,2019,167.0
Guyana,GUY,Secure Internet servers,IT.NET.SECR,2019,49.0
"Hong Kong SAR, China",HKG,Secure Internet servers,IT.NET.SECR,2019,454544.0
Honduras,HND,Secure Internet servers,IT.NET.SECR,2019,910.0
Croatia,HRV,Secure Internet servers,IT.NET.SECR,2019,92507.0
Haiti,HTI,Secure Internet servers,IT.NET.SECR,2019,60.0
Hungary,HUN,Secure Internet servers,IT.NET.SECR,2019,256400.0
Indonesia,IDN,Secure Internet servers,IT.NET.SECR,2019,455692.0
Isle of Man,IMN,Secure Internet servers,IT.NET.SECR,2019,834.0
India,IND,Secure Internet servers,IT.NET.SECR,2019,531807.0
Ireland,IRL,Secure Internet servers,IT.NET.SECR,2019,470811.0
"Iran, Islamic Rep.",IRN,Secure Internet servers,IT.NET.SECR,2019,85822.0
Iraq,IRQ,Secure Internet servers,IT.NET.SECR,2019,475.0
Iceland,ISL,Secure Internet servers,IT.NET.SECR,2019,25566.0
Israel,ISR,Secure Internet servers,IT.NET.SECR,2019,100634.0
Italy,ITA,Secure Internet servers,IT.NET.SECR,2019,914642.0
Jamaica,JAM,Secure Internet servers,IT.NET.SECR,2019,426.0
Jordan,JOR,Secure Internet servers,IT.NET.SECR,2019,1092.0
Japan,JPN,Secure Internet servers,IT.NET.SECR,2019,2361325.0
Kazakhstan,KAZ,Secure Internet servers,IT.NET.SECR,2019,43674.0
Kenya,KEN,Secure Internet servers,IT.NET.SECR,2019,13047.0
Kyrgyz Republic,KGZ,Secure Internet servers,IT.NET.SECR,2019,1859.0
Cambodia,KHM,Secure Internet servers,IT.NET.SECR,2019,2626.0
Kiribati,KIR,Secure Internet servers,IT.NET.SECR,2019,1.0
St. Kitts and Nevis,KNA,Secure Internet servers,IT.NET.SECR,2019,289.0
"Korea, Rep.",KOR,Secure Internet servers,IT.NET.SECR,2019,234958.0
Kuwait,KWT,Secure Internet servers,IT.NET.SECR,2019,1844.0
Lao PDR,LAO,Secure Internet servers,IT.NET.SECR,2019,224.0
Lebanon,LBN,Secure Internet servers,IT.NET.SECR,2019,1415.0
Liberia,LBR,Secure Internet servers,IT.NET.SECR,2019,24.0
Libya,LBY,Secure Internet servers,IT.NET.SECR,2019,7119.0
St. Lucia,LCA,Secure Internet servers,IT.NET.SECR,2019,55.0
Liechtenstein,LIE,Secure Internet servers,IT.NET.SECR,2019,1826.0
Sri Lanka,LKA,Secure Internet servers,IT.NET.SECR,2019,7161.0
Lesotho,LSO,Secure Internet servers,IT.NET.SECR,2019,134.0
Lithuania,LTU,Secure Internet servers,IT.NET.SECR,2019,87889.0
Luxembourg,LUX,Secure Internet servers,IT.NET.SECR,2019,24716.0
Latvia,LVA,Secure Internet servers,IT.NET.SECR,2019,38004.0
"Macao SAR, China",MAC,Secure Internet servers,IT.NET.SECR,2019,2669.0
Morocco,MAR,Secure Internet servers,IT.NET.SECR,2019,13479.0
Monaco,MCO,Secure Internet servers,IT.NET.SECR,2019,519.0
Moldova,MDA,Secure Internet servers,IT.NET.SECR,2019,12060.0
Madagascar,MDG,Secure Internet servers,IT.NET.SECR,2019,227.0
Maldives,MDV,Secure Internet servers,IT.NET.SECR,2019,385.0
Mexico,MEX,Secure Internet servers,IT.NET.SECR,2019,34635.0
Marshall Islands,MHL,Secure Internet servers,IT.NET.SECR,2019,20.0
North Macedonia,MKD,Secure Internet servers,IT.NET.SECR,2019,1438.0
Mali,MLI,Secure Internet servers,IT.NET.SECR,2019,203.0
Malta,MLT,Secure Internet servers,IT.NET.SECR,2019,5464.0
Myanmar,MMR,Secure Internet servers,IT.NET.SECR,2019,663.0
Montenegro,MNE,Secure Internet servers,IT.NET.SECR,2019,430.0
Mongolia,MNG,Secure Internet servers,IT.NET.SECR,2019,5452.0
Northern Mariana Islands,MNP,Secure Internet servers,IT.NET.SECR,2019,78.0
Mozambique,MOZ,Secure Internet servers,IT.NET.SECR,2019,623.0
Mauritania,MRT,Secure Internet servers,IT.NET.SECR,2019,33.0
Mauritius,MUS,Secure Internet servers,IT.NET.SECR,2019,652.0
Malawi,MWI,Secure Internet servers,IT.NET.SECR,2019,305.0
Malaysia,MYS,Secure Internet servers,IT.NET.SECR,2019,214828.0
Namibia,NAM,Secure Internet servers,IT.NET.SECR,2019,366.0
New Caledonia,NCL,Secure Internet servers,IT.NET.SECR,2019,1329.0
Niger,NER,Secure Internet servers,IT.NET.SECR,2019,20.0
Nigeria,NGA,Secure Internet servers,IT.NET.SECR,2019,15036.0
Nicaragua,NIC,Secure Internet servers,IT.NET.SECR,2019,564.0
Netherlands,NLD,Secure Internet servers,IT.NET.SECR,2019,2259681.0
Norway,NOR,Secure Internet servers,IT.NET.SECR,2019,193492.0
Nepal,NPL,Secure Internet servers,IT.NET.SECR,2019,5404.0
New Zealand,NZL,Secure Internet servers,IT.NET.SECR,2019,100186.0
Oman,OMN,Secure Internet servers,IT.NET.SECR,2019,908.0
Pakistan,PAK,Secure Internet servers,IT.NET.SECR,2019,13549.0
Panama,PAN,Secure Internet servers,IT.NET.SECR,2019,8039.0
Peru,PER,Secure Internet servers,IT.NET.SECR,2019,12505.0
Philippines,PHL,Secure Internet servers,IT.NET.SECR,2019,12035.0
Palau,PLW,Secure Internet servers,IT.NET.SECR,2019,13.0
Papua New Guinea,PNG,Secure Internet servers,IT.NET.SECR,2019,498.0
Poland,POL,Secure Internet servers,IT.NET.SECR,2019,782319.0
Puerto Rico (US),PRI,Secure Internet servers,IT.NET.SECR,2019,1347.0
Portugal,PRT,Secure Internet servers,IT.NET.SECR,2019,196988.0
Paraguay,PRY,Secure Internet servers,IT.NET.SECR,2019,2454.0
West Bank and Gaza,PSE,Secure Internet servers,IT.NET.SECR,2019,2613.0
French Polynesia,PYF,Secure Internet servers,IT.NET.SECR,2019,302.0
Qatar,QAT,Secure Internet servers,IT.NET.SECR,2019,1235.0
Romania,ROU,Secure Internet servers,IT.NET.SECR,2019,371250.0
Russian Federation,RUS,Secure Internet servers,IT.NET.SECR,2019,1348308.0
Rwanda,RWA,Secure Internet servers,IT.NET.SECR,2019,900.0
Saudi Arabia,SAU,Secure Internet servers,IT.NET.SECR,2019,6256.0
Sudan,SDN,Secure Internet servers,IT.NET.SECR,2019,184.0
Senegal,SEN,Secure Internet servers,IT.NET.SECR,2019,316.0
Singapore,SGP,Secure Internet servers,IT.NET.SECR,2019,698581.0
Solomon Islands,SLB,Secure Internet servers,IT.NET.SECR,2019,38.0
Sierra Leone,SLE,Secure Internet servers,IT.NET.SECR,2019,41.0
El Salvador,SLV,Secure Internet servers,IT.NET.SECR,2019,608.0
San Marino,SMR,Secure Internet servers,IT.NET.SECR,2019,2531.0
"Somalia, Fed. Rep.",SOM,Secure Internet servers,IT.NET.SECR,2019,132.0
Serbia,SRB,Secure Internet servers,IT.NET.SECR,2019,56061.0
South Sudan,SSD,Secure Internet servers,IT.NET.SECR,2019,38.0
Sao Tome and Principe,STP,Secure Internet servers,IT.NET.SECR,2019,13.0
Suriname,SUR,Secure Internet servers,IT.NET.SECR,2019,306.0
Slovak Republic,SVK,Secure Internet servers,IT.NET.SECR,2019,109581.0
Slovenia,SVN,Secure Internet servers,IT.NET.SECR,2019,88819.0
Sweden,SWE,Secure Internet servers,IT.NET.SECR,2019,264047.0
Eswatini,SWZ,Secure Internet servers,IT.NET.SECR,2019,107.0
Sint Maarten (Dutch part),SXM,Secure Internet servers,IT.NET.SECR,2019,33.0
Seychelles,SYC,Secure Internet servers,IT.NET.SECR,2019,9413.0
Syrian Arab Republic,SYR,Secure Internet servers,IT.NET.SECR,2019,386.0
Turks and Caicos Islands,TCA,Secure Internet servers,IT.NET.SECR,2019,29.0
Chad,TCD,Secure Internet servers,IT.NET.SECR,2019,11.0
Togo,TGO,Secure Internet servers,IT.NET.SECR,2019,159.0
Thailand,THA,Secure Internet servers,IT.NET.SECR,2019,97741.0
Tajikistan,TJK,Secure Internet servers,IT.NET.SECR,2019,663.0
Turkmenistan,TKM,Secure Internet servers,IT.NET.SECR,2019,119.0
Timor-Leste,TLS,Secure Internet servers,IT.NET.SECR,2019,49.0
Tonga,TON,Secure Internet servers,IT.NET.SECR,2019,24.0
Trinidad and Tobago,TTO,Secure Internet servers,IT.NET.SECR,2019,436.0
Tunisia,TUN,Secure Internet servers,IT.NET.SECR,2019,3169.0
Turkiye,TUR,Secure Internet servers,IT.NET.SECR,2019,453706.0
Tuvalu,TUV,Secure Internet servers,IT.NET.SECR,2019,1.0
Tanzania,TZA,Secure Internet servers,IT.NET.SECR,2019,2268.0
Uganda,UGA,Secure Internet servers,IT.NET.SECR,2019,973.0
Ukraine,UKR,Secure Internet servers,IT.NET.SECR,2019,349187.0
Uruguay,URY,Secure Internet servers,IT.NET.SECR,2019,6262.0
United States,USA,Secure Internet servers,IT.NET.SECR,2019,40706354.0
Uzbekistan,UZB,Secure Internet servers,IT.NET.SECR,2019,15196.0
St. Vincent and the Grenadines,VCT,Secure Internet servers,IT.NET.SECR,2019,10.0
"Venezuela, RB",VEN,Secure Internet servers,IT.NET.SECR,2019,6191.0
British Virgin Islands,VGB,Secure Internet servers,IT.NET.SECR,2019,4118.0
Virgin Islands (U.S.),VIR,Secure Internet servers,IT.NET.SECR,2019,126.0
Viet Nam,VNM,Secure Internet servers,IT.NET.SECR,2019,250511.0
Vanuatu,VUT,Secure Internet servers,IT.NET.SECR,2019,105.0
World,WLD,Secure Internet servers,IT.NET.SECR,2019,76389940.0
Samoa,WSM,Secure Internet servers,IT.NET.SECR,2019,93.0
"Yemen, Rep.",YEM,Secure Internet servers,IT.NET.SECR,2019,129.0
South Africa,ZAF,Secure Internet servers,IT.NET.SECR,2019,840493.0
Zambia,ZMB,Secure Internet servers,IT.NET.SECR,2019,648.0
Zimbabwe,ZWE,Secure Internet servers,IT.NET.SECR,2019,991.0
Aruba,ABW,Secure Internet servers,IT.NET.SECR,2020,169.0
Afghanistan,AFG,Secure Internet servers,IT.NET.SECR,2020,1362.0
Angola,AGO,Secure Internet servers,IT.NET.SECR,2020,660.0
Albania,ALB,Secure Internet servers,IT.NET.SECR,2020,2511.0
Andorra,AND,Secure Internet servers,IT.NET.SECR,2020,751.0
United Arab Emirates,ARE,Secure Internet servers,IT.NET.SECR,2020,13901.0
Argentina,ARG,Secure Internet servers,IT.NET.SECR,2020,167248.0
Armenia,ARM,Secure Internet servers,IT.NET.SECR,2020,1741.0
American Samoa,ASM,Secure Internet servers,IT.NET.SECR,2020,12.0
Antigua and Barbuda,ATG,Secure Internet servers,IT.NET.SECR,2020,122.0
Australia,AUS,Secure Internet servers,IT.NET.SECR,2020,1022449.0
Austria,AUT,Secure Internet servers,IT.NET.SECR,2020,301414.0
Azerbaijan,AZE,Secure Internet servers,IT.NET.SECR,2020,3021.0
Burundi,BDI,Secure Internet servers,IT.NET.SECR,2020,103.0
Belgium,BEL,Secure Internet servers,IT.NET.SECR,2020,279411.0
Benin,BEN,Secure Internet servers,IT.NET.SECR,2020,226.0
Burkina Faso,BFA,Secure Internet servers,IT.NET.SECR,2020,125.0
Bangladesh,BGD,Secure Internet servers,IT.NET.SECR,2020,23085.0
Bulgaria,BGR,Secure Internet servers,IT.NET.SECR,2020,333361.0
Bahrain,BHR,Secure Internet servers,IT.NET.SECR,2020,667.0
"Bahamas, The",BHS,Secure Internet servers,IT.NET.SECR,2020,496.0
Bosnia and Herzegovina,BIH,Secure Internet servers,IT.NET.SECR,2020,10382.0
Belarus,BLR,Secure Internet servers,IT.NET.SECR,2020,70824.0
Belize,BLZ,Secure Internet servers,IT.NET.SECR,2020,52225.0
Bermuda,BMU,Secure Internet servers,IT.NET.SECR,2020,484.0
Bolivia,BOL,Secure Internet servers,IT.NET.SECR,2020,2452.0
Brazil,BRA,Secure Internet servers,IT.NET.SECR,2020,656211.0
Barbados,BRB,Secure Internet servers,IT.NET.SECR,2020,298.0
Brunei Darussalam,BRN,Secure Internet servers,IT.NET.SECR,2020,6890.0
Bhutan,BTN,Secure Internet servers,IT.NET.SECR,2020,527.0
Botswana,BWA,Secure Internet servers,IT.NET.SECR,2020,620.0
Central African Republic,CAF,Secure Internet servers,IT.NET.SECR,2020,6.0
Canada,CAN,Secure Internet servers,IT.NET.SECR,2020,1515773.0
Switzerland,CHE,Secure Internet servers,IT.NET.SECR,2020,1036600.0
Chile,CHL,Secure Internet servers,IT.NET.SECR,2020,246876.0
China,CHN,Secure Internet servers,IT.NET.SECR,2020,1338370.0
Cote d'Ivoire,CIV,Secure Internet servers,IT.NET.SECR,2020,1493.0
Cameroon,CMR,Secure Internet servers,IT.NET.SECR,2020,444.0
"Congo, Dem. Rep.",COD,Secure Internet servers,IT.NET.SECR,2020,345.0
"Congo, Rep.",COG,Secure Internet servers,IT.NET.SECR,2020,46.0
Colombia,COL,Secure Internet servers,IT.NET.SECR,2020,20646.0
Comoros,COM,Secure Internet servers,IT.NET.SECR,2020,8.0
Cabo Verde,CPV,Secure Internet servers,IT.NET.SECR,2020,99.0
Costa Rica,CRI,Secure Internet servers,IT.NET.SECR,2020,6722.0
Cuba,CUB,Secure Internet servers,IT.NET.SECR,2020,775.0
Curacao,CUW,Secure Internet servers,IT.NET.SECR,2020,735.0
Cayman Islands,CYM,Secure Internet servers,IT.NET.SECR,2020,2002.0
Cyprus,CYP,Secure Internet servers,IT.NET.SECR,2020,30171.0
Czechia,CZE,Secure Internet servers,IT.NET.SECR,2020,723194.0
Germany,DEU,Secure Internet servers,IT.NET.SECR,2020,8109646.0
Djibouti,DJI,Secure Internet servers,IT.NET.SECR,2020,49.0
Dominica,DMA,Secure Internet servers,IT.NET.SECR,2020,3378.0
Denmark,DNK,Secure Internet servers,IT.NET.SECR,2020,1615776.0
Dominican Republic,DOM,Secure Internet servers,IT.NET.SECR,2020,1375.0
Algeria,DZA,Secure Internet servers,IT.NET.SECR,2020,2106.0
Ecuador,ECU,Secure Internet servers,IT.NET.SECR,2020,6711.0
"Egypt, Arab Rep.",EGY,Secure Internet servers,IT.NET.SECR,2020,4503.0
Eritrea,ERI,Secure Internet servers,IT.NET.SECR,2020,3.0
Spain,ESP,Secure Internet servers,IT.NET.SECR,2020,1022461.0
Estonia,EST,Secure Internet servers,IT.NET.SECR,2020,112151.0
Ethiopia,ETH,Secure Internet servers,IT.NET.SECR,2020,654.0
Finland,FIN,Secure Internet servers,IT.NET.SECR,2020,451490.0
Fiji,FJI,Secure Internet servers,IT.NET.SECR,2020,238.0
France,FRA,Secure Internet servers,IT.NET.SECR,2020,2440930.0
Faroe Islands,FRO,Secure Internet servers,IT.NET.SECR,2020,294.0
"Micronesia, Fed. Sts.",FSM,Secure Internet servers,IT.NET.SECR,2020,21.0
Gabon,GAB,Secure Internet servers,IT.NET.SECR,2020,98.0
United Kingdom,GBR,Secure Internet servers,IT.NET.SECR,2020,2445275.0
Georgia,GEO,Secure Internet servers,IT.NET.SECR,2020,13020.0
Ghana,GHA,Secure Internet servers,IT.NET.SECR,2020,1846.0
Gibraltar,GIB,Secure Internet servers,IT.NET.SECR,2020,757.0
Guinea,GIN,Secure Internet servers,IT.NET.SECR,2020,89.0
"Gambia, The",GMB,Secure Internet servers,IT.NET.SECR,2020,70.0
Guinea-Bissau,GNB,Secure Internet servers,IT.NET.SECR,2020,6.0
Equatorial Guinea,GNQ,Secure Internet servers,IT.NET.SECR,2020,47.0
Greece,GRC,Secure Internet servers,IT.NET.SECR,2020,95300.0
Grenada,GRD,Secure Internet servers,IT.NET.SECR,2020,65.0
Greenland,GRL,Secure Internet servers,IT.NET.SECR,2020,232.0
Guatemala,GTM,Secure Internet servers,IT.NET.SECR,2020,1798.0
Guam,GUM,Secure Internet servers,IT.NET.SECR,2020,176.0
Guyana,GUY,Secure Internet servers,IT.NET.SECR,2020,48.0
"Hong Kong SAR, China",HKG,Secure Internet servers,IT.NET.SECR,2020,528380.0
Honduras,HND,Secure Internet servers,IT.NET.SECR,2020,985.0
Croatia,HRV,Secure Internet servers,IT.NET.SECR,2020,90474.0
Haiti,HTI,Secure Internet servers,IT.NET.SECR,2020,87.0
Hungary,HUN,Secure Internet servers,IT.NET.SECR,2020,319932.0
Indonesia,IDN,Secure Internet servers,IT.NET.SECR,2020,513564.0
Isle of Man,IMN,Secure Internet servers,IT.NET.SECR,2020,1105.0
India,IND,Secure Internet servers,IT.NET.SECR,2020,662298.0
Ireland,IRL,Secure Internet servers,IT.NET.SECR,2020,577386.0
"Iran, Islamic Rep.",IRN,Secure Internet servers,IT.NET.SECR,2020,203430.0
Iraq,IRQ,Secure Internet servers,IT.NET.SECR,2020,719.0
Iceland,ISL,Secure Internet servers,IT.NET.SECR,2020,27673.0
Israel,ISR,Secure Internet servers,IT.NET.SECR,2020,113823.0
Italy,ITA,Secure Internet servers,IT.NET.SECR,2020,1229028.0
Jamaica,JAM,Secure Internet servers,IT.NET.SECR,2020,475.0
Jordan,JOR,Secure Internet servers,IT.NET.SECR,2020,1385.0
Japan,JPN,Secure Internet servers,IT.NET.SECR,2020,2884902.0
Kazakhstan,KAZ,Secure Internet servers,IT.NET.SECR,2020,62033.0
Kenya,KEN,Secure Internet servers,IT.NET.SECR,2020,12876.0
Kyrgyz Republic,KGZ,Secure Internet servers,IT.NET.SECR,2020,2771.0
Cambodia,KHM,Secure Internet servers,IT.NET.SECR,2020,3152.0
Kiribati,KIR,Secure Internet servers,IT.NET.SECR,2020,5.0
St. Kitts and Nevis,KNA,Secure Internet servers,IT.NET.SECR,2020,331.0
"Korea, Rep.",KOR,Secure Internet servers,IT.NET.SECR,2020,307856.0
Kuwait,KWT,Secure Internet servers,IT.NET.SECR,2020,1770.0
Lao PDR,LAO,Secure Internet servers,IT.NET.SECR,2020,384.0
Lebanon,LBN,Secure Internet servers,IT.NET.SECR,2020,1838.0
Liberia,LBR,Secure Internet servers,IT.NET.SECR,2020,31.0
Libya,LBY,Secure Internet servers,IT.NET.SECR,2020,5093.0
St. Lucia,LCA,Secure Internet servers,IT.NET.SECR,2020,69.0
Liechtenstein,LIE,Secure Internet servers,IT.NET.SECR,2020,2000.0
Sri Lanka,LKA,Secure Internet servers,IT.NET.SECR,2020,8422.0
Lesotho,LSO,Secure Internet servers,IT.NET.SECR,2020,150.0
Lithuania,LTU,Secure Internet servers,IT.NET.SECR,2020,131718.0
Luxembourg,LUX,Secure Internet servers,IT.NET.SECR,2020,28308.0
Latvia,LVA,Secure Internet servers,IT.NET.SECR,2020,38634.0
"Macao SAR, China",MAC,Secure Internet servers,IT.NET.SECR,2020,3920.0
St. Martin (French part),MAF,Secure Internet servers,IT.NET.SECR,2020,15.0
Morocco,MAR,Secure Internet servers,IT.NET.SECR,2020,16219.0
Monaco,MCO,Secure Internet servers,IT.NET.SECR,2020,752.0
Moldova,MDA,Secure Internet servers,IT.NET.SECR,2020,14705.0
Madagascar,MDG,Secure Internet servers,IT.NET.SECR,2020,286.0
Maldives,MDV,Secure Internet servers,IT.NET.SECR,2020,578.0
Mexico,MEX,Secure Internet servers,IT.NET.SECR,2020,41615.0
Marshall Islands,MHL,Secure Internet servers,IT.NET.SECR,2020,61.0
North Macedonia,MKD,Secure Internet servers,IT.NET.SECR,2020,2120.0
Mali,MLI,Secure Internet servers,IT.NET.SECR,2020,217.0
Malta,MLT,Secure Internet servers,IT.NET.SECR,2020,7445.0
Myanmar,MMR,Secure Internet servers,IT.NET.SECR,2020,765.0
Montenegro,MNE,Secure Internet servers,IT.NET.SECR,2020,487.0
Mongolia,MNG,Secure Internet servers,IT.NET.SECR,2020,5687.0
Northern Mariana Islands,MNP,Secure Internet servers,IT.NET.SECR,2020,93.0
Mozambique,MOZ,Secure Internet servers,IT.NET.SECR,2020,918.0
Mauritania,MRT,Secure Internet servers,IT.NET.SECR,2020,65.0
Mauritius,MUS,Secure Internet servers,IT.NET.SECR,2020,1158.0
Malawi,MWI,Secure Internet servers,IT.NET.SECR,2020,324.0
Malaysia,MYS,Secure Internet servers,IT.NET.SECR,2020,242565.0
Namibia,NAM,Secure Internet servers,IT.NET.SECR,2020,544.0
New Caledonia,NCL,Secure Internet servers,IT.NET.SECR,2020,1555.0
Niger,NER,Secure Internet servers,IT.NET.SECR,2020,35.0
Nigeria,NGA,Secure Internet servers,IT.NET.SECR,2020,15242.0
Nicaragua,NIC,Secure Internet servers,IT.NET.SECR,2020,610.0
Netherlands,NLD,Secure Internet servers,IT.NET.SECR,2020,2387096.0
Norway,NOR,Secure Internet servers,IT.NET.SECR,2020,209961.0
Nepal,NPL,Secure Internet servers,IT.NET.SECR,2020,6096.0
Nauru,NRU,Secure Internet servers,IT.NET.SECR,2020,4.0
New Zealand,NZL,Secure Internet servers,IT.NET.SECR,2020,104397.0
Oman,OMN,Secure Internet servers,IT.NET.SECR,2020,1190.0
Pakistan,PAK,Secure Internet servers,IT.NET.SECR,2020,16293.0
Panama,PAN,Secure Internet servers,IT.NET.SECR,2020,6371.0
Peru,PER,Secure Internet servers,IT.NET.SECR,2020,15020.0
Philippines,PHL,Secure Internet servers,IT.NET.SECR,2020,12444.0
Palau,PLW,Secure Internet servers,IT.NET.SECR,2020,17.0
Poland,POL,Secure Internet servers,IT.NET.SECR,2020,954351.0
Puerto Rico (US),PRI,Secure Internet servers,IT.NET.SECR,2020,1460.0
"Korea, Dem. People's Rep.",PRK,Secure Internet servers,IT.NET.SECR,2020,2.0
Portugal,PRT,Secure Internet servers,IT.NET.SECR,2020,228378.0
Paraguay,PRY,Secure Internet servers,IT.NET.SECR,2020,3391.0
West Bank and Gaza,PSE,Secure Internet servers,IT.NET.SECR,2020,2573.0
French Polynesia,PYF,Secure Internet servers,IT.NET.SECR,2020,345.0
Qatar,QAT,Secure Internet servers,IT.NET.SECR,2020,1247.0
Romania,ROU,Secure Internet servers,IT.NET.SECR,2020,411782.0
Russian Federation,RUS,Secure Internet servers,IT.NET.SECR,2020,1923034.0
Rwanda,RWA,Secure Internet servers,IT.NET.SECR,2020,1061.0
Saudi Arabia,SAU,Secure Internet servers,IT.NET.SECR,2020,7977.0
Sudan,SDN,Secure Internet servers,IT.NET.SECR,2020,282.0
Senegal,SEN,Secure Internet servers,IT.NET.SECR,2020,441.0
Singapore,SGP,Secure Internet servers,IT.NET.SECR,2020,729931.0
Solomon Islands,SLB,Secure Internet servers,IT.NET.SECR,2020,43.0
Sierra Leone,SLE,Secure Internet servers,IT.NET.SECR,2020,52.0
El Salvador,SLV,Secure Internet servers,IT.NET.SECR,2020,876.0
San Marino,SMR,Secure Internet servers,IT.NET.SECR,2020,3277.0
"Somalia, Fed. Rep.",SOM,Secure Internet servers,IT.NET.SECR,2020,71.0
Serbia,SRB,Secure Internet servers,IT.NET.SECR,2020,64584.0
South Sudan,SSD,Secure Internet servers,IT.NET.SECR,2020,46.0
Sao Tome and Principe,STP,Secure Internet servers,IT.NET.SECR,2020,7.0
Suriname,SUR,Secure Internet servers,IT.NET.SECR,2020,4164.0
Slovak Republic,SVK,Secure Internet servers,IT.NET.SECR,2020,141484.0
Slovenia,SVN,Secure Internet servers,IT.NET.SECR,2020,103255.0
Sweden,SWE,Secure Internet servers,IT.NET.SECR,2020,338969.0
Eswatini,SWZ,Secure Internet servers,IT.NET.SECR,2020,128.0
Sint Maarten (Dutch part),SXM,Secure Internet servers,IT.NET.SECR,2020,41.0
Seychelles,SYC,Secure Internet servers,IT.NET.SECR,2020,6017.0
Syrian Arab Republic,SYR,Secure Internet servers,IT.NET.SECR,2020,686.0
Turks and Caicos Islands,TCA,Secure Internet servers,IT.NET.SECR,2020,30.0
Chad,TCD,Secure Internet servers,IT.NET.SECR,2020,21.0
Togo,TGO,Secure Internet servers,IT.NET.SECR,2020,219.0
Thailand,THA,Secure Internet servers,IT.NET.SECR,2020,133183.0
Tajikistan,TJK,Secure Internet servers,IT.NET.SECR,2020,880.0
Turkmenistan,TKM,Secure Internet servers,IT.NET.SECR,2020,286.0
Timor-Leste,TLS,Secure Internet servers,IT.NET.SECR,2020,119.0
Tonga,TON,Secure Internet servers,IT.NET.SECR,2020,59.0
Trinidad and Tobago,TTO,Secure Internet servers,IT.NET.SECR,2020,476.0
Tunisia,TUN,Secure Internet servers,IT.NET.SECR,2020,3882.0
Turkiye,TUR,Secure Internet servers,IT.NET.SECR,2020,570108.0
Tuvalu,TUV,Secure Internet servers,IT.NET.SECR,2020,3.0
Tanzania,TZA,Secure Internet servers,IT.NET.SECR,2020,2281.0
Uganda,UGA,Secure Internet servers,IT.NET.SECR,2020,1573.0
Ukraine,UKR,Secure Internet servers,IT.NET.SECR,2020,395092.0
Uruguay,URY,Secure Internet servers,IT.NET.SECR,2020,6677.0
United States,USA,Secure Internet servers,IT.NET.SECR,2020,46678110.0
Uzbekistan,UZB,Secure Internet servers,IT.NET.SECR,2020,16044.0
St. Vincent and the Grenadines,VCT,Secure Internet servers,IT.NET.SECR,2020,14.0
"Venezuela, RB",VEN,Secure Internet servers,IT.NET.SECR,2020,5531.0
British Virgin Islands,VGB,Secure Internet servers,IT.NET.SECR,2020,22408.0
Virgin Islands (U.S.),VIR,Secure Internet servers,IT.NET.SECR,2020,69.0
Viet Nam,VNM,Secure Internet servers,IT.NET.SECR,2020,302313.0
Vanuatu,VUT,Secure Internet servers,IT.NET.SECR,2020,112.0
World,WLD,Secure Internet servers,IT.NET.SECR,2020,89189073.0
Samoa,WSM,Secure Internet servers,IT.NET.SECR,2020,102.0
"Yemen, Rep.",YEM,Secure Internet servers,IT.NET.SECR,2020,169.0
South Africa,ZAF,Secure Internet servers,IT.NET.SECR,2020,855339.0
Zambia,ZMB,Secure Internet servers,IT.NET.SECR,2020,745.0
Zimbabwe,ZWE,Secure Internet servers,IT.NET.SECR,2020,1107.0
Aruba,ABW,Secure Internet servers,IT.NET.SECR,2021,177.0
Afghanistan,AFG,Secure Internet servers,IT.NET.SECR,2021,1565.0
Angola,AGO,Secure Internet servers,IT.NET.SECR,2021,904.0
Albania,ALB,Secure Internet servers,IT.NET.SECR,2021,2778.0
Andorra,AND,Secure Internet servers,IT.NET.SECR,2021,884.0
United Arab Emirates,ARE,Secure Internet servers,IT.NET.SECR,2021,24706.0
Argentina,ARG,Secure Internet servers,IT.NET.SECR,2021,231834.0
Armenia,ARM,Secure Internet servers,IT.NET.SECR,2021,2112.0
American Samoa,ASM,Secure Internet servers,IT.NET.SECR,2021,21.0
Antigua and Barbuda,ATG,Secure Internet servers,IT.NET.SECR,2021,74.0
Australia,AUS,Secure Internet servers,IT.NET.SECR,2021,1193898.0
Austria,AUT,Secure Internet servers,IT.NET.SECR,2021,356219.0
Azerbaijan,AZE,Secure Internet servers,IT.NET.SECR,2021,4226.0
Burundi,BDI,Secure Internet servers,IT.NET.SECR,2021,82.0
Belgium,BEL,Secure Internet servers,IT.NET.SECR,2021,328693.0
Benin,BEN,Secure Internet servers,IT.NET.SECR,2021,292.0
Burkina Faso,BFA,Secure Internet servers,IT.NET.SECR,2021,243.0
Bangladesh,BGD,Secure Internet servers,IT.NET.SECR,2021,38345.0
Bulgaria,BGR,Secure Internet servers,IT.NET.SECR,2021,358557.0
Bahrain,BHR,Secure Internet servers,IT.NET.SECR,2021,5855.0
"Bahamas, The",BHS,Secure Internet servers,IT.NET.SECR,2021,1096.0
Bosnia and Herzegovina,BIH,Secure Internet servers,IT.NET.SECR,2021,12839.0
Belarus,BLR,Secure Internet servers,IT.NET.SECR,2021,86639.0
Belize,BLZ,Secure Internet servers,IT.NET.SECR,2021,126410.0
Bermuda,BMU,Secure Internet servers,IT.NET.SECR,2021,399.0
Bolivia,BOL,Secure Internet servers,IT.NET.SECR,2021,2919.0
Brazil,BRA,Secure Internet servers,IT.NET.SECR,2021,743189.0
Barbados,BRB,Secure Internet servers,IT.NET.SECR,2021,258.0
Brunei Darussalam,BRN,Secure Internet servers,IT.NET.SECR,2021,6366.0
Bhutan,BTN,Secure Internet servers,IT.NET.SECR,2021,633.0
Botswana,BWA,Secure Internet servers,IT.NET.SECR,2021,805.0
Central African Republic,CAF,Secure Internet servers,IT.NET.SECR,2021,5.0
Canada,CAN,Secure Internet servers,IT.NET.SECR,2021,1665049.0
Switzerland,CHE,Secure Internet servers,IT.NET.SECR,2021,1221667.0
Chile,CHL,Secure Internet servers,IT.NET.SECR,2021,247581.0
China,CHN,Secure Internet servers,IT.NET.SECR,2021,1530873.0
Cote d'Ivoire,CIV,Secure Internet servers,IT.NET.SECR,2021,1673.0
Cameroon,CMR,Secure Internet servers,IT.NET.SECR,2021,470.0
"Congo, Dem. Rep.",COD,Secure Internet servers,IT.NET.SECR,2021,466.0
"Congo, Rep.",COG,Secure Internet servers,IT.NET.SECR,2021,60.0
Colombia,COL,Secure Internet servers,IT.NET.SECR,2021,33071.0
Comoros,COM,Secure Internet servers,IT.NET.SECR,2021,15.0
Cabo Verde,CPV,Secure Internet servers,IT.NET.SECR,2021,335.0
Costa Rica,CRI,Secure Internet servers,IT.NET.SECR,2021,8708.0
Cuba,CUB,Secure Internet servers,IT.NET.SECR,2021,1209.0
Curacao,CUW,Secure Internet servers,IT.NET.SECR,2021,754.0
Cayman Islands,CYM,Secure Internet servers,IT.NET.SECR,2021,404.0
Cyprus,CYP,Secure Internet servers,IT.NET.SECR,2021,72876.0
Czechia,CZE,Secure Internet servers,IT.NET.SECR,2021,797732.0
Germany,DEU,Secure Internet servers,IT.NET.SECR,2021,9425914.0
Djibouti,DJI,Secure Internet servers,IT.NET.SECR,2021,52.0
Dominica,DMA,Secure Internet servers,IT.NET.SECR,2021,3704.0
Denmark,DNK,Secure Internet servers,IT.NET.SECR,2021,1520727.0
Dominican Republic,DOM,Secure Internet servers,IT.NET.SECR,2021,1581.0
Algeria,DZA,Secure Internet servers,IT.NET.SECR,2021,2780.0
Ecuador,ECU,Secure Internet servers,IT.NET.SECR,2021,7636.0
"Egypt, Arab Rep.",EGY,Secure Internet servers,IT.NET.SECR,2021,4226.0
Eritrea,ERI,Secure Internet servers,IT.NET.SECR,2021,3.0
Spain,ESP,Secure Internet servers,IT.NET.SECR,2021,1185347.0
Estonia,EST,Secure Internet servers,IT.NET.SECR,2021,128166.0
Ethiopia,ETH,Secure Internet servers,IT.NET.SECR,2021,879.0
European Union,EUU,Secure Internet servers,IT.NET.SECR,2021,28137.0
Finland,FIN,Secure Internet servers,IT.NET.SECR,2021,581590.0
Fiji,FJI,Secure Internet servers,IT.NET.SECR,2021,234.0
France,FRA,Secure Internet servers,IT.NET.SECR,2021,2689564.0
Faroe Islands,FRO,Secure Internet servers,IT.NET.SECR,2021,336.0
"Micronesia, Fed. Sts.",FSM,Secure Internet servers,IT.NET.SECR,2021,20.0
Gabon,GAB,Secure Internet servers,IT.NET.SECR,2021,95.0
United Kingdom,GBR,Secure Internet servers,IT.NET.SECR,2021,2954879.0
Georgia,GEO,Secure Internet servers,IT.NET.SECR,2021,13815.0
Ghana,GHA,Secure Internet servers,IT.NET.SECR,2021,1626.0
Gibraltar,GIB,Secure Internet servers,IT.NET.SECR,2021,605.0
Guinea,GIN,Secure Internet servers,IT.NET.SECR,2021,97.0
"Gambia, The",GMB,Secure Internet servers,IT.NET.SECR,2021,119.0
Guinea-Bissau,GNB,Secure Internet servers,IT.NET.SECR,2021,12.0
Equatorial Guinea,GNQ,Secure Internet servers,IT.NET.SECR,2021,35.0
Greece,GRC,Secure Internet servers,IT.NET.SECR,2021,120324.0
Grenada,GRD,Secure Internet servers,IT.NET.SECR,2021,73.0
Greenland,GRL,Secure Internet servers,IT.NET.SECR,2021,248.0
Guatemala,GTM,Secure Internet servers,IT.NET.SECR,2021,2156.0
Guam,GUM,Secure Internet servers,IT.NET.SECR,2021,189.0
Guyana,GUY,Secure Internet servers,IT.NET.SECR,2021,53.0
"Hong Kong SAR, China",HKG,Secure Internet servers,IT.NET.SECR,2021,744574.0
Honduras,HND,Secure Internet servers,IT.NET.SECR,2021,1167.0
Croatia,HRV,Secure Internet servers,IT.NET.SECR,2021,98834.0
Haiti,HTI,Secure Internet servers,IT.NET.SECR,2021,90.0
Hungary,HUN,Secure Internet servers,IT.NET.SECR,2021,405489.0
Indonesia,IDN,Secure Internet servers,IT.NET.SECR,2021,605864.0
Isle of Man,IMN,Secure Internet servers,IT.NET.SECR,2021,2616.0
India,IND,Secure Internet servers,IT.NET.SECR,2021,746969.0
Ireland,IRL,Secure Internet servers,IT.NET.SECR,2021,582249.0
"Iran, Islamic Rep.",IRN,Secure Internet servers,IT.NET.SECR,2021,275071.0
Iraq,IRQ,Secure Internet servers,IT.NET.SECR,2021,928.0
Iceland,ISL,Secure Internet servers,IT.NET.SECR,2021,29409.0
Israel,ISR,Secure Internet servers,IT.NET.SECR,2021,122034.0
Italy,ITA,Secure Internet servers,IT.NET.SECR,2021,1467886.0
Jamaica,JAM,Secure Internet servers,IT.NET.SECR,2021,502.0
Jordan,JOR,Secure Internet servers,IT.NET.SECR,2021,1603.0
Japan,JPN,Secure Internet servers,IT.NET.SECR,2021,3233771.0
Kazakhstan,KAZ,Secure Internet servers,IT.NET.SECR,2021,85736.0
Kenya,KEN,Secure Internet servers,IT.NET.SECR,2021,13848.0
Kyrgyz Republic,KGZ,Secure Internet servers,IT.NET.SECR,2021,3533.0
Cambodia,KHM,Secure Internet servers,IT.NET.SECR,2021,2824.0
Kiribati,KIR,Secure Internet servers,IT.NET.SECR,2021,5.0
St. Kitts and Nevis,KNA,Secure Internet servers,IT.NET.SECR,2021,347.0
"Korea, Rep.",KOR,Secure Internet servers,IT.NET.SECR,2021,379684.0
Kuwait,KWT,Secure Internet servers,IT.NET.SECR,2021,1747.0
Lao PDR,LAO,Secure Internet servers,IT.NET.SECR,2021,613.0
Lebanon,LBN,Secure Internet servers,IT.NET.SECR,2021,1950.0
Liberia,LBR,Secure Internet servers,IT.NET.SECR,2021,35.0
Libya,LBY,Secure Internet servers,IT.NET.SECR,2021,1109.0
St. Lucia,LCA,Secure Internet servers,IT.NET.SECR,2021,63.0
Liechtenstein,LIE,Secure Internet servers,IT.NET.SECR,2021,2432.0
Sri Lanka,LKA,Secure Internet servers,IT.NET.SECR,2021,10690.0
Lesotho,LSO,Secure Internet servers,IT.NET.SECR,2021,152.0
Lithuania,LTU,Secure Internet servers,IT.NET.SECR,2021,150863.0
Luxembourg,LUX,Secure Internet servers,IT.NET.SECR,2021,31491.0
Latvia,LVA,Secure Internet servers,IT.NET.SECR,2021,42538.0
"Macao SAR, China",MAC,Secure Internet servers,IT.NET.SECR,2021,3528.0
St. Martin (French part),MAF,Secure Internet servers,IT.NET.SECR,2021,14.0
Morocco,MAR,Secure Internet servers,IT.NET.SECR,2021,22282.0
Monaco,MCO,Secure Internet servers,IT.NET.SECR,2021,609.0
Moldova,MDA,Secure Internet servers,IT.NET.SECR,2021,17292.0
Madagascar,MDG,Secure Internet servers,IT.NET.SECR,2021,412.0
Maldives,MDV,Secure Internet servers,IT.NET.SECR,2021,641.0
Mexico,MEX,Secure Internet servers,IT.NET.SECR,2021,44523.0
Marshall Islands,MHL,Secure Internet servers,IT.NET.SECR,2021,7.0
North Macedonia,MKD,Secure Internet servers,IT.NET.SECR,2021,2841.0
Mali,MLI,Secure Internet servers,IT.NET.SECR,2021,267.0
Malta,MLT,Secure Internet servers,IT.NET.SECR,2021,3205.0
Myanmar,MMR,Secure Internet servers,IT.NET.SECR,2021,676.0
Montenegro,MNE,Secure Internet servers,IT.NET.SECR,2021,575.0
Mongolia,MNG,Secure Internet servers,IT.NET.SECR,2021,6750.0
Northern Mariana Islands,MNP,Secure Internet servers,IT.NET.SECR,2021,98.0
Mozambique,MOZ,Secure Internet servers,IT.NET.SECR,2021,1021.0
Mauritania,MRT,Secure Internet servers,IT.NET.SECR,2021,65.0
Mauritius,MUS,Secure Internet servers,IT.NET.SECR,2021,2490.0
Malawi,MWI,Secure Internet servers,IT.NET.SECR,2021,425.0
Malaysia,MYS,Secure Internet servers,IT.NET.SECR,2021,274197.0
Namibia,NAM,Secure Internet servers,IT.NET.SECR,2021,692.0
New Caledonia,NCL,Secure Internet servers,IT.NET.SECR,2021,1718.0
Niger,NER,Secure Internet servers,IT.NET.SECR,2021,35.0
Nigeria,NGA,Secure Internet servers,IT.NET.SECR,2021,13450.0
Nicaragua,NIC,Secure Internet servers,IT.NET.SECR,2021,696.0
Netherlands,NLD,Secure Internet servers,IT.NET.SECR,2021,2877760.0
Norway,NOR,Secure Internet servers,IT.NET.SECR,2021,237215.0
Nepal,NPL,Secure Internet servers,IT.NET.SECR,2021,7952.0
Nauru,NRU,Secure Internet servers,IT.NET.SECR,2021,5.0
New Zealand,NZL,Secure Internet servers,IT.NET.SECR,2021,82091.0
Oman,OMN,Secure Internet servers,IT.NET.SECR,2021,1226.0
Pakistan,PAK,Secure Internet servers,IT.NET.SECR,2021,15743.0
Panama,PAN,Secure Internet servers,IT.NET.SECR,2021,6729.0
Peru,PER,Secure Internet servers,IT.NET.SECR,2021,19802.0
Philippines,PHL,Secure Internet servers,IT.NET.SECR,2021,15116.0
Palau,PLW,Secure Internet servers,IT.NET.SECR,2021,19.0
Papua New Guinea,PNG,Secure Internet servers,IT.NET.SECR,2021,855.0
Poland,POL,Secure Internet servers,IT.NET.SECR,2021,1161013.0
Puerto Rico (US),PRI,Secure Internet servers,IT.NET.SECR,2021,1613.0
"Korea, Dem. People's Rep.",PRK,Secure Internet servers,IT.NET.SECR,2021,164.0
Portugal,PRT,Secure Internet servers,IT.NET.SECR,2021,249968.0
Paraguay,PRY,Secure Internet servers,IT.NET.SECR,2021,4178.0
West Bank and Gaza,PSE,Secure Internet servers,IT.NET.SECR,2021,2925.0
French Polynesia,PYF,Secure Internet servers,IT.NET.SECR,2021,449.0
Qatar,QAT,Secure Internet servers,IT.NET.SECR,2021,1333.0
Romania,ROU,Secure Internet servers,IT.NET.SECR,2021,445866.0
Russian Federation,RUS,Secure Internet servers,IT.NET.SECR,2021,2346348.0
Rwanda,RWA,Secure Internet servers,IT.NET.SECR,2021,1327.0
Saudi Arabia,SAU,Secure Internet servers,IT.NET.SECR,2021,9434.0
Sudan,SDN,Secure Internet servers,IT.NET.SECR,2021,409.0
Senegal,SEN,Secure Internet servers,IT.NET.SECR,2021,706.0
Singapore,SGP,Secure Internet servers,IT.NET.SECR,2021,963602.0
Solomon Islands,SLB,Secure Internet servers,IT.NET.SECR,2021,71.0
Sierra Leone,SLE,Secure Internet servers,IT.NET.SECR,2021,82.0
El Salvador,SLV,Secure Internet servers,IT.NET.SECR,2021,965.0
San Marino,SMR,Secure Internet servers,IT.NET.SECR,2021,1298.0
"Somalia, Fed. Rep.",SOM,Secure Internet servers,IT.NET.SECR,2021,91.0
Serbia,SRB,Secure Internet servers,IT.NET.SECR,2021,76637.0
South Sudan,SSD,Secure Internet servers,IT.NET.SECR,2021,44.0
Sao Tome and Principe,STP,Secure Internet servers,IT.NET.SECR,2021,9.0
Suriname,SUR,Secure Internet servers,IT.NET.SECR,2021,3273.0
Slovak Republic,SVK,Secure Internet servers,IT.NET.SECR,2021,170623.0
Slovenia,SVN,Secure Internet servers,IT.NET.SECR,2021,116883.0
Sweden,SWE,Secure Internet servers,IT.NET.SECR,2021,402066.0
Eswatini,SWZ,Secure Internet servers,IT.NET.SECR,2021,106.0
Sint Maarten (Dutch part),SXM,Secure Internet servers,IT.NET.SECR,2021,49.0
Seychelles,SYC,Secure Internet servers,IT.NET.SECR,2021,6985.0
Syrian Arab Republic,SYR,Secure Internet servers,IT.NET.SECR,2021,1004.0
Turks and Caicos Islands,TCA,Secure Internet servers,IT.NET.SECR,2021,29.0
Chad,TCD,Secure Internet servers,IT.NET.SECR,2021,22.0
Togo,TGO,Secure Internet servers,IT.NET.SECR,2021,223.0
Thailand,THA,Secure Internet servers,IT.NET.SECR,2021,153089.0
Tajikistan,TJK,Secure Internet servers,IT.NET.SECR,2021,1002.0
Turkmenistan,TKM,Secure Internet servers,IT.NET.SECR,2021,622.0
Timor-Leste,TLS,Secure Internet servers,IT.NET.SECR,2021,160.0
Tonga,TON,Secure Internet servers,IT.NET.SECR,2021,73.0
Trinidad and Tobago,TTO,Secure Internet servers,IT.NET.SECR,2021,477.0
Tunisia,TUN,Secure Internet servers,IT.NET.SECR,2021,4982.0
Turkiye,TUR,Secure Internet servers,IT.NET.SECR,2021,652636.0
Tuvalu,TUV,Secure Internet servers,IT.NET.SECR,2021,6.0
Tanzania,TZA,Secure Internet servers,IT.NET.SECR,2021,2254.0
Uganda,UGA,Secure Internet servers,IT.NET.SECR,2021,1580.0
Ukraine,UKR,Secure Internet servers,IT.NET.SECR,2021,422358.0
Uruguay,URY,Secure Internet servers,IT.NET.SECR,2021,8463.0
United States,USA,Secure Internet servers,IT.NET.SECR,2021,52122869.0
Uzbekistan,UZB,Secure Internet servers,IT.NET.SECR,2021,20376.0
St. Vincent and the Grenadines,VCT,Secure Internet servers,IT.NET.SECR,2021,20.0
"Venezuela, RB",VEN,Secure Internet servers,IT.NET.SECR,2021,4156.0
British Virgin Islands,VGB,Secure Internet servers,IT.NET.SECR,2021,67945.0
Virgin Islands (U.S.),VIR,Secure Internet servers,IT.NET.SECR,2021,50.0
Viet Nam,VNM,Secure Internet servers,IT.NET.SECR,2021,380561.0
Vanuatu,VUT,Secure Internet servers,IT.NET.SECR,2021,862.0
World,WLD,Secure Internet servers,IT.NET.SECR,2021,101460245.0
Samoa,WSM,Secure Internet servers,IT.NET.SECR,2021,123.0
"Yemen, Rep.",YEM,Secure Internet servers,IT.NET.SECR,2021,323.0
South Africa,ZAF,Secure Internet servers,IT.NET.SECR,2021,987583.0
Zambia,ZMB,Secure Internet servers,IT.NET.SECR,2021,869.0
Zimbabwe,ZWE,Secure Internet servers,IT.NET.SECR,2021,1199.0
Aruba,ABW,Secure Internet servers,IT.NET.SECR,2022,174.0
Afghanistan,AFG,Secure Internet servers,IT.NET.SECR,2022,1491.0
Angola,AGO,Secure Internet servers,IT.NET.SECR,2022,1302.0
Albania,ALB,Secure Internet servers,IT.NET.SECR,2022,3076.0
Andorra,AND,Secure Internet servers,IT.NET.SECR,2022,1094.0
United Arab Emirates,ARE,Secure Internet servers,IT.NET.SECR,2022,16388.0
Argentina,ARG,Secure Internet servers,IT.NET.SECR,2022,240087.0
Armenia,ARM,Secure Internet servers,IT.NET.SECR,2022,2560.0
American Samoa,ASM,Secure Internet servers,IT.NET.SECR,2022,17.0
Antigua and Barbuda,ATG,Secure Internet servers,IT.NET.SECR,2022,77.0
Australia,AUS,Secure Internet servers,IT.NET.SECR,2022,1255844.0
Austria,AUT,Secure Internet servers,IT.NET.SECR,2022,357555.0
Azerbaijan,AZE,Secure Internet servers,IT.NET.SECR,2022,5523.0
Burundi,BDI,Secure Internet servers,IT.NET.SECR,2022,144.0
Belgium,BEL,Secure Internet servers,IT.NET.SECR,2022,360344.0
Benin,BEN,Secure Internet servers,IT.NET.SECR,2022,113.0
Burkina Faso,BFA,Secure Internet servers,IT.NET.SECR,2022,489.0
Bangladesh,BGD,Secure Internet servers,IT.NET.SECR,2022,55824.0
Bulgaria,BGR,Secure Internet servers,IT.NET.SECR,2022,373809.0
Bahrain,BHR,Secure Internet servers,IT.NET.SECR,2022,7944.0
"Bahamas, The",BHS,Secure Internet servers,IT.NET.SECR,2022,2063.0
Bosnia and Herzegovina,BIH,Secure Internet servers,IT.NET.SECR,2022,15308.0
Belarus,BLR,Secure Internet servers,IT.NET.SECR,2022,94850.0
Belize,BLZ,Secure Internet servers,IT.NET.SECR,2022,137901.0
Bermuda,BMU,Secure Internet servers,IT.NET.SECR,2022,356.0
Bolivia,BOL,Secure Internet servers,IT.NET.SECR,2022,3333.0
Brazil,BRA,Secure Internet servers,IT.NET.SECR,2022,985305.0
Barbados,BRB,Secure Internet servers,IT.NET.SECR,2022,277.0
Brunei Darussalam,BRN,Secure Internet servers,IT.NET.SECR,2022,9606.0
Bhutan,BTN,Secure Internet servers,IT.NET.SECR,2022,800.0
Botswana,BWA,Secure Internet servers,IT.NET.SECR,2022,902.0
Central African Republic,CAF,Secure Internet servers,IT.NET.SECR,2022,10.0
Canada,CAN,Secure Internet servers,IT.NET.SECR,2022,1699682.0
Switzerland,CHE,Secure Internet servers,IT.NET.SECR,2022,1327747.0
Chile,CHL,Secure Internet servers,IT.NET.SECR,2022,226097.0
China,CHN,Secure Internet servers,IT.NET.SECR,2022,1860276.0
Cote d'Ivoire,CIV,Secure Internet servers,IT.NET.SECR,2022,2001.0
Cameroon,CMR,Secure Internet servers,IT.NET.SECR,2022,420.0
"Congo, Dem. Rep.",COD,Secure Internet servers,IT.NET.SECR,2022,610.0
"Congo, Rep.",COG,Secure Internet servers,IT.NET.SECR,2022,71.0
Colombia,COL,Secure Internet servers,IT.NET.SECR,2022,34646.0
Comoros,COM,Secure Internet servers,IT.NET.SECR,2022,22.0
Cabo Verde,CPV,Secure Internet servers,IT.NET.SECR,2022,404.0
Costa Rica,CRI,Secure Internet servers,IT.NET.SECR,2022,9619.0
Cuba,CUB,Secure Internet servers,IT.NET.SECR,2022,1563.0
Curacao,CUW,Secure Internet servers,IT.NET.SECR,2022,760.0
Cayman Islands,CYM,Secure Internet servers,IT.NET.SECR,2022,371.0
Cyprus,CYP,Secure Internet servers,IT.NET.SECR,2022,78430.0
Czechia,CZE,Secure Internet servers,IT.NET.SECR,2022,913598.0
Germany,DEU,Secure Internet servers,IT.NET.SECR,2022,10553940.0
Djibouti,DJI,Secure Internet servers,IT.NET.SECR,2022,63.0
Dominica,DMA,Secure Internet servers,IT.NET.SECR,2022,3956.0
Denmark,DNK,Secure Internet servers,IT.NET.SECR,2022,1527470.0
Dominican Republic,DOM,Secure Internet servers,IT.NET.SECR,2022,2059.0
Algeria,DZA,Secure Internet servers,IT.NET.SECR,2022,3414.0
Ecuador,ECU,Secure Internet servers,IT.NET.SECR,2022,14919.0
"Egypt, Arab Rep.",EGY,Secure Internet servers,IT.NET.SECR,2022,5426.0
Eritrea,ERI,Secure Internet servers,IT.NET.SECR,2022,3.0
Spain,ESP,Secure Internet servers,IT.NET.SECR,2022,1292439.0
Estonia,EST,Secure Internet servers,IT.NET.SECR,2022,140416.0
Ethiopia,ETH,Secure Internet servers,IT.NET.SECR,2022,1129.0
European Union,EUU,Secure Internet servers,IT.NET.SECR,2022,23308.0
Finland,FIN,Secure Internet servers,IT.NET.SECR,2022,729439.0
Fiji,FJI,Secure Internet servers,IT.NET.SECR,2022,233.0
France,FRA,Secure Internet servers,IT.NET.SECR,2022,3227132.0
Faroe Islands,FRO,Secure Internet servers,IT.NET.SECR,2022,383.0
"Micronesia, Fed. Sts.",FSM,Secure Internet servers,IT.NET.SECR,2022,16.0
Gabon,GAB,Secure Internet servers,IT.NET.SECR,2022,69.0
United Kingdom,GBR,Secure Internet servers,IT.NET.SECR,2022,3003030.0
Georgia,GEO,Secure Internet servers,IT.NET.SECR,2022,18350.0
Ghana,GHA,Secure Internet servers,IT.NET.SECR,2022,1629.0
Gibraltar,GIB,Secure Internet servers,IT.NET.SECR,2022,632.0
Guinea,GIN,Secure Internet servers,IT.NET.SECR,2022,107.0
"Gambia, The",GMB,Secure Internet servers,IT.NET.SECR,2022,131.0
Guinea-Bissau,GNB,Secure Internet servers,IT.NET.SECR,2022,11.0
Equatorial Guinea,GNQ,Secure Internet servers,IT.NET.SECR,2022,66.0
Greece,GRC,Secure Internet servers,IT.NET.SECR,2022,136391.0
Grenada,GRD,Secure Internet servers,IT.NET.SECR,2022,84.0
Greenland,GRL,Secure Internet servers,IT.NET.SECR,2022,261.0
Guatemala,GTM,Secure Internet servers,IT.NET.SECR,2022,2307.0
Guam,GUM,Secure Internet servers,IT.NET.SECR,2022,187.0
Guyana,GUY,Secure Internet servers,IT.NET.SECR,2022,72.0
"Hong Kong SAR, China",HKG,Secure Internet servers,IT.NET.SECR,2022,932322.0
Honduras,HND,Secure Internet servers,IT.NET.SECR,2022,1344.0
Croatia,HRV,Secure Internet servers,IT.NET.SECR,2022,115002.0
Haiti,HTI,Secure Internet servers,IT.NET.SECR,2022,78.0
Hungary,HUN,Secure Internet servers,IT.NET.SECR,2022,493765.0
Indonesia,IDN,Secure Internet servers,IT.NET.SECR,2022,696075.0
Isle of Man,IMN,Secure Internet servers,IT.NET.SECR,2022,2439.0
India,IND,Secure Internet servers,IT.NET.SECR,2022,1040120.0
Ireland,IRL,Secure Internet servers,IT.NET.SECR,2022,702503.0
"Iran, Islamic Rep.",IRN,Secure Internet servers,IT.NET.SECR,2022,586797.0
Iraq,IRQ,Secure Internet servers,IT.NET.SECR,2022,1356.0
Iceland,ISL,Secure Internet servers,IT.NET.SECR,2022,32597.0
Israel,ISR,Secure Internet servers,IT.NET.SECR,2022,124727.0
Italy,ITA,Secure Internet servers,IT.NET.SECR,2022,1656567.0
Jamaica,JAM,Secure Internet servers,IT.NET.SECR,2022,518.0
Jordan,JOR,Secure Internet servers,IT.NET.SECR,2022,1740.0
Japan,JPN,Secure Internet servers,IT.NET.SECR,2022,3620375.0
Kazakhstan,KAZ,Secure Internet servers,IT.NET.SECR,2022,99054.0
Kenya,KEN,Secure Internet servers,IT.NET.SECR,2022,15199.0
Kyrgyz Republic,KGZ,Secure Internet servers,IT.NET.SECR,2022,4463.0
Cambodia,KHM,Secure Internet servers,IT.NET.SECR,2022,3156.0
Kiribati,KIR,Secure Internet servers,IT.NET.SECR,2022,7.0
St. Kitts and Nevis,KNA,Secure Internet servers,IT.NET.SECR,2022,439.0
"Korea, Rep.",KOR,Secure Internet servers,IT.NET.SECR,2022,455851.0
Kuwait,KWT,Secure Internet servers,IT.NET.SECR,2022,1783.0
Lao PDR,LAO,Secure Internet servers,IT.NET.SECR,2022,2071.0
Lebanon,LBN,Secure Internet servers,IT.NET.SECR,2022,1495.0
Liberia,LBR,Secure Internet servers,IT.NET.SECR,2022,44.0
Libya,LBY,Secure Internet servers,IT.NET.SECR,2022,1257.0
St. Lucia,LCA,Secure Internet servers,IT.NET.SECR,2022,129.0
Liechtenstein,LIE,Secure Internet servers,IT.NET.SECR,2022,2608.0
Sri Lanka,LKA,Secure Internet servers,IT.NET.SECR,2022,10792.0
Lesotho,LSO,Secure Internet servers,IT.NET.SECR,2022,173.0
Lithuania,LTU,Secure Internet servers,IT.NET.SECR,2022,188268.0
Luxembourg,LUX,Secure Internet servers,IT.NET.SECR,2022,41732.0
Latvia,LVA,Secure Internet servers,IT.NET.SECR,2022,41856.0
"Macao SAR, China",MAC,Secure Internet servers,IT.NET.SECR,2022,4079.0
St. Martin (French part),MAF,Secure Internet servers,IT.NET.SECR,2022,30.0
Morocco,MAR,Secure Internet servers,IT.NET.SECR,2022,20367.0
Monaco,MCO,Secure Internet servers,IT.NET.SECR,2022,891.0
Moldova,MDA,Secure Internet servers,IT.NET.SECR,2022,21282.0
Madagascar,MDG,Secure Internet servers,IT.NET.SECR,2022,542.0
Maldives,MDV,Secure Internet servers,IT.NET.SECR,2022,607.0
Mexico,MEX,Secure Internet servers,IT.NET.SECR,2022,49116.0
Marshall Islands,MHL,Secure Internet servers,IT.NET.SECR,2022,4.0
North Macedonia,MKD,Secure Internet servers,IT.NET.SECR,2022,3179.0
Mali,MLI,Secure Internet servers,IT.NET.SECR,2022,339.0
Malta,MLT,Secure Internet servers,IT.NET.SECR,2022,2710.0
Myanmar,MMR,Secure Internet servers,IT.NET.SECR,2022,797.0
Montenegro,MNE,Secure Internet servers,IT.NET.SECR,2022,789.0
Mongolia,MNG,Secure Internet servers,IT.NET.SECR,2022,7513.0
Northern Mariana Islands,MNP,Secure Internet servers,IT.NET.SECR,2022,99.0
Mozambique,MOZ,Secure Internet servers,IT.NET.SECR,2022,1093.0
Mauritania,MRT,Secure Internet servers,IT.NET.SECR,2022,123.0
Mauritius,MUS,Secure Internet servers,IT.NET.SECR,2022,2132.0
Malawi,MWI,Secure Internet servers,IT.NET.SECR,2022,490.0
Malaysia,MYS,Secure Internet servers,IT.NET.SECR,2022,292023.0
Namibia,NAM,Secure Internet servers,IT.NET.SECR,2022,912.0
New Caledonia,NCL,Secure Internet servers,IT.NET.SECR,2022,1981.0
Niger,NER,Secure Internet servers,IT.NET.SECR,2022,106.0
Nigeria,NGA,Secure Internet servers,IT.NET.SECR,2022,10509.0
Nicaragua,NIC,Secure Internet servers,IT.NET.SECR,2022,640.0
Netherlands,NLD,Secure Internet servers,IT.NET.SECR,2022,3207131.0
Norway,NOR,Secure Internet servers,IT.NET.SECR,2022,240937.0
Nepal,NPL,Secure Internet servers,IT.NET.SECR,2022,10682.0
Nauru,NRU,Secure Internet servers,IT.NET.SECR,2022,3.0
New Zealand,NZL,Secure Internet servers,IT.NET.SECR,2022,94008.0
Oman,OMN,Secure Internet servers,IT.NET.SECR,2022,1345.0
Pakistan,PAK,Secure Internet servers,IT.NET.SECR,2022,28306.0
Panama,PAN,Secure Internet servers,IT.NET.SECR,2022,9821.0
Peru,PER,Secure Internet servers,IT.NET.SECR,2022,23486.0
Philippines,PHL,Secure Internet servers,IT.NET.SECR,2022,11418.0
Palau,PLW,Secure Internet servers,IT.NET.SECR,2022,25.0
Papua New Guinea,PNG,Secure Internet servers,IT.NET.SECR,2022,854.0
Poland,POL,Secure Internet servers,IT.NET.SECR,2022,1280389.0
Puerto Rico (US),PRI,Secure Internet servers,IT.NET.SECR,2022,1619.0
"Korea, Dem. People's Rep.",PRK,Secure Internet servers,IT.NET.SECR,2022,84.0
Portugal,PRT,Secure Internet servers,IT.NET.SECR,2022,288225.0
Paraguay,PRY,Secure Internet servers,IT.NET.SECR,2022,4236.0
West Bank and Gaza,PSE,Secure Internet servers,IT.NET.SECR,2022,2612.0
French Polynesia,PYF,Secure Internet servers,IT.NET.SECR,2022,567.0
Qatar,QAT,Secure Internet servers,IT.NET.SECR,2022,1362.0
Romania,ROU,Secure Internet servers,IT.NET.SECR,2022,471223.0
Russian Federation,RUS,Secure Internet servers,IT.NET.SECR,2022,2875945.0
Rwanda,RWA,Secure Internet servers,IT.NET.SECR,2022,1577.0
Saudi Arabia,SAU,Secure Internet servers,IT.NET.SECR,2022,10417.0
Sudan,SDN,Secure Internet servers,IT.NET.SECR,2022,467.0
Senegal,SEN,Secure Internet servers,IT.NET.SECR,2022,787.0
Singapore,SGP,Secure Internet servers,IT.NET.SECR,2022,1198709.0
Solomon Islands,SLB,Secure Internet servers,IT.NET.SECR,2022,65.0
Sierra Leone,SLE,Secure Internet servers,IT.NET.SECR,2022,94.0
El Salvador,SLV,Secure Internet servers,IT.NET.SECR,2022,1089.0
San Marino,SMR,Secure Internet servers,IT.NET.SECR,2022,1273.0
"Somalia, Fed. Rep.",SOM,Secure Internet servers,IT.NET.SECR,2022,100.0
Serbia,SRB,Secure Internet servers,IT.NET.SECR,2022,79115.0
South Sudan,SSD,Secure Internet servers,IT.NET.SECR,2022,58.0
Sao Tome and Principe,STP,Secure Internet servers,IT.NET.SECR,2022,7.0
Suriname,SUR,Secure Internet servers,IT.NET.SECR,2022,2447.0
Slovak Republic,SVK,Secure Internet servers,IT.NET.SECR,2022,200435.0
Slovenia,SVN,Secure Internet servers,IT.NET.SECR,2022,130661.0
Sweden,SWE,Secure Internet servers,IT.NET.SECR,2022,480359.0
Eswatini,SWZ,Secure Internet servers,IT.NET.SECR,2022,134.0
Sint Maarten (Dutch part),SXM,Secure Internet servers,IT.NET.SECR,2022,43.0
Seychelles,SYC,Secure Internet servers,IT.NET.SECR,2022,6206.0
Syrian Arab Republic,SYR,Secure Internet servers,IT.NET.SECR,2022,1773.0
Turks and Caicos Islands,TCA,Secure Internet servers,IT.NET.SECR,2022,31.0
Chad,TCD,Secure Internet servers,IT.NET.SECR,2022,16.0
Togo,TGO,Secure Internet servers,IT.NET.SECR,2022,733.0
Thailand,THA,Secure Internet servers,IT.NET.SECR,2022,197003.0
Tajikistan,TJK,Secure Internet servers,IT.NET.SECR,2022,1022.0
Turkmenistan,TKM,Secure Internet servers,IT.NET.SECR,2022,748.0
Timor-Leste,TLS,Secure Internet servers,IT.NET.SECR,2022,290.0
Tonga,TON,Secure Internet servers,IT.NET.SECR,2022,82.0
Trinidad and Tobago,TTO,Secure Internet servers,IT.NET.SECR,2022,549.0
Tunisia,TUN,Secure Internet servers,IT.NET.SECR,2022,8963.0
Turkiye,TUR,Secure Internet servers,IT.NET.SECR,2022,778926.0
Tuvalu,TUV,Secure Internet servers,IT.NET.SECR,2022,5.0
Tanzania,TZA,Secure Internet servers,IT.NET.SECR,2022,2843.0
Uganda,UGA,Secure Internet servers,IT.NET.SECR,2022,2075.0
Ukraine,UKR,Secure Internet servers,IT.NET.SECR,2022,366041.0
Uruguay,URY,Secure Internet servers,IT.NET.SECR,2022,15864.0
United States,USA,Secure Internet servers,IT.NET.SECR,2022,60194281.0
Uzbekistan,UZB,Secure Internet servers,IT.NET.SECR,2022,25630.0
St. Vincent and the Grenadines,VCT,Secure Internet servers,IT.NET.SECR,2022,23.0
"Venezuela, RB",VEN,Secure Internet servers,IT.NET.SECR,2022,6048.0
British Virgin Islands,VGB,Secure Internet servers,IT.NET.SECR,2022,125022.0
Virgin Islands (U.S.),VIR,Secure Internet servers,IT.NET.SECR,2022,64.0
Viet Nam,VNM,Secure Internet servers,IT.NET.SECR,2022,469839.0
Vanuatu,VUT,Secure Internet servers,IT.NET.SECR,2022,726.0
World,WLD,Secure Internet servers,IT.NET.SECR,2022,116112997.0
Samoa,WSM,Secure Internet servers,IT.NET.SECR,2022,122.0
"Yemen, Rep.",YEM,Secure Internet servers,IT.NET.SECR,2022,352.0
South Africa,ZAF,Secure Internet servers,IT.NET.SECR,2022,935049.0
Zambia,ZMB,Secure Internet servers,IT.NET.SECR,2022,1004.0
Zimbabwe,ZWE,Secure Internet servers,IT.NET.SECR,2022,1255.0
Aruba,ABW,Secure Internet servers,IT.NET.SECR,2023,150.0
Afghanistan,AFG,Secure Internet servers,IT.NET.SECR,2023,1814.0
Angola,AGO,Secure Internet servers,IT.NET.SECR,2023,1478.0
Albania,ALB,Secure Internet servers,IT.NET.SECR,2023,3351.0
Andorra,AND,Secure Internet servers,IT.NET.SECR,2023,1182.0
United Arab Emirates,ARE,Secure Internet servers,IT.NET.SECR,2023,22222.0
Argentina,ARG,Secure Internet servers,IT.NET.SECR,2023,248239.0
Armenia,ARM,Secure Internet servers,IT.NET.SECR,2023,3489.0
American Samoa,ASM,Secure Internet servers,IT.NET.SECR,2023,22.0
Antigua and Barbuda,ATG,Secure Internet servers,IT.NET.SECR,2023,75.0
Australia,AUS,Secure Internet servers,IT.NET.SECR,2023,1268103.0
Austria,AUT,Secure Internet servers,IT.NET.SECR,2023,386100.0
Azerbaijan,AZE,Secure Internet servers,IT.NET.SECR,2023,5582.0
Burundi,BDI,Secure Internet servers,IT.NET.SECR,2023,141.0
Belgium,BEL,Secure Internet servers,IT.NET.SECR,2023,396567.0
Benin,BEN,Secure Internet servers,IT.NET.SECR,2023,175.0
Burkina Faso,BFA,Secure Internet servers,IT.NET.SECR,2023,520.0
Bangladesh,BGD,Secure Internet servers,IT.NET.SECR,2023,66558.0
Bulgaria,BGR,Secure Internet servers,IT.NET.SECR,2023,348789.0
Bahrain,BHR,Secure Internet servers,IT.NET.SECR,2023,8797.0
"Bahamas, The",BHS,Secure Internet servers,IT.NET.SECR,2023,2570.0
Bosnia and Herzegovina,BIH,Secure Internet servers,IT.NET.SECR,2023,17027.0
Belarus,BLR,Secure Internet servers,IT.NET.SECR,2023,109652.0
Belize,BLZ,Secure Internet servers,IT.NET.SECR,2023,166783.0
Bermuda,BMU,Secure Internet servers,IT.NET.SECR,2023,370.0
Bolivia,BOL,Secure Internet servers,IT.NET.SECR,2023,3999.0
Brazil,BRA,Secure Internet servers,IT.NET.SECR,2023,1188440.0
Barbados,BRB,Secure Internet servers,IT.NET.SECR,2023,299.0
Brunei Darussalam,BRN,Secure Internet servers,IT.NET.SECR,2023,4027.0
Bhutan,BTN,Secure Internet servers,IT.NET.SECR,2023,965.0
Botswana,BWA,Secure Internet servers,IT.NET.SECR,2023,1094.0
Central African Republic,CAF,Secure Internet servers,IT.NET.SECR,2023,13.0
Canada,CAN,Secure Internet servers,IT.NET.SECR,2023,1706155.0
Switzerland,CHE,Secure Internet servers,IT.NET.SECR,2023,1454404.0
Chile,CHL,Secure Internet servers,IT.NET.SECR,2023,241803.0
China,CHN,Secure Internet servers,IT.NET.SECR,2023,2127874.0
Cote d'Ivoire,CIV,Secure Internet servers,IT.NET.SECR,2023,1977.0
Cameroon,CMR,Secure Internet servers,IT.NET.SECR,2023,484.0
"Congo, Dem. Rep.",COD,Secure Internet servers,IT.NET.SECR,2023,934.0
"Congo, Rep.",COG,Secure Internet servers,IT.NET.SECR,2023,115.0
Colombia,COL,Secure Internet servers,IT.NET.SECR,2023,58030.0
Comoros,COM,Secure Internet servers,IT.NET.SECR,2023,16.0
Cabo Verde,CPV,Secure Internet servers,IT.NET.SECR,2023,497.0
Costa Rica,CRI,Secure Internet servers,IT.NET.SECR,2023,9990.0
Cuba,CUB,Secure Internet servers,IT.NET.SECR,2023,1866.0
Curacao,CUW,Secure Internet servers,IT.NET.SECR,2023,711.0
Cayman Islands,CYM,Secure Internet servers,IT.NET.SECR,2023,1940.0
Cyprus,CYP,Secure Internet servers,IT.NET.SECR,2023,749386.0
Czechia,CZE,Secure Internet servers,IT.NET.SECR,2023,870775.0
Germany,DEU,Secure Internet servers,IT.NET.SECR,2023,11657953.0
Djibouti,DJI,Secure Internet servers,IT.NET.SECR,2023,73.0
Dominica,DMA,Secure Internet servers,IT.NET.SECR,2023,4424.0
Denmark,DNK,Secure Internet servers,IT.NET.SECR,2023,1553715.0
Dominican Republic,DOM,Secure Internet servers,IT.NET.SECR,2023,2453.0
Algeria,DZA,Secure Internet servers,IT.NET.SECR,2023,4630.0
Ecuador,ECU,Secure Internet servers,IT.NET.SECR,2023,8546.0
"Egypt, Arab Rep.",EGY,Secure Internet servers,IT.NET.SECR,2023,6105.0
Eritrea,ERI,Secure Internet servers,IT.NET.SECR,2023,1.0
Spain,ESP,Secure Internet servers,IT.NET.SECR,2023,1389353.0
Estonia,EST,Secure Internet servers,IT.NET.SECR,2023,153779.0
Ethiopia,ETH,Secure Internet servers,IT.NET.SECR,2023,2248.0
European Union,EUU,Secure Internet servers,IT.NET.SECR,2023,89898.0
Finland,FIN,Secure Internet servers,IT.NET.SECR,2023,859188.0
Fiji,FJI,Secure Internet servers,IT.NET.SECR,2023,212.0
France,FRA,Secure Internet servers,IT.NET.SECR,2023,3556589.0
Faroe Islands,FRO,Secure Internet servers,IT.NET.SECR,2023,455.0
"Micronesia, Fed. Sts.",FSM,Secure Internet servers,IT.NET.SECR,2023,18.0
Gabon,GAB,Secure Internet servers,IT.NET.SECR,2023,107.0
United Kingdom,GBR,Secure Internet servers,IT.NET.SECR,2023,3243401.0
Georgia,GEO,Secure Internet servers,IT.NET.SECR,2023,19513.0
Ghana,GHA,Secure Internet servers,IT.NET.SECR,2023,1627.0
Gibraltar,GIB,Secure Internet servers,IT.NET.SECR,2023,340.0
Guinea,GIN,Secure Internet servers,IT.NET.SECR,2023,151.0
"Gambia, The",GMB,Secure Internet servers,IT.NET.SECR,2023,141.0
Guinea-Bissau,GNB,Secure Internet servers,IT.NET.SECR,2023,14.0
Equatorial Guinea,GNQ,Secure Internet servers,IT.NET.SECR,2023,81.0
Greece,GRC,Secure Internet servers,IT.NET.SECR,2023,148068.0
Grenada,GRD,Secure Internet servers,IT.NET.SECR,2023,72.0
Greenland,GRL,Secure Internet servers,IT.NET.SECR,2023,271.0
Guatemala,GTM,Secure Internet servers,IT.NET.SECR,2023,1979.0
Guam,GUM,Secure Internet servers,IT.NET.SECR,2023,156.0
Guyana,GUY,Secure Internet servers,IT.NET.SECR,2023,84.0
"Hong Kong SAR, China",HKG,Secure Internet servers,IT.NET.SECR,2023,988939.0
Honduras,HND,Secure Internet servers,IT.NET.SECR,2023,1471.0
Croatia,HRV,Secure Internet servers,IT.NET.SECR,2023,113558.0
Haiti,HTI,Secure Internet servers,IT.NET.SECR,2023,86.0
Hungary,HUN,Secure Internet servers,IT.NET.SECR,2023,515271.0
Indonesia,IDN,Secure Internet servers,IT.NET.SECR,2023,765509.0
Isle of Man,IMN,Secure Internet servers,IT.NET.SECR,2023,1815.0
India,IND,Secure Internet servers,IT.NET.SECR,2023,1389294.0
Ireland,IRL,Secure Internet servers,IT.NET.SECR,2023,796381.0
"Iran, Islamic Rep.",IRN,Secure Internet servers,IT.NET.SECR,2023,597959.0
Iraq,IRQ,Secure Internet servers,IT.NET.SECR,2023,1967.0
Iceland,ISL,Secure Internet servers,IT.NET.SECR,2023,33593.0
Israel,ISR,Secure Internet servers,IT.NET.SECR,2023,127299.0
Italy,ITA,Secure Internet servers,IT.NET.SECR,2023,1783922.0
Jamaica,JAM,Secure Internet servers,IT.NET.SECR,2023,542.0
Jordan,JOR,Secure Internet servers,IT.NET.SECR,2023,2093.0
Japan,JPN,Secure Internet servers,IT.NET.SECR,2023,3947391.0
Kazakhstan,KAZ,Secure Internet servers,IT.NET.SECR,2023,118202.0
Kenya,KEN,Secure Internet servers,IT.NET.SECR,2023,16443.0
Kyrgyz Republic,KGZ,Secure Internet servers,IT.NET.SECR,2023,5796.0
Cambodia,KHM,Secure Internet servers,IT.NET.SECR,2023,3889.0
Kiribati,KIR,Secure Internet servers,IT.NET.SECR,2023,3.0
St. Kitts and Nevis,KNA,Secure Internet servers,IT.NET.SECR,2023,385.0
"Korea, Rep.",KOR,Secure Internet servers,IT.NET.SECR,2023,503079.0
Kuwait,KWT,Secure Internet servers,IT.NET.SECR,2023,1871.0
Lao PDR,LAO,Secure Internet servers,IT.NET.SECR,2023,2101.0
Lebanon,LBN,Secure Internet servers,IT.NET.SECR,2023,3903.0
Liberia,LBR,Secure Internet servers,IT.NET.SECR,2023,51.0
Libya,LBY,Secure Internet servers,IT.NET.SECR,2023,820.0
St. Lucia,LCA,Secure Internet servers,IT.NET.SECR,2023,126.0
Liechtenstein,LIE,Secure Internet servers,IT.NET.SECR,2023,2637.0
Sri Lanka,LKA,Secure Internet servers,IT.NET.SECR,2023,10630.0
Lesotho,LSO,Secure Internet servers,IT.NET.SECR,2023,206.0
Lithuania,LTU,Secure Internet servers,IT.NET.SECR,2023,278256.0
Luxembourg,LUX,Secure Internet servers,IT.NET.SECR,2023,40306.0
Latvia,LVA,Secure Internet servers,IT.NET.SECR,2023,49133.0
"Macao SAR, China",MAC,Secure Internet servers,IT.NET.SECR,2023,3910.0
St. Martin (French part),MAF,Secure Internet servers,IT.NET.SECR,2023,35.0
Morocco,MAR,Secure Internet servers,IT.NET.SECR,2023,21406.0
Monaco,MCO,Secure Internet servers,IT.NET.SECR,2023,1239.0
Moldova,MDA,Secure Internet servers,IT.NET.SECR,2023,28328.0
Madagascar,MDG,Secure Internet servers,IT.NET.SECR,2023,692.0
Maldives,MDV,Secure Internet servers,IT.NET.SECR,2023,651.0
Mexico,MEX,Secure Internet servers,IT.NET.SECR,2023,53468.0
Marshall Islands,MHL,Secure Internet servers,IT.NET.SECR,2023,6.0
North Macedonia,MKD,Secure Internet servers,IT.NET.SECR,2023,3396.0
Mali,MLI,Secure Internet servers,IT.NET.SECR,2023,334.0
Malta,MLT,Secure Internet servers,IT.NET.SECR,2023,2666.0
Myanmar,MMR,Secure Internet servers,IT.NET.SECR,2023,1092.0
Montenegro,MNE,Secure Internet servers,IT.NET.SECR,2023,1385.0
Mongolia,MNG,Secure Internet servers,IT.NET.SECR,2023,8197.0
Northern Mariana Islands,MNP,Secure Internet servers,IT.NET.SECR,2023,92.0
Mozambique,MOZ,Secure Internet servers,IT.NET.SECR,2023,1248.0
Mauritania,MRT,Secure Internet servers,IT.NET.SECR,2023,174.0
Mauritius,MUS,Secure Internet servers,IT.NET.SECR,2023,3110.0
Malawi,MWI,Secure Internet servers,IT.NET.SECR,2023,584.0
Malaysia,MYS,Secure Internet servers,IT.NET.SECR,2023,283909.0
Namibia,NAM,Secure Internet servers,IT.NET.SECR,2023,1154.0
New Caledonia,NCL,Secure Internet servers,IT.NET.SECR,2023,2217.0
Niger,NER,Secure Internet servers,IT.NET.SECR,2023,124.0
Nigeria,NGA,Secure Internet servers,IT.NET.SECR,2023,10847.0
Nicaragua,NIC,Secure Internet servers,IT.NET.SECR,2023,706.0
Netherlands,NLD,Secure Internet servers,IT.NET.SECR,2023,3485374.0
Norway,NOR,Secure Internet servers,IT.NET.SECR,2023,208172.0
Nepal,NPL,Secure Internet servers,IT.NET.SECR,2023,19082.0
Nauru,NRU,Secure Internet servers,IT.NET.SECR,2023,5.0
New Zealand,NZL,Secure Internet servers,IT.NET.SECR,2023,98767.0
Oman,OMN,Secure Internet servers,IT.NET.SECR,2023,1411.0
Pakistan,PAK,Secure Internet servers,IT.NET.SECR,2023,28057.0
Panama,PAN,Secure Internet servers,IT.NET.SECR,2023,11687.0
Peru,PER,Secure Internet servers,IT.NET.SECR,2023,25376.0
Philippines,PHL,Secure Internet servers,IT.NET.SECR,2023,35099.0
Palau,PLW,Secure Internet servers,IT.NET.SECR,2023,24.0
Papua New Guinea,PNG,Secure Internet servers,IT.NET.SECR,2023,897.0
Poland,POL,Secure Internet servers,IT.NET.SECR,2023,1369941.0
Puerto Rico (US),PRI,Secure Internet servers,IT.NET.SECR,2023,1489.0
"Korea, Dem. People's Rep.",PRK,Secure Internet servers,IT.NET.SECR,2023,104.0
Portugal,PRT,Secure Internet servers,IT.NET.SECR,2023,305997.0
Paraguay,PRY,Secure Internet servers,IT.NET.SECR,2023,4402.0
West Bank and Gaza,PSE,Secure Internet servers,IT.NET.SECR,2023,2245.0
French Polynesia,PYF,Secure Internet servers,IT.NET.SECR,2023,650.0
Qatar,QAT,Secure Internet servers,IT.NET.SECR,2023,1194.0
Romania,ROU,Secure Internet servers,IT.NET.SECR,2023,511496.0
Russian Federation,RUS,Secure Internet servers,IT.NET.SECR,2023,3394814.0
Rwanda,RWA,Secure Internet servers,IT.NET.SECR,2023,1802.0
Saudi Arabia,SAU,Secure Internet servers,IT.NET.SECR,2023,14342.0
Sudan,SDN,Secure Internet servers,IT.NET.SECR,2023,107.0
Senegal,SEN,Secure Internet servers,IT.NET.SECR,2023,835.0
Singapore,SGP,Secure Internet servers,IT.NET.SECR,2023,1353061.0
Solomon Islands,SLB,Secure Internet servers,IT.NET.SECR,2023,63.0
Sierra Leone,SLE,Secure Internet servers,IT.NET.SECR,2023,113.0
El Salvador,SLV,Secure Internet servers,IT.NET.SECR,2023,1147.0
San Marino,SMR,Secure Internet servers,IT.NET.SECR,2023,1095.0
"Somalia, Fed. Rep.",SOM,Secure Internet servers,IT.NET.SECR,2023,185.0
Serbia,SRB,Secure Internet servers,IT.NET.SECR,2023,83769.0
South Sudan,SSD,Secure Internet servers,IT.NET.SECR,2023,44.0
Sao Tome and Principe,STP,Secure Internet servers,IT.NET.SECR,2023,9.0
Suriname,SUR,Secure Internet servers,IT.NET.SECR,2023,873.0
Slovak Republic,SVK,Secure Internet servers,IT.NET.SECR,2023,216592.0
Slovenia,SVN,Secure Internet servers,IT.NET.SECR,2023,135664.0
Sweden,SWE,Secure Internet servers,IT.NET.SECR,2023,558403.0
Eswatini,SWZ,Secure Internet servers,IT.NET.SECR,2023,172.0
Sint Maarten (Dutch part),SXM,Secure Internet servers,IT.NET.SECR,2023,52.0
Seychelles,SYC,Secure Internet servers,IT.NET.SECR,2023,6301.0
Syrian Arab Republic,SYR,Secure Internet servers,IT.NET.SECR,2023,2201.0
Turks and Caicos Islands,TCA,Secure Internet servers,IT.NET.SECR,2023,34.0
Chad,TCD,Secure Internet servers,IT.NET.SECR,2023,24.0
Togo,TGO,Secure Internet servers,IT.NET.SECR,2023,851.0
Thailand,THA,Secure Internet servers,IT.NET.SECR,2023,215289.0
Tajikistan,TJK,Secure Internet servers,IT.NET.SECR,2023,1286.0
Turkmenistan,TKM,Secure Internet servers,IT.NET.SECR,2023,1022.0
Timor-Leste,TLS,Secure Internet servers,IT.NET.SECR,2023,333.0
Tonga,TON,Secure Internet servers,IT.NET.SECR,2023,92.0
Trinidad and Tobago,TTO,Secure Internet servers,IT.NET.SECR,2023,586.0
Tunisia,TUN,Secure Internet servers,IT.NET.SECR,2023,9984.0
Turkiye,TUR,Secure Internet servers,IT.NET.SECR,2023,843190.0
Tuvalu,TUV,Secure Internet servers,IT.NET.SECR,2023,5.0
Tanzania,TZA,Secure Internet servers,IT.NET.SECR,2023,3503.0
Uganda,UGA,Secure Internet servers,IT.NET.SECR,2023,2512.0
Ukraine,UKR,Secure Internet servers,IT.NET.SECR,2023,373112.0
Uruguay,URY,Secure Internet servers,IT.NET.SECR,2023,14749.0
United States,USA,Secure Internet servers,IT.NET.SECR,2023,62879335.0
Uzbekistan,UZB,Secure Internet servers,IT.NET.SECR,2023,29373.0
St. Vincent and the Grenadines,VCT,Secure Internet servers,IT.NET.SECR,2023,17.0
"Venezuela, RB",VEN,Secure Internet servers,IT.NET.SECR,2023,6324.0
British Virgin Islands,VGB,Secure Internet servers,IT.NET.SECR,2023,77284.0
Virgin Islands (U.S.),VIR,Secure Internet servers,IT.NET.SECR,2023,32.0
Viet Nam,VNM,Secure Internet servers,IT.NET.SECR,2023,527482.0
Vanuatu,VUT,Secure Internet servers,IT.NET.SECR,2023,524.0
World,WLD,Secure Internet servers,IT.NET.SECR,2023,124840733.0
Samoa,WSM,Secure Internet servers,IT.NET.SECR,2023,134.0
"Yemen, Rep.",YEM,Secure Internet servers,IT.NET.SECR,2023,274.0
South Africa,ZAF,Secure Internet servers,IT.NET.SECR,2023,934721.0
Zambia,ZMB,Secure Internet servers,IT.NET.SECR,2023,1139.0
Zimbabwe,ZWE,Secure Internet servers,IT.NET.SECR,2023,1460.0
