country_name,country_code,indicator_name,indicator_code,year,value
Aruba,ABW,"Life expectancy at birth, total (years)",SP.DYN.LE00.IN,2000,72.939
Africa Eastern and Southern,AFE,"Life expectancy at birth, total (years)",SP.DYN.LE00.IN,2000,52.5573418626777
Afghanistan,AFG,"Life expectancy at birth, total (years)",SP.DYN.LE00.IN,2000,55.005
Africa Western and Central,AFW,"Life expectancy at birth, total (years)",SP.DYN.LE00.IN,2000,50.2981700134604
Angola,AGO,"Life expectancy at birth, total (years)",SP.DYN.LE00.IN,2000,46.501
Albania,ALB,"Life expectancy at birth, total (years)",SP.DYN.LE00.IN,2000,74.826
Andorra,AND,"Life expectancy at birth, total (years)",SP.DYN.LE00.IN,2000,81.863
Arab World,ARB,"Life expectancy at birth, total (years)",SP.DYN.LE00.IN,2000,66.8906998949344
United Arab Emirates,ARE,"Life expectancy at birth, total (years)",SP.DYN.LE00.IN,2000,76.347
Argentina,ARG,"Life expectancy at birth, total (years)",SP.DYN.LE00.IN,2000,73.91
Armenia,ARM,"Life expectancy at birth, total (years)",SP.DYN.LE00.IN,2000,72.8804878048781
American Samoa,ASM,"Life expectancy at birth, total (years)",SP.DYN.LE00.IN,2000,71.443
Antigua and Barbuda,ATG,"Life expectancy at birth, total (years)",SP.DYN.LE00.IN,2000,74.819
Australia,AUS,"Life expectancy at birth, total (years)",SP.DYN.LE00.IN,2000,79.2341463414634
Austria,AUT,"Life expectancy at birth, total (years)",SP.DYN.LE00.IN,2000,78.1268292682927
Azerbaijan,AZE,"Life expectancy at birth, total (years)",SP.DYN.LE00.IN,2000,65.377
Burundi,BDI,"Life expectancy at birth, total (years)",SP.DYN.LE00.IN,2000,47.617
Belgium,BEL,"Life expectancy at birth, total (years)",SP.DYN.LE00.IN,2000,77.7219512195122
Benin,BEN,"Life expectancy at birth, total (years)",SP.DYN.LE00.IN,2000,56.594
Burkina Faso,BFA,"Life expectancy at birth, total (years)",SP.DYN.LE00.IN,2000,50.808
Bangladesh,BGD,"Life expectancy at birth, total (years)",SP.DYN.LE00.IN,2000,62.049
Bulgaria,BGR,"Life expectancy at birth, total (years)",SP.DYN.LE00.IN,2000,71.6634146341463
Bahrain,BHR,"Life expectancy at birth, total (years)",SP.DYN.LE00.IN,2000,74.673
"Bahamas, The",BHS,"Life expectancy at birth, total (years)",SP.DYN.LE00.IN,2000,72.481
Bosnia and Herzegovina,BIH,"Life expectancy at birth, total (years)",SP.DYN.LE00.IN,2000,75.292
Belarus,BLR,"Life expectancy at birth, total (years)",SP.DYN.LE00.IN,2000,68.9121951219512
Belize,BLZ,"Life expectancy at birth, total (years)",SP.DYN.LE00.IN,2000,68.911
Bermuda,BMU,"Life expectancy at birth, total (years)",SP.DYN.LE00.IN,2000,78.251
Bolivia,BOL,"Life expectancy at birth, total (years)",SP.DYN.LE00.IN,2000,62.057
Brazil,BRA,"Life expectancy at birth, total (years)",SP.DYN.LE00.IN,2000,69.584
Barbados,BRB,"Life expectancy at birth, total (years)",SP.DYN.LE00.IN,2000,74.58
Brunei Darussalam,BRN,"Life expectancy at birth, total (years)",SP.DYN.LE00.IN,2000,74.017
Bhutan,BTN,"Life expectancy at birth, total (years)",SP.DYN.LE00.IN,2000,61.842
Botswana,BWA,"Life expectancy at birth, total (years)",SP.DYN.LE00.IN,2000,52.263
Central African Republic,CAF,"Life expectancy at birth, total (years)",SP.DYN.LE00.IN,2000,46.609
Canada,CAN,"Life expectancy at birth, total (years)",SP.DYN.LE00.IN,2000,79.1668292682927
Central Europe and the Baltics,CEB,"Life expectancy at birth, total (years)",SP.DYN.LE00.IN,2000,72.719724722779
Switzerland,CHE,"Life expectancy at birth, total (years)",SP.DYN.LE00.IN,2000,79.6804878048781
Channel Islands,CHI,"Life expectancy at birth, total (years)",SP.DYN.LE00.IN,2000,78.8
Chile,CHL,"Life expectancy at birth, total (years)",SP.DYN.LE00.IN,2000,77.128
China,CHN,"Life expectancy at birth, total (years)",SP.DYN.LE00.IN,2000,72.288
Cote d'Ivoire,CIV,"Life expectancy at birth, total (years)",SP.DYN.LE00.IN,2000,51.393
Cameroon,CMR,"Life expectancy at birth, total (years)",SP.DYN.LE00.IN,2000,53.338
"Congo, Dem. Rep.",COD,"Life expectancy at birth, total (years)",SP.DYN.LE00.IN,2000,51.887
"Congo, Rep.",COG,"Life expectancy at birth, total (years)",SP.DYN.LE00.IN,2000,55.371
Colombia,COL,"Life expectancy at birth, total (years)",SP.DYN.LE00.IN,2000,70.905
Comoros,COM,"Life expectancy at birth, total (years)",SP.DYN.LE00.IN,2000,58.941
Cabo Verde,CPV,"Life expectancy at birth, total (years)",SP.DYN.LE00.IN,2000,68.117
Costa Rica,CRI,"Life expectancy at birth, total (years)",SP.DYN.LE00.IN,2000,77.317
Caribbean small states,CSS,"Life expectancy at birth, total (years)",SP.DYN.LE00.IN,2000,68.3976758324657
Cuba,CUB,"Life expectancy at birth, total (years)",SP.DYN.LE00.IN,2000,75.922
Curacao,CUW,"Life expectancy at birth, total (years)",SP.DYN.LE00.IN,2000,73.283
Cayman Islands,CYM,"Life expectancy at birth, total (years)",SP.DYN.LE00.IN,2000,74.378
Cyprus,CYP,"Life expectancy at birth, total (years)",SP.DYN.LE00.IN,2000,77.9
Czechia,CZE,"Life expectancy at birth, total (years)",SP.DYN.LE00.IN,2000,74.9682926829268
Germany,DEU,"Life expectancy at birth, total (years)",SP.DYN.LE00.IN,2000,77.9268292682927
Djibouti,DJI,"Life expectancy at birth, total (years)",SP.DYN.LE00.IN,2000,56.734
Dominica,DMA,"Life expectancy at birth, total (years)",SP.DYN.LE00.IN,2000,71.715
Denmark,DNK,"Life expectancy at birth, total (years)",SP.DYN.LE00.IN,2000,76.5926829268293
Dominican Republic,DOM,"Life expectancy at birth, total (years)",SP.DYN.LE00.IN,2000,70.365
Algeria,DZA,"Life expectancy at birth, total (years)",SP.DYN.LE00.IN,2000,70.576
East Asia & Pacific (excluding high income),EAP,"Life expectancy at birth, total (years)",SP.DYN.LE00.IN,2000,70.7357071585237
Early-demographic dividend,EAR,"Life expectancy at birth, total (years)",SP.DYN.LE00.IN,2000,64.2196098284934
East Asia & Pacific,EAS,"Life expectancy at birth, total (years)",SP.DYN.LE00.IN,2000,71.7028323240299
Europe & Central Asia (excluding high income),ECA,"Life expectancy at birth, total (years)",SP.DYN.LE00.IN,2000,68.8570531906331
Europe & Central Asia,ECS,"Life expectancy at birth, total (years)",SP.DYN.LE00.IN,2000,73.1137123890211
Ecuador,ECU,"Life expectancy at birth, total (years)",SP.DYN.LE00.IN,2000,72.09
"Egypt, Arab Rep.",EGY,"Life expectancy at birth, total (years)",SP.DYN.LE00.IN,2000,67.332
Euro area,EMU,"Life expectancy at birth, total (years)",SP.DYN.LE00.IN,2000,78.1997793340467
Eritrea,ERI,"Life expectancy at birth, total (years)",SP.DYN.LE00.IN,2000,56.285
Spain,ESP,"Life expectancy at birth, total (years)",SP.DYN.LE00.IN,2000,78.9658536585366
Estonia,EST,"Life expectancy at birth, total (years)",SP.DYN.LE00.IN,2000,70.4170731707317
Ethiopia,ETH,"Life expectancy at birth, total (years)",SP.DYN.LE00.IN,2000,50.88
European Union,EUU,"Life expectancy at birth, total (years)",SP.DYN.LE00.IN,2000,77.0782450771112
Fragile and conflict affected situations,FCS,"Life expectancy at birth, total (years)",SP.DYN.LE00.IN,2000,55.4884249847297
Finland,FIN,"Life expectancy at birth, total (years)",SP.DYN.LE00.IN,2000,77.4658536585366
Fiji,FJI,"Life expectancy at birth, total (years)",SP.DYN.LE00.IN,2000,66.194
France,FRA,"Life expectancy at birth, total (years)",SP.DYN.LE00.IN,2000,79.0560975609756
Faroe Islands,FRO,"Life expectancy at birth, total (years)",SP.DYN.LE00.IN,2000,78.4119073170732
"Micronesia, Fed. Sts.",FSM,"Life expectancy at birth, total (years)",SP.DYN.LE00.IN,2000,64.317
Gabon,GAB,"Life expectancy at birth, total (years)",SP.DYN.LE00.IN,2000,61.81
United Kingdom,GBR,"Life expectancy at birth, total (years)",SP.DYN.LE00.IN,2000,77.7414634146342
Georgia,GEO,"Life expectancy at birth, total (years)",SP.DYN.LE00.IN,2000,70.091
Ghana,GHA,"Life expectancy at birth, total (years)",SP.DYN.LE00.IN,2000,58.139
Gibraltar,GIB,"Life expectancy at birth, total (years)",SP.DYN.LE00.IN,2000,80.145
Guinea,GIN,"Life expectancy at birth, total (years)",SP.DYN.LE00.IN,2000,52.42
"Gambia, The",GMB,"Life expectancy at birth, total (years)",SP.DYN.LE00.IN,2000,56.899
Guinea-Bissau,GNB,"Life expectancy at birth, total (years)",SP.DYN.LE00.IN,2000,50.565
Equatorial Guinea,GNQ,"Life expectancy at birth, total (years)",SP.DYN.LE00.IN,2000,53.395
Greece,GRC,"Life expectancy at birth, total (years)",SP.DYN.LE00.IN,2000,77.8878048780488
Grenada,GRD,"Life expectancy at birth, total (years)",SP.DYN.LE00.IN,2000,72.955
Greenland,GRL,"Life expectancy at birth, total (years)",SP.DYN.LE00.IN,2000,64.8034146341463
Guatemala,GTM,"Life expectancy at birth, total (years)",SP.DYN.LE00.IN,2000,67.102
Guam,GUM,"Life expectancy at birth, total (years)",SP.DYN.LE00.IN,2000,74.894
Guyana,GUY,"Life expectancy at birth, total (years)",SP.DYN.LE00.IN,2000,64.075
High income,HIC,"Life expectancy at birth, total (years)",SP.DYN.LE00.IN,2000,76.0417568742861
"Hong Kong SAR, China",HKG,"Life expectancy at birth, total (years)",SP.DYN.LE00.IN,2000,80.8731707317073
Honduras,HND,"Life expectancy at birth, total (years)",SP.DYN.LE00.IN,2000,68.302
Heavily indebted poor countries (HIPC),HPC,"Life expectancy at birth, total (years)",SP.DYN.LE00.IN,2000,53.0027773997971
Croatia,HRV,"Life expectancy at birth, total (years)",SP.DYN.LE00.IN,2000,72.8078048780488
Haiti,HTI,"Life expectancy at birth, total (years)",SP.DYN.LE00.IN,2000,58.175
Hungary,HUN,"Life expectancy at birth, total (years)",SP.DYN.LE00.IN,2000,71.2463414634146
IBRD only,IBD,"Life expectancy at birth, total (years)",SP.DYN.LE00.IN,2000,68.2869649318369
IDA & IBRD total,IBT,"Life expectancy at birth, total (years)",SP.DYN.LE00.IN,2000,65.6561055756184
IDA total,IDA,"Life expectancy at birth, total (years)",SP.DYN.LE00.IN,2000,56.4099256661262
IDA blend,IDB,"Life expectancy at birth, total (years)",SP.DYN.LE00.IN,2000,55.5992722966425
Indonesia,IDN,"Life expectancy at birth, total (years)",SP.DYN.LE00.IN,2000,66.292
IDA only,IDX,"Life expectancy at birth, total (years)",SP.DYN.LE00.IN,2000,56.8421152735884
Isle of Man,IMN,"Life expectancy at birth, total (years)",SP.DYN.LE00.IN,2000,74.842
India,IND,"Life expectancy at birth, total (years)",SP.DYN.LE00.IN,2000,62.749
Ireland,IRL,"Life expectancy at birth, total (years)",SP.DYN.LE00.IN,2000,76.5365853658537
"Iran, Islamic Rep.",IRN,"Life expectancy at birth, total (years)",SP.DYN.LE00.IN,2000,70.166
Iraq,IRQ,"Life expectancy at birth, total (years)",SP.DYN.LE00.IN,2000,64.86
Iceland,ISL,"Life expectancy at birth, total (years)",SP.DYN.LE00.IN,2000,79.6536585365854
Israel,ISR,"Life expectancy at birth, total (years)",SP.DYN.LE00.IN,2000,78.9536585365854
Italy,ITA,"Life expectancy at birth, total (years)",SP.DYN.LE00.IN,2000,79.7780487804878
Jamaica,JAM,"Life expectancy at birth, total (years)",SP.DYN.LE00.IN,2000,71.281
Jordan,JOR,"Life expectancy at birth, total (years)",SP.DYN.LE00.IN,2000,71.926
Japan,JPN,"Life expectancy at birth, total (years)",SP.DYN.LE00.IN,2000,81.0760975609756
Kazakhstan,KAZ,"Life expectancy at birth, total (years)",SP.DYN.LE00.IN,2000,63.793
Kenya,KEN,"Life expectancy at birth, total (years)",SP.DYN.LE00.IN,2000,56.084
Kyrgyz Republic,KGZ,"Life expectancy at birth, total (years)",SP.DYN.LE00.IN,2000,68.5585365853659
Cambodia,KHM,"Life expectancy at birth, total (years)",SP.DYN.LE00.IN,2000,59.491
Kiribati,KIR,"Life expectancy at birth, total (years)",SP.DYN.LE00.IN,2000,64.674
St. Kitts and Nevis,KNA,"Life expectancy at birth, total (years)",SP.DYN.LE00.IN,2000,69.249
"Korea, Rep.",KOR,"Life expectancy at birth, total (years)",SP.DYN.LE00.IN,2000,75.909756097561
Kuwait,KWT,"Life expectancy at birth, total (years)",SP.DYN.LE00.IN,2000,76.2258780487805
Latin America & Caribbean (excluding high income),LAC,"Life expectancy at birth, total (years)",SP.DYN.LE00.IN,2000,70.4525183195819
Lao PDR,LAO,"Life expectancy at birth, total (years)",SP.DYN.LE00.IN,2000,58.317
Lebanon,LBN,"Life expectancy at birth, total (years)",SP.DYN.LE00.IN,2000,73.895
Liberia,LBR,"Life expectancy at birth, total (years)",SP.DYN.LE00.IN,2000,51.852
Libya,LBY,"Life expectancy at birth, total (years)",SP.DYN.LE00.IN,2000,70.542
St. Lucia,LCA,"Life expectancy at birth, total (years)",SP.DYN.LE00.IN,2000,70.779
Latin America & Caribbean,LCN,"Life expectancy at birth, total (years)",SP.DYN.LE00.IN,2000,70.8691414957334
Least developed countries: UN classification,LDC,"Life expectancy at birth, total (years)",SP.DYN.LE00.IN,2000,55.4008802649009
Low income,LIC,"Life expectancy at birth, total (years)",SP.DYN.LE00.IN,2000,54.1432137169981
Liechtenstein,LIE,"Life expectancy at birth, total (years)",SP.DYN.LE00.IN,2000,76.8268292682927
Sri Lanka,LKA,"Life expectancy at birth, total (years)",SP.DYN.LE00.IN,2000,71.179
Lower middle income,LMC,"Life expectancy at birth, total (years)",SP.DYN.LE00.IN,2000,61.746407213603
Low & middle income,LMY,"Life expectancy at birth, total (years)",SP.DYN.LE00.IN,2000,65.6715143262342
Lesotho,LSO,"Life expectancy at birth, total (years)",SP.DYN.LE00.IN,2000,48.783
Late-demographic dividend,LTE,"Life expectancy at birth, total (years)",SP.DYN.LE00.IN,2000,71.2853076947069
Lithuania,LTU,"Life expectancy at birth, total (years)",SP.DYN.LE00.IN,2000,72.0195121951219
Luxembourg,LUX,"Life expectancy at birth, total (years)",SP.DYN.LE00.IN,2000,77.8731707317073
Latvia,LVA,"Life expectancy at birth, total (years)",SP.DYN.LE00.IN,2000,70.3146341463415
"Macao SAR, China",MAC,"Life expectancy at birth, total (years)",SP.DYN.LE00.IN,2000,80.1829268292683
St. Martin (French part),MAF,"Life expectancy at birth, total (years)",SP.DYN.LE00.IN,2000,76.793
Morocco,MAR,"Life expectancy at birth, total (years)",SP.DYN.LE00.IN,2000,66.794
Monaco,MCO,"Life expectancy at birth, total (years)",SP.DYN.LE00.IN,2000,82.121
Moldova,MDA,"Life expectancy at birth, total (years)",SP.DYN.LE00.IN,2000,67.462
Madagascar,MDG,"Life expectancy at birth, total (years)",SP.DYN.LE00.IN,2000,57.974
Maldives,MDV,"Life expectancy at birth, total (years)",SP.DYN.LE00.IN,2000,70.892
"Middle East, North Africa, Afghanistan & Pakistan",MEA,"Life expectancy at birth, total (years)",SP.DYN.LE00.IN,2000,66.2225138150545
Mexico,MEX,"Life expectancy at birth, total (years)",SP.DYN.LE00.IN,2000,72.562
Marshall Islands,MHL,"Life expectancy at birth, total (years)",SP.DYN.LE00.IN,2000,63.323
Middle income,MIC,"Life expectancy at birth, total (years)",SP.DYN.LE00.IN,2000,66.4996894321111
North Macedonia,MKD,"Life expectancy at birth, total (years)",SP.DYN.LE00.IN,2000,72.9463414634147
Mali,MLI,"Life expectancy at birth, total (years)",SP.DYN.LE00.IN,2000,50.605
Malta,MLT,"Life expectancy at birth, total (years)",SP.DYN.LE00.IN,2000,78.3487804878049
Myanmar,MMR,"Life expectancy at birth, total (years)",SP.DYN.LE00.IN,2000,60.357
"Middle East, North Africa, Afghanistan & Pakistan (excluding high income)",MNA,"Life expectancy at birth, total (years)",SP.DYN.LE00.IN,2000,65.6368471519478
Montenegro,MNE,"Life expectancy at birth, total (years)",SP.DYN.LE00.IN,2000,73.3968048780488
Mongolia,MNG,"Life expectancy at birth, total (years)",SP.DYN.LE00.IN,2000,63.2104878048781
Northern Mariana Islands,MNP,"Life expectancy at birth, total (years)",SP.DYN.LE00.IN,2000,74.9
Mozambique,MOZ,"Life expectancy at birth, total (years)",SP.DYN.LE00.IN,2000,49.476
Mauritania,MRT,"Life expectancy at birth, total (years)",SP.DYN.LE00.IN,2000,61.044
Mauritius,MUS,"Life expectancy at birth, total (years)",SP.DYN.LE00.IN,2000,71.6634146341463
Malawi,MWI,"Life expectancy at birth, total (years)",SP.DYN.LE00.IN,2000,46.17
Malaysia,MYS,"Life expectancy at birth, total (years)",SP.DYN.LE00.IN,2000,72.732
North America,NAC,"Life expectancy at birth, total (years)",SP.DYN.LE00.IN,2000,76.8850332429286
Namibia,NAM,"Life expectancy at birth, total (years)",SP.DYN.LE00.IN,2000,52.946
New Caledonia,NCL,"Life expectancy at birth, total (years)",SP.DYN.LE00.IN,2000,73.574
Niger,NER,"Life expectancy at birth, total (years)",SP.DYN.LE00.IN,2000,49.172
Nigeria,NGA,"Life expectancy at birth, total (years)",SP.DYN.LE00.IN,2000,47.143
Nicaragua,NIC,"Life expectancy at birth, total (years)",SP.DYN.LE00.IN,2000,66.36
Netherlands,NLD,"Life expectancy at birth, total (years)",SP.DYN.LE00.IN,2000,77.9878048780488
Norway,NOR,"Life expectancy at birth, total (years)",SP.DYN.LE00.IN,2000,78.6341463414634
Nepal,NPL,"Life expectancy at birth, total (years)",SP.DYN.LE00.IN,2000,62.642
Nauru,NRU,"Life expectancy at birth, total (years)",SP.DYN.LE00.IN,2000,59.574
New Zealand,NZL,"Life expectancy at birth, total (years)",SP.DYN.LE00.IN,2000,78.6365853658537
OECD members,OED,"Life expectancy at birth, total (years)",SP.DYN.LE00.IN,2000,76.8195165967813
Oman,OMN,"Life expectancy at birth, total (years)",SP.DYN.LE00.IN,2000,73.643
Other small states,OSS,"Life expectancy at birth, total (years)",SP.DYN.LE00.IN,2000,66.4385365444731
Pakistan,PAK,"Life expectancy at birth, total (years)",SP.DYN.LE00.IN,2000,61.903
Panama,PAN,"Life expectancy at birth, total (years)",SP.DYN.LE00.IN,2000,73.443
Peru,PER,"Life expectancy at birth, total (years)",SP.DYN.LE00.IN,2000,69.821
Philippines,PHL,"Life expectancy at birth, total (years)",SP.DYN.LE00.IN,2000,67.789
Palau,PLW,"Life expectancy at birth, total (years)",SP.DYN.LE00.IN,2000,64.499
Papua New Guinea,PNG,"Life expectancy at birth, total (years)",SP.DYN.LE00.IN,2000,61.609
Poland,POL,"Life expectancy at birth, total (years)",SP.DYN.LE00.IN,2000,73.7487804878049
Pre-demographic dividend,PRE,"Life expectancy at birth, total (years)",SP.DYN.LE00.IN,2000,51.7516392189578
Puerto Rico (US),PRI,"Life expectancy at birth, total (years)",SP.DYN.LE00.IN,2000,75.514
"Korea, Dem. People's Rep.",PRK,"Life expectancy at birth, total (years)",SP.DYN.LE00.IN,2000,60.911
Portugal,PRT,"Life expectancy at birth, total (years)",SP.DYN.LE00.IN,2000,76.3146341463415
Paraguay,PRY,"Life expectancy at birth, total (years)",SP.DYN.LE00.IN,2000,70.026
West Bank and Gaza,PSE,"Life expectancy at birth, total (years)",SP.DYN.LE00.IN,2000,70.298
Pacific island small states,PSS,"Life expectancy at birth, total (years)",SP.DYN.LE00.IN,2000,66.8914832838297
Post-demographic dividend,PST,"Life expectancy at birth, total (years)",SP.DYN.LE00.IN,2000,77.3513756471437
French Polynesia,PYF,"Life expectancy at birth, total (years)",SP.DYN.LE00.IN,2000,79.0
Qatar,QAT,"Life expectancy at birth, total (years)",SP.DYN.LE00.IN,2000,75.25
Romania,ROU,"Life expectancy at birth, total (years)",SP.DYN.LE00.IN,2000,71.1634146341463
Russian Federation,RUS,"Life expectancy at birth, total (years)",SP.DYN.LE00.IN,2000,65.4836585365854
Rwanda,RWA,"Life expectancy at birth, total (years)",SP.DYN.LE00.IN,2000,47.798
South Asia,SAS,"Life expectancy at birth, total (years)",SP.DYN.LE00.IN,2000,62.8036305165364
Saudi Arabia,SAU,"Life expectancy at birth, total (years)",SP.DYN.LE00.IN,2000,72.607
Sudan,SDN,"Life expectancy at birth, total (years)",SP.DYN.LE00.IN,2000,58.946
Senegal,SEN,"Life expectancy at birth, total (years)",SP.DYN.LE00.IN,2000,57.615
Singapore,SGP,"Life expectancy at birth, total (years)",SP.DYN.LE00.IN,2000,77.9512195121951
Solomon Islands,SLB,"Life expectancy at birth, total (years)",SP.DYN.LE00.IN,2000,67.116
Sierra Leone,SLE,"Life expectancy at birth, total (years)",SP.DYN.LE00.IN,2000,44.834
El Salvador,SLV,"Life expectancy at birth, total (years)",SP.DYN.LE00.IN,2000,67.711
San Marino,SMR,"Life expectancy at birth, total (years)",SP.DYN.LE00.IN,2000,80.504
"Somalia, Fed. Rep.",SOM,"Life expectancy at birth, total (years)",SP.DYN.LE00.IN,2000,50.747
Serbia,SRB,"Life expectancy at birth, total (years)",SP.DYN.LE00.IN,2000,71.5829268292683
Sub-Saharan Africa (excluding high income),SSA,"Life expectancy at birth, total (years)",SP.DYN.LE00.IN,2000,51.7266013252377
South Sudan,SSD,"Life expectancy at birth, total (years)",SP.DYN.LE00.IN,2000,47.591
Sub-Saharan Africa,SSF,"Life expectancy at birth, total (years)",SP.DYN.LE00.IN,2000,51.6453200237496
Small states,SST,"Life expectancy at birth, total (years)",SP.DYN.LE00.IN,2000,66.9881018420458
Sao Tome and Principe,STP,"Life expectancy at birth, total (years)",SP.DYN.LE00.IN,2000,61.207
Suriname,SUR,"Life expectancy at birth, total (years)",SP.DYN.LE00.IN,2000,64.409
Slovak Republic,SVK,"Life expectancy at birth, total (years)",SP.DYN.LE00.IN,2000,73.0512195121951
Slovenia,SVN,"Life expectancy at birth, total (years)",SP.DYN.LE00.IN,2000,75.4121951219512
Sweden,SWE,"Life expectancy at birth, total (years)",SP.DYN.LE00.IN,2000,79.6439024390244
Eswatini,SWZ,"Life expectancy at birth, total (years)",SP.DYN.LE00.IN,2000,47.627
Sint Maarten (Dutch part),SXM,"Life expectancy at birth, total (years)",SP.DYN.LE00.IN,2000,74.409
Seychelles,SYC,"Life expectancy at birth, total (years)",SP.DYN.LE00.IN,2000,72.7780487804878
Syrian Arab Republic,SYR,"Life expectancy at birth, total (years)",SP.DYN.LE00.IN,2000,70.856
Turks and Caicos Islands,TCA,"Life expectancy at birth, total (years)",SP.DYN.LE00.IN,2000,73.972
Chad,TCD,"Life expectancy at birth, total (years)",SP.DYN.LE00.IN,2000,47.937
East Asia & Pacific (IDA & IBRD countries),TEA,"Life expectancy at birth, total (years)",SP.DYN.LE00.IN,2000,70.8650826611102
Europe & Central Asia (IDA & IBRD countries),TEC,"Life expectancy at birth, total (years)",SP.DYN.LE00.IN,2000,68.3665797468115
Togo,TGO,"Life expectancy at birth, total (years)",SP.DYN.LE00.IN,2000,54.587
Thailand,THA,"Life expectancy at birth, total (years)",SP.DYN.LE00.IN,2000,71.205
Tajikistan,TJK,"Life expectancy at birth, total (years)",SP.DYN.LE00.IN,2000,63.542
Turkmenistan,TKM,"Life expectancy at birth, total (years)",SP.DYN.LE00.IN,2000,64.931
Latin America & the Caribbean (IDA & IBRD countries),TLA,"Life expectancy at birth, total (years)",SP.DYN.LE00.IN,2000,70.7184102333167
Timor-Leste,TLS,"Life expectancy at birth, total (years)",SP.DYN.LE00.IN,2000,58.097
"Middle East, North Africa, Afghanistan & Pakistan (IDA & IBRD)",TMN,"Life expectancy at birth, total (years)",SP.DYN.LE00.IN,2000,65.6072409047927
Tonga,TON,"Life expectancy at birth, total (years)",SP.DYN.LE00.IN,2000,69.635
South Asia (IDA & IBRD),TSA,"Life expectancy at birth, total (years)",SP.DYN.LE00.IN,2000,62.8036305165364
Sub-Saharan Africa (IDA & IBRD countries),TSS,"Life expectancy at birth, total (years)",SP.DYN.LE00.IN,2000,51.6453200237496
Trinidad and Tobago,TTO,"Life expectancy at birth, total (years)",SP.DYN.LE00.IN,2000,68.629
Tunisia,TUN,"Life expectancy at birth, total (years)",SP.DYN.LE00.IN,2000,72.604
Turkiye,TUR,"Life expectancy at birth, total (years)",SP.DYN.LE00.IN,2000,71.931
Tuvalu,TUV,"Life expectancy at birth, total (years)",SP.DYN.LE00.IN,2000,63.536
Tanzania,TZA,"Life expectancy at birth, total (years)",SP.DYN.LE00.IN,2000,53.244
Uganda,UGA,"Life expectancy at birth, total (years)",SP.DYN.LE00.IN,2000,49.64
Ukraine,UKR,"Life expectancy at birth, total (years)",SP.DYN.LE00.IN,2000,67.786
Upper middle income,UMC,"Life expectancy at birth, total (years)",SP.DYN.LE00.IN,2000,70.7737035763786
Uruguay,URY,"Life expectancy at birth, total (years)",SP.DYN.LE00.IN,2000,74.693
United States,USA,"Life expectancy at birth, total (years)",SP.DYN.LE00.IN,2000,76.6365853658537
Uzbekistan,UZB,"Life expectancy at birth, total (years)",SP.DYN.LE00.IN,2000,65.456
St. Vincent and the Grenadines,VCT,"Life expectancy at birth, total (years)",SP.DYN.LE00.IN,2000,70.35
"Venezuela, RB",VEN,"Life expectancy at birth, total (years)",SP.DYN.LE00.IN,2000,72.388
British Virgin Islands,VGB,"Life expectancy at birth, total (years)",SP.DYN.LE00.IN,2000,74.753
Virgin Islands (U.S.),VIR,"Life expectancy at birth, total (years)",SP.DYN.LE00.IN,2000,76.619512195122
Viet Nam,VNM,"Life expectancy at birth, total (years)",SP.DYN.LE00.IN,2000,72.746
Vanuatu,VUT,"Life expectancy at birth, total (years)",SP.DYN.LE00.IN,2000,68.586
World,WLD,"Life expectancy at birth, total (years)",SP.DYN.LE00.IN,2000,67.6497224697378
Samoa,WSM,"Life expectancy at birth, total (years)",SP.DYN.LE00.IN,2000,70.791
Kosovo,XKX,"Life expectancy at birth, total (years)",SP.DYN.LE00.IN,2000,71.321
"Yemen, Rep.",YEM,"Life expectancy at birth, total (years)",SP.DYN.LE00.IN,2000,62.761
South Africa,ZAF,"Life expectancy at birth, total (years)",SP.DYN.LE00.IN,2000,58.368
Zambia,ZMB,"Life expectancy at birth, total (years)",SP.DYN.LE00.IN,2000,46.577
Zimbabwe,ZWE,"Life expectancy at birth, total (years)",SP.DYN.LE00.IN,2000,46.034
Aruba,ABW,"Life expectancy at birth, total (years)",SP.DYN.LE00.IN,2001,73.044
Africa Eastern and Southern,AFE,"Life expectancy at birth, total (years)",SP.DYN.LE00.IN,2001,52.8755360536287
Afghanistan,AFG,"Life expectancy at birth, total (years)",SP.DYN.LE00.IN,2001,55.511
Africa Western and Central,AFW,"Life expectancy at birth, total (years)",SP.DYN.LE00.IN,2001,50.6779957001276
Angola,AGO,"Life expectancy at birth, total (years)",SP.DYN.LE00.IN,2001,47.032
Albania,ALB,"Life expectancy at birth, total (years)",SP.DYN.LE00.IN,2001,75.083
Andorra,AND,"Life expectancy at birth, total (years)",SP.DYN.LE00.IN,2001,82.162
Arab World,ARB,"Life expectancy at birth, total (years)",SP.DYN.LE00.IN,2001,67.2406170439926
United Arab Emirates,ARE,"Life expectancy at birth, total (years)",SP.DYN.LE00.IN,2001,77.621
Argentina,ARG,"Life expectancy at birth, total (years)",SP.DYN.LE00.IN,2001,74.154
Armenia,ARM,"Life expectancy at birth, total (years)",SP.DYN.LE00.IN,2001,72.9756097560976
American Samoa,ASM,"Life expectancy at birth, total (years)",SP.DYN.LE00.IN,2001,71.573
Antigua and Barbuda,ATG,"Life expectancy at birth, total (years)",SP.DYN.LE00.IN,2001,75.108
Australia,AUS,"Life expectancy at birth, total (years)",SP.DYN.LE00.IN,2001,79.6341463414634
Austria,AUT,"Life expectancy at birth, total (years)",SP.DYN.LE00.IN,2001,78.5756097560976
Azerbaijan,AZE,"Life expectancy at birth, total (years)",SP.DYN.LE00.IN,2001,66.043
Burundi,BDI,"Life expectancy at birth, total (years)",SP.DYN.LE00.IN,2001,48.509
Belgium,BEL,"Life expectancy at birth, total (years)",SP.DYN.LE00.IN,2001,77.9731707317073
Benin,BEN,"Life expectancy at birth, total (years)",SP.DYN.LE00.IN,2001,56.654
Burkina Faso,BFA,"Life expectancy at birth, total (years)",SP.DYN.LE00.IN,2001,51.188
Bangladesh,BGD,"Life expectancy at birth, total (years)",SP.DYN.LE00.IN,2001,62.836
Bulgaria,BGR,"Life expectancy at birth, total (years)",SP.DYN.LE00.IN,2001,71.7682926829268
Bahrain,BHR,"Life expectancy at birth, total (years)",SP.DYN.LE00.IN,2001,74.942
"Bahamas, The",BHS,"Life expectancy at birth, total (years)",SP.DYN.LE00.IN,2001,72.765
Bosnia and Herzegovina,BIH,"Life expectancy at birth, total (years)",SP.DYN.LE00.IN,2001,75.573
Belarus,BLR,"Life expectancy at birth, total (years)",SP.DYN.LE00.IN,2001,68.5073170731707
Belize,BLZ,"Life expectancy at birth, total (years)",SP.DYN.LE00.IN,2001,68.944
Bermuda,BMU,"Life expectancy at birth, total (years)",SP.DYN.LE00.IN,2001,78.637
Bolivia,BOL,"Life expectancy at birth, total (years)",SP.DYN.LE00.IN,2001,62.538
Brazil,BRA,"Life expectancy at birth, total (years)",SP.DYN.LE00.IN,2001,69.98
Barbados,BRB,"Life expectancy at birth, total (years)",SP.DYN.LE00.IN,2001,74.707
Brunei Darussalam,BRN,"Life expectancy at birth, total (years)",SP.DYN.LE00.IN,2001,74.209
Bhutan,BTN,"Life expectancy at birth, total (years)",SP.DYN.LE00.IN,2001,63.323
Botswana,BWA,"Life expectancy at birth, total (years)",SP.DYN.LE00.IN,2001,52.21
Central African Republic,CAF,"Life expectancy at birth, total (years)",SP.DYN.LE00.IN,2001,46.734
Canada,CAN,"Life expectancy at birth, total (years)",SP.DYN.LE00.IN,2001,79.3980487804878
Central Europe and the Baltics,CEB,"Life expectancy at birth, total (years)",SP.DYN.LE00.IN,2001,73.0961481937343
Switzerland,CHE,"Life expectancy at birth, total (years)",SP.DYN.LE00.IN,2001,80.1804878048781
Channel Islands,CHI,"Life expectancy at birth, total (years)",SP.DYN.LE00.IN,2001,79.0
Chile,CHL,"Life expectancy at birth, total (years)",SP.DYN.LE00.IN,2001,77.58
China,CHN,"Life expectancy at birth, total (years)",SP.DYN.LE00.IN,2001,72.675
Cote d'Ivoire,CIV,"Life expectancy at birth, total (years)",SP.DYN.LE00.IN,2001,51.428
Cameroon,CMR,"Life expectancy at birth, total (years)",SP.DYN.LE00.IN,2001,53.598
"Congo, Dem. Rep.",COD,"Life expectancy at birth, total (years)",SP.DYN.LE00.IN,2001,52.205
"Congo, Rep.",COG,"Life expectancy at birth, total (years)",SP.DYN.LE00.IN,2001,55.885
Colombia,COL,"Life expectancy at birth, total (years)",SP.DYN.LE00.IN,2001,71.185
Comoros,COM,"Life expectancy at birth, total (years)",SP.DYN.LE00.IN,2001,59.587
Cabo Verde,CPV,"Life expectancy at birth, total (years)",SP.DYN.LE00.IN,2001,68.707
Costa Rica,CRI,"Life expectancy at birth, total (years)",SP.DYN.LE00.IN,2001,77.609
Caribbean small states,CSS,"Life expectancy at birth, total (years)",SP.DYN.LE00.IN,2001,68.6619722928042
Cuba,CUB,"Life expectancy at birth, total (years)",SP.DYN.LE00.IN,2001,76.429
Curacao,CUW,"Life expectancy at birth, total (years)",SP.DYN.LE00.IN,2001,73.36
Cayman Islands,CYM,"Life expectancy at birth, total (years)",SP.DYN.LE00.IN,2001,74.529
Cyprus,CYP,"Life expectancy at birth, total (years)",SP.DYN.LE00.IN,2001,78.185
Czechia,CZE,"Life expectancy at birth, total (years)",SP.DYN.LE00.IN,2001,75.1731707317073
Germany,DEU,"Life expectancy at birth, total (years)",SP.DYN.LE00.IN,2001,78.3292682926829
Djibouti,DJI,"Life expectancy at birth, total (years)",SP.DYN.LE00.IN,2001,57.506
Dominica,DMA,"Life expectancy at birth, total (years)",SP.DYN.LE00.IN,2001,71.862
Denmark,DNK,"Life expectancy at birth, total (years)",SP.DYN.LE00.IN,2001,76.7926829268293
Dominican Republic,DOM,"Life expectancy at birth, total (years)",SP.DYN.LE00.IN,2001,70.553
Algeria,DZA,"Life expectancy at birth, total (years)",SP.DYN.LE00.IN,2001,71.025
East Asia & Pacific (excluding high income),EAP,"Life expectancy at birth, total (years)",SP.DYN.LE00.IN,2001,71.0740923872156
Early-demographic dividend,EAR,"Life expectancy at birth, total (years)",SP.DYN.LE00.IN,2001,64.55670545203
East Asia & Pacific,EAS,"Life expectancy at birth, total (years)",SP.DYN.LE00.IN,2001,72.0413059988772
Europe & Central Asia (excluding high income),ECA,"Life expectancy at birth, total (years)",SP.DYN.LE00.IN,2001,69.0902777061194
Europe & Central Asia,ECS,"Life expectancy at birth, total (years)",SP.DYN.LE00.IN,2001,73.3558243150228
Ecuador,ECU,"Life expectancy at birth, total (years)",SP.DYN.LE00.IN,2001,72.571
"Egypt, Arab Rep.",EGY,"Life expectancy at birth, total (years)",SP.DYN.LE00.IN,2001,67.612
Euro area,EMU,"Life expectancy at birth, total (years)",SP.DYN.LE00.IN,2001,78.5435434936
Eritrea,ERI,"Life expectancy at birth, total (years)",SP.DYN.LE00.IN,2001,58.359
Spain,ESP,"Life expectancy at birth, total (years)",SP.DYN.LE00.IN,2001,79.3682926829268
Estonia,EST,"Life expectancy at birth, total (years)",SP.DYN.LE00.IN,2001,70.2585365853659
Ethiopia,ETH,"Life expectancy at birth, total (years)",SP.DYN.LE00.IN,2001,51.428
European Union,EUU,"Life expectancy at birth, total (years)",SP.DYN.LE00.IN,2001,77.4256390326754
Fragile and conflict affected situations,FCS,"Life expectancy at birth, total (years)",SP.DYN.LE00.IN,2001,55.7212693010549
Finland,FIN,"Life expectancy at birth, total (years)",SP.DYN.LE00.IN,2001,77.9658536585366
Fiji,FJI,"Life expectancy at birth, total (years)",SP.DYN.LE00.IN,2001,66.205
France,FRA,"Life expectancy at birth, total (years)",SP.DYN.LE00.IN,2001,79.1585365853659
Faroe Islands,FRO,"Life expectancy at birth, total (years)",SP.DYN.LE00.IN,2001,78.6017292682927
"Micronesia, Fed. Sts.",FSM,"Life expectancy at birth, total (years)",SP.DYN.LE00.IN,2001,64.801
Gabon,GAB,"Life expectancy at birth, total (years)",SP.DYN.LE00.IN,2001,61.982
United Kingdom,GBR,"Life expectancy at birth, total (years)",SP.DYN.LE00.IN,2001,77.9926829268293
Georgia,GEO,"Life expectancy at birth, total (years)",SP.DYN.LE00.IN,2001,70.371
Ghana,GHA,"Life expectancy at birth, total (years)",SP.DYN.LE00.IN,2001,58.403
Gibraltar,GIB,"Life expectancy at birth, total (years)",SP.DYN.LE00.IN,2001,80.419
Guinea,GIN,"Life expectancy at birth, total (years)",SP.DYN.LE00.IN,2001,52.669
"Gambia, The",GMB,"Life expectancy at birth, total (years)",SP.DYN.LE00.IN,2001,57.283
Guinea-Bissau,GNB,"Life expectancy at birth, total (years)",SP.DYN.LE00.IN,2001,51.054
Equatorial Guinea,GNQ,"Life expectancy at birth, total (years)",SP.DYN.LE00.IN,2001,53.827
Greece,GRC,"Life expectancy at birth, total (years)",SP.DYN.LE00.IN,2001,78.3878048780488
Grenada,GRD,"Life expectancy at birth, total (years)",SP.DYN.LE00.IN,2001,73.034
Greenland,GRL,"Life expectancy at birth, total (years)",SP.DYN.LE00.IN,2001,65.0058536585366
Guatemala,GTM,"Life expectancy at birth, total (years)",SP.DYN.LE00.IN,2001,67.436
Guam,GUM,"Life expectancy at birth, total (years)",SP.DYN.LE00.IN,2001,75.195
Guyana,GUY,"Life expectancy at birth, total (years)",SP.DYN.LE00.IN,2001,64.38
High income,HIC,"Life expectancy at birth, total (years)",SP.DYN.LE00.IN,2001,76.314713845043
"Hong Kong SAR, China",HKG,"Life expectancy at birth, total (years)",SP.DYN.LE00.IN,2001,81.4192682926829
Honduras,HND,"Life expectancy at birth, total (years)",SP.DYN.LE00.IN,2001,68.491
Heavily indebted poor countries (HIPC),HPC,"Life expectancy at birth, total (years)",SP.DYN.LE00.IN,2001,53.535003321086
Croatia,HRV,"Life expectancy at birth, total (years)",SP.DYN.LE00.IN,2001,74.5129268292683
Haiti,HTI,"Life expectancy at birth, total (years)",SP.DYN.LE00.IN,2001,58.591
Hungary,HUN,"Life expectancy at birth, total (years)",SP.DYN.LE00.IN,2001,72.2487804878049
IBRD only,IBD,"Life expectancy at birth, total (years)",SP.DYN.LE00.IN,2001,68.5847135093888
IDA & IBRD total,IBT,"Life expectancy at birth, total (years)",SP.DYN.LE00.IN,2001,65.9667714391639
IDA total,IDA,"Life expectancy at birth, total (years)",SP.DYN.LE00.IN,2001,56.8791758067655
IDA blend,IDB,"Life expectancy at birth, total (years)",SP.DYN.LE00.IN,2001,55.889906446422
Indonesia,IDN,"Life expectancy at birth, total (years)",SP.DYN.LE00.IN,2001,66.583
IDA only,IDX,"Life expectancy at birth, total (years)",SP.DYN.LE00.IN,2001,57.4082757810798
Isle of Man,IMN,"Life expectancy at birth, total (years)",SP.DYN.LE00.IN,2001,75.289
India,IND,"Life expectancy at birth, total (years)",SP.DYN.LE00.IN,2001,63.158
Ireland,IRL,"Life expectancy at birth, total (years)",SP.DYN.LE00.IN,2001,77.1341463414634
"Iran, Islamic Rep.",IRN,"Life expectancy at birth, total (years)",SP.DYN.LE00.IN,2001,70.619
Iraq,IRQ,"Life expectancy at birth, total (years)",SP.DYN.LE00.IN,2001,65.292
Iceland,ISL,"Life expectancy at birth, total (years)",SP.DYN.LE00.IN,2001,80.690243902439
Israel,ISR,"Life expectancy at birth, total (years)",SP.DYN.LE00.IN,2001,79.4073170731707
Italy,ITA,"Life expectancy at birth, total (years)",SP.DYN.LE00.IN,2001,80.1268292682927
Jamaica,JAM,"Life expectancy at birth, total (years)",SP.DYN.LE00.IN,2001,71.287
Jordan,JOR,"Life expectancy at birth, total (years)",SP.DYN.LE00.IN,2001,72.141
Japan,JPN,"Life expectancy at birth, total (years)",SP.DYN.LE00.IN,2001,81.4163414634146
Kazakhstan,KAZ,"Life expectancy at birth, total (years)",SP.DYN.LE00.IN,2001,64.108
Kenya,KEN,"Life expectancy at birth, total (years)",SP.DYN.LE00.IN,2001,56.501
Kyrgyz Republic,KGZ,"Life expectancy at birth, total (years)",SP.DYN.LE00.IN,2001,68.7073170731707
Cambodia,KHM,"Life expectancy at birth, total (years)",SP.DYN.LE00.IN,2001,60.457
Kiribati,KIR,"Life expectancy at birth, total (years)",SP.DYN.LE00.IN,2001,64.918
St. Kitts and Nevis,KNA,"Life expectancy at birth, total (years)",SP.DYN.LE00.IN,2001,69.767
"Korea, Rep.",KOR,"Life expectancy at birth, total (years)",SP.DYN.LE00.IN,2001,76.4121951219512
Kuwait,KWT,"Life expectancy at birth, total (years)",SP.DYN.LE00.IN,2001,76.3843414634146
Latin America & Caribbean (excluding high income),LAC,"Life expectancy at birth, total (years)",SP.DYN.LE00.IN,2001,70.8143276248888
Lao PDR,LAO,"Life expectancy at birth, total (years)",SP.DYN.LE00.IN,2001,58.887
Lebanon,LBN,"Life expectancy at birth, total (years)",SP.DYN.LE00.IN,2001,74.354
Liberia,LBR,"Life expectancy at birth, total (years)",SP.DYN.LE00.IN,2001,53.109
Libya,LBY,"Life expectancy at birth, total (years)",SP.DYN.LE00.IN,2001,70.653
St. Lucia,LCA,"Life expectancy at birth, total (years)",SP.DYN.LE00.IN,2001,71.367
Latin America & Caribbean,LCN,"Life expectancy at birth, total (years)",SP.DYN.LE00.IN,2001,71.1505464911298
Least developed countries: UN classification,LDC,"Life expectancy at birth, total (years)",SP.DYN.LE00.IN,2001,55.9851511445898
Low income,LIC,"Life expectancy at birth, total (years)",SP.DYN.LE00.IN,2001,54.6682791233617
Liechtenstein,LIE,"Life expectancy at birth, total (years)",SP.DYN.LE00.IN,2001,79.2756097560976
Sri Lanka,LKA,"Life expectancy at birth, total (years)",SP.DYN.LE00.IN,2001,71.804
Lower middle income,LMC,"Life expectancy at birth, total (years)",SP.DYN.LE00.IN,2001,62.1266977569066
Low & middle income,LMY,"Life expectancy at birth, total (years)",SP.DYN.LE00.IN,2001,66.002463938305
Lesotho,LSO,"Life expectancy at birth, total (years)",SP.DYN.LE00.IN,2001,47.153
Late-demographic dividend,LTE,"Life expectancy at birth, total (years)",SP.DYN.LE00.IN,2001,71.6274933298313
Lithuania,LTU,"Life expectancy at birth, total (years)",SP.DYN.LE00.IN,2001,71.6585365853659
Luxembourg,LUX,"Life expectancy at birth, total (years)",SP.DYN.LE00.IN,2001,77.8243902439025
Latvia,LVA,"Life expectancy at birth, total (years)",SP.DYN.LE00.IN,2001,70.7609756097561
"Macao SAR, China",MAC,"Life expectancy at birth, total (years)",SP.DYN.LE00.IN,2001,80.5878048780488
St. Martin (French part),MAF,"Life expectancy at birth, total (years)",SP.DYN.LE00.IN,2001,77.009
Morocco,MAR,"Life expectancy at birth, total (years)",SP.DYN.LE00.IN,2001,67.2
Monaco,MCO,"Life expectancy at birth, total (years)",SP.DYN.LE00.IN,2001,82.485
Moldova,MDA,"Life expectancy at birth, total (years)",SP.DYN.LE00.IN,2001,67.672
Madagascar,MDG,"Life expectancy at birth, total (years)",SP.DYN.LE00.IN,2001,58.674
Maldives,MDV,"Life expectancy at birth, total (years)",SP.DYN.LE00.IN,2001,71.659
"Middle East, North Africa, Afghanistan & Pakistan",MEA,"Life expectancy at birth, total (years)",SP.DYN.LE00.IN,2001,66.597196122581
Mexico,MEX,"Life expectancy at birth, total (years)",SP.DYN.LE00.IN,2001,72.912
Marshall Islands,MHL,"Life expectancy at birth, total (years)",SP.DYN.LE00.IN,2001,63.735
Middle income,MIC,"Life expectancy at birth, total (years)",SP.DYN.LE00.IN,2001,66.8263475778242
North Macedonia,MKD,"Life expectancy at birth, total (years)",SP.DYN.LE00.IN,2001,73.4365853658537
Mali,MLI,"Life expectancy at birth, total (years)",SP.DYN.LE00.IN,2001,51.3
Malta,MLT,"Life expectancy at birth, total (years)",SP.DYN.LE00.IN,2001,78.8439024390244
Myanmar,MMR,"Life expectancy at birth, total (years)",SP.DYN.LE00.IN,2001,60.64
"Middle East, North Africa, Afghanistan & Pakistan (excluding high income)",MNA,"Life expectancy at birth, total (years)",SP.DYN.LE00.IN,2001,65.9952073676464
Montenegro,MNE,"Life expectancy at birth, total (years)",SP.DYN.LE00.IN,2001,73.5801951219512
Mongolia,MNG,"Life expectancy at birth, total (years)",SP.DYN.LE00.IN,2001,63.3917073170732
Northern Mariana Islands,MNP,"Life expectancy at birth, total (years)",SP.DYN.LE00.IN,2001,75.419
Mozambique,MOZ,"Life expectancy at birth, total (years)",SP.DYN.LE00.IN,2001,50.259
Mauritania,MRT,"Life expectancy at birth, total (years)",SP.DYN.LE00.IN,2001,61.662
Mauritius,MUS,"Life expectancy at birth, total (years)",SP.DYN.LE00.IN,2001,71.7658536585366
Malawi,MWI,"Life expectancy at birth, total (years)",SP.DYN.LE00.IN,2001,47.205
Malaysia,MYS,"Life expectancy at birth, total (years)",SP.DYN.LE00.IN,2001,73.08
North America,NAC,"Life expectancy at birth, total (years)",SP.DYN.LE00.IN,2001,77.0883485337654
Namibia,NAM,"Life expectancy at birth, total (years)",SP.DYN.LE00.IN,2001,51.98
New Caledonia,NCL,"Life expectancy at birth, total (years)",SP.DYN.LE00.IN,2001,73.958
Niger,NER,"Life expectancy at birth, total (years)",SP.DYN.LE00.IN,2001,49.872
Nigeria,NGA,"Life expectancy at birth, total (years)",SP.DYN.LE00.IN,2001,47.549
Nicaragua,NIC,"Life expectancy at birth, total (years)",SP.DYN.LE00.IN,2001,67.028
Netherlands,NLD,"Life expectancy at birth, total (years)",SP.DYN.LE00.IN,2001,78.190243902439
Norway,NOR,"Life expectancy at birth, total (years)",SP.DYN.LE00.IN,2001,78.7853658536585
Nepal,NPL,"Life expectancy at birth, total (years)",SP.DYN.LE00.IN,2001,63.288
Nauru,NRU,"Life expectancy at birth, total (years)",SP.DYN.LE00.IN,2001,59.482
New Zealand,NZL,"Life expectancy at birth, total (years)",SP.DYN.LE00.IN,2001,78.6926829268293
OECD members,OED,"Life expectancy at birth, total (years)",SP.DYN.LE00.IN,2001,77.1207466135963
Oman,OMN,"Life expectancy at birth, total (years)",SP.DYN.LE00.IN,2001,73.979
Other small states,OSS,"Life expectancy at birth, total (years)",SP.DYN.LE00.IN,2001,66.6129499326785
Pakistan,PAK,"Life expectancy at birth, total (years)",SP.DYN.LE00.IN,2001,62.241
Panama,PAN,"Life expectancy at birth, total (years)",SP.DYN.LE00.IN,2001,73.82
Peru,PER,"Life expectancy at birth, total (years)",SP.DYN.LE00.IN,2001,70.315
Philippines,PHL,"Life expectancy at birth, total (years)",SP.DYN.LE00.IN,2001,67.829
Palau,PLW,"Life expectancy at birth, total (years)",SP.DYN.LE00.IN,2001,64.8
Papua New Guinea,PNG,"Life expectancy at birth, total (years)",SP.DYN.LE00.IN,2001,61.647
Poland,POL,"Life expectancy at birth, total (years)",SP.DYN.LE00.IN,2001,74.2
Pre-demographic dividend,PRE,"Life expectancy at birth, total (years)",SP.DYN.LE00.IN,2001,52.2522575774111
Puerto Rico (US),PRI,"Life expectancy at birth, total (years)",SP.DYN.LE00.IN,2001,75.972
"Korea, Dem. People's Rep.",PRK,"Life expectancy at birth, total (years)",SP.DYN.LE00.IN,2001,60.893
Portugal,PRT,"Life expectancy at birth, total (years)",SP.DYN.LE00.IN,2001,76.8146341463415
Paraguay,PRY,"Life expectancy at birth, total (years)",SP.DYN.LE00.IN,2001,70.281
West Bank and Gaza,PSE,"Life expectancy at birth, total (years)",SP.DYN.LE00.IN,2001,69.75
Pacific island small states,PSS,"Life expectancy at birth, total (years)",SP.DYN.LE00.IN,2001,67.0167243338519
Post-demographic dividend,PST,"Life expectancy at birth, total (years)",SP.DYN.LE00.IN,2001,77.6340698596268
French Polynesia,PYF,"Life expectancy at birth, total (years)",SP.DYN.LE00.IN,2001,79.316
Qatar,QAT,"Life expectancy at birth, total (years)",SP.DYN.LE00.IN,2001,75.486
Romania,ROU,"Life expectancy at birth, total (years)",SP.DYN.LE00.IN,2001,71.1609756097561
Russian Federation,RUS,"Life expectancy at birth, total (years)",SP.DYN.LE00.IN,2001,65.3834146341463
Rwanda,RWA,"Life expectancy at birth, total (years)",SP.DYN.LE00.IN,2001,49.49
South Asia,SAS,"Life expectancy at birth, total (years)",SP.DYN.LE00.IN,2001,63.2621106390743
Saudi Arabia,SAU,"Life expectancy at birth, total (years)",SP.DYN.LE00.IN,2001,72.951
Sudan,SDN,"Life expectancy at birth, total (years)",SP.DYN.LE00.IN,2001,59.264
Senegal,SEN,"Life expectancy at birth, total (years)",SP.DYN.LE00.IN,2001,58.158
Singapore,SGP,"Life expectancy at birth, total (years)",SP.DYN.LE00.IN,2001,78.2512195121951
Solomon Islands,SLB,"Life expectancy at birth, total (years)",SP.DYN.LE00.IN,2001,67.237
Sierra Leone,SLE,"Life expectancy at birth, total (years)",SP.DYN.LE00.IN,2001,45.448
El Salvador,SLV,"Life expectancy at birth, total (years)",SP.DYN.LE00.IN,2001,67.965
San Marino,SMR,"Life expectancy at birth, total (years)",SP.DYN.LE00.IN,2001,80.803
"Somalia, Fed. Rep.",SOM,"Life expectancy at birth, total (years)",SP.DYN.LE00.IN,2001,50.829
Serbia,SRB,"Life expectancy at birth, total (years)",SP.DYN.LE00.IN,2001,72.2341463414634
Sub-Saharan Africa (excluding high income),SSA,"Life expectancy at birth, total (years)",SP.DYN.LE00.IN,2001,52.0462115010202
South Sudan,SSD,"Life expectancy at birth, total (years)",SP.DYN.LE00.IN,2001,48.55
Sub-Saharan Africa,SSF,"Life expectancy at birth, total (years)",SP.DYN.LE00.IN,2001,51.9872682200426
Small states,SST,"Life expectancy at birth, total (years)",SP.DYN.LE00.IN,2001,67.175139708987
Sao Tome and Principe,STP,"Life expectancy at birth, total (years)",SP.DYN.LE00.IN,2001,61.5
Suriname,SUR,"Life expectancy at birth, total (years)",SP.DYN.LE00.IN,2001,64.82
Slovak Republic,SVK,"Life expectancy at birth, total (years)",SP.DYN.LE00.IN,2001,73.4024390243903
Slovenia,SVN,"Life expectancy at birth, total (years)",SP.DYN.LE00.IN,2001,75.7585365853659
Sweden,SWE,"Life expectancy at birth, total (years)",SP.DYN.LE00.IN,2001,79.7951219512195
Eswatini,SWZ,"Life expectancy at birth, total (years)",SP.DYN.LE00.IN,2001,46.344
Sint Maarten (Dutch part),SXM,"Life expectancy at birth, total (years)",SP.DYN.LE00.IN,2001,74.525
Seychelles,SYC,"Life expectancy at birth, total (years)",SP.DYN.LE00.IN,2001,73.2536585365854
Syrian Arab Republic,SYR,"Life expectancy at birth, total (years)",SP.DYN.LE00.IN,2001,71.296
Turks and Caicos Islands,TCA,"Life expectancy at birth, total (years)",SP.DYN.LE00.IN,2001,74.409
Chad,TCD,"Life expectancy at birth, total (years)",SP.DYN.LE00.IN,2001,48.306
East Asia & Pacific (IDA & IBRD countries),TEA,"Life expectancy at birth, total (years)",SP.DYN.LE00.IN,2001,71.2077369930428
Europe & Central Asia (IDA & IBRD countries),TEC,"Life expectancy at birth, total (years)",SP.DYN.LE00.IN,2001,68.5080250387666
Togo,TGO,"Life expectancy at birth, total (years)",SP.DYN.LE00.IN,2001,54.757
Thailand,THA,"Life expectancy at birth, total (years)",SP.DYN.LE00.IN,2001,71.52
Tajikistan,TJK,"Life expectancy at birth, total (years)",SP.DYN.LE00.IN,2001,64.197
Turkmenistan,TKM,"Life expectancy at birth, total (years)",SP.DYN.LE00.IN,2001,65.325
Latin America & the Caribbean (IDA & IBRD countries),TLA,"Life expectancy at birth, total (years)",SP.DYN.LE00.IN,2001,70.9952366364032
Timor-Leste,TLS,"Life expectancy at birth, total (years)",SP.DYN.LE00.IN,2001,58.772
"Middle East, North Africa, Afghanistan & Pakistan (IDA & IBRD)",TMN,"Life expectancy at birth, total (years)",SP.DYN.LE00.IN,2001,65.9712698137957
Tonga,TON,"Life expectancy at birth, total (years)",SP.DYN.LE00.IN,2001,69.8
South Asia (IDA & IBRD),TSA,"Life expectancy at birth, total (years)",SP.DYN.LE00.IN,2001,63.2621106390743
Sub-Saharan Africa (IDA & IBRD countries),TSS,"Life expectancy at birth, total (years)",SP.DYN.LE00.IN,2001,51.9872682200426
Trinidad and Tobago,TTO,"Life expectancy at birth, total (years)",SP.DYN.LE00.IN,2001,68.874
Tunisia,TUN,"Life expectancy at birth, total (years)",SP.DYN.LE00.IN,2001,72.822
Turkiye,TUR,"Life expectancy at birth, total (years)",SP.DYN.LE00.IN,2001,72.271
Tuvalu,TUV,"Life expectancy at birth, total (years)",SP.DYN.LE00.IN,2001,63.709
Tanzania,TZA,"Life expectancy at birth, total (years)",SP.DYN.LE00.IN,2001,54.124
Uganda,UGA,"Life expectancy at birth, total (years)",SP.DYN.LE00.IN,2001,50.576
Ukraine,UKR,"Life expectancy at birth, total (years)",SP.DYN.LE00.IN,2001,67.675
Upper middle income,UMC,"Life expectancy at birth, total (years)",SP.DYN.LE00.IN,2001,71.0962768701794
Uruguay,URY,"Life expectancy at birth, total (years)",SP.DYN.LE00.IN,2001,74.987
United States,USA,"Life expectancy at birth, total (years)",SP.DYN.LE00.IN,2001,76.8365853658537
Uzbekistan,UZB,"Life expectancy at birth, total (years)",SP.DYN.LE00.IN,2001,65.853
St. Vincent and the Grenadines,VCT,"Life expectancy at birth, total (years)",SP.DYN.LE00.IN,2001,70.382
"Venezuela, RB",VEN,"Life expectancy at birth, total (years)",SP.DYN.LE00.IN,2001,71.019
British Virgin Islands,VGB,"Life expectancy at birth, total (years)",SP.DYN.LE00.IN,2001,74.831
Virgin Islands (U.S.),VIR,"Life expectancy at birth, total (years)",SP.DYN.LE00.IN,2001,77.6219512195122
Viet Nam,VNM,"Life expectancy at birth, total (years)",SP.DYN.LE00.IN,2001,72.984
Vanuatu,VUT,"Life expectancy at birth, total (years)",SP.DYN.LE00.IN,2001,68.722
World,WLD,"Life expectancy at birth, total (years)",SP.DYN.LE00.IN,2001,67.9443971016557
Samoa,WSM,"Life expectancy at birth, total (years)",SP.DYN.LE00.IN,2001,71.028
Kosovo,XKX,"Life expectancy at birth, total (years)",SP.DYN.LE00.IN,2001,71.782
"Yemen, Rep.",YEM,"Life expectancy at birth, total (years)",SP.DYN.LE00.IN,2001,63.286
South Africa,ZAF,"Life expectancy at birth, total (years)",SP.DYN.LE00.IN,2001,57.161
Zambia,ZMB,"Life expectancy at birth, total (years)",SP.DYN.LE00.IN,2001,47.408
Zimbabwe,ZWE,"Life expectancy at birth, total (years)",SP.DYN.LE00.IN,2001,44.525
Aruba,ABW,"Life expectancy at birth, total (years)",SP.DYN.LE00.IN,2002,73.135
Africa Eastern and Southern,AFE,"Life expectancy at birth, total (years)",SP.DYN.LE00.IN,2002,53.2067443343026
Afghanistan,AFG,"Life expectancy at birth, total (years)",SP.DYN.LE00.IN,2002,56.225
Africa Western and Central,AFW,"Life expectancy at birth, total (years)",SP.DYN.LE00.IN,2002,51.1082469203541
Angola,AGO,"Life expectancy at birth, total (years)",SP.DYN.LE00.IN,2002,47.874
Albania,ALB,"Life expectancy at birth, total (years)",SP.DYN.LE00.IN,2002,75.299
Andorra,AND,"Life expectancy at birth, total (years)",SP.DYN.LE00.IN,2002,82.448
Arab World,ARB,"Life expectancy at birth, total (years)",SP.DYN.LE00.IN,2002,67.5806302791343
United Arab Emirates,ARE,"Life expectancy at birth, total (years)",SP.DYN.LE00.IN,2002,78.721
Argentina,ARG,"Life expectancy at birth, total (years)",SP.DYN.LE00.IN,2002,74.312
Armenia,ARM,"Life expectancy at birth, total (years)",SP.DYN.LE00.IN,2002,72.8268292682927
American Samoa,ASM,"Life expectancy at birth, total (years)",SP.DYN.LE00.IN,2002,71.755
Antigua and Barbuda,ATG,"Life expectancy at birth, total (years)",SP.DYN.LE00.IN,2002,75.237
Australia,AUS,"Life expectancy at birth, total (years)",SP.DYN.LE00.IN,2002,79.9365853658537
Austria,AUT,"Life expectancy at birth, total (years)",SP.DYN.LE00.IN,2002,78.6780487804878
Azerbaijan,AZE,"Life expectancy at birth, total (years)",SP.DYN.LE00.IN,2002,66.769
Burundi,BDI,"Life expectancy at birth, total (years)",SP.DYN.LE00.IN,2002,49.924
Belgium,BEL,"Life expectancy at birth, total (years)",SP.DYN.LE00.IN,2002,78.0756097560976
Benin,BEN,"Life expectancy at birth, total (years)",SP.DYN.LE00.IN,2002,56.851
Burkina Faso,BFA,"Life expectancy at birth, total (years)",SP.DYN.LE00.IN,2002,51.447
Bangladesh,BGD,"Life expectancy at birth, total (years)",SP.DYN.LE00.IN,2002,63.591
Bulgaria,BGR,"Life expectancy at birth, total (years)",SP.DYN.LE00.IN,2002,71.8658536585366
Bahrain,BHR,"Life expectancy at birth, total (years)",SP.DYN.LE00.IN,2002,75.209
"Bahamas, The",BHS,"Life expectancy at birth, total (years)",SP.DYN.LE00.IN,2002,73.023
Bosnia and Herzegovina,BIH,"Life expectancy at birth, total (years)",SP.DYN.LE00.IN,2002,75.994
Belarus,BLR,"Life expectancy at birth, total (years)",SP.DYN.LE00.IN,2002,68.0560975609756
Belize,BLZ,"Life expectancy at birth, total (years)",SP.DYN.LE00.IN,2002,69.528
Bermuda,BMU,"Life expectancy at birth, total (years)",SP.DYN.LE00.IN,2002,78.841
Bolivia,BOL,"Life expectancy at birth, total (years)",SP.DYN.LE00.IN,2002,63.068
Brazil,BRA,"Life expectancy at birth, total (years)",SP.DYN.LE00.IN,2002,70.396
Barbados,BRB,"Life expectancy at birth, total (years)",SP.DYN.LE00.IN,2002,74.82
Brunei Darussalam,BRN,"Life expectancy at birth, total (years)",SP.DYN.LE00.IN,2002,74.365
Bhutan,BTN,"Life expectancy at birth, total (years)",SP.DYN.LE00.IN,2002,63.984
Botswana,BWA,"Life expectancy at birth, total (years)",SP.DYN.LE00.IN,2002,52.373
Central African Republic,CAF,"Life expectancy at birth, total (years)",SP.DYN.LE00.IN,2002,46.84
Canada,CAN,"Life expectancy at birth, total (years)",SP.DYN.LE00.IN,2002,79.5307317073171
Central Europe and the Baltics,CEB,"Life expectancy at birth, total (years)",SP.DYN.LE00.IN,2002,73.2424154880921
Switzerland,CHE,"Life expectancy at birth, total (years)",SP.DYN.LE00.IN,2002,80.3853658536585
Channel Islands,CHI,"Life expectancy at birth, total (years)",SP.DYN.LE00.IN,2002,79.1
Chile,CHL,"Life expectancy at birth, total (years)",SP.DYN.LE00.IN,2002,77.84
China,CHN,"Life expectancy at birth, total (years)",SP.DYN.LE00.IN,2002,73.034
Cote d'Ivoire,CIV,"Life expectancy at birth, total (years)",SP.DYN.LE00.IN,2002,51.544
Cameroon,CMR,"Life expectancy at birth, total (years)",SP.DYN.LE00.IN,2002,53.922
"Congo, Dem. Rep.",COD,"Life expectancy at birth, total (years)",SP.DYN.LE00.IN,2002,52.371
"Congo, Rep.",COG,"Life expectancy at birth, total (years)",SP.DYN.LE00.IN,2002,56.414
Colombia,COL,"Life expectancy at birth, total (years)",SP.DYN.LE00.IN,2002,71.537
Comoros,COM,"Life expectancy at birth, total (years)",SP.DYN.LE00.IN,2002,59.723
Cabo Verde,CPV,"Life expectancy at birth, total (years)",SP.DYN.LE00.IN,2002,69.447
Costa Rica,CRI,"Life expectancy at birth, total (years)",SP.DYN.LE00.IN,2002,77.939
Caribbean small states,CSS,"Life expectancy at birth, total (years)",SP.DYN.LE00.IN,2002,68.8997139018751
Cuba,CUB,"Life expectancy at birth, total (years)",SP.DYN.LE00.IN,2002,76.766
Curacao,CUW,"Life expectancy at birth, total (years)",SP.DYN.LE00.IN,2002,73.472
Cayman Islands,CYM,"Life expectancy at birth, total (years)",SP.DYN.LE00.IN,2002,74.609
Cyprus,CYP,"Life expectancy at birth, total (years)",SP.DYN.LE00.IN,2002,78.758
Czechia,CZE,"Life expectancy at birth, total (years)",SP.DYN.LE00.IN,2002,75.2219512195122
Germany,DEU,"Life expectancy at birth, total (years)",SP.DYN.LE00.IN,2002,78.2292682926829
Djibouti,DJI,"Life expectancy at birth, total (years)",SP.DYN.LE00.IN,2002,57.824
Dominica,DMA,"Life expectancy at birth, total (years)",SP.DYN.LE00.IN,2002,71.927
Denmark,DNK,"Life expectancy at birth, total (years)",SP.DYN.LE00.IN,2002,76.8951219512195
Dominican Republic,DOM,"Life expectancy at birth, total (years)",SP.DYN.LE00.IN,2002,70.719
Algeria,DZA,"Life expectancy at birth, total (years)",SP.DYN.LE00.IN,2002,71.644
East Asia & Pacific (excluding high income),EAP,"Life expectancy at birth, total (years)",SP.DYN.LE00.IN,2002,71.3967499620569
Early-demographic dividend,EAR,"Life expectancy at birth, total (years)",SP.DYN.LE00.IN,2002,64.9680746751559
East Asia & Pacific,EAS,"Life expectancy at birth, total (years)",SP.DYN.LE00.IN,2002,72.3571058107458
Europe & Central Asia (excluding high income),ECA,"Life expectancy at birth, total (years)",SP.DYN.LE00.IN,2002,69.3187306210866
Europe & Central Asia,ECS,"Life expectancy at birth, total (years)",SP.DYN.LE00.IN,2002,73.4464115251961
Ecuador,ECU,"Life expectancy at birth, total (years)",SP.DYN.LE00.IN,2002,73.164
"Egypt, Arab Rep.",EGY,"Life expectancy at birth, total (years)",SP.DYN.LE00.IN,2002,67.846
Euro area,EMU,"Life expectancy at birth, total (years)",SP.DYN.LE00.IN,2002,78.6341349112633
Eritrea,ERI,"Life expectancy at birth, total (years)",SP.DYN.LE00.IN,2002,58.941
Spain,ESP,"Life expectancy at birth, total (years)",SP.DYN.LE00.IN,2002,79.5682926829268
Estonia,EST,"Life expectancy at birth, total (years)",SP.DYN.LE00.IN,2002,70.9048780487805
Ethiopia,ETH,"Life expectancy at birth, total (years)",SP.DYN.LE00.IN,2002,52.085
European Union,EUU,"Life expectancy at birth, total (years)",SP.DYN.LE00.IN,2002,77.5340746440768
Fragile and conflict affected situations,FCS,"Life expectancy at birth, total (years)",SP.DYN.LE00.IN,2002,56.1508566104113
Finland,FIN,"Life expectancy at birth, total (years)",SP.DYN.LE00.IN,2002,78.119512195122
Fiji,FJI,"Life expectancy at birth, total (years)",SP.DYN.LE00.IN,2002,65.492
France,FRA,"Life expectancy at birth, total (years)",SP.DYN.LE00.IN,2002,79.2609756097561
Faroe Islands,FRO,"Life expectancy at birth, total (years)",SP.DYN.LE00.IN,2002,78.7876585365854
"Micronesia, Fed. Sts.",FSM,"Life expectancy at birth, total (years)",SP.DYN.LE00.IN,2002,63.907
Gabon,GAB,"Life expectancy at birth, total (years)",SP.DYN.LE00.IN,2002,62.175
United Kingdom,GBR,"Life expectancy at birth, total (years)",SP.DYN.LE00.IN,2002,78.1439024390244
Georgia,GEO,"Life expectancy at birth, total (years)",SP.DYN.LE00.IN,2002,70.438
Ghana,GHA,"Life expectancy at birth, total (years)",SP.DYN.LE00.IN,2002,58.709
Gibraltar,GIB,"Life expectancy at birth, total (years)",SP.DYN.LE00.IN,2002,80.59
Guinea,GIN,"Life expectancy at birth, total (years)",SP.DYN.LE00.IN,2002,53.2
"Gambia, The",GMB,"Life expectancy at birth, total (years)",SP.DYN.LE00.IN,2002,57.736
Guinea-Bissau,GNB,"Life expectancy at birth, total (years)",SP.DYN.LE00.IN,2002,51.608
Equatorial Guinea,GNQ,"Life expectancy at birth, total (years)",SP.DYN.LE00.IN,2002,54.324
Greece,GRC,"Life expectancy at birth, total (years)",SP.DYN.LE00.IN,2002,78.6414634146341
Grenada,GRD,"Life expectancy at birth, total (years)",SP.DYN.LE00.IN,2002,73.142
Greenland,GRL,"Life expectancy at birth, total (years)",SP.DYN.LE00.IN,2002,65.419512195122
Guatemala,GTM,"Life expectancy at birth, total (years)",SP.DYN.LE00.IN,2002,67.835
Guam,GUM,"Life expectancy at birth, total (years)",SP.DYN.LE00.IN,2002,75.506
Guyana,GUY,"Life expectancy at birth, total (years)",SP.DYN.LE00.IN,2002,64.183
High income,HIC,"Life expectancy at birth, total (years)",SP.DYN.LE00.IN,2002,76.4394038716135
"Hong Kong SAR, China",HKG,"Life expectancy at birth, total (years)",SP.DYN.LE00.IN,2002,81.4521951219512
Honduras,HND,"Life expectancy at birth, total (years)",SP.DYN.LE00.IN,2002,68.714
Heavily indebted poor countries (HIPC),HPC,"Life expectancy at birth, total (years)",SP.DYN.LE00.IN,2002,54.0578953113424
Croatia,HRV,"Life expectancy at birth, total (years)",SP.DYN.LE00.IN,2002,74.7173170731707
Haiti,HTI,"Life expectancy at birth, total (years)",SP.DYN.LE00.IN,2002,59.041
Hungary,HUN,"Life expectancy at birth, total (years)",SP.DYN.LE00.IN,2002,72.3487804878049
IBRD only,IBD,"Life expectancy at birth, total (years)",SP.DYN.LE00.IN,2002,68.9043764886684
IDA & IBRD total,IBT,"Life expectancy at birth, total (years)",SP.DYN.LE00.IN,2002,66.2936961520706
IDA total,IDA,"Life expectancy at birth, total (years)",SP.DYN.LE00.IN,2002,57.3482456496394
IDA blend,IDB,"Life expectancy at birth, total (years)",SP.DYN.LE00.IN,2002,56.270235525387
Indonesia,IDN,"Life expectancy at birth, total (years)",SP.DYN.LE00.IN,2002,66.954
IDA only,IDX,"Life expectancy at birth, total (years)",SP.DYN.LE00.IN,2002,57.9254259864038
Isle of Man,IMN,"Life expectancy at birth, total (years)",SP.DYN.LE00.IN,2002,75.785
India,IND,"Life expectancy at birth, total (years)",SP.DYN.LE00.IN,2002,63.649
Ireland,IRL,"Life expectancy at birth, total (years)",SP.DYN.LE00.IN,2002,77.6341463414634
"Iran, Islamic Rep.",IRN,"Life expectancy at birth, total (years)",SP.DYN.LE00.IN,2002,71.112
Iraq,IRQ,"Life expectancy at birth, total (years)",SP.DYN.LE00.IN,2002,65.724
Iceland,ISL,"Life expectancy at birth, total (years)",SP.DYN.LE00.IN,2002,80.5024390243903
Israel,ISR,"Life expectancy at birth, total (years)",SP.DYN.LE00.IN,2002,79.4512195121951
Italy,ITA,"Life expectancy at birth, total (years)",SP.DYN.LE00.IN,2002,80.2292682926829
Jamaica,JAM,"Life expectancy at birth, total (years)",SP.DYN.LE00.IN,2002,71.478
Jordan,JOR,"Life expectancy at birth, total (years)",SP.DYN.LE00.IN,2002,72.359
Japan,JPN,"Life expectancy at birth, total (years)",SP.DYN.LE00.IN,2002,81.6907317073171
Kazakhstan,KAZ,"Life expectancy at birth, total (years)",SP.DYN.LE00.IN,2002,64.441
Kenya,KEN,"Life expectancy at birth, total (years)",SP.DYN.LE00.IN,2002,56.759
Kyrgyz Republic,KGZ,"Life expectancy at birth, total (years)",SP.DYN.LE00.IN,2002,68.1560975609756
Cambodia,KHM,"Life expectancy at birth, total (years)",SP.DYN.LE00.IN,2002,61.395
Kiribati,KIR,"Life expectancy at birth, total (years)",SP.DYN.LE00.IN,2002,65.123
St. Kitts and Nevis,KNA,"Life expectancy at birth, total (years)",SP.DYN.LE00.IN,2002,70.194
"Korea, Rep.",KOR,"Life expectancy at birth, total (years)",SP.DYN.LE00.IN,2002,76.7658536585366
Kuwait,KWT,"Life expectancy at birth, total (years)",SP.DYN.LE00.IN,2002,76.5316341463415
Latin America & Caribbean (excluding high income),LAC,"Life expectancy at birth, total (years)",SP.DYN.LE00.IN,2002,71.1603768802393
Lao PDR,LAO,"Life expectancy at birth, total (years)",SP.DYN.LE00.IN,2002,59.302
Lebanon,LBN,"Life expectancy at birth, total (years)",SP.DYN.LE00.IN,2002,74.836
Liberia,LBR,"Life expectancy at birth, total (years)",SP.DYN.LE00.IN,2002,54.061
Libya,LBY,"Life expectancy at birth, total (years)",SP.DYN.LE00.IN,2002,70.788
St. Lucia,LCA,"Life expectancy at birth, total (years)",SP.DYN.LE00.IN,2002,71.707
Latin America & Caribbean,LCN,"Life expectancy at birth, total (years)",SP.DYN.LE00.IN,2002,71.5629004971875
Least developed countries: UN classification,LDC,"Life expectancy at birth, total (years)",SP.DYN.LE00.IN,2002,56.5342147022143
Low income,LIC,"Life expectancy at birth, total (years)",SP.DYN.LE00.IN,2002,55.1214467481592
Liechtenstein,LIE,"Life expectancy at birth, total (years)",SP.DYN.LE00.IN,2002,79.6365853658537
Sri Lanka,LKA,"Life expectancy at birth, total (years)",SP.DYN.LE00.IN,2002,72.271
Lower middle income,LMC,"Life expectancy at birth, total (years)",SP.DYN.LE00.IN,2002,62.5595171567778
Low & middle income,LMY,"Life expectancy at birth, total (years)",SP.DYN.LE00.IN,2002,66.3414545368214
Lesotho,LSO,"Life expectancy at birth, total (years)",SP.DYN.LE00.IN,2002,45.95
Late-demographic dividend,LTE,"Life expectancy at birth, total (years)",SP.DYN.LE00.IN,2002,71.9275718160017
Lithuania,LTU,"Life expectancy at birth, total (years)",SP.DYN.LE00.IN,2002,71.7609756097561
Luxembourg,LUX,"Life expectancy at birth, total (years)",SP.DYN.LE00.IN,2002,77.9658536585366
Latvia,LVA,"Life expectancy at birth, total (years)",SP.DYN.LE00.IN,2002,70.9609756097561
"Macao SAR, China",MAC,"Life expectancy at birth, total (years)",SP.DYN.LE00.IN,2002,80.9463414634146
St. Martin (French part),MAF,"Life expectancy at birth, total (years)",SP.DYN.LE00.IN,2002,77.219
Morocco,MAR,"Life expectancy at birth, total (years)",SP.DYN.LE00.IN,2002,67.582
Monaco,MCO,"Life expectancy at birth, total (years)",SP.DYN.LE00.IN,2002,83.055
Moldova,MDA,"Life expectancy at birth, total (years)",SP.DYN.LE00.IN,2002,67.793
Madagascar,MDG,"Life expectancy at birth, total (years)",SP.DYN.LE00.IN,2002,59.17
Maldives,MDV,"Life expectancy at birth, total (years)",SP.DYN.LE00.IN,2002,72.36
"Middle East, North Africa, Afghanistan & Pakistan",MEA,"Life expectancy at birth, total (years)",SP.DYN.LE00.IN,2002,66.9641479857025
Mexico,MEX,"Life expectancy at birth, total (years)",SP.DYN.LE00.IN,2002,73.106
Marshall Islands,MHL,"Life expectancy at birth, total (years)",SP.DYN.LE00.IN,2002,63.848
Middle income,MIC,"Life expectancy at birth, total (years)",SP.DYN.LE00.IN,2002,67.169524009184
North Macedonia,MKD,"Life expectancy at birth, total (years)",SP.DYN.LE00.IN,2002,73.0390243902439
Mali,MLI,"Life expectancy at birth, total (years)",SP.DYN.LE00.IN,2002,51.995
Malta,MLT,"Life expectancy at birth, total (years)",SP.DYN.LE00.IN,2002,78.7390243902439
Myanmar,MMR,"Life expectancy at birth, total (years)",SP.DYN.LE00.IN,2002,60.925
"Middle East, North Africa, Afghanistan & Pakistan (excluding high income)",MNA,"Life expectancy at birth, total (years)",SP.DYN.LE00.IN,2002,66.3529323677295
Montenegro,MNE,"Life expectancy at birth, total (years)",SP.DYN.LE00.IN,2002,73.9652195121951
Mongolia,MNG,"Life expectancy at birth, total (years)",SP.DYN.LE00.IN,2002,63.540243902439
Northern Mariana Islands,MNP,"Life expectancy at birth, total (years)",SP.DYN.LE00.IN,2002,75.934
Mozambique,MOZ,"Life expectancy at birth, total (years)",SP.DYN.LE00.IN,2002,50.879
Mauritania,MRT,"Life expectancy at birth, total (years)",SP.DYN.LE00.IN,2002,62.249
Mauritius,MUS,"Life expectancy at birth, total (years)",SP.DYN.LE00.IN,2002,71.9658536585366
Malawi,MWI,"Life expectancy at birth, total (years)",SP.DYN.LE00.IN,2002,48.176
Malaysia,MYS,"Life expectancy at birth, total (years)",SP.DYN.LE00.IN,2002,73.469
North America,NAC,"Life expectancy at birth, total (years)",SP.DYN.LE00.IN,2002,77.1919358768587
Namibia,NAM,"Life expectancy at birth, total (years)",SP.DYN.LE00.IN,2002,51.988
New Caledonia,NCL,"Life expectancy at birth, total (years)",SP.DYN.LE00.IN,2002,74.278
Niger,NER,"Life expectancy at birth, total (years)",SP.DYN.LE00.IN,2002,50.645
Nigeria,NGA,"Life expectancy at birth, total (years)",SP.DYN.LE00.IN,2002,48.02
Nicaragua,NIC,"Life expectancy at birth, total (years)",SP.DYN.LE00.IN,2002,67.95
Netherlands,NLD,"Life expectancy at birth, total (years)",SP.DYN.LE00.IN,2002,78.2926829268293
Norway,NOR,"Life expectancy at birth, total (years)",SP.DYN.LE00.IN,2002,78.9878048780488
Nepal,NPL,"Life expectancy at birth, total (years)",SP.DYN.LE00.IN,2002,63.507
Nauru,NRU,"Life expectancy at birth, total (years)",SP.DYN.LE00.IN,2002,59.427
New Zealand,NZL,"Life expectancy at birth, total (years)",SP.DYN.LE00.IN,2002,78.8463414634146
OECD members,OED,"Life expectancy at birth, total (years)",SP.DYN.LE00.IN,2002,77.2833606924084
Oman,OMN,"Life expectancy at birth, total (years)",SP.DYN.LE00.IN,2002,74.276
Other small states,OSS,"Life expectancy at birth, total (years)",SP.DYN.LE00.IN,2002,66.8105993387088
Pakistan,PAK,"Life expectancy at birth, total (years)",SP.DYN.LE00.IN,2002,62.556
Panama,PAN,"Life expectancy at birth, total (years)",SP.DYN.LE00.IN,2002,74.195
Peru,PER,"Life expectancy at birth, total (years)",SP.DYN.LE00.IN,2002,70.815
Philippines,PHL,"Life expectancy at birth, total (years)",SP.DYN.LE00.IN,2002,67.886
Palau,PLW,"Life expectancy at birth, total (years)",SP.DYN.LE00.IN,2002,65.076
Papua New Guinea,PNG,"Life expectancy at birth, total (years)",SP.DYN.LE00.IN,2002,61.643
Poland,POL,"Life expectancy at birth, total (years)",SP.DYN.LE00.IN,2002,74.4975609756098
Pre-demographic dividend,PRE,"Life expectancy at birth, total (years)",SP.DYN.LE00.IN,2002,52.7425063657809
Puerto Rico (US),PRI,"Life expectancy at birth, total (years)",SP.DYN.LE00.IN,2002,76.819
"Korea, Dem. People's Rep.",PRK,"Life expectancy at birth, total (years)",SP.DYN.LE00.IN,2002,60.877
Portugal,PRT,"Life expectancy at birth, total (years)",SP.DYN.LE00.IN,2002,77.0658536585366
Paraguay,PRY,"Life expectancy at birth, total (years)",SP.DYN.LE00.IN,2002,70.539
West Bank and Gaza,PSE,"Life expectancy at birth, total (years)",SP.DYN.LE00.IN,2002,70.88
Pacific island small states,PSS,"Life expectancy at birth, total (years)",SP.DYN.LE00.IN,2002,66.7584824574172
Post-demographic dividend,PST,"Life expectancy at birth, total (years)",SP.DYN.LE00.IN,2002,77.771842585777
French Polynesia,PYF,"Life expectancy at birth, total (years)",SP.DYN.LE00.IN,2002,79.544
Qatar,QAT,"Life expectancy at birth, total (years)",SP.DYN.LE00.IN,2002,75.766
Romania,ROU,"Life expectancy at birth, total (years)",SP.DYN.LE00.IN,2002,71.009756097561
Russian Federation,RUS,"Life expectancy at birth, total (years)",SP.DYN.LE00.IN,2002,65.1287804878049
Rwanda,RWA,"Life expectancy at birth, total (years)",SP.DYN.LE00.IN,2002,51.262
South Asia,SAS,"Life expectancy at birth, total (years)",SP.DYN.LE00.IN,2002,63.7751981046195
Saudi Arabia,SAU,"Life expectancy at birth, total (years)",SP.DYN.LE00.IN,2002,73.296
Sudan,SDN,"Life expectancy at birth, total (years)",SP.DYN.LE00.IN,2002,59.308
Senegal,SEN,"Life expectancy at birth, total (years)",SP.DYN.LE00.IN,2002,58.912
Singapore,SGP,"Life expectancy at birth, total (years)",SP.DYN.LE00.IN,2002,78.5512195121951
Solomon Islands,SLB,"Life expectancy at birth, total (years)",SP.DYN.LE00.IN,2002,67.35
Sierra Leone,SLE,"Life expectancy at birth, total (years)",SP.DYN.LE00.IN,2002,46.174
El Salvador,SLV,"Life expectancy at birth, total (years)",SP.DYN.LE00.IN,2002,68.526
San Marino,SMR,"Life expectancy at birth, total (years)",SP.DYN.LE00.IN,2002,81.061
"Somalia, Fed. Rep.",SOM,"Life expectancy at birth, total (years)",SP.DYN.LE00.IN,2002,50.82
Serbia,SRB,"Life expectancy at birth, total (years)",SP.DYN.LE00.IN,2002,72.2853658536585
Sub-Saharan Africa (excluding high income),SSA,"Life expectancy at birth, total (years)",SP.DYN.LE00.IN,2002,52.3852327840586
South Sudan,SSD,"Life expectancy at birth, total (years)",SP.DYN.LE00.IN,2002,49.394
Sub-Saharan Africa,SSF,"Life expectancy at birth, total (years)",SP.DYN.LE00.IN,2002,52.3574847035736
Small states,SST,"Life expectancy at birth, total (years)",SP.DYN.LE00.IN,2002,67.320533039585
Sao Tome and Principe,STP,"Life expectancy at birth, total (years)",SP.DYN.LE00.IN,2002,61.826
Suriname,SUR,"Life expectancy at birth, total (years)",SP.DYN.LE00.IN,2002,65.274
Slovak Republic,SVK,"Life expectancy at birth, total (years)",SP.DYN.LE00.IN,2002,73.6048780487805
Slovenia,SVN,"Life expectancy at birth, total (years)",SP.DYN.LE00.IN,2002,76.0073170731707
Sweden,SWE,"Life expectancy at birth, total (years)",SP.DYN.LE00.IN,2002,79.8463414634146
Eswatini,SWZ,"Life expectancy at birth, total (years)",SP.DYN.LE00.IN,2002,45.38
Sint Maarten (Dutch part),SXM,"Life expectancy at birth, total (years)",SP.DYN.LE00.IN,2002,74.585
Seychelles,SYC,"Life expectancy at birth, total (years)",SP.DYN.LE00.IN,2002,71.0878048780488
Syrian Arab Republic,SYR,"Life expectancy at birth, total (years)",SP.DYN.LE00.IN,2002,71.742
Turks and Caicos Islands,TCA,"Life expectancy at birth, total (years)",SP.DYN.LE00.IN,2002,74.843
Chad,TCD,"Life expectancy at birth, total (years)",SP.DYN.LE00.IN,2002,48.36
East Asia & Pacific (IDA & IBRD countries),TEA,"Life expectancy at birth, total (years)",SP.DYN.LE00.IN,2002,71.534352902059
Europe & Central Asia (IDA & IBRD countries),TEC,"Life expectancy at birth, total (years)",SP.DYN.LE00.IN,2002,68.5629095629382
Togo,TGO,"Life expectancy at birth, total (years)",SP.DYN.LE00.IN,2002,55.044
Thailand,THA,"Life expectancy at birth, total (years)",SP.DYN.LE00.IN,2002,71.775
Tajikistan,TJK,"Life expectancy at birth, total (years)",SP.DYN.LE00.IN,2002,64.898
Turkmenistan,TKM,"Life expectancy at birth, total (years)",SP.DYN.LE00.IN,2002,65.593
Latin America & the Caribbean (IDA & IBRD countries),TLA,"Life expectancy at birth, total (years)",SP.DYN.LE00.IN,2002,71.4081069056409
Timor-Leste,TLS,"Life expectancy at birth, total (years)",SP.DYN.LE00.IN,2002,59.477
"Middle East, North Africa, Afghanistan & Pakistan (IDA & IBRD)",TMN,"Life expectancy at birth, total (years)",SP.DYN.LE00.IN,2002,66.3239554028688
Tonga,TON,"Life expectancy at birth, total (years)",SP.DYN.LE00.IN,2002,70.03
South Asia (IDA & IBRD),TSA,"Life expectancy at birth, total (years)",SP.DYN.LE00.IN,2002,63.7751981046195
Sub-Saharan Africa (IDA & IBRD countries),TSS,"Life expectancy at birth, total (years)",SP.DYN.LE00.IN,2002,52.3574847035736
Trinidad and Tobago,TTO,"Life expectancy at birth, total (years)",SP.DYN.LE00.IN,2002,69.232
Tunisia,TUN,"Life expectancy at birth, total (years)",SP.DYN.LE00.IN,2002,73.07
Turkiye,TUR,"Life expectancy at birth, total (years)",SP.DYN.LE00.IN,2002,72.605
Tuvalu,TUV,"Life expectancy at birth, total (years)",SP.DYN.LE00.IN,2002,63.825
Tanzania,TZA,"Life expectancy at birth, total (years)",SP.DYN.LE00.IN,2002,54.94
Uganda,UGA,"Life expectancy at birth, total (years)",SP.DYN.LE00.IN,2002,51.443
Ukraine,UKR,"Life expectancy at birth, total (years)",SP.DYN.LE00.IN,2002,67.699
Upper middle income,UMC,"Life expectancy at birth, total (years)",SP.DYN.LE00.IN,2002,71.4010777486735
Uruguay,URY,"Life expectancy at birth, total (years)",SP.DYN.LE00.IN,2002,74.979
United States,USA,"Life expectancy at birth, total (years)",SP.DYN.LE00.IN,2002,76.9365853658537
Uzbekistan,UZB,"Life expectancy at birth, total (years)",SP.DYN.LE00.IN,2002,66.376
St. Vincent and the Grenadines,VCT,"Life expectancy at birth, total (years)",SP.DYN.LE00.IN,2002,70.658
"Venezuela, RB",VEN,"Life expectancy at birth, total (years)",SP.DYN.LE00.IN,2002,72.823
British Virgin Islands,VGB,"Life expectancy at birth, total (years)",SP.DYN.LE00.IN,2002,74.971
Virgin Islands (U.S.),VIR,"Life expectancy at birth, total (years)",SP.DYN.LE00.IN,2002,77.5219512195122
Viet Nam,VNM,"Life expectancy at birth, total (years)",SP.DYN.LE00.IN,2002,73.138
Vanuatu,VUT,"Life expectancy at birth, total (years)",SP.DYN.LE00.IN,2002,68.836
World,WLD,"Life expectancy at birth, total (years)",SP.DYN.LE00.IN,2002,68.2305633063393
Samoa,WSM,"Life expectancy at birth, total (years)",SP.DYN.LE00.IN,2002,71.233
Kosovo,XKX,"Life expectancy at birth, total (years)",SP.DYN.LE00.IN,2002,72.227
"Yemen, Rep.",YEM,"Life expectancy at birth, total (years)",SP.DYN.LE00.IN,2002,63.807
South Africa,ZAF,"Life expectancy at birth, total (years)",SP.DYN.LE00.IN,2002,55.58
Zambia,ZMB,"Life expectancy at birth, total (years)",SP.DYN.LE00.IN,2002,48.461
Zimbabwe,ZWE,"Life expectancy at birth, total (years)",SP.DYN.LE00.IN,2002,45.938
Aruba,ABW,"Life expectancy at birth, total (years)",SP.DYN.LE00.IN,2003,73.236
Africa Eastern and Southern,AFE,"Life expectancy at birth, total (years)",SP.DYN.LE00.IN,2003,53.6783047685822
Afghanistan,AFG,"Life expectancy at birth, total (years)",SP.DYN.LE00.IN,2003,57.171
Africa Western and Central,AFW,"Life expectancy at birth, total (years)",SP.DYN.LE00.IN,2003,51.5783635279193
Angola,AGO,"Life expectancy at birth, total (years)",SP.DYN.LE00.IN,2003,50.218
Albania,ALB,"Life expectancy at birth, total (years)",SP.DYN.LE00.IN,2003,75.557
Andorra,AND,"Life expectancy at birth, total (years)",SP.DYN.LE00.IN,2003,82.718
Arab World,ARB,"Life expectancy at birth, total (years)",SP.DYN.LE00.IN,2003,67.6503349498777
United Arab Emirates,ARE,"Life expectancy at birth, total (years)",SP.DYN.LE00.IN,2003,79.6
Argentina,ARG,"Life expectancy at birth, total (years)",SP.DYN.LE00.IN,2003,74.307
Armenia,ARM,"Life expectancy at birth, total (years)",SP.DYN.LE00.IN,2003,72.8268292682927
American Samoa,ASM,"Life expectancy at birth, total (years)",SP.DYN.LE00.IN,2003,71.698
Antigua and Barbuda,ATG,"Life expectancy at birth, total (years)",SP.DYN.LE00.IN,2003,75.313
Australia,AUS,"Life expectancy at birth, total (years)",SP.DYN.LE00.IN,2003,80.2390243902439
Austria,AUT,"Life expectancy at birth, total (years)",SP.DYN.LE00.IN,2003,78.6317073170732
Azerbaijan,AZE,"Life expectancy at birth, total (years)",SP.DYN.LE00.IN,2003,67.036
Burundi,BDI,"Life expectancy at birth, total (years)",SP.DYN.LE00.IN,2003,50.997
Belgium,BEL,"Life expectancy at birth, total (years)",SP.DYN.LE00.IN,2003,78.1292682926829
Benin,BEN,"Life expectancy at birth, total (years)",SP.DYN.LE00.IN,2003,57.092
Burkina Faso,BFA,"Life expectancy at birth, total (years)",SP.DYN.LE00.IN,2003,51.959
Bangladesh,BGD,"Life expectancy at birth, total (years)",SP.DYN.LE00.IN,2003,64.288
Bulgaria,BGR,"Life expectancy at birth, total (years)",SP.DYN.LE00.IN,2003,72.0658536585366
Bahrain,BHR,"Life expectancy at birth, total (years)",SP.DYN.LE00.IN,2003,75.486
"Bahamas, The",BHS,"Life expectancy at birth, total (years)",SP.DYN.LE00.IN,2003,73.213
Bosnia and Herzegovina,BIH,"Life expectancy at birth, total (years)",SP.DYN.LE00.IN,2003,76.449
Belarus,BLR,"Life expectancy at birth, total (years)",SP.DYN.LE00.IN,2003,68.5536585365854
Belize,BLZ,"Life expectancy at birth, total (years)",SP.DYN.LE00.IN,2003,69.819
Bermuda,BMU,"Life expectancy at birth, total (years)",SP.DYN.LE00.IN,2003,78.715
Bolivia,BOL,"Life expectancy at birth, total (years)",SP.DYN.LE00.IN,2003,63.455
Brazil,BRA,"Life expectancy at birth, total (years)",SP.DYN.LE00.IN,2003,70.884
Barbados,BRB,"Life expectancy at birth, total (years)",SP.DYN.LE00.IN,2003,74.865
Brunei Darussalam,BRN,"Life expectancy at birth, total (years)",SP.DYN.LE00.IN,2003,74.509
Bhutan,BTN,"Life expectancy at birth, total (years)",SP.DYN.LE00.IN,2003,64.662
Botswana,BWA,"Life expectancy at birth, total (years)",SP.DYN.LE00.IN,2003,52.851
Central African Republic,CAF,"Life expectancy at birth, total (years)",SP.DYN.LE00.IN,2003,47.306
Canada,CAN,"Life expectancy at birth, total (years)",SP.DYN.LE00.IN,2003,79.7151219512195
Central Europe and the Baltics,CEB,"Life expectancy at birth, total (years)",SP.DYN.LE00.IN,2003,73.3822527825258
Switzerland,CHE,"Life expectancy at birth, total (years)",SP.DYN.LE00.IN,2003,80.5365853658537
Channel Islands,CHI,"Life expectancy at birth, total (years)",SP.DYN.LE00.IN,2003,79.4
Chile,CHL,"Life expectancy at birth, total (years)",SP.DYN.LE00.IN,2003,77.884
China,CHN,"Life expectancy at birth, total (years)",SP.DYN.LE00.IN,2003,73.385
Cote d'Ivoire,CIV,"Life expectancy at birth, total (years)",SP.DYN.LE00.IN,2003,51.443
Cameroon,CMR,"Life expectancy at birth, total (years)",SP.DYN.LE00.IN,2003,54.253
"Congo, Dem. Rep.",COD,"Life expectancy at birth, total (years)",SP.DYN.LE00.IN,2003,52.952
"Congo, Rep.",COG,"Life expectancy at birth, total (years)",SP.DYN.LE00.IN,2003,57.131
Colombia,COL,"Life expectancy at birth, total (years)",SP.DYN.LE00.IN,2003,72.309
Comoros,COM,"Life expectancy at birth, total (years)",SP.DYN.LE00.IN,2003,60.24
Cabo Verde,CPV,"Life expectancy at birth, total (years)",SP.DYN.LE00.IN,2003,70.006
Costa Rica,CRI,"Life expectancy at birth, total (years)",SP.DYN.LE00.IN,2003,78.214
Caribbean small states,CSS,"Life expectancy at birth, total (years)",SP.DYN.LE00.IN,2003,69.0876488979237
Cuba,CUB,"Life expectancy at birth, total (years)",SP.DYN.LE00.IN,2003,77.405
Curacao,CUW,"Life expectancy at birth, total (years)",SP.DYN.LE00.IN,2003,73.603
Cayman Islands,CYM,"Life expectancy at birth, total (years)",SP.DYN.LE00.IN,2003,74.639
Cyprus,CYP,"Life expectancy at birth, total (years)",SP.DYN.LE00.IN,2003,78.908
Czechia,CZE,"Life expectancy at birth, total (years)",SP.DYN.LE00.IN,2003,75.1707317073171
Germany,DEU,"Life expectancy at birth, total (years)",SP.DYN.LE00.IN,2003,78.3804878048781
Djibouti,DJI,"Life expectancy at birth, total (years)",SP.DYN.LE00.IN,2003,58.041
Dominica,DMA,"Life expectancy at birth, total (years)",SP.DYN.LE00.IN,2003,71.942
Denmark,DNK,"Life expectancy at birth, total (years)",SP.DYN.LE00.IN,2003,77.1439024390244
Dominican Republic,DOM,"Life expectancy at birth, total (years)",SP.DYN.LE00.IN,2003,70.856
Algeria,DZA,"Life expectancy at birth, total (years)",SP.DYN.LE00.IN,2003,71.906
East Asia & Pacific (excluding high income),EAP,"Life expectancy at birth, total (years)",SP.DYN.LE00.IN,2003,71.80399562865
Early-demographic dividend,EAR,"Life expectancy at birth, total (years)",SP.DYN.LE00.IN,2003,65.2791550496845
East Asia & Pacific,EAS,"Life expectancy at birth, total (years)",SP.DYN.LE00.IN,2003,72.7346908938812
Europe & Central Asia (excluding high income),ECA,"Life expectancy at birth, total (years)",SP.DYN.LE00.IN,2003,69.5879019097604
Europe & Central Asia,ECS,"Life expectancy at birth, total (years)",SP.DYN.LE00.IN,2003,73.5627467942119
Ecuador,ECU,"Life expectancy at birth, total (years)",SP.DYN.LE00.IN,2003,73.632
"Egypt, Arab Rep.",EGY,"Life expectancy at birth, total (years)",SP.DYN.LE00.IN,2003,68.045
Euro area,EMU,"Life expectancy at birth, total (years)",SP.DYN.LE00.IN,2003,78.6557621579425
Eritrea,ERI,"Life expectancy at birth, total (years)",SP.DYN.LE00.IN,2003,59.455
Spain,ESP,"Life expectancy at birth, total (years)",SP.DYN.LE00.IN,2003,79.619512195122
Estonia,EST,"Life expectancy at birth, total (years)",SP.DYN.LE00.IN,2003,71.3170731707317
Ethiopia,ETH,"Life expectancy at birth, total (years)",SP.DYN.LE00.IN,2003,52.877
European Union,EUU,"Life expectancy at birth, total (years)",SP.DYN.LE00.IN,2003,77.5923748441053
Fragile and conflict affected situations,FCS,"Life expectancy at birth, total (years)",SP.DYN.LE00.IN,2003,56.4469254565792
Finland,FIN,"Life expectancy at birth, total (years)",SP.DYN.LE00.IN,2003,78.3682926829268
Fiji,FJI,"Life expectancy at birth, total (years)",SP.DYN.LE00.IN,2003,65.653
France,FRA,"Life expectancy at birth, total (years)",SP.DYN.LE00.IN,2003,79.1146341463415
Faroe Islands,FRO,"Life expectancy at birth, total (years)",SP.DYN.LE00.IN,2003,78.9848073170732
"Micronesia, Fed. Sts.",FSM,"Life expectancy at birth, total (years)",SP.DYN.LE00.IN,2003,64.915
Gabon,GAB,"Life expectancy at birth, total (years)",SP.DYN.LE00.IN,2003,62.463
United Kingdom,GBR,"Life expectancy at birth, total (years)",SP.DYN.LE00.IN,2003,78.4463414634146
Georgia,GEO,"Life expectancy at birth, total (years)",SP.DYN.LE00.IN,2003,71.377
Ghana,GHA,"Life expectancy at birth, total (years)",SP.DYN.LE00.IN,2003,59.014
Gibraltar,GIB,"Life expectancy at birth, total (years)",SP.DYN.LE00.IN,2003,80.713
Guinea,GIN,"Life expectancy at birth, total (years)",SP.DYN.LE00.IN,2003,53.589
"Gambia, The",GMB,"Life expectancy at birth, total (years)",SP.DYN.LE00.IN,2003,58.223
Guinea-Bissau,GNB,"Life expectancy at birth, total (years)",SP.DYN.LE00.IN,2003,52.186
Equatorial Guinea,GNQ,"Life expectancy at birth, total (years)",SP.DYN.LE00.IN,2003,54.791
Greece,GRC,"Life expectancy at birth, total (years)",SP.DYN.LE00.IN,2003,78.8414634146341
Grenada,GRD,"Life expectancy at birth, total (years)",SP.DYN.LE00.IN,2003,73.291
Greenland,GRL,"Life expectancy at birth, total (years)",SP.DYN.LE00.IN,2003,66.1229268292683
Guatemala,GTM,"Life expectancy at birth, total (years)",SP.DYN.LE00.IN,2003,68.204
Guam,GUM,"Life expectancy at birth, total (years)",SP.DYN.LE00.IN,2003,75.885
Guyana,GUY,"Life expectancy at birth, total (years)",SP.DYN.LE00.IN,2003,64.117
High income,HIC,"Life expectancy at birth, total (years)",SP.DYN.LE00.IN,2003,76.5483183567683
"Hong Kong SAR, China",HKG,"Life expectancy at birth, total (years)",SP.DYN.LE00.IN,2003,81.3434146341464
Honduras,HND,"Life expectancy at birth, total (years)",SP.DYN.LE00.IN,2003,68.874
Heavily indebted poor countries (HIPC),HPC,"Life expectancy at birth, total (years)",SP.DYN.LE00.IN,2003,54.6077380074253
Croatia,HRV,"Life expectancy at birth, total (years)",SP.DYN.LE00.IN,2003,74.6139024390244
Haiti,HTI,"Life expectancy at birth, total (years)",SP.DYN.LE00.IN,2003,59.44
Hungary,HUN,"Life expectancy at birth, total (years)",SP.DYN.LE00.IN,2003,72.3
IBRD only,IBD,"Life expectancy at birth, total (years)",SP.DYN.LE00.IN,2003,69.1727555942431
IDA & IBRD total,IBT,"Life expectancy at birth, total (years)",SP.DYN.LE00.IN,2003,66.5869156310433
IDA total,IDA,"Life expectancy at birth, total (years)",SP.DYN.LE00.IN,2003,57.8418147924414
IDA blend,IDB,"Life expectancy at birth, total (years)",SP.DYN.LE00.IN,2003,56.6359126305936
Indonesia,IDN,"Life expectancy at birth, total (years)",SP.DYN.LE00.IN,2003,67.134
IDA only,IDX,"Life expectancy at birth, total (years)",SP.DYN.LE00.IN,2003,58.4879653341972
Isle of Man,IMN,"Life expectancy at birth, total (years)",SP.DYN.LE00.IN,2003,76.319
India,IND,"Life expectancy at birth, total (years)",SP.DYN.LE00.IN,2003,64.086
Ireland,IRL,"Life expectancy at birth, total (years)",SP.DYN.LE00.IN,2003,78.1390243902439
"Iran, Islamic Rep.",IRN,"Life expectancy at birth, total (years)",SP.DYN.LE00.IN,2003,70.464
Iraq,IRQ,"Life expectancy at birth, total (years)",SP.DYN.LE00.IN,2003,64.834
Iceland,ISL,"Life expectancy at birth, total (years)",SP.DYN.LE00.IN,2003,80.9634146341464
Israel,ISR,"Life expectancy at birth, total (years)",SP.DYN.LE00.IN,2003,79.6487804878049
Italy,ITA,"Life expectancy at birth, total (years)",SP.DYN.LE00.IN,2003,79.9829268292683
Jamaica,JAM,"Life expectancy at birth, total (years)",SP.DYN.LE00.IN,2003,71.585
Jordan,JOR,"Life expectancy at birth, total (years)",SP.DYN.LE00.IN,2003,72.585
Japan,JPN,"Life expectancy at birth, total (years)",SP.DYN.LE00.IN,2003,81.76
Kazakhstan,KAZ,"Life expectancy at birth, total (years)",SP.DYN.LE00.IN,2003,64.753
Kenya,KEN,"Life expectancy at birth, total (years)",SP.DYN.LE00.IN,2003,57.369
Kyrgyz Republic,KGZ,"Life expectancy at birth, total (years)",SP.DYN.LE00.IN,2003,68.2560975609756
Cambodia,KHM,"Life expectancy at birth, total (years)",SP.DYN.LE00.IN,2003,62.345
Kiribati,KIR,"Life expectancy at birth, total (years)",SP.DYN.LE00.IN,2003,65.287
St. Kitts and Nevis,KNA,"Life expectancy at birth, total (years)",SP.DYN.LE00.IN,2003,70.614
"Korea, Rep.",KOR,"Life expectancy at birth, total (years)",SP.DYN.LE00.IN,2003,77.2146341463415
Kuwait,KWT,"Life expectancy at birth, total (years)",SP.DYN.LE00.IN,2003,76.6445609756098
Latin America & Caribbean (excluding high income),LAC,"Life expectancy at birth, total (years)",SP.DYN.LE00.IN,2003,71.5477623914144
Lao PDR,LAO,"Life expectancy at birth, total (years)",SP.DYN.LE00.IN,2003,59.643
Lebanon,LBN,"Life expectancy at birth, total (years)",SP.DYN.LE00.IN,2003,75.275
Liberia,LBR,"Life expectancy at birth, total (years)",SP.DYN.LE00.IN,2003,53.045
Libya,LBY,"Life expectancy at birth, total (years)",SP.DYN.LE00.IN,2003,70.996
St. Lucia,LCA,"Life expectancy at birth, total (years)",SP.DYN.LE00.IN,2003,72.188
Latin America & Caribbean,LCN,"Life expectancy at birth, total (years)",SP.DYN.LE00.IN,2003,71.878308455923
Least developed countries: UN classification,LDC,"Life expectancy at birth, total (years)",SP.DYN.LE00.IN,2003,57.1733298277804
Low income,LIC,"Life expectancy at birth, total (years)",SP.DYN.LE00.IN,2003,56.2237167089209
Liechtenstein,LIE,"Life expectancy at birth, total (years)",SP.DYN.LE00.IN,2003,79.9609756097561
Sri Lanka,LKA,"Life expectancy at birth, total (years)",SP.DYN.LE00.IN,2003,72.442
Lower middle income,LMC,"Life expectancy at birth, total (years)",SP.DYN.LE00.IN,2003,62.9752203112398
Low & middle income,LMY,"Life expectancy at birth, total (years)",SP.DYN.LE00.IN,2003,66.6914174007525
Lesotho,LSO,"Life expectancy at birth, total (years)",SP.DYN.LE00.IN,2003,44.921
Late-demographic dividend,LTE,"Life expectancy at birth, total (years)",SP.DYN.LE00.IN,2003,72.3420403334068
Lithuania,LTU,"Life expectancy at birth, total (years)",SP.DYN.LE00.IN,2003,72.0609756097561
Luxembourg,LUX,"Life expectancy at birth, total (years)",SP.DYN.LE00.IN,2003,77.7268292682927
Latvia,LVA,"Life expectancy at birth, total (years)",SP.DYN.LE00.IN,2003,71.2658536585366
"Macao SAR, China",MAC,"Life expectancy at birth, total (years)",SP.DYN.LE00.IN,2003,81.0439024390244
St. Martin (French part),MAF,"Life expectancy at birth, total (years)",SP.DYN.LE00.IN,2003,77.419
Morocco,MAR,"Life expectancy at birth, total (years)",SP.DYN.LE00.IN,2003,67.958
Monaco,MCO,"Life expectancy at birth, total (years)",SP.DYN.LE00.IN,2003,83.613
Moldova,MDA,"Life expectancy at birth, total (years)",SP.DYN.LE00.IN,2003,67.9
Madagascar,MDG,"Life expectancy at birth, total (years)",SP.DYN.LE00.IN,2003,59.693
Maldives,MDV,"Life expectancy at birth, total (years)",SP.DYN.LE00.IN,2003,73.263
"Middle East, North Africa, Afghanistan & Pakistan",MEA,"Life expectancy at birth, total (years)",SP.DYN.LE00.IN,2003,67.083794061249
Mexico,MEX,"Life expectancy at birth, total (years)",SP.DYN.LE00.IN,2003,73.308
Marshall Islands,MHL,"Life expectancy at birth, total (years)",SP.DYN.LE00.IN,2003,63.956
Middle income,MIC,"Life expectancy at birth, total (years)",SP.DYN.LE00.IN,2003,67.4764411741404
North Macedonia,MKD,"Life expectancy at birth, total (years)",SP.DYN.LE00.IN,2003,73.2414634146342
Mali,MLI,"Life expectancy at birth, total (years)",SP.DYN.LE00.IN,2003,52.632
Malta,MLT,"Life expectancy at birth, total (years)",SP.DYN.LE00.IN,2003,78.5463414634146
Myanmar,MMR,"Life expectancy at birth, total (years)",SP.DYN.LE00.IN,2003,61.196
"Middle East, North Africa, Afghanistan & Pakistan (excluding high income)",MNA,"Life expectancy at birth, total (years)",SP.DYN.LE00.IN,2003,66.4455527298438
Montenegro,MNE,"Life expectancy at birth, total (years)",SP.DYN.LE00.IN,2003,74.0557317073171
Mongolia,MNG,"Life expectancy at birth, total (years)",SP.DYN.LE00.IN,2003,63.5753658536585
Northern Mariana Islands,MNP,"Life expectancy at birth, total (years)",SP.DYN.LE00.IN,2003,76.505
Mozambique,MOZ,"Life expectancy at birth, total (years)",SP.DYN.LE00.IN,2003,51.383
Mauritania,MRT,"Life expectancy at birth, total (years)",SP.DYN.LE00.IN,2003,62.805
Mauritius,MUS,"Life expectancy at birth, total (years)",SP.DYN.LE00.IN,2003,72.1170731707317
Malawi,MWI,"Life expectancy at birth, total (years)",SP.DYN.LE00.IN,2003,49.601
Malaysia,MYS,"Life expectancy at birth, total (years)",SP.DYN.LE00.IN,2003,73.727
North America,NAC,"Life expectancy at birth, total (years)",SP.DYN.LE00.IN,2003,77.3002796759891
Namibia,NAM,"Life expectancy at birth, total (years)",SP.DYN.LE00.IN,2003,51.918
New Caledonia,NCL,"Life expectancy at birth, total (years)",SP.DYN.LE00.IN,2003,74.5
Niger,NER,"Life expectancy at birth, total (years)",SP.DYN.LE00.IN,2003,51.545
Nigeria,NGA,"Life expectancy at birth, total (years)",SP.DYN.LE00.IN,2003,48.618
Nicaragua,NIC,"Life expectancy at birth, total (years)",SP.DYN.LE00.IN,2003,68.749
Netherlands,NLD,"Life expectancy at birth, total (years)",SP.DYN.LE00.IN,2003,78.4926829268293
Norway,NOR,"Life expectancy at birth, total (years)",SP.DYN.LE00.IN,2003,79.390243902439
Nepal,NPL,"Life expectancy at birth, total (years)",SP.DYN.LE00.IN,2003,64.229
Nauru,NRU,"Life expectancy at birth, total (years)",SP.DYN.LE00.IN,2003,59.359
New Zealand,NZL,"Life expectancy at birth, total (years)",SP.DYN.LE00.IN,2003,79.1463414634146
OECD members,OED,"Life expectancy at birth, total (years)",SP.DYN.LE00.IN,2003,77.4260355491099
Oman,OMN,"Life expectancy at birth, total (years)",SP.DYN.LE00.IN,2003,74.521
Other small states,OSS,"Life expectancy at birth, total (years)",SP.DYN.LE00.IN,2003,67.0073081269231
Pakistan,PAK,"Life expectancy at birth, total (years)",SP.DYN.LE00.IN,2003,62.834
Panama,PAN,"Life expectancy at birth, total (years)",SP.DYN.LE00.IN,2003,74.567
Peru,PER,"Life expectancy at birth, total (years)",SP.DYN.LE00.IN,2003,71.278
Philippines,PHL,"Life expectancy at birth, total (years)",SP.DYN.LE00.IN,2003,68.049
Palau,PLW,"Life expectancy at birth, total (years)",SP.DYN.LE00.IN,2003,65.446
Papua New Guinea,PNG,"Life expectancy at birth, total (years)",SP.DYN.LE00.IN,2003,61.741
Poland,POL,"Life expectancy at birth, total (years)",SP.DYN.LE00.IN,2003,74.5975609756098
Pre-demographic dividend,PRE,"Life expectancy at birth, total (years)",SP.DYN.LE00.IN,2003,53.2940210781562
Puerto Rico (US),PRI,"Life expectancy at birth, total (years)",SP.DYN.LE00.IN,2003,76.941
"Korea, Dem. People's Rep.",PRK,"Life expectancy at birth, total (years)",SP.DYN.LE00.IN,2003,69.399
Portugal,PRT,"Life expectancy at birth, total (years)",SP.DYN.LE00.IN,2003,77.219512195122
Paraguay,PRY,"Life expectancy at birth, total (years)",SP.DYN.LE00.IN,2003,70.795
West Bank and Gaza,PSE,"Life expectancy at birth, total (years)",SP.DYN.LE00.IN,2003,70.967
Pacific island small states,PSS,"Life expectancy at birth, total (years)",SP.DYN.LE00.IN,2003,66.9599297545214
Post-demographic dividend,PST,"Life expectancy at birth, total (years)",SP.DYN.LE00.IN,2003,77.8873480039422
French Polynesia,PYF,"Life expectancy at birth, total (years)",SP.DYN.LE00.IN,2003,79.71
Qatar,QAT,"Life expectancy at birth, total (years)",SP.DYN.LE00.IN,2003,76.097
Romania,ROU,"Life expectancy at birth, total (years)",SP.DYN.LE00.IN,2003,71.309756097561
Russian Federation,RUS,"Life expectancy at birth, total (years)",SP.DYN.LE00.IN,2003,65.0275609756098
Rwanda,RWA,"Life expectancy at birth, total (years)",SP.DYN.LE00.IN,2003,53.529
South Asia,SAS,"Life expectancy at birth, total (years)",SP.DYN.LE00.IN,2003,64.2408303344517
Saudi Arabia,SAU,"Life expectancy at birth, total (years)",SP.DYN.LE00.IN,2003,73.657
Sudan,SDN,"Life expectancy at birth, total (years)",SP.DYN.LE00.IN,2003,58.319
Senegal,SEN,"Life expectancy at birth, total (years)",SP.DYN.LE00.IN,2003,59.474
Singapore,SGP,"Life expectancy at birth, total (years)",SP.DYN.LE00.IN,2003,79.0390243902439
Solomon Islands,SLB,"Life expectancy at birth, total (years)",SP.DYN.LE00.IN,2003,67.479
Sierra Leone,SLE,"Life expectancy at birth, total (years)",SP.DYN.LE00.IN,2003,46.784
El Salvador,SLV,"Life expectancy at birth, total (years)",SP.DYN.LE00.IN,2003,68.792
San Marino,SMR,"Life expectancy at birth, total (years)",SP.DYN.LE00.IN,2003,81.33
"Somalia, Fed. Rep.",SOM,"Life expectancy at birth, total (years)",SP.DYN.LE00.IN,2003,50.721
Serbia,SRB,"Life expectancy at birth, total (years)",SP.DYN.LE00.IN,2003,72.4365853658537
Sub-Saharan Africa (excluding high income),SSA,"Life expectancy at birth, total (years)",SP.DYN.LE00.IN,2003,52.8197020106395
South Sudan,SSD,"Life expectancy at birth, total (years)",SP.DYN.LE00.IN,2003,52.324
Sub-Saharan Africa,SSF,"Life expectancy at birth, total (years)",SP.DYN.LE00.IN,2003,52.827473572176
Small states,SST,"Life expectancy at birth, total (years)",SP.DYN.LE00.IN,2003,67.5137796957376
Sao Tome and Principe,STP,"Life expectancy at birth, total (years)",SP.DYN.LE00.IN,2003,62.158
Suriname,SUR,"Life expectancy at birth, total (years)",SP.DYN.LE00.IN,2003,65.778
Slovak Republic,SVK,"Life expectancy at birth, total (years)",SP.DYN.LE00.IN,2003,73.6048780487805
Slovenia,SVN,"Life expectancy at birth, total (years)",SP.DYN.LE00.IN,2003,76.8585365853659
Sweden,SWE,"Life expectancy at birth, total (years)",SP.DYN.LE00.IN,2003,80.0951219512195
Eswatini,SWZ,"Life expectancy at birth, total (years)",SP.DYN.LE00.IN,2003,44.632
Sint Maarten (Dutch part),SXM,"Life expectancy at birth, total (years)",SP.DYN.LE00.IN,2003,74.588
Seychelles,SYC,"Life expectancy at birth, total (years)",SP.DYN.LE00.IN,2003,71.0292682926829
Syrian Arab Republic,SYR,"Life expectancy at birth, total (years)",SP.DYN.LE00.IN,2003,72.188
Turks and Caicos Islands,TCA,"Life expectancy at birth, total (years)",SP.DYN.LE00.IN,2003,75.262
Chad,TCD,"Life expectancy at birth, total (years)",SP.DYN.LE00.IN,2003,48.609
East Asia & Pacific (IDA & IBRD countries),TEA,"Life expectancy at birth, total (years)",SP.DYN.LE00.IN,2003,71.8352733706059
Europe & Central Asia (IDA & IBRD countries),TEC,"Life expectancy at birth, total (years)",SP.DYN.LE00.IN,2003,68.6968166323048
Togo,TGO,"Life expectancy at birth, total (years)",SP.DYN.LE00.IN,2003,55.312
Thailand,THA,"Life expectancy at birth, total (years)",SP.DYN.LE00.IN,2003,72.101
Tajikistan,TJK,"Life expectancy at birth, total (years)",SP.DYN.LE00.IN,2003,65.874
Turkmenistan,TKM,"Life expectancy at birth, total (years)",SP.DYN.LE00.IN,2003,65.854
Latin America & the Caribbean (IDA & IBRD countries),TLA,"Life expectancy at birth, total (years)",SP.DYN.LE00.IN,2003,71.719940779411
Timor-Leste,TLS,"Life expectancy at birth, total (years)",SP.DYN.LE00.IN,2003,60.13
"Middle East, North Africa, Afghanistan & Pakistan (IDA & IBRD)",TMN,"Life expectancy at birth, total (years)",SP.DYN.LE00.IN,2003,66.4165076290855
Tonga,TON,"Life expectancy at birth, total (years)",SP.DYN.LE00.IN,2003,70.228
South Asia (IDA & IBRD),TSA,"Life expectancy at birth, total (years)",SP.DYN.LE00.IN,2003,64.2408303344517
Sub-Saharan Africa (IDA & IBRD countries),TSS,"Life expectancy at birth, total (years)",SP.DYN.LE00.IN,2003,52.827473572176
Trinidad and Tobago,TTO,"Life expectancy at birth, total (years)",SP.DYN.LE00.IN,2003,69.454
Tunisia,TUN,"Life expectancy at birth, total (years)",SP.DYN.LE00.IN,2003,73.304
Turkiye,TUR,"Life expectancy at birth, total (years)",SP.DYN.LE00.IN,2003,72.906
Tuvalu,TUV,"Life expectancy at birth, total (years)",SP.DYN.LE00.IN,2003,63.897
Tanzania,TZA,"Life expectancy at birth, total (years)",SP.DYN.LE00.IN,2003,55.929
Uganda,UGA,"Life expectancy at birth, total (years)",SP.DYN.LE00.IN,2003,52.414
Ukraine,UKR,"Life expectancy at birth, total (years)",SP.DYN.LE00.IN,2003,67.638
Upper middle income,UMC,"Life expectancy at birth, total (years)",SP.DYN.LE00.IN,2003,71.649535070684
Uruguay,URY,"Life expectancy at birth, total (years)",SP.DYN.LE00.IN,2003,75.086
United States,USA,"Life expectancy at birth, total (years)",SP.DYN.LE00.IN,2003,77.0365853658537
Uzbekistan,UZB,"Life expectancy at birth, total (years)",SP.DYN.LE00.IN,2003,66.852
St. Vincent and the Grenadines,VCT,"Life expectancy at birth, total (years)",SP.DYN.LE00.IN,2003,70.43
"Venezuela, RB",VEN,"Life expectancy at birth, total (years)",SP.DYN.LE00.IN,2003,72.056
British Virgin Islands,VGB,"Life expectancy at birth, total (years)",SP.DYN.LE00.IN,2003,75.183
Virgin Islands (U.S.),VIR,"Life expectancy at birth, total (years)",SP.DYN.LE00.IN,2003,77.5219512195122
Viet Nam,VNM,"Life expectancy at birth, total (years)",SP.DYN.LE00.IN,2003,73.236
Vanuatu,VUT,"Life expectancy at birth, total (years)",SP.DYN.LE00.IN,2003,68.933
World,WLD,"Life expectancy at birth, total (years)",SP.DYN.LE00.IN,2003,68.5149632959636
Samoa,WSM,"Life expectancy at birth, total (years)",SP.DYN.LE00.IN,2003,71.441
Kosovo,XKX,"Life expectancy at birth, total (years)",SP.DYN.LE00.IN,2003,72.678
"Yemen, Rep.",YEM,"Life expectancy at birth, total (years)",SP.DYN.LE00.IN,2003,64.407
South Africa,ZAF,"Life expectancy at birth, total (years)",SP.DYN.LE00.IN,2003,54.245
Zambia,ZMB,"Life expectancy at birth, total (years)",SP.DYN.LE00.IN,2003,49.616
Zimbabwe,ZWE,"Life expectancy at birth, total (years)",SP.DYN.LE00.IN,2003,45.373
Aruba,ABW,"Life expectancy at birth, total (years)",SP.DYN.LE00.IN,2004,73.223
Africa Eastern and Southern,AFE,"Life expectancy at birth, total (years)",SP.DYN.LE00.IN,2004,54.1929278660434
Afghanistan,AFG,"Life expectancy at birth, total (years)",SP.DYN.LE00.IN,2004,57.81
Africa Western and Central,AFW,"Life expectancy at birth, total (years)",SP.DYN.LE00.IN,2004,52.1063422570697
Angola,AGO,"Life expectancy at birth, total (years)",SP.DYN.LE00.IN,2004,51.123
Albania,ALB,"Life expectancy at birth, total (years)",SP.DYN.LE00.IN,2004,75.951
Andorra,AND,"Life expectancy at birth, total (years)",SP.DYN.LE00.IN,2004,82.815
Arab World,ARB,"Life expectancy at birth, total (years)",SP.DYN.LE00.IN,2004,67.7331029040443
United Arab Emirates,ARE,"Life expectancy at birth, total (years)",SP.DYN.LE00.IN,2004,80.272
Argentina,ARG,"Life expectancy at birth, total (years)",SP.DYN.LE00.IN,2004,74.871
Armenia,ARM,"Life expectancy at birth, total (years)",SP.DYN.LE00.IN,2004,73.0268292682927
American Samoa,ASM,"Life expectancy at birth, total (years)",SP.DYN.LE00.IN,2004,72.277
Antigua and Barbuda,ATG,"Life expectancy at birth, total (years)",SP.DYN.LE00.IN,2004,75.329
Australia,AUS,"Life expectancy at birth, total (years)",SP.DYN.LE00.IN,2004,80.490243902439
Austria,AUT,"Life expectancy at birth, total (years)",SP.DYN.LE00.IN,2004,79.1804878048781
Azerbaijan,AZE,"Life expectancy at birth, total (years)",SP.DYN.LE00.IN,2004,67.488
Burundi,BDI,"Life expectancy at birth, total (years)",SP.DYN.LE00.IN,2004,52.217
Belgium,BEL,"Life expectancy at birth, total (years)",SP.DYN.LE00.IN,2004,78.8780487804878
Benin,BEN,"Life expectancy at birth, total (years)",SP.DYN.LE00.IN,2004,57.346
Burkina Faso,BFA,"Life expectancy at birth, total (years)",SP.DYN.LE00.IN,2004,52.6
Bangladesh,BGD,"Life expectancy at birth, total (years)",SP.DYN.LE00.IN,2004,64.912
Bulgaria,BGR,"Life expectancy at birth, total (years)",SP.DYN.LE00.IN,2004,72.5634146341463
Bahrain,BHR,"Life expectancy at birth, total (years)",SP.DYN.LE00.IN,2004,75.787
"Bahamas, The",BHS,"Life expectancy at birth, total (years)",SP.DYN.LE00.IN,2004,73.235
Bosnia and Herzegovina,BIH,"Life expectancy at birth, total (years)",SP.DYN.LE00.IN,2004,76.489
Belarus,BLR,"Life expectancy at birth, total (years)",SP.DYN.LE00.IN,2004,68.9560975609756
Belize,BLZ,"Life expectancy at birth, total (years)",SP.DYN.LE00.IN,2004,70.152
Bermuda,BMU,"Life expectancy at birth, total (years)",SP.DYN.LE00.IN,2004,78.898
Bolivia,BOL,"Life expectancy at birth, total (years)",SP.DYN.LE00.IN,2004,63.819
Brazil,BRA,"Life expectancy at birth, total (years)",SP.DYN.LE00.IN,2004,71.361
Barbados,BRB,"Life expectancy at birth, total (years)",SP.DYN.LE00.IN,2004,75.15
Brunei Darussalam,BRN,"Life expectancy at birth, total (years)",SP.DYN.LE00.IN,2004,74.603
Bhutan,BTN,"Life expectancy at birth, total (years)",SP.DYN.LE00.IN,2004,65.29
Botswana,BWA,"Life expectancy at birth, total (years)",SP.DYN.LE00.IN,2004,53.573
Central African Republic,CAF,"Life expectancy at birth, total (years)",SP.DYN.LE00.IN,2004,47.696
Canada,CAN,"Life expectancy at birth, total (years)",SP.DYN.LE00.IN,2004,79.9921951219512
Central Europe and the Baltics,CEB,"Life expectancy at birth, total (years)",SP.DYN.LE00.IN,2004,73.7304349327381
Switzerland,CHE,"Life expectancy at birth, total (years)",SP.DYN.LE00.IN,2004,81.0878048780488
Channel Islands,CHI,"Life expectancy at birth, total (years)",SP.DYN.LE00.IN,2004,79.8
Chile,CHL,"Life expectancy at birth, total (years)",SP.DYN.LE00.IN,2004,78.276
China,CHN,"Life expectancy at birth, total (years)",SP.DYN.LE00.IN,2004,73.727
Cote d'Ivoire,CIV,"Life expectancy at birth, total (years)",SP.DYN.LE00.IN,2004,51.939
Cameroon,CMR,"Life expectancy at birth, total (years)",SP.DYN.LE00.IN,2004,54.578
"Congo, Dem. Rep.",COD,"Life expectancy at birth, total (years)",SP.DYN.LE00.IN,2004,53.534
"Congo, Rep.",COG,"Life expectancy at birth, total (years)",SP.DYN.LE00.IN,2004,57.957
Colombia,COL,"Life expectancy at birth, total (years)",SP.DYN.LE00.IN,2004,72.76
Comoros,COM,"Life expectancy at birth, total (years)",SP.DYN.LE00.IN,2004,60.557
Cabo Verde,CPV,"Life expectancy at birth, total (years)",SP.DYN.LE00.IN,2004,70.499
Costa Rica,CRI,"Life expectancy at birth, total (years)",SP.DYN.LE00.IN,2004,78.512
Caribbean small states,CSS,"Life expectancy at birth, total (years)",SP.DYN.LE00.IN,2004,69.3609701933726
Cuba,CUB,"Life expectancy at birth, total (years)",SP.DYN.LE00.IN,2004,77.326
Curacao,CUW,"Life expectancy at birth, total (years)",SP.DYN.LE00.IN,2004,73.735
Cayman Islands,CYM,"Life expectancy at birth, total (years)",SP.DYN.LE00.IN,2004,74.596
Cyprus,CYP,"Life expectancy at birth, total (years)",SP.DYN.LE00.IN,2004,79.007
Czechia,CZE,"Life expectancy at birth, total (years)",SP.DYN.LE00.IN,2004,75.7219512195122
Germany,DEU,"Life expectancy at birth, total (years)",SP.DYN.LE00.IN,2004,78.6804878048781
Djibouti,DJI,"Life expectancy at birth, total (years)",SP.DYN.LE00.IN,2004,58.103
Dominica,DMA,"Life expectancy at birth, total (years)",SP.DYN.LE00.IN,2004,71.987
Denmark,DNK,"Life expectancy at birth, total (years)",SP.DYN.LE00.IN,2004,77.4926829268293
Dominican Republic,DOM,"Life expectancy at birth, total (years)",SP.DYN.LE00.IN,2004,70.73
Algeria,DZA,"Life expectancy at birth, total (years)",SP.DYN.LE00.IN,2004,72.536
East Asia & Pacific (excluding high income),EAP,"Life expectancy at birth, total (years)",SP.DYN.LE00.IN,2004,71.8588009229193
Early-demographic dividend,EAR,"Life expectancy at birth, total (years)",SP.DYN.LE00.IN,2004,65.5132392756465
East Asia & Pacific,EAS,"Life expectancy at birth, total (years)",SP.DYN.LE00.IN,2004,72.812660596894
Europe & Central Asia (excluding high income),ECA,"Life expectancy at birth, total (years)",SP.DYN.LE00.IN,2004,69.7911486482047
Europe & Central Asia,ECS,"Life expectancy at birth, total (years)",SP.DYN.LE00.IN,2004,73.9880374819429
Ecuador,ECU,"Life expectancy at birth, total (years)",SP.DYN.LE00.IN,2004,73.868
"Egypt, Arab Rep.",EGY,"Life expectancy at birth, total (years)",SP.DYN.LE00.IN,2004,68.211
Euro area,EMU,"Life expectancy at birth, total (years)",SP.DYN.LE00.IN,2004,79.2321623652194
Eritrea,ERI,"Life expectancy at birth, total (years)",SP.DYN.LE00.IN,2004,60.063
Spain,ESP,"Life expectancy at birth, total (years)",SP.DYN.LE00.IN,2004,79.8707317073171
Estonia,EST,"Life expectancy at birth, total (years)",SP.DYN.LE00.IN,2004,71.909756097561
Ethiopia,ETH,"Life expectancy at birth, total (years)",SP.DYN.LE00.IN,2004,53.735
European Union,EUU,"Life expectancy at birth, total (years)",SP.DYN.LE00.IN,2004,78.1178281794517
Fragile and conflict affected situations,FCS,"Life expectancy at birth, total (years)",SP.DYN.LE00.IN,2004,56.7557447226361
Finland,FIN,"Life expectancy at birth, total (years)",SP.DYN.LE00.IN,2004,78.7146341463415
Fiji,FJI,"Life expectancy at birth, total (years)",SP.DYN.LE00.IN,2004,65.841
France,FRA,"Life expectancy at birth, total (years)",SP.DYN.LE00.IN,2004,80.1634146341463
Faroe Islands,FRO,"Life expectancy at birth, total (years)",SP.DYN.LE00.IN,2004,79.2049804878049
"Micronesia, Fed. Sts.",FSM,"Life expectancy at birth, total (years)",SP.DYN.LE00.IN,2004,64.898
Gabon,GAB,"Life expectancy at birth, total (years)",SP.DYN.LE00.IN,2004,62.694
United Kingdom,GBR,"Life expectancy at birth, total (years)",SP.DYN.LE00.IN,2004,78.7463414634146
Georgia,GEO,"Life expectancy at birth, total (years)",SP.DYN.LE00.IN,2004,71.011
Ghana,GHA,"Life expectancy at birth, total (years)",SP.DYN.LE00.IN,2004,59.316
Gibraltar,GIB,"Life expectancy at birth, total (years)",SP.DYN.LE00.IN,2004,80.856
Guinea,GIN,"Life expectancy at birth, total (years)",SP.DYN.LE00.IN,2004,53.975
"Gambia, The",GMB,"Life expectancy at birth, total (years)",SP.DYN.LE00.IN,2004,58.749
Guinea-Bissau,GNB,"Life expectancy at birth, total (years)",SP.DYN.LE00.IN,2004,52.8
Equatorial Guinea,GNQ,"Life expectancy at birth, total (years)",SP.DYN.LE00.IN,2004,55.307
Greece,GRC,"Life expectancy at birth, total (years)",SP.DYN.LE00.IN,2004,79.0390243902439
Grenada,GRD,"Life expectancy at birth, total (years)",SP.DYN.LE00.IN,2004,72.447
Greenland,GRL,"Life expectancy at birth, total (years)",SP.DYN.LE00.IN,2004,66.8080487804878
Guatemala,GTM,"Life expectancy at birth, total (years)",SP.DYN.LE00.IN,2004,68.245
Guam,GUM,"Life expectancy at birth, total (years)",SP.DYN.LE00.IN,2004,76.114
Guyana,GUY,"Life expectancy at birth, total (years)",SP.DYN.LE00.IN,2004,64.214
High income,HIC,"Life expectancy at birth, total (years)",SP.DYN.LE00.IN,2004,76.989926505118
"Hong Kong SAR, China",HKG,"Life expectancy at birth, total (years)",SP.DYN.LE00.IN,2004,81.7992682926829
Honduras,HND,"Life expectancy at birth, total (years)",SP.DYN.LE00.IN,2004,69.05
Heavily indebted poor countries (HIPC),HPC,"Life expectancy at birth, total (years)",SP.DYN.LE00.IN,2004,55.1514390444311
Croatia,HRV,"Life expectancy at birth, total (years)",SP.DYN.LE00.IN,2004,75.520243902439
Haiti,HTI,"Life expectancy at birth, total (years)",SP.DYN.LE00.IN,2004,58.517
Hungary,HUN,"Life expectancy at birth, total (years)",SP.DYN.LE00.IN,2004,72.6487804878049
IBRD only,IBD,"Life expectancy at birth, total (years)",SP.DYN.LE00.IN,2004,69.3984001306866
IDA & IBRD total,IBT,"Life expectancy at birth, total (years)",SP.DYN.LE00.IN,2004,66.8238452537205
IDA total,IDA,"Life expectancy at birth, total (years)",SP.DYN.LE00.IN,2004,58.2272057588484
IDA blend,IDB,"Life expectancy at birth, total (years)",SP.DYN.LE00.IN,2004,57.0294559998555
Indonesia,IDN,"Life expectancy at birth, total (years)",SP.DYN.LE00.IN,2004,65.521
IDA only,IDX,"Life expectancy at birth, total (years)",SP.DYN.LE00.IN,2004,58.8703092094549
Isle of Man,IMN,"Life expectancy at birth, total (years)",SP.DYN.LE00.IN,2004,76.876
India,IND,"Life expectancy at birth, total (years)",SP.DYN.LE00.IN,2004,64.484
Ireland,IRL,"Life expectancy at birth, total (years)",SP.DYN.LE00.IN,2004,78.5390243902439
"Iran, Islamic Rep.",IRN,"Life expectancy at birth, total (years)",SP.DYN.LE00.IN,2004,72.04
Iraq,IRQ,"Life expectancy at birth, total (years)",SP.DYN.LE00.IN,2004,64.634
Iceland,ISL,"Life expectancy at birth, total (years)",SP.DYN.LE00.IN,2004,80.9975609756098
Israel,ISR,"Life expectancy at birth, total (years)",SP.DYN.LE00.IN,2004,80.1463414634146
Italy,ITA,"Life expectancy at birth, total (years)",SP.DYN.LE00.IN,2004,80.7804878048781
Jamaica,JAM,"Life expectancy at birth, total (years)",SP.DYN.LE00.IN,2004,71.542
Jordan,JOR,"Life expectancy at birth, total (years)",SP.DYN.LE00.IN,2004,72.788
Japan,JPN,"Life expectancy at birth, total (years)",SP.DYN.LE00.IN,2004,82.030243902439
Kazakhstan,KAZ,"Life expectancy at birth, total (years)",SP.DYN.LE00.IN,2004,65.04
Kenya,KEN,"Life expectancy at birth, total (years)",SP.DYN.LE00.IN,2004,57.947
Kyrgyz Republic,KGZ,"Life expectancy at birth, total (years)",SP.DYN.LE00.IN,2004,68.1536585365854
Cambodia,KHM,"Life expectancy at birth, total (years)",SP.DYN.LE00.IN,2004,63.256
Kiribati,KIR,"Life expectancy at birth, total (years)",SP.DYN.LE00.IN,2004,65.416
St. Kitts and Nevis,KNA,"Life expectancy at birth, total (years)",SP.DYN.LE00.IN,2004,70.92
"Korea, Rep.",KOR,"Life expectancy at birth, total (years)",SP.DYN.LE00.IN,2004,77.6658536585366
Kuwait,KWT,"Life expectancy at birth, total (years)",SP.DYN.LE00.IN,2004,76.7276829268293
Latin America & Caribbean (excluding high income),LAC,"Life expectancy at birth, total (years)",SP.DYN.LE00.IN,2004,71.8563258844043
Lao PDR,LAO,"Life expectancy at birth, total (years)",SP.DYN.LE00.IN,2004,60.08
Lebanon,LBN,"Life expectancy at birth, total (years)",SP.DYN.LE00.IN,2004,75.693
Liberia,LBR,"Life expectancy at birth, total (years)",SP.DYN.LE00.IN,2004,55.949
Libya,LBY,"Life expectancy at birth, total (years)",SP.DYN.LE00.IN,2004,71.21
St. Lucia,LCA,"Life expectancy at birth, total (years)",SP.DYN.LE00.IN,2004,72.453
Latin America & Caribbean,LCN,"Life expectancy at birth, total (years)",SP.DYN.LE00.IN,2004,72.203823196463
Least developed countries: UN classification,LDC,"Life expectancy at birth, total (years)",SP.DYN.LE00.IN,2004,57.7100421547072
Low income,LIC,"Life expectancy at birth, total (years)",SP.DYN.LE00.IN,2004,56.652980116231
Liechtenstein,LIE,"Life expectancy at birth, total (years)",SP.DYN.LE00.IN,2004,81.7707317073171
Sri Lanka,LKA,"Life expectancy at birth, total (years)",SP.DYN.LE00.IN,2004,68.022
Lower middle income,LMC,"Life expectancy at birth, total (years)",SP.DYN.LE00.IN,2004,63.3016675345135
Low & middle income,LMY,"Life expectancy at birth, total (years)",SP.DYN.LE00.IN,2004,66.9104878499061
Lesotho,LSO,"Life expectancy at birth, total (years)",SP.DYN.LE00.IN,2004,44.039
Late-demographic dividend,LTE,"Life expectancy at birth, total (years)",SP.DYN.LE00.IN,2004,72.622308504374
Lithuania,LTU,"Life expectancy at birth, total (years)",SP.DYN.LE00.IN,2004,71.9609756097561
Luxembourg,LUX,"Life expectancy at birth, total (years)",SP.DYN.LE00.IN,2004,79.1219512195122
Latvia,LVA,"Life expectancy at birth, total (years)",SP.DYN.LE00.IN,2004,72.0268292682927
"Macao SAR, China",MAC,"Life expectancy at birth, total (years)",SP.DYN.LE00.IN,2004,80.9926829268293
St. Martin (French part),MAF,"Life expectancy at birth, total (years)",SP.DYN.LE00.IN,2004,77.612
Morocco,MAR,"Life expectancy at birth, total (years)",SP.DYN.LE00.IN,2004,68.272
Monaco,MCO,"Life expectancy at birth, total (years)",SP.DYN.LE00.IN,2004,84.151
Moldova,MDA,"Life expectancy at birth, total (years)",SP.DYN.LE00.IN,2004,68.017
Madagascar,MDG,"Life expectancy at birth, total (years)",SP.DYN.LE00.IN,2004,60.168
Maldives,MDV,"Life expectancy at birth, total (years)",SP.DYN.LE00.IN,2004,73.008
"Middle East, North Africa, Afghanistan & Pakistan",MEA,"Life expectancy at birth, total (years)",SP.DYN.LE00.IN,2004,67.5318434649336
Mexico,MEX,"Life expectancy at birth, total (years)",SP.DYN.LE00.IN,2004,73.432
Marshall Islands,MHL,"Life expectancy at birth, total (years)",SP.DYN.LE00.IN,2004,64.044
Middle income,MIC,"Life expectancy at birth, total (years)",SP.DYN.LE00.IN,2004,67.6912316359649
North Macedonia,MKD,"Life expectancy at birth, total (years)",SP.DYN.LE00.IN,2004,73.5975609756098
Mali,MLI,"Life expectancy at birth, total (years)",SP.DYN.LE00.IN,2004,53.253
Malta,MLT,"Life expectancy at birth, total (years)",SP.DYN.LE00.IN,2004,79.2536585365854
Myanmar,MMR,"Life expectancy at birth, total (years)",SP.DYN.LE00.IN,2004,61.443
"Middle East, North Africa, Afghanistan & Pakistan (excluding high income)",MNA,"Life expectancy at birth, total (years)",SP.DYN.LE00.IN,2004,66.8873537609515
Montenegro,MNE,"Life expectancy at birth, total (years)",SP.DYN.LE00.IN,2004,74.2056097560976
Mongolia,MNG,"Life expectancy at birth, total (years)",SP.DYN.LE00.IN,2004,64.630243902439
Northern Mariana Islands,MNP,"Life expectancy at birth, total (years)",SP.DYN.LE00.IN,2004,76.789
Mozambique,MOZ,"Life expectancy at birth, total (years)",SP.DYN.LE00.IN,2004,51.855
Mauritania,MRT,"Life expectancy at birth, total (years)",SP.DYN.LE00.IN,2004,63.369
Mauritius,MUS,"Life expectancy at birth, total (years)",SP.DYN.LE00.IN,2004,72.2658536585366
Malawi,MWI,"Life expectancy at birth, total (years)",SP.DYN.LE00.IN,2004,51.073
Malaysia,MYS,"Life expectancy at birth, total (years)",SP.DYN.LE00.IN,2004,74.027
North America,NAC,"Life expectancy at birth, total (years)",SP.DYN.LE00.IN,2004,77.7343375427686
Namibia,NAM,"Life expectancy at birth, total (years)",SP.DYN.LE00.IN,2004,52.175
New Caledonia,NCL,"Life expectancy at birth, total (years)",SP.DYN.LE00.IN,2004,74.713
Niger,NER,"Life expectancy at birth, total (years)",SP.DYN.LE00.IN,2004,52.402
Nigeria,NGA,"Life expectancy at birth, total (years)",SP.DYN.LE00.IN,2004,49.148
Nicaragua,NIC,"Life expectancy at birth, total (years)",SP.DYN.LE00.IN,2004,69.51
Netherlands,NLD,"Life expectancy at birth, total (years)",SP.DYN.LE00.IN,2004,79.0951219512195
Norway,NOR,"Life expectancy at birth, total (years)",SP.DYN.LE00.IN,2004,79.8414634146342
Nepal,NPL,"Life expectancy at birth, total (years)",SP.DYN.LE00.IN,2004,64.744
Nauru,NRU,"Life expectancy at birth, total (years)",SP.DYN.LE00.IN,2004,59.346
New Zealand,NZL,"Life expectancy at birth, total (years)",SP.DYN.LE00.IN,2004,79.5487804878049
OECD members,OED,"Life expectancy at birth, total (years)",SP.DYN.LE00.IN,2004,77.8261405899935
Oman,OMN,"Life expectancy at birth, total (years)",SP.DYN.LE00.IN,2004,74.82
Other small states,OSS,"Life expectancy at birth, total (years)",SP.DYN.LE00.IN,2004,67.2249688020829
Pakistan,PAK,"Life expectancy at birth, total (years)",SP.DYN.LE00.IN,2004,63.097
Panama,PAN,"Life expectancy at birth, total (years)",SP.DYN.LE00.IN,2004,74.845
Peru,PER,"Life expectancy at birth, total (years)",SP.DYN.LE00.IN,2004,71.447
Philippines,PHL,"Life expectancy at birth, total (years)",SP.DYN.LE00.IN,2004,68.301
Palau,PLW,"Life expectancy at birth, total (years)",SP.DYN.LE00.IN,2004,65.816
Papua New Guinea,PNG,"Life expectancy at birth, total (years)",SP.DYN.LE00.IN,2004,61.795
Poland,POL,"Life expectancy at birth, total (years)",SP.DYN.LE00.IN,2004,74.8463414634146
Pre-demographic dividend,PRE,"Life expectancy at birth, total (years)",SP.DYN.LE00.IN,2004,53.8001443619892
Puerto Rico (US),PRI,"Life expectancy at birth, total (years)",SP.DYN.LE00.IN,2004,76.913
"Korea, Dem. People's Rep.",PRK,"Life expectancy at birth, total (years)",SP.DYN.LE00.IN,2004,69.294
Portugal,PRT,"Life expectancy at birth, total (years)",SP.DYN.LE00.IN,2004,77.6707317073171
Paraguay,PRY,"Life expectancy at birth, total (years)",SP.DYN.LE00.IN,2004,71.054
West Bank and Gaza,PSE,"Life expectancy at birth, total (years)",SP.DYN.LE00.IN,2004,71.094
Pacific island small states,PSS,"Life expectancy at birth, total (years)",SP.DYN.LE00.IN,2004,67.1038169577792
Post-demographic dividend,PST,"Life expectancy at birth, total (years)",SP.DYN.LE00.IN,2004,78.3070690267902
French Polynesia,PYF,"Life expectancy at birth, total (years)",SP.DYN.LE00.IN,2004,79.829
Qatar,QAT,"Life expectancy at birth, total (years)",SP.DYN.LE00.IN,2004,76.484
Romania,ROU,"Life expectancy at birth, total (years)",SP.DYN.LE00.IN,2004,71.5609756097561
Russian Federation,RUS,"Life expectancy at birth, total (years)",SP.DYN.LE00.IN,2004,65.4709756097561
Rwanda,RWA,"Life expectancy at birth, total (years)",SP.DYN.LE00.IN,2004,55.52
South Asia,SAS,"Life expectancy at birth, total (years)",SP.DYN.LE00.IN,2004,64.5911610689622
Saudi Arabia,SAU,"Life expectancy at birth, total (years)",SP.DYN.LE00.IN,2004,74.027
Sudan,SDN,"Life expectancy at birth, total (years)",SP.DYN.LE00.IN,2004,56.773
Senegal,SEN,"Life expectancy at birth, total (years)",SP.DYN.LE00.IN,2004,60.308
Singapore,SGP,"Life expectancy at birth, total (years)",SP.DYN.LE00.IN,2004,79.490243902439
Solomon Islands,SLB,"Life expectancy at birth, total (years)",SP.DYN.LE00.IN,2004,67.628
Sierra Leone,SLE,"Life expectancy at birth, total (years)",SP.DYN.LE00.IN,2004,47.485
El Salvador,SLV,"Life expectancy at birth, total (years)",SP.DYN.LE00.IN,2004,69.295
San Marino,SMR,"Life expectancy at birth, total (years)",SP.DYN.LE00.IN,2004,81.592
"Somalia, Fed. Rep.",SOM,"Life expectancy at birth, total (years)",SP.DYN.LE00.IN,2004,50.685
Serbia,SRB,"Life expectancy at birth, total (years)",SP.DYN.LE00.IN,2004,72.6829268292683
Sub-Saharan Africa (excluding high income),SSA,"Life expectancy at birth, total (years)",SP.DYN.LE00.IN,2004,53.3009339088507
South Sudan,SSD,"Life expectancy at birth, total (years)",SP.DYN.LE00.IN,2004,53.052
Sub-Saharan Africa,SSF,"Life expectancy at birth, total (years)",SP.DYN.LE00.IN,2004,53.3465664289912
Small states,SST,"Life expectancy at birth, total (years)",SP.DYN.LE00.IN,2004,67.7344645790668
Sao Tome and Principe,STP,"Life expectancy at birth, total (years)",SP.DYN.LE00.IN,2004,62.56
Suriname,SUR,"Life expectancy at birth, total (years)",SP.DYN.LE00.IN,2004,66.362
Slovak Republic,SVK,"Life expectancy at birth, total (years)",SP.DYN.LE00.IN,2004,73.9585365853659
Slovenia,SVN,"Life expectancy at birth, total (years)",SP.DYN.LE00.IN,2004,77.2073170731707
Sweden,SWE,"Life expectancy at birth, total (years)",SP.DYN.LE00.IN,2004,80.4975609756098
Eswatini,SWZ,"Life expectancy at birth, total (years)",SP.DYN.LE00.IN,2004,43.906
Sint Maarten (Dutch part),SXM,"Life expectancy at birth, total (years)",SP.DYN.LE00.IN,2004,74.618
Seychelles,SYC,"Life expectancy at birth, total (years)",SP.DYN.LE00.IN,2004,72.6609756097561
Syrian Arab Republic,SYR,"Life expectancy at birth, total (years)",SP.DYN.LE00.IN,2004,72.494
Turks and Caicos Islands,TCA,"Life expectancy at birth, total (years)",SP.DYN.LE00.IN,2004,75.63
Chad,TCD,"Life expectancy at birth, total (years)",SP.DYN.LE00.IN,2004,48.687
East Asia & Pacific (IDA & IBRD countries),TEA,"Life expectancy at birth, total (years)",SP.DYN.LE00.IN,2004,71.8921244592524
Europe & Central Asia (IDA & IBRD countries),TEC,"Life expectancy at birth, total (years)",SP.DYN.LE00.IN,2004,69.0029078332647
Togo,TGO,"Life expectancy at birth, total (years)",SP.DYN.LE00.IN,2004,55.608
Thailand,THA,"Life expectancy at birth, total (years)",SP.DYN.LE00.IN,2004,72.1
Tajikistan,TJK,"Life expectancy at birth, total (years)",SP.DYN.LE00.IN,2004,66.604
Turkmenistan,TKM,"Life expectancy at birth, total (years)",SP.DYN.LE00.IN,2004,66.055
Latin America & the Caribbean (IDA & IBRD countries),TLA,"Life expectancy at birth, total (years)",SP.DYN.LE00.IN,2004,72.0585594152496
Timor-Leste,TLS,"Life expectancy at birth, total (years)",SP.DYN.LE00.IN,2004,60.743
"Middle East, North Africa, Afghanistan & Pakistan (IDA & IBRD)",TMN,"Life expectancy at birth, total (years)",SP.DYN.LE00.IN,2004,66.8602521893277
Tonga,TON,"Life expectancy at birth, total (years)",SP.DYN.LE00.IN,2004,70.433
South Asia (IDA & IBRD),TSA,"Life expectancy at birth, total (years)",SP.DYN.LE00.IN,2004,64.5911610689622
Sub-Saharan Africa (IDA & IBRD countries),TSS,"Life expectancy at birth, total (years)",SP.DYN.LE00.IN,2004,53.3465664289912
Trinidad and Tobago,TTO,"Life expectancy at birth, total (years)",SP.DYN.LE00.IN,2004,69.879
Tunisia,TUN,"Life expectancy at birth, total (years)",SP.DYN.LE00.IN,2004,73.519
Turkiye,TUR,"Life expectancy at birth, total (years)",SP.DYN.LE00.IN,2004,73.223
Tuvalu,TUV,"Life expectancy at birth, total (years)",SP.DYN.LE00.IN,2004,63.989
Tanzania,TZA,"Life expectancy at birth, total (years)",SP.DYN.LE00.IN,2004,56.836
Uganda,UGA,"Life expectancy at birth, total (years)",SP.DYN.LE00.IN,2004,53.699
Ukraine,UKR,"Life expectancy at birth, total (years)",SP.DYN.LE00.IN,2004,67.472
Upper middle income,UMC,"Life expectancy at birth, total (years)",SP.DYN.LE00.IN,2004,71.8008960032206
Uruguay,URY,"Life expectancy at birth, total (years)",SP.DYN.LE00.IN,2004,75.319
United States,USA,"Life expectancy at birth, total (years)",SP.DYN.LE00.IN,2004,77.4878048780488
Uzbekistan,UZB,"Life expectancy at birth, total (years)",SP.DYN.LE00.IN,2004,67.203
St. Vincent and the Grenadines,VCT,"Life expectancy at birth, total (years)",SP.DYN.LE00.IN,2004,70.445
"Venezuela, RB",VEN,"Life expectancy at birth, total (years)",SP.DYN.LE00.IN,2004,72.752
British Virgin Islands,VGB,"Life expectancy at birth, total (years)",SP.DYN.LE00.IN,2004,75.404
Virgin Islands (U.S.),VIR,"Life expectancy at birth, total (years)",SP.DYN.LE00.IN,2004,77.7731707317073
Viet Nam,VNM,"Life expectancy at birth, total (years)",SP.DYN.LE00.IN,2004,73.062
Vanuatu,VUT,"Life expectancy at birth, total (years)",SP.DYN.LE00.IN,2004,68.985
World,WLD,"Life expectancy at birth, total (years)",SP.DYN.LE00.IN,2004,68.7702567980032
Samoa,WSM,"Life expectancy at birth, total (years)",SP.DYN.LE00.IN,2004,71.508
Kosovo,XKX,"Life expectancy at birth, total (years)",SP.DYN.LE00.IN,2004,73.132
"Yemen, Rep.",YEM,"Life expectancy at birth, total (years)",SP.DYN.LE00.IN,2004,64.881
South Africa,ZAF,"Life expectancy at birth, total (years)",SP.DYN.LE00.IN,2004,53.963
Zambia,ZMB,"Life expectancy at birth, total (years)",SP.DYN.LE00.IN,2004,50.54
Zimbabwe,ZWE,"Life expectancy at birth, total (years)",SP.DYN.LE00.IN,2004,46.043
Aruba,ABW,"Life expectancy at birth, total (years)",SP.DYN.LE00.IN,2005,73.415
Africa Eastern and Southern,AFE,"Life expectancy at birth, total (years)",SP.DYN.LE00.IN,2005,54.8076807136336
Afghanistan,AFG,"Life expectancy at birth, total (years)",SP.DYN.LE00.IN,2005,58.247
Africa Western and Central,AFW,"Life expectancy at birth, total (years)",SP.DYN.LE00.IN,2005,52.5560300194313
Angola,AGO,"Life expectancy at birth, total (years)",SP.DYN.LE00.IN,2005,52.13
Albania,ALB,"Life expectancy at birth, total (years)",SP.DYN.LE00.IN,2005,76.427
Andorra,AND,"Life expectancy at birth, total (years)",SP.DYN.LE00.IN,2005,83.086
Arab World,ARB,"Life expectancy at birth, total (years)",SP.DYN.LE00.IN,2005,68.0405024136348
United Arab Emirates,ARE,"Life expectancy at birth, total (years)",SP.DYN.LE00.IN,2005,80.779
Argentina,ARG,"Life expectancy at birth, total (years)",SP.DYN.LE00.IN,2005,75.231
Armenia,ARM,"Life expectancy at birth, total (years)",SP.DYN.LE00.IN,2005,73.0756097560976
American Samoa,ASM,"Life expectancy at birth, total (years)",SP.DYN.LE00.IN,2005,72.382
Antigua and Barbuda,ATG,"Life expectancy at birth, total (years)",SP.DYN.LE00.IN,2005,75.364
Australia,AUS,"Life expectancy at birth, total (years)",SP.DYN.LE00.IN,2005,80.8414634146341
Austria,AUT,"Life expectancy at birth, total (years)",SP.DYN.LE00.IN,2005,79.3317073170732
Azerbaijan,AZE,"Life expectancy at birth, total (years)",SP.DYN.LE00.IN,2005,67.71
Burundi,BDI,"Life expectancy at birth, total (years)",SP.DYN.LE00.IN,2005,53.053
Belgium,BEL,"Life expectancy at birth, total (years)",SP.DYN.LE00.IN,2005,78.9804878048781
Benin,BEN,"Life expectancy at birth, total (years)",SP.DYN.LE00.IN,2005,57.738
Burkina Faso,BFA,"Life expectancy at birth, total (years)",SP.DYN.LE00.IN,2005,53.271
Bangladesh,BGD,"Life expectancy at birth, total (years)",SP.DYN.LE00.IN,2005,65.509
Bulgaria,BGR,"Life expectancy at birth, total (years)",SP.DYN.LE00.IN,2005,72.5609756097561
Bahrain,BHR,"Life expectancy at birth, total (years)",SP.DYN.LE00.IN,2005,76.125
"Bahamas, The",BHS,"Life expectancy at birth, total (years)",SP.DYN.LE00.IN,2005,73.413
Bosnia and Herzegovina,BIH,"Life expectancy at birth, total (years)",SP.DYN.LE00.IN,2005,76.424
Belarus,BLR,"Life expectancy at birth, total (years)",SP.DYN.LE00.IN,2005,68.8512195121951
Belize,BLZ,"Life expectancy at birth, total (years)",SP.DYN.LE00.IN,2005,70.335
Bermuda,BMU,"Life expectancy at birth, total (years)",SP.DYN.LE00.IN,2005,78.874
Bolivia,BOL,"Life expectancy at birth, total (years)",SP.DYN.LE00.IN,2005,64.182
Brazil,BRA,"Life expectancy at birth, total (years)",SP.DYN.LE00.IN,2005,71.832
Barbados,BRB,"Life expectancy at birth, total (years)",SP.DYN.LE00.IN,2005,74.96
Brunei Darussalam,BRN,"Life expectancy at birth, total (years)",SP.DYN.LE00.IN,2005,74.683
Bhutan,BTN,"Life expectancy at birth, total (years)",SP.DYN.LE00.IN,2005,65.875
Botswana,BWA,"Life expectancy at birth, total (years)",SP.DYN.LE00.IN,2005,54.386
Central African Republic,CAF,"Life expectancy at birth, total (years)",SP.DYN.LE00.IN,2005,48.207
Canada,CAN,"Life expectancy at birth, total (years)",SP.DYN.LE00.IN,2005,80.1126829268293
Central Europe and the Baltics,CEB,"Life expectancy at birth, total (years)",SP.DYN.LE00.IN,2005,73.8449951359211
Switzerland,CHE,"Life expectancy at birth, total (years)",SP.DYN.LE00.IN,2005,81.2365853658537
Channel Islands,CHI,"Life expectancy at birth, total (years)",SP.DYN.LE00.IN,2005,80.1
Chile,CHL,"Life expectancy at birth, total (years)",SP.DYN.LE00.IN,2005,78.459
China,CHN,"Life expectancy at birth, total (years)",SP.DYN.LE00.IN,2005,74.085
Cote d'Ivoire,CIV,"Life expectancy at birth, total (years)",SP.DYN.LE00.IN,2005,52.432
Cameroon,CMR,"Life expectancy at birth, total (years)",SP.DYN.LE00.IN,2005,54.904
"Congo, Dem. Rep.",COD,"Life expectancy at birth, total (years)",SP.DYN.LE00.IN,2005,54.001
"Congo, Rep.",COG,"Life expectancy at birth, total (years)",SP.DYN.LE00.IN,2005,58.73
Colombia,COL,"Life expectancy at birth, total (years)",SP.DYN.LE00.IN,2005,73.156
Comoros,COM,"Life expectancy at birth, total (years)",SP.DYN.LE00.IN,2005,60.883
Cabo Verde,CPV,"Life expectancy at birth, total (years)",SP.DYN.LE00.IN,2005,70.936
Costa Rica,CRI,"Life expectancy at birth, total (years)",SP.DYN.LE00.IN,2005,78.877
Caribbean small states,CSS,"Life expectancy at birth, total (years)",SP.DYN.LE00.IN,2005,69.6320513314341
Cuba,CUB,"Life expectancy at birth, total (years)",SP.DYN.LE00.IN,2005,77.54
Curacao,CUW,"Life expectancy at birth, total (years)",SP.DYN.LE00.IN,2005,73.873
Cayman Islands,CYM,"Life expectancy at birth, total (years)",SP.DYN.LE00.IN,2005,74.863
Cyprus,CYP,"Life expectancy at birth, total (years)",SP.DYN.LE00.IN,2005,79.198
Czechia,CZE,"Life expectancy at birth, total (years)",SP.DYN.LE00.IN,2005,75.9243902439025
Germany,DEU,"Life expectancy at birth, total (years)",SP.DYN.LE00.IN,2005,78.9317073170732
Djibouti,DJI,"Life expectancy at birth, total (years)",SP.DYN.LE00.IN,2005,58.548
Dominica,DMA,"Life expectancy at birth, total (years)",SP.DYN.LE00.IN,2005,72.016
Denmark,DNK,"Life expectancy at birth, total (years)",SP.DYN.LE00.IN,2005,77.8439024390244
Dominican Republic,DOM,"Life expectancy at birth, total (years)",SP.DYN.LE00.IN,2005,71.043
Algeria,DZA,"Life expectancy at birth, total (years)",SP.DYN.LE00.IN,2005,72.836
East Asia & Pacific (excluding high income),EAP,"Life expectancy at birth, total (years)",SP.DYN.LE00.IN,2005,72.3983266445825
Early-demographic dividend,EAR,"Life expectancy at birth, total (years)",SP.DYN.LE00.IN,2005,65.9797864104925
East Asia & Pacific,EAS,"Life expectancy at birth, total (years)",SP.DYN.LE00.IN,2005,73.2984345512681
Europe & Central Asia (excluding high income),ECA,"Life expectancy at birth, total (years)",SP.DYN.LE00.IN,2005,69.9595147646973
Europe & Central Asia,ECS,"Life expectancy at birth, total (years)",SP.DYN.LE00.IN,2005,74.1536447949151
Ecuador,ECU,"Life expectancy at birth, total (years)",SP.DYN.LE00.IN,2005,73.909
"Egypt, Arab Rep.",EGY,"Life expectancy at birth, total (years)",SP.DYN.LE00.IN,2005,68.355
Euro area,EMU,"Life expectancy at birth, total (years)",SP.DYN.LE00.IN,2005,79.3748507782536
Eritrea,ERI,"Life expectancy at birth, total (years)",SP.DYN.LE00.IN,2005,60.628
Spain,ESP,"Life expectancy at birth, total (years)",SP.DYN.LE00.IN,2005,80.1707317073171
Estonia,EST,"Life expectancy at birth, total (years)",SP.DYN.LE00.IN,2005,72.5682926829268
Ethiopia,ETH,"Life expectancy at birth, total (years)",SP.DYN.LE00.IN,2005,54.364
European Union,EUU,"Life expectancy at birth, total (years)",SP.DYN.LE00.IN,2005,78.2751410316852
Fragile and conflict affected situations,FCS,"Life expectancy at birth, total (years)",SP.DYN.LE00.IN,2005,57.1472781506796
Finland,FIN,"Life expectancy at birth, total (years)",SP.DYN.LE00.IN,2005,78.8170731707317
Fiji,FJI,"Life expectancy at birth, total (years)",SP.DYN.LE00.IN,2005,65.983
France,FRA,"Life expectancy at birth, total (years)",SP.DYN.LE00.IN,2005,80.1634146341463
Faroe Islands,FRO,"Life expectancy at birth, total (years)",SP.DYN.LE00.IN,2005,79.4453463414634
"Micronesia, Fed. Sts.",FSM,"Life expectancy at birth, total (years)",SP.DYN.LE00.IN,2005,64.906
Gabon,GAB,"Life expectancy at birth, total (years)",SP.DYN.LE00.IN,2005,62.978
United Kingdom,GBR,"Life expectancy at birth, total (years)",SP.DYN.LE00.IN,2005,79.0487804878049
Georgia,GEO,"Life expectancy at birth, total (years)",SP.DYN.LE00.IN,2005,70.689
Ghana,GHA,"Life expectancy at birth, total (years)",SP.DYN.LE00.IN,2005,59.638
Gibraltar,GIB,"Life expectancy at birth, total (years)",SP.DYN.LE00.IN,2005,80.991
Guinea,GIN,"Life expectancy at birth, total (years)",SP.DYN.LE00.IN,2005,54.422
"Gambia, The",GMB,"Life expectancy at birth, total (years)",SP.DYN.LE00.IN,2005,59.11
Guinea-Bissau,GNB,"Life expectancy at birth, total (years)",SP.DYN.LE00.IN,2005,52.949
Equatorial Guinea,GNQ,"Life expectancy at birth, total (years)",SP.DYN.LE00.IN,2005,55.766
Greece,GRC,"Life expectancy at birth, total (years)",SP.DYN.LE00.IN,2005,79.2390243902439
Grenada,GRD,"Life expectancy at birth, total (years)",SP.DYN.LE00.IN,2005,73.7
Greenland,GRL,"Life expectancy at birth, total (years)",SP.DYN.LE00.IN,2005,67.3051219512195
Guatemala,GTM,"Life expectancy at birth, total (years)",SP.DYN.LE00.IN,2005,68.167
Guam,GUM,"Life expectancy at birth, total (years)",SP.DYN.LE00.IN,2005,76.427
Guyana,GUY,"Life expectancy at birth, total (years)",SP.DYN.LE00.IN,2005,64.392
High income,HIC,"Life expectancy at birth, total (years)",SP.DYN.LE00.IN,2005,77.1096843955119
"Hong Kong SAR, China",HKG,"Life expectancy at birth, total (years)",SP.DYN.LE00.IN,2005,81.6090243902439
Honduras,HND,"Life expectancy at birth, total (years)",SP.DYN.LE00.IN,2005,69.198
Heavily indebted poor countries (HIPC),HPC,"Life expectancy at birth, total (years)",SP.DYN.LE00.IN,2005,55.7775388343257
Croatia,HRV,"Life expectancy at birth, total (years)",SP.DYN.LE00.IN,2005,75.2446341463415
Haiti,HTI,"Life expectancy at birth, total (years)",SP.DYN.LE00.IN,2005,60.318
Hungary,HUN,"Life expectancy at birth, total (years)",SP.DYN.LE00.IN,2005,72.6487804878049
IBRD only,IBD,"Life expectancy at birth, total (years)",SP.DYN.LE00.IN,2005,69.8265165341661
IDA & IBRD total,IBT,"Life expectancy at birth, total (years)",SP.DYN.LE00.IN,2005,67.2247481957542
IDA total,IDA,"Life expectancy at birth, total (years)",SP.DYN.LE00.IN,2005,58.6483440475859
IDA blend,IDB,"Life expectancy at birth, total (years)",SP.DYN.LE00.IN,2005,56.9989286118875
Indonesia,IDN,"Life expectancy at birth, total (years)",SP.DYN.LE00.IN,2005,67.531
IDA only,IDX,"Life expectancy at birth, total (years)",SP.DYN.LE00.IN,2005,59.5355546811556
Isle of Man,IMN,"Life expectancy at birth, total (years)",SP.DYN.LE00.IN,2005,77.453
India,IND,"Life expectancy at birth, total (years)",SP.DYN.LE00.IN,2005,64.939
Ireland,IRL,"Life expectancy at birth, total (years)",SP.DYN.LE00.IN,2005,78.9439024390244
"Iran, Islamic Rep.",IRN,"Life expectancy at birth, total (years)",SP.DYN.LE00.IN,2005,72.446
Iraq,IRQ,"Life expectancy at birth, total (years)",SP.DYN.LE00.IN,2005,64.899
Iceland,ISL,"Life expectancy at birth, total (years)",SP.DYN.LE00.IN,2005,81.5024390243902
Israel,ISR,"Life expectancy at birth, total (years)",SP.DYN.LE00.IN,2005,80.1512195121951
Italy,ITA,"Life expectancy at birth, total (years)",SP.DYN.LE00.IN,2005,80.7829268292683
Jamaica,JAM,"Life expectancy at birth, total (years)",SP.DYN.LE00.IN,2005,71.493
Jordan,JOR,"Life expectancy at birth, total (years)",SP.DYN.LE00.IN,2005,72.977
Japan,JPN,"Life expectancy at birth, total (years)",SP.DYN.LE00.IN,2005,81.9551219512195
Kazakhstan,KAZ,"Life expectancy at birth, total (years)",SP.DYN.LE00.IN,2005,65.356
Kenya,KEN,"Life expectancy at birth, total (years)",SP.DYN.LE00.IN,2005,58.51
Kyrgyz Republic,KGZ,"Life expectancy at birth, total (years)",SP.DYN.LE00.IN,2005,67.9560975609756
Cambodia,KHM,"Life expectancy at birth, total (years)",SP.DYN.LE00.IN,2005,64.113
Kiribati,KIR,"Life expectancy at birth, total (years)",SP.DYN.LE00.IN,2005,65.517
St. Kitts and Nevis,KNA,"Life expectancy at birth, total (years)",SP.DYN.LE00.IN,2005,71.151
"Korea, Rep.",KOR,"Life expectancy at birth, total (years)",SP.DYN.LE00.IN,2005,78.1682926829268
Kuwait,KWT,"Life expectancy at birth, total (years)",SP.DYN.LE00.IN,2005,76.8007804878049
Latin America & Caribbean (excluding high income),LAC,"Life expectancy at birth, total (years)",SP.DYN.LE00.IN,2005,72.2293807081161
Lao PDR,LAO,"Life expectancy at birth, total (years)",SP.DYN.LE00.IN,2005,60.688
Lebanon,LBN,"Life expectancy at birth, total (years)",SP.DYN.LE00.IN,2005,76.074
Liberia,LBR,"Life expectancy at birth, total (years)",SP.DYN.LE00.IN,2005,56.765
Libya,LBY,"Life expectancy at birth, total (years)",SP.DYN.LE00.IN,2005,71.439
St. Lucia,LCA,"Life expectancy at birth, total (years)",SP.DYN.LE00.IN,2005,72.544
Latin America & Caribbean,LCN,"Life expectancy at birth, total (years)",SP.DYN.LE00.IN,2005,72.5638143751286
Least developed countries: UN classification,LDC,"Life expectancy at birth, total (years)",SP.DYN.LE00.IN,2005,58.3086655771969
Low income,LIC,"Life expectancy at birth, total (years)",SP.DYN.LE00.IN,2005,57.1921290801359
Liechtenstein,LIE,"Life expectancy at birth, total (years)",SP.DYN.LE00.IN,2005,80.6682926829268
Sri Lanka,LKA,"Life expectancy at birth, total (years)",SP.DYN.LE00.IN,2005,73.073
Lower middle income,LMC,"Life expectancy at birth, total (years)",SP.DYN.LE00.IN,2005,63.674503524779
Low & middle income,LMY,"Life expectancy at birth, total (years)",SP.DYN.LE00.IN,2005,67.3230143480251
Lesotho,LSO,"Life expectancy at birth, total (years)",SP.DYN.LE00.IN,2005,43.611
Late-demographic dividend,LTE,"Life expectancy at birth, total (years)",SP.DYN.LE00.IN,2005,73.007214154553
Lithuania,LTU,"Life expectancy at birth, total (years)",SP.DYN.LE00.IN,2005,71.2536585365854
Luxembourg,LUX,"Life expectancy at birth, total (years)",SP.DYN.LE00.IN,2005,79.4317073170732
Latvia,LVA,"Life expectancy at birth, total (years)",SP.DYN.LE00.IN,2005,71.3560975609756
"Macao SAR, China",MAC,"Life expectancy at birth, total (years)",SP.DYN.LE00.IN,2005,81.3414634146341
St. Martin (French part),MAF,"Life expectancy at birth, total (years)",SP.DYN.LE00.IN,2005,77.802
Morocco,MAR,"Life expectancy at birth, total (years)",SP.DYN.LE00.IN,2005,68.748
Monaco,MCO,"Life expectancy at birth, total (years)",SP.DYN.LE00.IN,2005,84.34
Moldova,MDA,"Life expectancy at birth, total (years)",SP.DYN.LE00.IN,2005,68.197
Madagascar,MDG,"Life expectancy at birth, total (years)",SP.DYN.LE00.IN,2005,60.664
Maldives,MDV,"Life expectancy at birth, total (years)",SP.DYN.LE00.IN,2005,74.785
"Middle East, North Africa, Afghanistan & Pakistan",MEA,"Life expectancy at birth, total (years)",SP.DYN.LE00.IN,2005,67.529947021124
Mexico,MEX,"Life expectancy at birth, total (years)",SP.DYN.LE00.IN,2005,73.627
Marshall Islands,MHL,"Life expectancy at birth, total (years)",SP.DYN.LE00.IN,2005,64.112
Middle income,MIC,"Life expectancy at birth, total (years)",SP.DYN.LE00.IN,2005,68.1061163042439
North Macedonia,MKD,"Life expectancy at birth, total (years)",SP.DYN.LE00.IN,2005,73.6975609756098
Mali,MLI,"Life expectancy at birth, total (years)",SP.DYN.LE00.IN,2005,53.792
Malta,MLT,"Life expectancy at birth, total (years)",SP.DYN.LE00.IN,2005,79.3
Myanmar,MMR,"Life expectancy at birth, total (years)",SP.DYN.LE00.IN,2005,61.72
"Middle East, North Africa, Afghanistan & Pakistan (excluding high income)",MNA,"Life expectancy at birth, total (years)",SP.DYN.LE00.IN,2005,66.853402612801
Montenegro,MNE,"Life expectancy at birth, total (years)",SP.DYN.LE00.IN,2005,73.9829268292683
Mongolia,MNG,"Life expectancy at birth, total (years)",SP.DYN.LE00.IN,2005,65.2807317073171
Northern Mariana Islands,MNP,"Life expectancy at birth, total (years)",SP.DYN.LE00.IN,2005,77.307
Mozambique,MOZ,"Life expectancy at birth, total (years)",SP.DYN.LE00.IN,2005,52.322
Mauritania,MRT,"Life expectancy at birth, total (years)",SP.DYN.LE00.IN,2005,63.92
Mauritius,MUS,"Life expectancy at birth, total (years)",SP.DYN.LE00.IN,2005,72.4321951219512
Malawi,MWI,"Life expectancy at birth, total (years)",SP.DYN.LE00.IN,2005,52.469
Malaysia,MYS,"Life expectancy at birth, total (years)",SP.DYN.LE00.IN,2005,74.37
North America,NAC,"Life expectancy at birth, total (years)",SP.DYN.LE00.IN,2005,77.7462382909607
Namibia,NAM,"Life expectancy at birth, total (years)",SP.DYN.LE00.IN,2005,52.557
New Caledonia,NCL,"Life expectancy at birth, total (years)",SP.DYN.LE00.IN,2005,74.867
Niger,NER,"Life expectancy at birth, total (years)",SP.DYN.LE00.IN,2005,53.32
Nigeria,NGA,"Life expectancy at birth, total (years)",SP.DYN.LE00.IN,2005,49.538
Nicaragua,NIC,"Life expectancy at birth, total (years)",SP.DYN.LE00.IN,2005,70.374
Netherlands,NLD,"Life expectancy at birth, total (years)",SP.DYN.LE00.IN,2005,79.3463414634146
Norway,NOR,"Life expectancy at birth, total (years)",SP.DYN.LE00.IN,2005,80.0414634146342
Nepal,NPL,"Life expectancy at birth, total (years)",SP.DYN.LE00.IN,2005,65.275
Nauru,NRU,"Life expectancy at birth, total (years)",SP.DYN.LE00.IN,2005,59.361
New Zealand,NZL,"Life expectancy at birth, total (years)",SP.DYN.LE00.IN,2005,79.8512195121951
OECD members,OED,"Life expectancy at birth, total (years)",SP.DYN.LE00.IN,2005,77.9539871455081
Oman,OMN,"Life expectancy at birth, total (years)",SP.DYN.LE00.IN,2005,75.07
Other small states,OSS,"Life expectancy at birth, total (years)",SP.DYN.LE00.IN,2005,67.5574840535073
Pakistan,PAK,"Life expectancy at birth, total (years)",SP.DYN.LE00.IN,2005,62.416
Panama,PAN,"Life expectancy at birth, total (years)",SP.DYN.LE00.IN,2005,75.16
Peru,PER,"Life expectancy at birth, total (years)",SP.DYN.LE00.IN,2005,71.988
Philippines,PHL,"Life expectancy at birth, total (years)",SP.DYN.LE00.IN,2005,68.423
Palau,PLW,"Life expectancy at birth, total (years)",SP.DYN.LE00.IN,2005,66.219
Papua New Guinea,PNG,"Life expectancy at birth, total (years)",SP.DYN.LE00.IN,2005,61.868
Poland,POL,"Life expectancy at birth, total (years)",SP.DYN.LE00.IN,2005,74.9951219512195
Pre-demographic dividend,PRE,"Life expectancy at birth, total (years)",SP.DYN.LE00.IN,2005,54.3661189826725
Puerto Rico (US),PRI,"Life expectancy at birth, total (years)",SP.DYN.LE00.IN,2005,76.703
"Korea, Dem. People's Rep.",PRK,"Life expectancy at birth, total (years)",SP.DYN.LE00.IN,2005,69.168
Portugal,PRT,"Life expectancy at birth, total (years)",SP.DYN.LE00.IN,2005,78.0707317073171
Paraguay,PRY,"Life expectancy at birth, total (years)",SP.DYN.LE00.IN,2005,71.317
West Bank and Gaza,PSE,"Life expectancy at birth, total (years)",SP.DYN.LE00.IN,2005,72.004
Pacific island small states,PSS,"Life expectancy at birth, total (years)",SP.DYN.LE00.IN,2005,67.2332794133166
Post-demographic dividend,PST,"Life expectancy at birth, total (years)",SP.DYN.LE00.IN,2005,78.410884260835
French Polynesia,PYF,"Life expectancy at birth, total (years)",SP.DYN.LE00.IN,2005,79.951
Qatar,QAT,"Life expectancy at birth, total (years)",SP.DYN.LE00.IN,2005,76.909
Romania,ROU,"Life expectancy at birth, total (years)",SP.DYN.LE00.IN,2005,71.9121951219512
Russian Federation,RUS,"Life expectancy at birth, total (years)",SP.DYN.LE00.IN,2005,65.529756097561
Rwanda,RWA,"Life expectancy at birth, total (years)",SP.DYN.LE00.IN,2005,56.968
South Asia,SAS,"Life expectancy at birth, total (years)",SP.DYN.LE00.IN,2005,65.131596636791
Saudi Arabia,SAU,"Life expectancy at birth, total (years)",SP.DYN.LE00.IN,2005,74.4
Sudan,SDN,"Life expectancy at birth, total (years)",SP.DYN.LE00.IN,2005,57.226
Senegal,SEN,"Life expectancy at birth, total (years)",SP.DYN.LE00.IN,2005,60.98
Singapore,SGP,"Life expectancy at birth, total (years)",SP.DYN.LE00.IN,2005,79.990243902439
Solomon Islands,SLB,"Life expectancy at birth, total (years)",SP.DYN.LE00.IN,2005,67.79
Sierra Leone,SLE,"Life expectancy at birth, total (years)",SP.DYN.LE00.IN,2005,48.306
El Salvador,SLV,"Life expectancy at birth, total (years)",SP.DYN.LE00.IN,2005,69.336
San Marino,SMR,"Life expectancy at birth, total (years)",SP.DYN.LE00.IN,2005,81.926
"Somalia, Fed. Rep.",SOM,"Life expectancy at birth, total (years)",SP.DYN.LE00.IN,2005,50.894
Serbia,SRB,"Life expectancy at birth, total (years)",SP.DYN.LE00.IN,2005,72.8341463414634
Sub-Saharan Africa (excluding high income),SSA,"Life expectancy at birth, total (years)",SP.DYN.LE00.IN,2005,53.8386310365893
South Sudan,SSD,"Life expectancy at birth, total (years)",SP.DYN.LE00.IN,2005,53.965
Sub-Saharan Africa,SSF,"Life expectancy at birth, total (years)",SP.DYN.LE00.IN,2005,53.8933821899778
Small states,SST,"Life expectancy at birth, total (years)",SP.DYN.LE00.IN,2005,68.0184220231352
Sao Tome and Principe,STP,"Life expectancy at birth, total (years)",SP.DYN.LE00.IN,2005,62.434
Suriname,SUR,"Life expectancy at birth, total (years)",SP.DYN.LE00.IN,2005,66.997
Slovak Republic,SVK,"Life expectancy at birth, total (years)",SP.DYN.LE00.IN,2005,73.9048780487805
Slovenia,SVN,"Life expectancy at birth, total (years)",SP.DYN.LE00.IN,2005,77.6121951219512
Sweden,SWE,"Life expectancy at birth, total (years)",SP.DYN.LE00.IN,2005,80.5463414634146
Eswatini,SWZ,"Life expectancy at birth, total (years)",SP.DYN.LE00.IN,2005,43.958
Sint Maarten (Dutch part),SXM,"Life expectancy at birth, total (years)",SP.DYN.LE00.IN,2005,74.681
Seychelles,SYC,"Life expectancy at birth, total (years)",SP.DYN.LE00.IN,2005,72.1317073170732
Syrian Arab Republic,SYR,"Life expectancy at birth, total (years)",SP.DYN.LE00.IN,2005,72.797
Turks and Caicos Islands,TCA,"Life expectancy at birth, total (years)",SP.DYN.LE00.IN,2005,75.954
Chad,TCD,"Life expectancy at birth, total (years)",SP.DYN.LE00.IN,2005,48.86
East Asia & Pacific (IDA & IBRD countries),TEA,"Life expectancy at birth, total (years)",SP.DYN.LE00.IN,2005,72.440234089532
Europe & Central Asia (IDA & IBRD countries),TEC,"Life expectancy at birth, total (years)",SP.DYN.LE00.IN,2005,69.1399718973032
Togo,TGO,"Life expectancy at birth, total (years)",SP.DYN.LE00.IN,2005,55.931
Thailand,THA,"Life expectancy at birth, total (years)",SP.DYN.LE00.IN,2005,72.894
Tajikistan,TJK,"Life expectancy at birth, total (years)",SP.DYN.LE00.IN,2005,66.531
Turkmenistan,TKM,"Life expectancy at birth, total (years)",SP.DYN.LE00.IN,2005,66.275
Latin America & the Caribbean (IDA & IBRD countries),TLA,"Life expectancy at birth, total (years)",SP.DYN.LE00.IN,2005,72.4275917225936
Timor-Leste,TLS,"Life expectancy at birth, total (years)",SP.DYN.LE00.IN,2005,61.272
"Middle East, North Africa, Afghanistan & Pakistan (IDA & IBRD)",TMN,"Life expectancy at birth, total (years)",SP.DYN.LE00.IN,2005,66.8201250398649
Tonga,TON,"Life expectancy at birth, total (years)",SP.DYN.LE00.IN,2005,70.56
South Asia (IDA & IBRD),TSA,"Life expectancy at birth, total (years)",SP.DYN.LE00.IN,2005,65.131596636791
Sub-Saharan Africa (IDA & IBRD countries),TSS,"Life expectancy at birth, total (years)",SP.DYN.LE00.IN,2005,53.8933821899777
Trinidad and Tobago,TTO,"Life expectancy at birth, total (years)",SP.DYN.LE00.IN,2005,70.185
Tunisia,TUN,"Life expectancy at birth, total (years)",SP.DYN.LE00.IN,2005,73.712
Turkiye,TUR,"Life expectancy at birth, total (years)",SP.DYN.LE00.IN,2005,73.51
Tuvalu,TUV,"Life expectancy at birth, total (years)",SP.DYN.LE00.IN,2005,64.096
Tanzania,TZA,"Life expectancy at birth, total (years)",SP.DYN.LE00.IN,2005,57.675
Uganda,UGA,"Life expectancy at birth, total (years)",SP.DYN.LE00.IN,2005,54.926
Ukraine,UKR,"Life expectancy at birth, total (years)",SP.DYN.LE00.IN,2005,67.517
Upper middle income,UMC,"Life expectancy at birth, total (years)",SP.DYN.LE00.IN,2005,72.2940907050527
Uruguay,URY,"Life expectancy at birth, total (years)",SP.DYN.LE00.IN,2005,75.829
United States,USA,"Life expectancy at birth, total (years)",SP.DYN.LE00.IN,2005,77.4878048780488
Uzbekistan,UZB,"Life expectancy at birth, total (years)",SP.DYN.LE00.IN,2005,67.481
St. Vincent and the Grenadines,VCT,"Life expectancy at birth, total (years)",SP.DYN.LE00.IN,2005,70.454
"Venezuela, RB",VEN,"Life expectancy at birth, total (years)",SP.DYN.LE00.IN,2005,73.075
British Virgin Islands,VGB,"Life expectancy at birth, total (years)",SP.DYN.LE00.IN,2005,75.569
Virgin Islands (U.S.),VIR,"Life expectancy at birth, total (years)",SP.DYN.LE00.IN,2005,77.4219512195122
Viet Nam,VNM,"Life expectancy at birth, total (years)",SP.DYN.LE00.IN,2005,73.198
Vanuatu,VUT,"Life expectancy at birth, total (years)",SP.DYN.LE00.IN,2005,69.166
World,WLD,"Life expectancy at birth, total (years)",SP.DYN.LE00.IN,2005,69.1105811246199
Samoa,WSM,"Life expectancy at birth, total (years)",SP.DYN.LE00.IN,2005,71.487
Kosovo,XKX,"Life expectancy at birth, total (years)",SP.DYN.LE00.IN,2005,73.437
"Yemen, Rep.",YEM,"Life expectancy at birth, total (years)",SP.DYN.LE00.IN,2005,65.356
South Africa,ZAF,"Life expectancy at birth, total (years)",SP.DYN.LE00.IN,2005,53.914
Zambia,ZMB,"Life expectancy at birth, total (years)",SP.DYN.LE00.IN,2005,51.615
Zimbabwe,ZWE,"Life expectancy at birth, total (years)",SP.DYN.LE00.IN,2005,46.57
Aruba,ABW,"Life expectancy at birth, total (years)",SP.DYN.LE00.IN,2006,73.498
Africa Eastern and Southern,AFE,"Life expectancy at birth, total (years)",SP.DYN.LE00.IN,2006,55.6935152578453
Afghanistan,AFG,"Life expectancy at birth, total (years)",SP.DYN.LE00.IN,2006,58.553
Africa Western and Central,AFW,"Life expectancy at birth, total (years)",SP.DYN.LE00.IN,2006,52.9789311865575
Angola,AGO,"Life expectancy at birth, total (years)",SP.DYN.LE00.IN,2006,52.965
Albania,ALB,"Life expectancy at birth, total (years)",SP.DYN.LE00.IN,2006,76.994
Andorra,AND,"Life expectancy at birth, total (years)",SP.DYN.LE00.IN,2006,83.374
Arab World,ARB,"Life expectancy at birth, total (years)",SP.DYN.LE00.IN,2006,68.4912652387812
United Arab Emirates,ARE,"Life expectancy at birth, total (years)",SP.DYN.LE00.IN,2006,81.155
Argentina,ARG,"Life expectancy at birth, total (years)",SP.DYN.LE00.IN,2006,75.279
Armenia,ARM,"Life expectancy at birth, total (years)",SP.DYN.LE00.IN,2006,72.8243902439025
American Samoa,ASM,"Life expectancy at birth, total (years)",SP.DYN.LE00.IN,2006,72.397
Antigua and Barbuda,ATG,"Life expectancy at birth, total (years)",SP.DYN.LE00.IN,2006,75.506
Australia,AUS,"Life expectancy at birth, total (years)",SP.DYN.LE00.IN,2006,81.0414634146342
Austria,AUT,"Life expectancy at birth, total (years)",SP.DYN.LE00.IN,2006,79.8804878048781
Azerbaijan,AZE,"Life expectancy at birth, total (years)",SP.DYN.LE00.IN,2006,68.489
Burundi,BDI,"Life expectancy at birth, total (years)",SP.DYN.LE00.IN,2006,53.962
Belgium,BEL,"Life expectancy at birth, total (years)",SP.DYN.LE00.IN,2006,79.380487804878
Benin,BEN,"Life expectancy at birth, total (years)",SP.DYN.LE00.IN,2006,57.966
Burkina Faso,BFA,"Life expectancy at birth, total (years)",SP.DYN.LE00.IN,2006,53.784
Bangladesh,BGD,"Life expectancy at birth, total (years)",SP.DYN.LE00.IN,2006,66.048
Bulgaria,BGR,"Life expectancy at birth, total (years)",SP.DYN.LE00.IN,2006,72.6121951219512
Bahrain,BHR,"Life expectancy at birth, total (years)",SP.DYN.LE00.IN,2006,76.51
"Bahamas, The",BHS,"Life expectancy at birth, total (years)",SP.DYN.LE00.IN,2006,73.456
Bosnia and Herzegovina,BIH,"Life expectancy at birth, total (years)",SP.DYN.LE00.IN,2006,76.028
Belarus,BLR,"Life expectancy at birth, total (years)",SP.DYN.LE00.IN,2006,69.4048780487805
Belize,BLZ,"Life expectancy at birth, total (years)",SP.DYN.LE00.IN,2006,70.535
Bermuda,BMU,"Life expectancy at birth, total (years)",SP.DYN.LE00.IN,2006,78.87
Bolivia,BOL,"Life expectancy at birth, total (years)",SP.DYN.LE00.IN,2006,64.529
Brazil,BRA,"Life expectancy at birth, total (years)",SP.DYN.LE00.IN,2006,72.296
Barbados,BRB,"Life expectancy at birth, total (years)",SP.DYN.LE00.IN,2006,75.049
Brunei Darussalam,BRN,"Life expectancy at birth, total (years)",SP.DYN.LE00.IN,2006,74.753
Bhutan,BTN,"Life expectancy at birth, total (years)",SP.DYN.LE00.IN,2006,66.499
Botswana,BWA,"Life expectancy at birth, total (years)",SP.DYN.LE00.IN,2006,55.112
Central African Republic,CAF,"Life expectancy at birth, total (years)",SP.DYN.LE00.IN,2006,48.687
Canada,CAN,"Life expectancy at birth, total (years)",SP.DYN.LE00.IN,2006,80.5436585365854
Central Europe and the Baltics,CEB,"Life expectancy at birth, total (years)",SP.DYN.LE00.IN,2006,74.0926027308098
Switzerland,CHE,"Life expectancy at birth, total (years)",SP.DYN.LE00.IN,2006,81.490243902439
Channel Islands,CHI,"Life expectancy at birth, total (years)",SP.DYN.LE00.IN,2006,80.4
Chile,CHL,"Life expectancy at birth, total (years)",SP.DYN.LE00.IN,2006,78.533
China,CHN,"Life expectancy at birth, total (years)",SP.DYN.LE00.IN,2006,74.404
Cote d'Ivoire,CIV,"Life expectancy at birth, total (years)",SP.DYN.LE00.IN,2006,52.885
Cameroon,CMR,"Life expectancy at birth, total (years)",SP.DYN.LE00.IN,2006,55.301
"Congo, Dem. Rep.",COD,"Life expectancy at birth, total (years)",SP.DYN.LE00.IN,2006,54.498
"Congo, Rep.",COG,"Life expectancy at birth, total (years)",SP.DYN.LE00.IN,2006,59.474
Colombia,COL,"Life expectancy at birth, total (years)",SP.DYN.LE00.IN,2006,73.497
Comoros,COM,"Life expectancy at birth, total (years)",SP.DYN.LE00.IN,2006,61.229
Cabo Verde,CPV,"Life expectancy at birth, total (years)",SP.DYN.LE00.IN,2006,71.341
Costa Rica,CRI,"Life expectancy at birth, total (years)",SP.DYN.LE00.IN,2006,79.049
Caribbean small states,CSS,"Life expectancy at birth, total (years)",SP.DYN.LE00.IN,2006,69.9344232165599
Cuba,CUB,"Life expectancy at birth, total (years)",SP.DYN.LE00.IN,2006,77.406
Curacao,CUW,"Life expectancy at birth, total (years)",SP.DYN.LE00.IN,2006,73.978
Cayman Islands,CYM,"Life expectancy at birth, total (years)",SP.DYN.LE00.IN,2006,75.0
Cyprus,CYP,"Life expectancy at birth, total (years)",SP.DYN.LE00.IN,2006,79.456
Czechia,CZE,"Life expectancy at birth, total (years)",SP.DYN.LE00.IN,2006,76.5243902439024
Germany,DEU,"Life expectancy at birth, total (years)",SP.DYN.LE00.IN,2006,79.1317073170732
Djibouti,DJI,"Life expectancy at birth, total (years)",SP.DYN.LE00.IN,2006,58.962
Dominica,DMA,"Life expectancy at birth, total (years)",SP.DYN.LE00.IN,2006,72.007
Denmark,DNK,"Life expectancy at birth, total (years)",SP.DYN.LE00.IN,2006,78.0951219512195
Dominican Republic,DOM,"Life expectancy at birth, total (years)",SP.DYN.LE00.IN,2006,71.054
Algeria,DZA,"Life expectancy at birth, total (years)",SP.DYN.LE00.IN,2006,73.116
East Asia & Pacific (excluding high income),EAP,"Life expectancy at birth, total (years)",SP.DYN.LE00.IN,2006,72.6518704363172
Early-demographic dividend,EAR,"Life expectancy at birth, total (years)",SP.DYN.LE00.IN,2006,66.3919300050345
East Asia & Pacific,EAS,"Life expectancy at birth, total (years)",SP.DYN.LE00.IN,2006,73.5640440034614
Europe & Central Asia (excluding high income),ECA,"Life expectancy at birth, total (years)",SP.DYN.LE00.IN,2006,70.2178659389806
Europe & Central Asia,ECS,"Life expectancy at birth, total (years)",SP.DYN.LE00.IN,2006,74.6397717965131
Ecuador,ECU,"Life expectancy at birth, total (years)",SP.DYN.LE00.IN,2006,74.01
"Egypt, Arab Rep.",EGY,"Life expectancy at birth, total (years)",SP.DYN.LE00.IN,2006,68.493
Euro area,EMU,"Life expectancy at birth, total (years)",SP.DYN.LE00.IN,2006,79.8077212879617
Eritrea,ERI,"Life expectancy at birth, total (years)",SP.DYN.LE00.IN,2006,61.457
Spain,ESP,"Life expectancy at birth, total (years)",SP.DYN.LE00.IN,2006,80.8219512195122
Estonia,EST,"Life expectancy at birth, total (years)",SP.DYN.LE00.IN,2006,72.6914634146341
Ethiopia,ETH,"Life expectancy at birth, total (years)",SP.DYN.LE00.IN,2006,55.402
European Union,EUU,"Life expectancy at birth, total (years)",SP.DYN.LE00.IN,2006,78.6721282949285
Fragile and conflict affected situations,FCS,"Life expectancy at birth, total (years)",SP.DYN.LE00.IN,2006,57.5943113995222
Finland,FIN,"Life expectancy at birth, total (years)",SP.DYN.LE00.IN,2006,79.2146341463415
Fiji,FJI,"Life expectancy at birth, total (years)",SP.DYN.LE00.IN,2006,66.126
France,FRA,"Life expectancy at birth, total (years)",SP.DYN.LE00.IN,2006,80.8121951219512
Faroe Islands,FRO,"Life expectancy at birth, total (years)",SP.DYN.LE00.IN,2006,79.6898609756098
"Micronesia, Fed. Sts.",FSM,"Life expectancy at birth, total (years)",SP.DYN.LE00.IN,2006,64.859
Gabon,GAB,"Life expectancy at birth, total (years)",SP.DYN.LE00.IN,2006,63.259
United Kingdom,GBR,"Life expectancy at birth, total (years)",SP.DYN.LE00.IN,2006,79.2487804878049
Georgia,GEO,"Life expectancy at birth, total (years)",SP.DYN.LE00.IN,2006,70.983
Ghana,GHA,"Life expectancy at birth, total (years)",SP.DYN.LE00.IN,2006,59.975
Gibraltar,GIB,"Life expectancy at birth, total (years)",SP.DYN.LE00.IN,2006,81.103
Guinea,GIN,"Life expectancy at birth, total (years)",SP.DYN.LE00.IN,2006,54.875
"Gambia, The",GMB,"Life expectancy at birth, total (years)",SP.DYN.LE00.IN,2006,59.667
Guinea-Bissau,GNB,"Life expectancy at birth, total (years)",SP.DYN.LE00.IN,2006,54.089
Equatorial Guinea,GNQ,"Life expectancy at birth, total (years)",SP.DYN.LE00.IN,2006,56.354
Greece,GRC,"Life expectancy at birth, total (years)",SP.DYN.LE00.IN,2006,79.4390243902439
Grenada,GRD,"Life expectancy at birth, total (years)",SP.DYN.LE00.IN,2006,73.93
Greenland,GRL,"Life expectancy at birth, total (years)",SP.DYN.LE00.IN,2006,67.8180487804878
Guatemala,GTM,"Life expectancy at birth, total (years)",SP.DYN.LE00.IN,2006,68.79
Guam,GUM,"Life expectancy at birth, total (years)",SP.DYN.LE00.IN,2006,76.477
Guyana,GUY,"Life expectancy at birth, total (years)",SP.DYN.LE00.IN,2006,64.848
High income,HIC,"Life expectancy at birth, total (years)",SP.DYN.LE00.IN,2006,77.5422883584084
"Hong Kong SAR, China",HKG,"Life expectancy at birth, total (years)",SP.DYN.LE00.IN,2006,82.3848780487805
Honduras,HND,"Life expectancy at birth, total (years)",SP.DYN.LE00.IN,2006,69.364
Heavily indebted poor countries (HIPC),HPC,"Life expectancy at birth, total (years)",SP.DYN.LE00.IN,2006,56.5739489103325
Croatia,HRV,"Life expectancy at birth, total (years)",SP.DYN.LE00.IN,2006,75.8368292682927
Haiti,HTI,"Life expectancy at birth, total (years)",SP.DYN.LE00.IN,2006,60.74
Hungary,HUN,"Life expectancy at birth, total (years)",SP.DYN.LE00.IN,2006,73.0975609756098
IBRD only,IBD,"Life expectancy at birth, total (years)",SP.DYN.LE00.IN,2006,70.1501236836392
IDA & IBRD total,IBT,"Life expectancy at birth, total (years)",SP.DYN.LE00.IN,2006,67.6014995268013
IDA total,IDA,"Life expectancy at birth, total (years)",SP.DYN.LE00.IN,2006,59.3121514565361
IDA blend,IDB,"Life expectancy at birth, total (years)",SP.DYN.LE00.IN,2006,57.7016203087693
Indonesia,IDN,"Life expectancy at birth, total (years)",SP.DYN.LE00.IN,2006,67.664
IDA only,IDX,"Life expectancy at birth, total (years)",SP.DYN.LE00.IN,2006,60.1796551681928
Isle of Man,IMN,"Life expectancy at birth, total (years)",SP.DYN.LE00.IN,2006,77.971
India,IND,"Life expectancy at birth, total (years)",SP.DYN.LE00.IN,2006,65.373
Ireland,IRL,"Life expectancy at birth, total (years)",SP.DYN.LE00.IN,2006,79.2414634146342
"Iran, Islamic Rep.",IRN,"Life expectancy at birth, total (years)",SP.DYN.LE00.IN,2006,72.895
Iraq,IRQ,"Life expectancy at birth, total (years)",SP.DYN.LE00.IN,2006,64.029
Iceland,ISL,"Life expectancy at birth, total (years)",SP.DYN.LE00.IN,2006,81.1585365853659
Israel,ISR,"Life expectancy at birth, total (years)",SP.DYN.LE00.IN,2006,80.5536585365854
Italy,ITA,"Life expectancy at birth, total (years)",SP.DYN.LE00.IN,2006,81.2829268292683
Jamaica,JAM,"Life expectancy at birth, total (years)",SP.DYN.LE00.IN,2006,71.395
Jordan,JOR,"Life expectancy at birth, total (years)",SP.DYN.LE00.IN,2006,73.225
Japan,JPN,"Life expectancy at birth, total (years)",SP.DYN.LE00.IN,2006,82.3219512195122
Kazakhstan,KAZ,"Life expectancy at birth, total (years)",SP.DYN.LE00.IN,2006,65.722
Kenya,KEN,"Life expectancy at birth, total (years)",SP.DYN.LE00.IN,2006,59.059
Kyrgyz Republic,KGZ,"Life expectancy at birth, total (years)",SP.DYN.LE00.IN,2006,67.6951219512195
Cambodia,KHM,"Life expectancy at birth, total (years)",SP.DYN.LE00.IN,2006,64.886
Kiribati,KIR,"Life expectancy at birth, total (years)",SP.DYN.LE00.IN,2006,65.601
St. Kitts and Nevis,KNA,"Life expectancy at birth, total (years)",SP.DYN.LE00.IN,2006,71.356
"Korea, Rep.",KOR,"Life expectancy at birth, total (years)",SP.DYN.LE00.IN,2006,78.6682926829268
Kuwait,KWT,"Life expectancy at birth, total (years)",SP.DYN.LE00.IN,2006,76.8876829268293
Latin America & Caribbean (excluding high income),LAC,"Life expectancy at birth, total (years)",SP.DYN.LE00.IN,2006,72.5238653235671
Lao PDR,LAO,"Life expectancy at birth, total (years)",SP.DYN.LE00.IN,2006,61.074
Lebanon,LBN,"Life expectancy at birth, total (years)",SP.DYN.LE00.IN,2006,75.677
Liberia,LBR,"Life expectancy at birth, total (years)",SP.DYN.LE00.IN,2006,57.495
Libya,LBY,"Life expectancy at birth, total (years)",SP.DYN.LE00.IN,2006,71.632
St. Lucia,LCA,"Life expectancy at birth, total (years)",SP.DYN.LE00.IN,2006,72.794
Latin America & Caribbean,LCN,"Life expectancy at birth, total (years)",SP.DYN.LE00.IN,2006,72.8332266680253
Least developed countries: UN classification,LDC,"Life expectancy at birth, total (years)",SP.DYN.LE00.IN,2006,59.0153133561074
Low income,LIC,"Life expectancy at birth, total (years)",SP.DYN.LE00.IN,2006,57.9405227801214
Liechtenstein,LIE,"Life expectancy at birth, total (years)",SP.DYN.LE00.IN,2006,80.9487804878049
Sri Lanka,LKA,"Life expectancy at birth, total (years)",SP.DYN.LE00.IN,2006,72.825
Lower middle income,LMC,"Life expectancy at birth, total (years)",SP.DYN.LE00.IN,2006,64.1041811702886
Low & middle income,LMY,"Life expectancy at birth, total (years)",SP.DYN.LE00.IN,2006,67.6734023531518
Lesotho,LSO,"Life expectancy at birth, total (years)",SP.DYN.LE00.IN,2006,43.182
Late-demographic dividend,LTE,"Life expectancy at birth, total (years)",SP.DYN.LE00.IN,2006,73.3817363374868
Lithuania,LTU,"Life expectancy at birth, total (years)",SP.DYN.LE00.IN,2006,71.0560975609756
Luxembourg,LUX,"Life expectancy at birth, total (years)",SP.DYN.LE00.IN,2006,79.2878048780488
Latvia,LVA,"Life expectancy at birth, total (years)",SP.DYN.LE00.IN,2006,70.8658536585366
"Macao SAR, China",MAC,"Life expectancy at birth, total (years)",SP.DYN.LE00.IN,2006,81.7292682926829
St. Martin (French part),MAF,"Life expectancy at birth, total (years)",SP.DYN.LE00.IN,2006,77.989
Morocco,MAR,"Life expectancy at birth, total (years)",SP.DYN.LE00.IN,2006,69.157
Monaco,MCO,"Life expectancy at birth, total (years)",SP.DYN.LE00.IN,2006,84.194
Moldova,MDA,"Life expectancy at birth, total (years)",SP.DYN.LE00.IN,2006,68.423
Madagascar,MDG,"Life expectancy at birth, total (years)",SP.DYN.LE00.IN,2006,61.14
Maldives,MDV,"Life expectancy at birth, total (years)",SP.DYN.LE00.IN,2006,75.256
"Middle East, North Africa, Afghanistan & Pakistan",MEA,"Life expectancy at birth, total (years)",SP.DYN.LE00.IN,2006,68.0590796974229
Mexico,MEX,"Life expectancy at birth, total (years)",SP.DYN.LE00.IN,2006,73.746
Marshall Islands,MHL,"Life expectancy at birth, total (years)",SP.DYN.LE00.IN,2006,64.207
Middle income,MIC,"Life expectancy at birth, total (years)",SP.DYN.LE00.IN,2006,68.4385917828347
North Macedonia,MKD,"Life expectancy at birth, total (years)",SP.DYN.LE00.IN,2006,73.8951219512195
Mali,MLI,"Life expectancy at birth, total (years)",SP.DYN.LE00.IN,2006,54.305
Malta,MLT,"Life expectancy at birth, total (years)",SP.DYN.LE00.IN,2006,79.4390243902439
Myanmar,MMR,"Life expectancy at birth, total (years)",SP.DYN.LE00.IN,2006,62.026
"Middle East, North Africa, Afghanistan & Pakistan (excluding high income)",MNA,"Life expectancy at birth, total (years)",SP.DYN.LE00.IN,2006,67.3815240346302
Montenegro,MNE,"Life expectancy at birth, total (years)",SP.DYN.LE00.IN,2006,73.8390243902439
Mongolia,MNG,"Life expectancy at birth, total (years)",SP.DYN.LE00.IN,2006,65.9021951219512
Northern Mariana Islands,MNP,"Life expectancy at birth, total (years)",SP.DYN.LE00.IN,2006,77.688
Mozambique,MOZ,"Life expectancy at birth, total (years)",SP.DYN.LE00.IN,2006,52.748
Mauritania,MRT,"Life expectancy at birth, total (years)",SP.DYN.LE00.IN,2006,64.493
Mauritius,MUS,"Life expectancy at birth, total (years)",SP.DYN.LE00.IN,2006,72.4321951219512
Malawi,MWI,"Life expectancy at birth, total (years)",SP.DYN.LE00.IN,2006,53.652
Malaysia,MYS,"Life expectancy at birth, total (years)",SP.DYN.LE00.IN,2006,74.697
North America,NAC,"Life expectancy at birth, total (years)",SP.DYN.LE00.IN,2006,77.9690402937581
Namibia,NAM,"Life expectancy at birth, total (years)",SP.DYN.LE00.IN,2006,53.183
New Caledonia,NCL,"Life expectancy at birth, total (years)",SP.DYN.LE00.IN,2006,75.016
Niger,NER,"Life expectancy at birth, total (years)",SP.DYN.LE00.IN,2006,54.223
Nigeria,NGA,"Life expectancy at birth, total (years)",SP.DYN.LE00.IN,2006,49.876
Nicaragua,NIC,"Life expectancy at birth, total (years)",SP.DYN.LE00.IN,2006,70.958
Netherlands,NLD,"Life expectancy at birth, total (years)",SP.DYN.LE00.IN,2006,79.6975609756098
Norway,NOR,"Life expectancy at birth, total (years)",SP.DYN.LE00.IN,2006,80.3439024390244
Nepal,NPL,"Life expectancy at birth, total (years)",SP.DYN.LE00.IN,2006,65.891
Nauru,NRU,"Life expectancy at birth, total (years)",SP.DYN.LE00.IN,2006,59.409
New Zealand,NZL,"Life expectancy at birth, total (years)",SP.DYN.LE00.IN,2006,80.0487804878049
OECD members,OED,"Life expectancy at birth, total (years)",SP.DYN.LE00.IN,2006,78.2501352258837
Oman,OMN,"Life expectancy at birth, total (years)",SP.DYN.LE00.IN,2006,75.354
Other small states,OSS,"Life expectancy at birth, total (years)",SP.DYN.LE00.IN,2006,67.8310957913256
Pakistan,PAK,"Life expectancy at birth, total (years)",SP.DYN.LE00.IN,2006,63.624
Panama,PAN,"Life expectancy at birth, total (years)",SP.DYN.LE00.IN,2006,75.429
Peru,PER,"Life expectancy at birth, total (years)",SP.DYN.LE00.IN,2006,72.337
Philippines,PHL,"Life expectancy at birth, total (years)",SP.DYN.LE00.IN,2006,68.172
Palau,PLW,"Life expectancy at birth, total (years)",SP.DYN.LE00.IN,2006,66.633
Papua New Guinea,PNG,"Life expectancy at birth, total (years)",SP.DYN.LE00.IN,2006,62.018
Poland,POL,"Life expectancy at birth, total (years)",SP.DYN.LE00.IN,2006,75.1439024390244
Pre-demographic dividend,PRE,"Life expectancy at birth, total (years)",SP.DYN.LE00.IN,2006,54.9720323472427
Puerto Rico (US),PRI,"Life expectancy at birth, total (years)",SP.DYN.LE00.IN,2006,77.561
"Korea, Dem. People's Rep.",PRK,"Life expectancy at birth, total (years)",SP.DYN.LE00.IN,2006,69.061
Portugal,PRT,"Life expectancy at birth, total (years)",SP.DYN.LE00.IN,2006,78.419512195122
Paraguay,PRY,"Life expectancy at birth, total (years)",SP.DYN.LE00.IN,2006,71.584
West Bank and Gaza,PSE,"Life expectancy at birth, total (years)",SP.DYN.LE00.IN,2006,71.831
Pacific island small states,PSS,"Life expectancy at birth, total (years)",SP.DYN.LE00.IN,2006,67.3577049121232
Post-demographic dividend,PST,"Life expectancy at birth, total (years)",SP.DYN.LE00.IN,2006,78.7291498117515
French Polynesia,PYF,"Life expectancy at birth, total (years)",SP.DYN.LE00.IN,2006,80.1
Qatar,QAT,"Life expectancy at birth, total (years)",SP.DYN.LE00.IN,2006,77.323
Romania,ROU,"Life expectancy at birth, total (years)",SP.DYN.LE00.IN,2006,72.1634146341463
Russian Federation,RUS,"Life expectancy at birth, total (years)",SP.DYN.LE00.IN,2006,66.7275609756098
Rwanda,RWA,"Life expectancy at birth, total (years)",SP.DYN.LE00.IN,2006,58.342
South Asia,SAS,"Life expectancy at birth, total (years)",SP.DYN.LE00.IN,2006,65.5691020177667
Saudi Arabia,SAU,"Life expectancy at birth, total (years)",SP.DYN.LE00.IN,2006,74.762
Sudan,SDN,"Life expectancy at birth, total (years)",SP.DYN.LE00.IN,2006,60.4
Senegal,SEN,"Life expectancy at birth, total (years)",SP.DYN.LE00.IN,2006,61.801
Singapore,SGP,"Life expectancy at birth, total (years)",SP.DYN.LE00.IN,2006,80.1414634146341
Solomon Islands,SLB,"Life expectancy at birth, total (years)",SP.DYN.LE00.IN,2006,67.968
Sierra Leone,SLE,"Life expectancy at birth, total (years)",SP.DYN.LE00.IN,2006,49.547
El Salvador,SLV,"Life expectancy at birth, total (years)",SP.DYN.LE00.IN,2006,69.612
San Marino,SMR,"Life expectancy at birth, total (years)",SP.DYN.LE00.IN,2006,82.258
"Somalia, Fed. Rep.",SOM,"Life expectancy at birth, total (years)",SP.DYN.LE00.IN,2006,50.915
Serbia,SRB,"Life expectancy at birth, total (years)",SP.DYN.LE00.IN,2006,73.3853658536585
Sub-Saharan Africa (excluding high income),SSA,"Life expectancy at birth, total (years)",SP.DYN.LE00.IN,2006,54.4972154483516
South Sudan,SSD,"Life expectancy at birth, total (years)",SP.DYN.LE00.IN,2006,54.653
Sub-Saharan Africa,SSF,"Life expectancy at birth, total (years)",SP.DYN.LE00.IN,2006,54.5902158474127
Small states,SST,"Life expectancy at birth, total (years)",SP.DYN.LE00.IN,2006,68.2773677005452
Sao Tome and Principe,STP,"Life expectancy at birth, total (years)",SP.DYN.LE00.IN,2006,63.041
Suriname,SUR,"Life expectancy at birth, total (years)",SP.DYN.LE00.IN,2006,67.643
Slovak Republic,SVK,"Life expectancy at birth, total (years)",SP.DYN.LE00.IN,2006,74.2048780487805
Slovenia,SVN,"Life expectancy at birth, total (years)",SP.DYN.LE00.IN,2006,78.0865853658537
Sweden,SWE,"Life expectancy at birth, total (years)",SP.DYN.LE00.IN,2006,80.7487804878049
Eswatini,SWZ,"Life expectancy at birth, total (years)",SP.DYN.LE00.IN,2006,44.563
Sint Maarten (Dutch part),SXM,"Life expectancy at birth, total (years)",SP.DYN.LE00.IN,2006,74.779
Seychelles,SYC,"Life expectancy at birth, total (years)",SP.DYN.LE00.IN,2006,72.2170731707317
Syrian Arab Republic,SYR,"Life expectancy at birth, total (years)",SP.DYN.LE00.IN,2006,73.04
Turks and Caicos Islands,TCA,"Life expectancy at birth, total (years)",SP.DYN.LE00.IN,2006,76.197
Chad,TCD,"Life expectancy at birth, total (years)",SP.DYN.LE00.IN,2006,48.747
East Asia & Pacific (IDA & IBRD countries),TEA,"Life expectancy at birth, total (years)",SP.DYN.LE00.IN,2006,72.6983447331159
Europe & Central Asia (IDA & IBRD countries),TEC,"Life expectancy at birth, total (years)",SP.DYN.LE00.IN,2006,69.6987479861711
Togo,TGO,"Life expectancy at birth, total (years)",SP.DYN.LE00.IN,2006,56.154
Thailand,THA,"Life expectancy at birth, total (years)",SP.DYN.LE00.IN,2006,73.341
Tajikistan,TJK,"Life expectancy at birth, total (years)",SP.DYN.LE00.IN,2006,66.997
Turkmenistan,TKM,"Life expectancy at birth, total (years)",SP.DYN.LE00.IN,2006,66.574
Latin America & the Caribbean (IDA & IBRD countries),TLA,"Life expectancy at birth, total (years)",SP.DYN.LE00.IN,2006,72.7029489273067
Timor-Leste,TLS,"Life expectancy at birth, total (years)",SP.DYN.LE00.IN,2006,61.881
"Middle East, North Africa, Afghanistan & Pakistan (IDA & IBRD)",TMN,"Life expectancy at birth, total (years)",SP.DYN.LE00.IN,2006,67.3526959987589
Tonga,TON,"Life expectancy at birth, total (years)",SP.DYN.LE00.IN,2006,70.71
South Asia (IDA & IBRD),TSA,"Life expectancy at birth, total (years)",SP.DYN.LE00.IN,2006,65.5691020177667
Sub-Saharan Africa (IDA & IBRD countries),TSS,"Life expectancy at birth, total (years)",SP.DYN.LE00.IN,2006,54.5902158474127
Trinidad and Tobago,TTO,"Life expectancy at birth, total (years)",SP.DYN.LE00.IN,2006,70.437
Tunisia,TUN,"Life expectancy at birth, total (years)",SP.DYN.LE00.IN,2006,73.888
Turkiye,TUR,"Life expectancy at birth, total (years)",SP.DYN.LE00.IN,2006,73.804
Tuvalu,TUV,"Life expectancy at birth, total (years)",SP.DYN.LE00.IN,2006,64.247
Tanzania,TZA,"Life expectancy at birth, total (years)",SP.DYN.LE00.IN,2006,58.512
Uganda,UGA,"Life expectancy at birth, total (years)",SP.DYN.LE00.IN,2006,56.118
Ukraine,UKR,"Life expectancy at birth, total (years)",SP.DYN.LE00.IN,2006,67.49
Upper middle income,UMC,"Life expectancy at birth, total (years)",SP.DYN.LE00.IN,2006,72.5738691375552
Uruguay,URY,"Life expectancy at birth, total (years)",SP.DYN.LE00.IN,2006,75.888
United States,USA,"Life expectancy at birth, total (years)",SP.DYN.LE00.IN,2006,77.6878048780488
Uzbekistan,UZB,"Life expectancy at birth, total (years)",SP.DYN.LE00.IN,2006,67.905
St. Vincent and the Grenadines,VCT,"Life expectancy at birth, total (years)",SP.DYN.LE00.IN,2006,70.434
"Venezuela, RB",VEN,"Life expectancy at birth, total (years)",SP.DYN.LE00.IN,2006,72.972
British Virgin Islands,VGB,"Life expectancy at birth, total (years)",SP.DYN.LE00.IN,2006,75.745
Virgin Islands (U.S.),VIR,"Life expectancy at birth, total (years)",SP.DYN.LE00.IN,2006,78.3243902439024
Viet Nam,VNM,"Life expectancy at birth, total (years)",SP.DYN.LE00.IN,2006,73.293
Vanuatu,VUT,"Life expectancy at birth, total (years)",SP.DYN.LE00.IN,2006,69.126
World,WLD,"Life expectancy at birth, total (years)",SP.DYN.LE00.IN,2006,69.4681205527323
Samoa,WSM,"Life expectancy at birth, total (years)",SP.DYN.LE00.IN,2006,71.62
Kosovo,XKX,"Life expectancy at birth, total (years)",SP.DYN.LE00.IN,2006,73.63
"Yemen, Rep.",YEM,"Life expectancy at birth, total (years)",SP.DYN.LE00.IN,2006,65.8
South Africa,ZAF,"Life expectancy at birth, total (years)",SP.DYN.LE00.IN,2006,54.22
Zambia,ZMB,"Life expectancy at birth, total (years)",SP.DYN.LE00.IN,2006,52.693
Zimbabwe,ZWE,"Life expectancy at birth, total (years)",SP.DYN.LE00.IN,2006,47.056
Aruba,ABW,"Life expectancy at birth, total (years)",SP.DYN.LE00.IN,2007,73.642
Africa Eastern and Southern,AFE,"Life expectancy at birth, total (years)",SP.DYN.LE00.IN,2007,56.4843531784534
Afghanistan,AFG,"Life expectancy at birth, total (years)",SP.DYN.LE00.IN,2007,58.956
Africa Western and Central,AFW,"Life expectancy at birth, total (years)",SP.DYN.LE00.IN,2007,53.4826715613815
Angola,AGO,"Life expectancy at birth, total (years)",SP.DYN.LE00.IN,2007,54.2
Albania,ALB,"Life expectancy at birth, total (years)",SP.DYN.LE00.IN,2007,77.691
Andorra,AND,"Life expectancy at birth, total (years)",SP.DYN.LE00.IN,2007,83.632
Arab World,ARB,"Life expectancy at birth, total (years)",SP.DYN.LE00.IN,2007,68.8792264386993
United Arab Emirates,ARE,"Life expectancy at birth, total (years)",SP.DYN.LE00.IN,2007,81.438
Argentina,ARG,"Life expectancy at birth, total (years)",SP.DYN.LE00.IN,2007,74.783
Armenia,ARM,"Life expectancy at birth, total (years)",SP.DYN.LE00.IN,2007,72.8731707317073
American Samoa,ASM,"Life expectancy at birth, total (years)",SP.DYN.LE00.IN,2007,72.365
Antigua and Barbuda,ATG,"Life expectancy at birth, total (years)",SP.DYN.LE00.IN,2007,75.72
Australia,AUS,"Life expectancy at birth, total (years)",SP.DYN.LE00.IN,2007,81.2926829268293
Austria,AUT,"Life expectancy at birth, total (years)",SP.DYN.LE00.IN,2007,80.1804878048781
Azerbaijan,AZE,"Life expectancy at birth, total (years)",SP.DYN.LE00.IN,2007,68.659
Burundi,BDI,"Life expectancy at birth, total (years)",SP.DYN.LE00.IN,2007,54.832
Belgium,BEL,"Life expectancy at birth, total (years)",SP.DYN.LE00.IN,2007,79.7829268292683
Benin,BEN,"Life expectancy at birth, total (years)",SP.DYN.LE00.IN,2007,58.249
Burkina Faso,BFA,"Life expectancy at birth, total (years)",SP.DYN.LE00.IN,2007,54.377
Bangladesh,BGD,"Life expectancy at birth, total (years)",SP.DYN.LE00.IN,2007,66.458
Bulgaria,BGR,"Life expectancy at birth, total (years)",SP.DYN.LE00.IN,2007,72.6634146341463
Bahrain,BHR,"Life expectancy at birth, total (years)",SP.DYN.LE00.IN,2007,76.952
"Bahamas, The",BHS,"Life expectancy at birth, total (years)",SP.DYN.LE00.IN,2007,73.463
Bosnia and Herzegovina,BIH,"Life expectancy at birth, total (years)",SP.DYN.LE00.IN,2007,76.162
Belarus,BLR,"Life expectancy at birth, total (years)",SP.DYN.LE00.IN,2007,70.2073170731707
Belize,BLZ,"Life expectancy at birth, total (years)",SP.DYN.LE00.IN,2007,70.652
Bermuda,BMU,"Life expectancy at birth, total (years)",SP.DYN.LE00.IN,2007,79.006
Bolivia,BOL,"Life expectancy at birth, total (years)",SP.DYN.LE00.IN,2007,64.939
Brazil,BRA,"Life expectancy at birth, total (years)",SP.DYN.LE00.IN,2007,72.73
Barbados,BRB,"Life expectancy at birth, total (years)",SP.DYN.LE00.IN,2007,75.263
Brunei Darussalam,BRN,"Life expectancy at birth, total (years)",SP.DYN.LE00.IN,2007,74.793
Bhutan,BTN,"Life expectancy at birth, total (years)",SP.DYN.LE00.IN,2007,67.152
Botswana,BWA,"Life expectancy at birth, total (years)",SP.DYN.LE00.IN,2007,56.735
Central African Republic,CAF,"Life expectancy at birth, total (years)",SP.DYN.LE00.IN,2007,49.327
Canada,CAN,"Life expectancy at birth, total (years)",SP.DYN.LE00.IN,2007,80.5436585365854
Central Europe and the Baltics,CEB,"Life expectancy at birth, total (years)",SP.DYN.LE00.IN,2007,74.2506487210769
Switzerland,CHE,"Life expectancy at birth, total (years)",SP.DYN.LE00.IN,2007,81.7414634146342
Channel Islands,CHI,"Life expectancy at birth, total (years)",SP.DYN.LE00.IN,2007,80.6
Chile,CHL,"Life expectancy at birth, total (years)",SP.DYN.LE00.IN,2007,78.652
China,CHN,"Life expectancy at birth, total (years)",SP.DYN.LE00.IN,2007,74.789
Cote d'Ivoire,CIV,"Life expectancy at birth, total (years)",SP.DYN.LE00.IN,2007,53.452
Cameroon,CMR,"Life expectancy at birth, total (years)",SP.DYN.LE00.IN,2007,55.71
"Congo, Dem. Rep.",COD,"Life expectancy at birth, total (years)",SP.DYN.LE00.IN,2007,54.954
"Congo, Rep.",COG,"Life expectancy at birth, total (years)",SP.DYN.LE00.IN,2007,60.05
Colombia,COL,"Life expectancy at birth, total (years)",SP.DYN.LE00.IN,2007,73.751
Comoros,COM,"Life expectancy at birth, total (years)",SP.DYN.LE00.IN,2007,61.475
Cabo Verde,CPV,"Life expectancy at birth, total (years)",SP.DYN.LE00.IN,2007,71.487
Costa Rica,CRI,"Life expectancy at birth, total (years)",SP.DYN.LE00.IN,2007,79.098
Caribbean small states,CSS,"Life expectancy at birth, total (years)",SP.DYN.LE00.IN,2007,70.2937333399205
Cuba,CUB,"Life expectancy at birth, total (years)",SP.DYN.LE00.IN,2007,77.55
Curacao,CUW,"Life expectancy at birth, total (years)",SP.DYN.LE00.IN,2007,74.137
Cayman Islands,CYM,"Life expectancy at birth, total (years)",SP.DYN.LE00.IN,2007,75.152
Cyprus,CYP,"Life expectancy at birth, total (years)",SP.DYN.LE00.IN,2007,79.798
Czechia,CZE,"Life expectancy at birth, total (years)",SP.DYN.LE00.IN,2007,76.7243902439025
Germany,DEU,"Life expectancy at birth, total (years)",SP.DYN.LE00.IN,2007,79.5341463414634
Djibouti,DJI,"Life expectancy at birth, total (years)",SP.DYN.LE00.IN,2007,59.362
Dominica,DMA,"Life expectancy at birth, total (years)",SP.DYN.LE00.IN,2007,71.901
Denmark,DNK,"Life expectancy at birth, total (years)",SP.DYN.LE00.IN,2007,78.1951219512195
Dominican Republic,DOM,"Life expectancy at birth, total (years)",SP.DYN.LE00.IN,2007,71.097
Algeria,DZA,"Life expectancy at birth, total (years)",SP.DYN.LE00.IN,2007,73.346
East Asia & Pacific (excluding high income),EAP,"Life expectancy at birth, total (years)",SP.DYN.LE00.IN,2007,72.9937536648265
Early-demographic dividend,EAR,"Life expectancy at birth, total (years)",SP.DYN.LE00.IN,2007,66.7605467353128
East Asia & Pacific,EAS,"Life expectancy at birth, total (years)",SP.DYN.LE00.IN,2007,73.8948513504332
Europe & Central Asia (excluding high income),ECA,"Life expectancy at birth, total (years)",SP.DYN.LE00.IN,2007,70.5579786921334
Europe & Central Asia,ECS,"Life expectancy at birth, total (years)",SP.DYN.LE00.IN,2007,75.0086537519123
Ecuador,ECU,"Life expectancy at birth, total (years)",SP.DYN.LE00.IN,2007,74.226
"Egypt, Arab Rep.",EGY,"Life expectancy at birth, total (years)",SP.DYN.LE00.IN,2007,68.627
Euro area,EMU,"Life expectancy at birth, total (years)",SP.DYN.LE00.IN,2007,80.0477786971357
Eritrea,ERI,"Life expectancy at birth, total (years)",SP.DYN.LE00.IN,2007,61.998
Spain,ESP,"Life expectancy at birth, total (years)",SP.DYN.LE00.IN,2007,80.8731707317073
Estonia,EST,"Life expectancy at birth, total (years)",SP.DYN.LE00.IN,2007,72.8146341463415
Ethiopia,ETH,"Life expectancy at birth, total (years)",SP.DYN.LE00.IN,2007,56.566
European Union,EUU,"Life expectancy at birth, total (years)",SP.DYN.LE00.IN,2007,78.9060450955774
Fragile and conflict affected situations,FCS,"Life expectancy at birth, total (years)",SP.DYN.LE00.IN,2007,58.1095746645354
Finland,FIN,"Life expectancy at birth, total (years)",SP.DYN.LE00.IN,2007,79.2634146341464
Fiji,FJI,"Life expectancy at birth, total (years)",SP.DYN.LE00.IN,2007,66.161
France,FRA,"Life expectancy at birth, total (years)",SP.DYN.LE00.IN,2007,81.1121951219512
Faroe Islands,FRO,"Life expectancy at birth, total (years)",SP.DYN.LE00.IN,2007,79.9238243902439
"Micronesia, Fed. Sts.",FSM,"Life expectancy at birth, total (years)",SP.DYN.LE00.IN,2007,64.844
Gabon,GAB,"Life expectancy at birth, total (years)",SP.DYN.LE00.IN,2007,63.619
United Kingdom,GBR,"Life expectancy at birth, total (years)",SP.DYN.LE00.IN,2007,79.4487804878049
Georgia,GEO,"Life expectancy at birth, total (years)",SP.DYN.LE00.IN,2007,70.985
Ghana,GHA,"Life expectancy at birth, total (years)",SP.DYN.LE00.IN,2007,60.282
Gibraltar,GIB,"Life expectancy at birth, total (years)",SP.DYN.LE00.IN,2007,81.269
Guinea,GIN,"Life expectancy at birth, total (years)",SP.DYN.LE00.IN,2007,55.233
"Gambia, The",GMB,"Life expectancy at birth, total (years)",SP.DYN.LE00.IN,2007,60.001
Guinea-Bissau,GNB,"Life expectancy at birth, total (years)",SP.DYN.LE00.IN,2007,54.87
Equatorial Guinea,GNQ,"Life expectancy at birth, total (years)",SP.DYN.LE00.IN,2007,56.857
Greece,GRC,"Life expectancy at birth, total (years)",SP.DYN.LE00.IN,2007,79.4390243902439
Grenada,GRD,"Life expectancy at birth, total (years)",SP.DYN.LE00.IN,2007,74.159
Greenland,GRL,"Life expectancy at birth, total (years)",SP.DYN.LE00.IN,2007,68.2739024390244
Guatemala,GTM,"Life expectancy at birth, total (years)",SP.DYN.LE00.IN,2007,69.299
Guam,GUM,"Life expectancy at birth, total (years)",SP.DYN.LE00.IN,2007,76.397
Guyana,GUY,"Life expectancy at birth, total (years)",SP.DYN.LE00.IN,2007,65.462
High income,HIC,"Life expectancy at birth, total (years)",SP.DYN.LE00.IN,2007,77.8631136411291
"Hong Kong SAR, China",HKG,"Life expectancy at birth, total (years)",SP.DYN.LE00.IN,2007,82.3668292682927
Honduras,HND,"Life expectancy at birth, total (years)",SP.DYN.LE00.IN,2007,69.539
Heavily indebted poor countries (HIPC),HPC,"Life expectancy at birth, total (years)",SP.DYN.LE00.IN,2007,57.2460673496322
Croatia,HRV,"Life expectancy at birth, total (years)",SP.DYN.LE00.IN,2007,75.7056097560976
Haiti,HTI,"Life expectancy at birth, total (years)",SP.DYN.LE00.IN,2007,61.09
Hungary,HUN,"Life expectancy at birth, total (years)",SP.DYN.LE00.IN,2007,73.1512195121951
IBRD only,IBD,"Life expectancy at birth, total (years)",SP.DYN.LE00.IN,2007,70.5142450680001
IDA & IBRD total,IBT,"Life expectancy at birth, total (years)",SP.DYN.LE00.IN,2007,67.9660980961277
IDA total,IDA,"Life expectancy at birth, total (years)",SP.DYN.LE00.IN,2007,59.7940488831573
IDA blend,IDB,"Life expectancy at birth, total (years)",SP.DYN.LE00.IN,2007,58.0600906051007
Indonesia,IDN,"Life expectancy at birth, total (years)",SP.DYN.LE00.IN,2007,67.914
IDA only,IDX,"Life expectancy at birth, total (years)",SP.DYN.LE00.IN,2007,60.7306991735219
Isle of Man,IMN,"Life expectancy at birth, total (years)",SP.DYN.LE00.IN,2007,78.451
India,IND,"Life expectancy at birth, total (years)",SP.DYN.LE00.IN,2007,65.803
Ireland,IRL,"Life expectancy at birth, total (years)",SP.DYN.LE00.IN,2007,79.6414634146341
"Iran, Islamic Rep.",IRN,"Life expectancy at birth, total (years)",SP.DYN.LE00.IN,2007,73.299
Iraq,IRQ,"Life expectancy at birth, total (years)",SP.DYN.LE00.IN,2007,64.428
Iceland,ISL,"Life expectancy at birth, total (years)",SP.DYN.LE00.IN,2007,81.4536585365854
Israel,ISR,"Life expectancy at birth, total (years)",SP.DYN.LE00.IN,2007,80.5048780487805
Italy,ITA,"Life expectancy at birth, total (years)",SP.DYN.LE00.IN,2007,81.4341463414634
Jamaica,JAM,"Life expectancy at birth, total (years)",SP.DYN.LE00.IN,2007,71.405
Jordan,JOR,"Life expectancy at birth, total (years)",SP.DYN.LE00.IN,2007,73.407
Japan,JPN,"Life expectancy at birth, total (years)",SP.DYN.LE00.IN,2007,82.5070731707317
Kazakhstan,KAZ,"Life expectancy at birth, total (years)",SP.DYN.LE00.IN,2007,66.18
Kenya,KEN,"Life expectancy at birth, total (years)",SP.DYN.LE00.IN,2007,59.407
Kyrgyz Republic,KGZ,"Life expectancy at birth, total (years)",SP.DYN.LE00.IN,2007,67.8951219512195
Cambodia,KHM,"Life expectancy at birth, total (years)",SP.DYN.LE00.IN,2007,65.549
Kiribati,KIR,"Life expectancy at birth, total (years)",SP.DYN.LE00.IN,2007,65.677
St. Kitts and Nevis,KNA,"Life expectancy at birth, total (years)",SP.DYN.LE00.IN,2007,71.437
"Korea, Rep.",KOR,"Life expectancy at birth, total (years)",SP.DYN.LE00.IN,2007,79.119512195122
Kuwait,KWT,"Life expectancy at birth, total (years)",SP.DYN.LE00.IN,2007,77.0101707317073
Latin America & Caribbean (excluding high income),LAC,"Life expectancy at birth, total (years)",SP.DYN.LE00.IN,2007,72.7478219327265
Lao PDR,LAO,"Life expectancy at birth, total (years)",SP.DYN.LE00.IN,2007,61.694
Lebanon,LBN,"Life expectancy at birth, total (years)",SP.DYN.LE00.IN,2007,76.732
Liberia,LBR,"Life expectancy at birth, total (years)",SP.DYN.LE00.IN,2007,58.147
Libya,LBY,"Life expectancy at birth, total (years)",SP.DYN.LE00.IN,2007,71.788
St. Lucia,LCA,"Life expectancy at birth, total (years)",SP.DYN.LE00.IN,2007,72.86
Latin America & Caribbean,LCN,"Life expectancy at birth, total (years)",SP.DYN.LE00.IN,2007,73.0593298775944
Least developed countries: UN classification,LDC,"Life expectancy at birth, total (years)",SP.DYN.LE00.IN,2007,59.6122206860514
Low income,LIC,"Life expectancy at birth, total (years)",SP.DYN.LE00.IN,2007,58.512084060261
Liechtenstein,LIE,"Life expectancy at birth, total (years)",SP.DYN.LE00.IN,2007,81.2951219512195
Sri Lanka,LKA,"Life expectancy at birth, total (years)",SP.DYN.LE00.IN,2007,72.983
Lower middle income,LMC,"Life expectancy at birth, total (years)",SP.DYN.LE00.IN,2007,64.4872672407541
Low & middle income,LMY,"Life expectancy at birth, total (years)",SP.DYN.LE00.IN,2007,68.017458734688
Lesotho,LSO,"Life expectancy at birth, total (years)",SP.DYN.LE00.IN,2007,43.66
Late-demographic dividend,LTE,"Life expectancy at birth, total (years)",SP.DYN.LE00.IN,2007,73.7749281005029
Lithuania,LTU,"Life expectancy at birth, total (years)",SP.DYN.LE00.IN,2007,70.9
Luxembourg,LUX,"Life expectancy at birth, total (years)",SP.DYN.LE00.IN,2007,79.3829268292683
Latvia,LVA,"Life expectancy at birth, total (years)",SP.DYN.LE00.IN,2007,71.019512195122
"Macao SAR, China",MAC,"Life expectancy at birth, total (years)",SP.DYN.LE00.IN,2007,81.7292682926829
St. Martin (French part),MAF,"Life expectancy at birth, total (years)",SP.DYN.LE00.IN,2007,78.16
Morocco,MAR,"Life expectancy at birth, total (years)",SP.DYN.LE00.IN,2007,69.62
Monaco,MCO,"Life expectancy at birth, total (years)",SP.DYN.LE00.IN,2007,83.903
Moldova,MDA,"Life expectancy at birth, total (years)",SP.DYN.LE00.IN,2007,68.674
Madagascar,MDG,"Life expectancy at birth, total (years)",SP.DYN.LE00.IN,2007,61.533
Maldives,MDV,"Life expectancy at birth, total (years)",SP.DYN.LE00.IN,2007,75.711
"Middle East, North Africa, Afghanistan & Pakistan",MEA,"Life expectancy at birth, total (years)",SP.DYN.LE00.IN,2007,68.346588319376
Mexico,MEX,"Life expectancy at birth, total (years)",SP.DYN.LE00.IN,2007,73.796
Marshall Islands,MHL,"Life expectancy at birth, total (years)",SP.DYN.LE00.IN,2007,64.259
Middle income,MIC,"Life expectancy at birth, total (years)",SP.DYN.LE00.IN,2007,68.7774099788513
North Macedonia,MKD,"Life expectancy at birth, total (years)",SP.DYN.LE00.IN,2007,73.8
Mali,MLI,"Life expectancy at birth, total (years)",SP.DYN.LE00.IN,2007,54.756
Malta,MLT,"Life expectancy at birth, total (years)",SP.DYN.LE00.IN,2007,79.7926829268293
Myanmar,MMR,"Life expectancy at birth, total (years)",SP.DYN.LE00.IN,2007,62.367
"Middle East, North Africa, Afghanistan & Pakistan (excluding high income)",MNA,"Life expectancy at birth, total (years)",SP.DYN.LE00.IN,2007,67.6503603993861
Montenegro,MNE,"Life expectancy at birth, total (years)",SP.DYN.LE00.IN,2007,74.3390243902439
Mongolia,MNG,"Life expectancy at birth, total (years)",SP.DYN.LE00.IN,2007,66.5934146341464
Northern Mariana Islands,MNP,"Life expectancy at birth, total (years)",SP.DYN.LE00.IN,2007,77.863
Mozambique,MOZ,"Life expectancy at birth, total (years)",SP.DYN.LE00.IN,2007,53.255
Mauritania,MRT,"Life expectancy at birth, total (years)",SP.DYN.LE00.IN,2007,64.885
Mauritius,MUS,"Life expectancy at birth, total (years)",SP.DYN.LE00.IN,2007,72.5707317073171
Malawi,MWI,"Life expectancy at birth, total (years)",SP.DYN.LE00.IN,2007,54.687
Malaysia,MYS,"Life expectancy at birth, total (years)",SP.DYN.LE00.IN,2007,74.961
North America,NAC,"Life expectancy at birth, total (years)",SP.DYN.LE00.IN,2007,78.2395331531403
Namibia,NAM,"Life expectancy at birth, total (years)",SP.DYN.LE00.IN,2007,54.026
New Caledonia,NCL,"Life expectancy at birth, total (years)",SP.DYN.LE00.IN,2007,75.181
Niger,NER,"Life expectancy at birth, total (years)",SP.DYN.LE00.IN,2007,55.063
Nigeria,NGA,"Life expectancy at birth, total (years)",SP.DYN.LE00.IN,2007,50.381
Nicaragua,NIC,"Life expectancy at birth, total (years)",SP.DYN.LE00.IN,2007,71.197
Netherlands,NLD,"Life expectancy at birth, total (years)",SP.DYN.LE00.IN,2007,80.0975609756098
Norway,NOR,"Life expectancy at birth, total (years)",SP.DYN.LE00.IN,2007,80.3951219512195
Nepal,NPL,"Life expectancy at birth, total (years)",SP.DYN.LE00.IN,2007,66.169
Nauru,NRU,"Life expectancy at birth, total (years)",SP.DYN.LE00.IN,2007,59.49
New Zealand,NZL,"Life expectancy at birth, total (years)",SP.DYN.LE00.IN,2007,80.1512195121951
OECD members,OED,"Life expectancy at birth, total (years)",SP.DYN.LE00.IN,2007,78.4729454763553
Oman,OMN,"Life expectancy at birth, total (years)",SP.DYN.LE00.IN,2007,75.596
Other small states,OSS,"Life expectancy at birth, total (years)",SP.DYN.LE00.IN,2007,68.1699901591828
Pakistan,PAK,"Life expectancy at birth, total (years)",SP.DYN.LE00.IN,2007,63.807
Panama,PAN,"Life expectancy at birth, total (years)",SP.DYN.LE00.IN,2007,75.675
Peru,PER,"Life expectancy at birth, total (years)",SP.DYN.LE00.IN,2007,72.746
Philippines,PHL,"Life expectancy at birth, total (years)",SP.DYN.LE00.IN,2007,68.549
Palau,PLW,"Life expectancy at birth, total (years)",SP.DYN.LE00.IN,2007,67.113
Papua New Guinea,PNG,"Life expectancy at birth, total (years)",SP.DYN.LE00.IN,2007,62.211
Poland,POL,"Life expectancy at birth, total (years)",SP.DYN.LE00.IN,2007,75.2439024390244
Pre-demographic dividend,PRE,"Life expectancy at birth, total (years)",SP.DYN.LE00.IN,2007,55.5508849373718
Puerto Rico (US),PRI,"Life expectancy at birth, total (years)",SP.DYN.LE00.IN,2007,77.659
"Korea, Dem. People's Rep.",PRK,"Life expectancy at birth, total (years)",SP.DYN.LE00.IN,2007,69.021
Portugal,PRT,"Life expectancy at birth, total (years)",SP.DYN.LE00.IN,2007,78.3219512195122
Paraguay,PRY,"Life expectancy at birth, total (years)",SP.DYN.LE00.IN,2007,71.817
West Bank and Gaza,PSE,"Life expectancy at birth, total (years)",SP.DYN.LE00.IN,2007,72.064
Pacific island small states,PSS,"Life expectancy at birth, total (years)",SP.DYN.LE00.IN,2007,67.3668379536838
Post-demographic dividend,PST,"Life expectancy at birth, total (years)",SP.DYN.LE00.IN,2007,78.9805173339684
French Polynesia,PYF,"Life expectancy at birth, total (years)",SP.DYN.LE00.IN,2007,80.328
Qatar,QAT,"Life expectancy at birth, total (years)",SP.DYN.LE00.IN,2007,77.741
Romania,ROU,"Life expectancy at birth, total (years)",SP.DYN.LE00.IN,2007,72.5658536585366
Russian Federation,RUS,"Life expectancy at birth, total (years)",SP.DYN.LE00.IN,2007,67.5868292682927
Rwanda,RWA,"Life expectancy at birth, total (years)",SP.DYN.LE00.IN,2007,59.504
South Asia,SAS,"Life expectancy at birth, total (years)",SP.DYN.LE00.IN,2007,65.9890229742237
Saudi Arabia,SAU,"Life expectancy at birth, total (years)",SP.DYN.LE00.IN,2007,75.066
Sudan,SDN,"Life expectancy at birth, total (years)",SP.DYN.LE00.IN,2007,61.442
Senegal,SEN,"Life expectancy at birth, total (years)",SP.DYN.LE00.IN,2007,62.653
Singapore,SGP,"Life expectancy at birth, total (years)",SP.DYN.LE00.IN,2007,80.4414634146342
Solomon Islands,SLB,"Life expectancy at birth, total (years)",SP.DYN.LE00.IN,2007,67.845
Sierra Leone,SLE,"Life expectancy at birth, total (years)",SP.DYN.LE00.IN,2007,50.024
El Salvador,SLV,"Life expectancy at birth, total (years)",SP.DYN.LE00.IN,2007,69.82
San Marino,SMR,"Life expectancy at birth, total (years)",SP.DYN.LE00.IN,2007,82.605
"Somalia, Fed. Rep.",SOM,"Life expectancy at birth, total (years)",SP.DYN.LE00.IN,2007,50.885
Serbia,SRB,"Life expectancy at birth, total (years)",SP.DYN.LE00.IN,2007,73.6317073170732
Sub-Saharan Africa (excluding high income),SSA,"Life expectancy at birth, total (years)",SP.DYN.LE00.IN,2007,55.1151614415637
South Sudan,SSD,"Life expectancy at birth, total (years)",SP.DYN.LE00.IN,2007,55.425
Sub-Saharan Africa,SSF,"Life expectancy at birth, total (years)",SP.DYN.LE00.IN,2007,55.2634222428768
Small states,SST,"Life expectancy at birth, total (years)",SP.DYN.LE00.IN,2007,68.5761118394504
Sao Tome and Principe,STP,"Life expectancy at birth, total (years)",SP.DYN.LE00.IN,2007,63.336
Suriname,SUR,"Life expectancy at birth, total (years)",SP.DYN.LE00.IN,2007,68.307
Slovak Republic,SVK,"Life expectancy at birth, total (years)",SP.DYN.LE00.IN,2007,74.2073170731707
Slovenia,SVN,"Life expectancy at birth, total (years)",SP.DYN.LE00.IN,2007,78.5609756097561
Sweden,SWE,"Life expectancy at birth, total (years)",SP.DYN.LE00.IN,2007,80.9
Eswatini,SWZ,"Life expectancy at birth, total (years)",SP.DYN.LE00.IN,2007,45.16
Sint Maarten (Dutch part),SXM,"Life expectancy at birth, total (years)",SP.DYN.LE00.IN,2007,74.812
Seychelles,SYC,"Life expectancy at birth, total (years)",SP.DYN.LE00.IN,2007,73.1439024390244
Syrian Arab Republic,SYR,"Life expectancy at birth, total (years)",SP.DYN.LE00.IN,2007,73.256
Turks and Caicos Islands,TCA,"Life expectancy at birth, total (years)",SP.DYN.LE00.IN,2007,76.427
Chad,TCD,"Life expectancy at birth, total (years)",SP.DYN.LE00.IN,2007,49.21
East Asia & Pacific (IDA & IBRD countries),TEA,"Life expectancy at birth, total (years)",SP.DYN.LE00.IN,2007,73.0450331089394
Europe & Central Asia (IDA & IBRD countries),TEC,"Life expectancy at birth, total (years)",SP.DYN.LE00.IN,2007,70.1803431982885
Togo,TGO,"Life expectancy at birth, total (years)",SP.DYN.LE00.IN,2007,56.395
Thailand,THA,"Life expectancy at birth, total (years)",SP.DYN.LE00.IN,2007,73.779
Tajikistan,TJK,"Life expectancy at birth, total (years)",SP.DYN.LE00.IN,2007,67.405
Turkmenistan,TKM,"Life expectancy at birth, total (years)",SP.DYN.LE00.IN,2007,67.02
Latin America & the Caribbean (IDA & IBRD countries),TLA,"Life expectancy at birth, total (years)",SP.DYN.LE00.IN,2007,72.9337716205704
Timor-Leste,TLS,"Life expectancy at birth, total (years)",SP.DYN.LE00.IN,2007,62.396
"Middle East, North Africa, Afghanistan & Pakistan (IDA & IBRD)",TMN,"Life expectancy at birth, total (years)",SP.DYN.LE00.IN,2007,67.6216572647968
Tonga,TON,"Life expectancy at birth, total (years)",SP.DYN.LE00.IN,2007,70.887
South Asia (IDA & IBRD),TSA,"Life expectancy at birth, total (years)",SP.DYN.LE00.IN,2007,65.9890229742236
Sub-Saharan Africa (IDA & IBRD countries),TSS,"Life expectancy at birth, total (years)",SP.DYN.LE00.IN,2007,55.2634222428768
Trinidad and Tobago,TTO,"Life expectancy at birth, total (years)",SP.DYN.LE00.IN,2007,70.797
Tunisia,TUN,"Life expectancy at birth, total (years)",SP.DYN.LE00.IN,2007,74.039
Turkiye,TUR,"Life expectancy at birth, total (years)",SP.DYN.LE00.IN,2007,74.129
Tuvalu,TUV,"Life expectancy at birth, total (years)",SP.DYN.LE00.IN,2007,64.402
Tanzania,TZA,"Life expectancy at birth, total (years)",SP.DYN.LE00.IN,2007,59.26
Uganda,UGA,"Life expectancy at birth, total (years)",SP.DYN.LE00.IN,2007,57.248
Ukraine,UKR,"Life expectancy at birth, total (years)",SP.DYN.LE00.IN,2007,67.715
Upper middle income,UMC,"Life expectancy at birth, total (years)",SP.DYN.LE00.IN,2007,72.912796750858
Uruguay,URY,"Life expectancy at birth, total (years)",SP.DYN.LE00.IN,2007,76.15
United States,USA,"Life expectancy at birth, total (years)",SP.DYN.LE00.IN,2007,77.9878048780488
Uzbekistan,UZB,"Life expectancy at birth, total (years)",SP.DYN.LE00.IN,2007,68.483
St. Vincent and the Grenadines,VCT,"Life expectancy at birth, total (years)",SP.DYN.LE00.IN,2007,70.446
"Venezuela, RB",VEN,"Life expectancy at birth, total (years)",SP.DYN.LE00.IN,2007,73.348
British Virgin Islands,VGB,"Life expectancy at birth, total (years)",SP.DYN.LE00.IN,2007,75.893
Virgin Islands (U.S.),VIR,"Life expectancy at birth, total (years)",SP.DYN.LE00.IN,2007,76.8634146341463
Viet Nam,VNM,"Life expectancy at birth, total (years)",SP.DYN.LE00.IN,2007,73.385
Vanuatu,VUT,"Life expectancy at birth, total (years)",SP.DYN.LE00.IN,2007,69.144
World,WLD,"Life expectancy at birth, total (years)",SP.DYN.LE00.IN,2007,69.8041031820031
Samoa,WSM,"Life expectancy at birth, total (years)",SP.DYN.LE00.IN,2007,71.605
Kosovo,XKX,"Life expectancy at birth, total (years)",SP.DYN.LE00.IN,2007,74.422
"Yemen, Rep.",YEM,"Life expectancy at birth, total (years)",SP.DYN.LE00.IN,2007,66.23
South Africa,ZAF,"Life expectancy at birth, total (years)",SP.DYN.LE00.IN,2007,54.948
Zambia,ZMB,"Life expectancy at birth, total (years)",SP.DYN.LE00.IN,2007,53.73
Zimbabwe,ZWE,"Life expectancy at birth, total (years)",SP.DYN.LE00.IN,2007,47.576
Aruba,ABW,"Life expectancy at birth, total (years)",SP.DYN.LE00.IN,2008,73.783
Africa Eastern and Southern,AFE,"Life expectancy at birth, total (years)",SP.DYN.LE00.IN,2008,57.2401063228798
Afghanistan,AFG,"Life expectancy at birth, total (years)",SP.DYN.LE00.IN,2008,59.708
Africa Western and Central,AFW,"Life expectancy at birth, total (years)",SP.DYN.LE00.IN,2008,53.9164834232944
Angola,AGO,"Life expectancy at birth, total (years)",SP.DYN.LE00.IN,2008,55.281
Albania,ALB,"Life expectancy at birth, total (years)",SP.DYN.LE00.IN,2008,78.248
Andorra,AND,"Life expectancy at birth, total (years)",SP.DYN.LE00.IN,2008,83.855
Arab World,ARB,"Life expectancy at birth, total (years)",SP.DYN.LE00.IN,2008,69.2581327561764
United Arab Emirates,ARE,"Life expectancy at birth, total (years)",SP.DYN.LE00.IN,2008,81.591
Argentina,ARG,"Life expectancy at birth, total (years)",SP.DYN.LE00.IN,2008,75.428
Armenia,ARM,"Life expectancy at birth, total (years)",SP.DYN.LE00.IN,2008,73.0731707317073
American Samoa,ASM,"Life expectancy at birth, total (years)",SP.DYN.LE00.IN,2008,72.43
Antigua and Barbuda,ATG,"Life expectancy at birth, total (years)",SP.DYN.LE00.IN,2008,76.075
Australia,AUS,"Life expectancy at birth, total (years)",SP.DYN.LE00.IN,2008,81.3951219512195
Austria,AUT,"Life expectancy at birth, total (years)",SP.DYN.LE00.IN,2008,80.4317073170732
Azerbaijan,AZE,"Life expectancy at birth, total (years)",SP.DYN.LE00.IN,2008,69.355
Burundi,BDI,"Life expectancy at birth, total (years)",SP.DYN.LE00.IN,2008,55.581
Belgium,BEL,"Life expectancy at birth, total (years)",SP.DYN.LE00.IN,2008,79.6804878048781
Benin,BEN,"Life expectancy at birth, total (years)",SP.DYN.LE00.IN,2008,58.099
Burkina Faso,BFA,"Life expectancy at birth, total (years)",SP.DYN.LE00.IN,2008,55.199
Bangladesh,BGD,"Life expectancy at birth, total (years)",SP.DYN.LE00.IN,2008,67.047
Bulgaria,BGR,"Life expectancy at birth, total (years)",SP.DYN.LE00.IN,2008,72.9634146341463
Bahrain,BHR,"Life expectancy at birth, total (years)",SP.DYN.LE00.IN,2008,77.457
"Bahamas, The",BHS,"Life expectancy at birth, total (years)",SP.DYN.LE00.IN,2008,73.445
Bosnia and Herzegovina,BIH,"Life expectancy at birth, total (years)",SP.DYN.LE00.IN,2008,76.3
Belarus,BLR,"Life expectancy at birth, total (years)",SP.DYN.LE00.IN,2008,70.4560975609756
Belize,BLZ,"Life expectancy at birth, total (years)",SP.DYN.LE00.IN,2008,70.665
Bermuda,BMU,"Life expectancy at birth, total (years)",SP.DYN.LE00.IN,2008,79.101
Bolivia,BOL,"Life expectancy at birth, total (years)",SP.DYN.LE00.IN,2008,65.299
Brazil,BRA,"Life expectancy at birth, total (years)",SP.DYN.LE00.IN,2008,73.111
Barbados,BRB,"Life expectancy at birth, total (years)",SP.DYN.LE00.IN,2008,75.3
Brunei Darussalam,BRN,"Life expectancy at birth, total (years)",SP.DYN.LE00.IN,2008,74.814
Bhutan,BTN,"Life expectancy at birth, total (years)",SP.DYN.LE00.IN,2008,67.733
Botswana,BWA,"Life expectancy at birth, total (years)",SP.DYN.LE00.IN,2008,57.661
Central African Republic,CAF,"Life expectancy at birth, total (years)",SP.DYN.LE00.IN,2008,49.873
Canada,CAN,"Life expectancy at birth, total (years)",SP.DYN.LE00.IN,2008,80.7246341463415
Central Europe and the Baltics,CEB,"Life expectancy at birth, total (years)",SP.DYN.LE00.IN,2008,74.5759526780779
Switzerland,CHE,"Life expectancy at birth, total (years)",SP.DYN.LE00.IN,2008,81.9926829268293
Channel Islands,CHI,"Life expectancy at birth, total (years)",SP.DYN.LE00.IN,2008,80.8
Chile,CHL,"Life expectancy at birth, total (years)",SP.DYN.LE00.IN,2008,78.752
China,CHN,"Life expectancy at birth, total (years)",SP.DYN.LE00.IN,2008,74.833
Cote d'Ivoire,CIV,"Life expectancy at birth, total (years)",SP.DYN.LE00.IN,2008,54.179
Cameroon,CMR,"Life expectancy at birth, total (years)",SP.DYN.LE00.IN,2008,56.116
"Congo, Dem. Rep.",COD,"Life expectancy at birth, total (years)",SP.DYN.LE00.IN,2008,55.388
"Congo, Rep.",COG,"Life expectancy at birth, total (years)",SP.DYN.LE00.IN,2008,60.79
Colombia,COL,"Life expectancy at birth, total (years)",SP.DYN.LE00.IN,2008,74.206
Comoros,COM,"Life expectancy at birth, total (years)",SP.DYN.LE00.IN,2008,61.955
Cabo Verde,CPV,"Life expectancy at birth, total (years)",SP.DYN.LE00.IN,2008,71.888
Costa Rica,CRI,"Life expectancy at birth, total (years)",SP.DYN.LE00.IN,2008,79.18
Caribbean small states,CSS,"Life expectancy at birth, total (years)",SP.DYN.LE00.IN,2008,70.5499974705246
Cuba,CUB,"Life expectancy at birth, total (years)",SP.DYN.LE00.IN,2008,77.589
Curacao,CUW,"Life expectancy at birth, total (years)",SP.DYN.LE00.IN,2008,74.314
Cayman Islands,CYM,"Life expectancy at birth, total (years)",SP.DYN.LE00.IN,2008,75.386
Cyprus,CYP,"Life expectancy at birth, total (years)",SP.DYN.LE00.IN,2008,79.906
Czechia,CZE,"Life expectancy at birth, total (years)",SP.DYN.LE00.IN,2008,76.9756097560976
Germany,DEU,"Life expectancy at birth, total (years)",SP.DYN.LE00.IN,2008,79.7365853658537
Djibouti,DJI,"Life expectancy at birth, total (years)",SP.DYN.LE00.IN,2008,59.815
Dominica,DMA,"Life expectancy at birth, total (years)",SP.DYN.LE00.IN,2008,71.945
Denmark,DNK,"Life expectancy at birth, total (years)",SP.DYN.LE00.IN,2008,78.4463414634146
Dominican Republic,DOM,"Life expectancy at birth, total (years)",SP.DYN.LE00.IN,2008,71.331
Algeria,DZA,"Life expectancy at birth, total (years)",SP.DYN.LE00.IN,2008,73.618
East Asia & Pacific (excluding high income),EAP,"Life expectancy at birth, total (years)",SP.DYN.LE00.IN,2008,72.9241376220933
Early-demographic dividend,EAR,"Life expectancy at birth, total (years)",SP.DYN.LE00.IN,2008,67.0218187568003
East Asia & Pacific,EAS,"Life expectancy at birth, total (years)",SP.DYN.LE00.IN,2008,73.8481629943997
Europe & Central Asia (excluding high income),ECA,"Life expectancy at birth, total (years)",SP.DYN.LE00.IN,2008,70.9743175160426
Europe & Central Asia,ECS,"Life expectancy at birth, total (years)",SP.DYN.LE00.IN,2008,75.3023142874929
Ecuador,ECU,"Life expectancy at birth, total (years)",SP.DYN.LE00.IN,2008,74.709
"Egypt, Arab Rep.",EGY,"Life expectancy at birth, total (years)",SP.DYN.LE00.IN,2008,68.761
Euro area,EMU,"Life expectancy at birth, total (years)",SP.DYN.LE00.IN,2008,80.2510876108346
Eritrea,ERI,"Life expectancy at birth, total (years)",SP.DYN.LE00.IN,2008,62.422
Spain,ESP,"Life expectancy at birth, total (years)",SP.DYN.LE00.IN,2008,81.1756097560976
Estonia,EST,"Life expectancy at birth, total (years)",SP.DYN.LE00.IN,2008,73.7707317073171
Ethiopia,ETH,"Life expectancy at birth, total (years)",SP.DYN.LE00.IN,2008,57.733
European Union,EUU,"Life expectancy at birth, total (years)",SP.DYN.LE00.IN,2008,79.1296281887548
Fragile and conflict affected situations,FCS,"Life expectancy at birth, total (years)",SP.DYN.LE00.IN,2008,58.1871780629647
Finland,FIN,"Life expectancy at birth, total (years)",SP.DYN.LE00.IN,2008,79.5682926829268
Fiji,FJI,"Life expectancy at birth, total (years)",SP.DYN.LE00.IN,2008,66.32
France,FRA,"Life expectancy at birth, total (years)",SP.DYN.LE00.IN,2008,81.2146341463415
Faroe Islands,FRO,"Life expectancy at birth, total (years)",SP.DYN.LE00.IN,2008,80.1460804878049
"Micronesia, Fed. Sts.",FSM,"Life expectancy at birth, total (years)",SP.DYN.LE00.IN,2008,64.849
Gabon,GAB,"Life expectancy at birth, total (years)",SP.DYN.LE00.IN,2008,64.011
United Kingdom,GBR,"Life expectancy at birth, total (years)",SP.DYN.LE00.IN,2008,79.6
Georgia,GEO,"Life expectancy at birth, total (years)",SP.DYN.LE00.IN,2008,70.949
Ghana,GHA,"Life expectancy at birth, total (years)",SP.DYN.LE00.IN,2008,60.578
Gibraltar,GIB,"Life expectancy at birth, total (years)",SP.DYN.LE00.IN,2008,81.541
Guinea,GIN,"Life expectancy at birth, total (years)",SP.DYN.LE00.IN,2008,55.703
"Gambia, The",GMB,"Life expectancy at birth, total (years)",SP.DYN.LE00.IN,2008,60.473
Guinea-Bissau,GNB,"Life expectancy at birth, total (years)",SP.DYN.LE00.IN,2008,55.3
Equatorial Guinea,GNQ,"Life expectancy at birth, total (years)",SP.DYN.LE00.IN,2008,57.384
Greece,GRC,"Life expectancy at birth, total (years)",SP.DYN.LE00.IN,2008,79.9390243902439
Grenada,GRD,"Life expectancy at birth, total (years)",SP.DYN.LE00.IN,2008,74.374
Greenland,GRL,"Life expectancy at birth, total (years)",SP.DYN.LE00.IN,2008,68.5660975609756
Guatemala,GTM,"Life expectancy at birth, total (years)",SP.DYN.LE00.IN,2008,69.493
Guam,GUM,"Life expectancy at birth, total (years)",SP.DYN.LE00.IN,2008,76.233
Guyana,GUY,"Life expectancy at birth, total (years)",SP.DYN.LE00.IN,2008,65.721
High income,HIC,"Life expectancy at birth, total (years)",SP.DYN.LE00.IN,2008,78.0528402965478
"Hong Kong SAR, China",HKG,"Life expectancy at birth, total (years)",SP.DYN.LE00.IN,2008,82.3404878048781
Honduras,HND,"Life expectancy at birth, total (years)",SP.DYN.LE00.IN,2008,69.657
Heavily indebted poor countries (HIPC),HPC,"Life expectancy at birth, total (years)",SP.DYN.LE00.IN,2008,57.8556881228296
Croatia,HRV,"Life expectancy at birth, total (years)",SP.DYN.LE00.IN,2008,75.9121951219512
Haiti,HTI,"Life expectancy at birth, total (years)",SP.DYN.LE00.IN,2008,61.28
Hungary,HUN,"Life expectancy at birth, total (years)",SP.DYN.LE00.IN,2008,73.7024390243903
IBRD only,IBD,"Life expectancy at birth, total (years)",SP.DYN.LE00.IN,2008,70.7624457262186
IDA & IBRD total,IBT,"Life expectancy at birth, total (years)",SP.DYN.LE00.IN,2008,68.1835192620846
IDA total,IDA,"Life expectancy at birth, total (years)",SP.DYN.LE00.IN,2008,60.0248660999806
IDA blend,IDB,"Life expectancy at birth, total (years)",SP.DYN.LE00.IN,2008,58.4143046583873
Indonesia,IDN,"Life expectancy at birth, total (years)",SP.DYN.LE00.IN,2008,68.085
IDA only,IDX,"Life expectancy at birth, total (years)",SP.DYN.LE00.IN,2008,60.8980289014662
Isle of Man,IMN,"Life expectancy at birth, total (years)",SP.DYN.LE00.IN,2008,78.899
India,IND,"Life expectancy at birth, total (years)",SP.DYN.LE00.IN,2008,66.247
Ireland,IRL,"Life expectancy at birth, total (years)",SP.DYN.LE00.IN,2008,80.0951219512195
"Iran, Islamic Rep.",IRN,"Life expectancy at birth, total (years)",SP.DYN.LE00.IN,2008,73.683
Iraq,IRQ,"Life expectancy at birth, total (years)",SP.DYN.LE00.IN,2008,66.465
Iceland,ISL,"Life expectancy at birth, total (years)",SP.DYN.LE00.IN,2008,81.609756097561
Israel,ISR,"Life expectancy at birth, total (years)",SP.DYN.LE00.IN,2008,80.9512195121951
Italy,ITA,"Life expectancy at birth, total (years)",SP.DYN.LE00.IN,2008,81.4853658536585
Jamaica,JAM,"Life expectancy at birth, total (years)",SP.DYN.LE00.IN,2008,71.502
Jordan,JOR,"Life expectancy at birth, total (years)",SP.DYN.LE00.IN,2008,73.563
Japan,JPN,"Life expectancy at birth, total (years)",SP.DYN.LE00.IN,2008,82.5875609756098
Kazakhstan,KAZ,"Life expectancy at birth, total (years)",SP.DYN.LE00.IN,2008,66.759
Kenya,KEN,"Life expectancy at birth, total (years)",SP.DYN.LE00.IN,2008,59.955
Kyrgyz Republic,KGZ,"Life expectancy at birth, total (years)",SP.DYN.LE00.IN,2008,68.4512195121951
Cambodia,KHM,"Life expectancy at birth, total (years)",SP.DYN.LE00.IN,2008,66.147
Kiribati,KIR,"Life expectancy at birth, total (years)",SP.DYN.LE00.IN,2008,65.746
St. Kitts and Nevis,KNA,"Life expectancy at birth, total (years)",SP.DYN.LE00.IN,2008,71.479
"Korea, Rep.",KOR,"Life expectancy at birth, total (years)",SP.DYN.LE00.IN,2008,79.5170731707317
Kuwait,KWT,"Life expectancy at birth, total (years)",SP.DYN.LE00.IN,2008,77.1890487804878
Latin America & Caribbean (excluding high income),LAC,"Life expectancy at birth, total (years)",SP.DYN.LE00.IN,2008,73.0004008102304
Lao PDR,LAO,"Life expectancy at birth, total (years)",SP.DYN.LE00.IN,2008,62.248
Lebanon,LBN,"Life expectancy at birth, total (years)",SP.DYN.LE00.IN,2008,76.956
Liberia,LBR,"Life expectancy at birth, total (years)",SP.DYN.LE00.IN,2008,58.675
Libya,LBY,"Life expectancy at birth, total (years)",SP.DYN.LE00.IN,2008,71.936
St. Lucia,LCA,"Life expectancy at birth, total (years)",SP.DYN.LE00.IN,2008,72.963
Latin America & Caribbean,LCN,"Life expectancy at birth, total (years)",SP.DYN.LE00.IN,2008,73.2561404095911
Least developed countries: UN classification,LDC,"Life expectancy at birth, total (years)",SP.DYN.LE00.IN,2008,59.8118947534064
Low income,LIC,"Life expectancy at birth, total (years)",SP.DYN.LE00.IN,2008,59.0062141725377
Liechtenstein,LIE,"Life expectancy at birth, total (years)",SP.DYN.LE00.IN,2008,82.6829268292683
Sri Lanka,LKA,"Life expectancy at birth, total (years)",SP.DYN.LE00.IN,2008,72.556
Lower middle income,LMC,"Life expectancy at birth, total (years)",SP.DYN.LE00.IN,2008,64.7365443618488
Low & middle income,LMY,"Life expectancy at birth, total (years)",SP.DYN.LE00.IN,2008,68.2255462576961
Lesotho,LSO,"Life expectancy at birth, total (years)",SP.DYN.LE00.IN,2008,44.304
Late-demographic dividend,LTE,"Life expectancy at birth, total (years)",SP.DYN.LE00.IN,2008,73.9252633570756
Lithuania,LTU,"Life expectancy at birth, total (years)",SP.DYN.LE00.IN,2008,71.8121951219512
Luxembourg,LUX,"Life expectancy at birth, total (years)",SP.DYN.LE00.IN,2008,80.5390243902439
Latvia,LVA,"Life expectancy at birth, total (years)",SP.DYN.LE00.IN,2008,72.419512195122
"Macao SAR, China",MAC,"Life expectancy at birth, total (years)",SP.DYN.LE00.IN,2008,82.0268292682927
St. Martin (French part),MAF,"Life expectancy at birth, total (years)",SP.DYN.LE00.IN,2008,78.326
Morocco,MAR,"Life expectancy at birth, total (years)",SP.DYN.LE00.IN,2008,70.051
Monaco,MCO,"Life expectancy at birth, total (years)",SP.DYN.LE00.IN,2008,83.827
Moldova,MDA,"Life expectancy at birth, total (years)",SP.DYN.LE00.IN,2008,69.0
Madagascar,MDG,"Life expectancy at birth, total (years)",SP.DYN.LE00.IN,2008,61.992
Maldives,MDV,"Life expectancy at birth, total (years)",SP.DYN.LE00.IN,2008,75.999
"Middle East, North Africa, Afghanistan & Pakistan",MEA,"Life expectancy at birth, total (years)",SP.DYN.LE00.IN,2008,68.7041650814368
Mexico,MEX,"Life expectancy at birth, total (years)",SP.DYN.LE00.IN,2008,73.695
Marshall Islands,MHL,"Life expectancy at birth, total (years)",SP.DYN.LE00.IN,2008,64.3
Middle income,MIC,"Life expectancy at birth, total (years)",SP.DYN.LE00.IN,2008,68.9744447215503
North Macedonia,MKD,"Life expectancy at birth, total (years)",SP.DYN.LE00.IN,2008,74.4
Mali,MLI,"Life expectancy at birth, total (years)",SP.DYN.LE00.IN,2008,55.187
Malta,MLT,"Life expectancy at birth, total (years)",SP.DYN.LE00.IN,2008,79.6365853658537
Myanmar,MMR,"Life expectancy at birth, total (years)",SP.DYN.LE00.IN,2008,56.364
"Middle East, North Africa, Afghanistan & Pakistan (excluding high income)",MNA,"Life expectancy at birth, total (years)",SP.DYN.LE00.IN,2008,67.9910660173056
Montenegro,MNE,"Life expectancy at birth, total (years)",SP.DYN.LE00.IN,2008,75.1365853658537
Mongolia,MNG,"Life expectancy at birth, total (years)",SP.DYN.LE00.IN,2008,67.2460975609756
Northern Mariana Islands,MNP,"Life expectancy at birth, total (years)",SP.DYN.LE00.IN,2008,77.938
Mozambique,MOZ,"Life expectancy at birth, total (years)",SP.DYN.LE00.IN,2008,53.799
Mauritania,MRT,"Life expectancy at birth, total (years)",SP.DYN.LE00.IN,2008,65.233
Mauritius,MUS,"Life expectancy at birth, total (years)",SP.DYN.LE00.IN,2008,72.5707317073171
Malawi,MWI,"Life expectancy at birth, total (years)",SP.DYN.LE00.IN,2008,55.715
Malaysia,MYS,"Life expectancy at birth, total (years)",SP.DYN.LE00.IN,2008,75.151
North America,NAC,"Life expectancy at birth, total (years)",SP.DYN.LE00.IN,2008,78.3038592516027
Namibia,NAM,"Life expectancy at birth, total (years)",SP.DYN.LE00.IN,2008,54.74
New Caledonia,NCL,"Life expectancy at birth, total (years)",SP.DYN.LE00.IN,2008,75.398
Niger,NER,"Life expectancy at birth, total (years)",SP.DYN.LE00.IN,2008,55.852
Nigeria,NGA,"Life expectancy at birth, total (years)",SP.DYN.LE00.IN,2008,50.748
Nicaragua,NIC,"Life expectancy at birth, total (years)",SP.DYN.LE00.IN,2008,71.404
Netherlands,NLD,"Life expectancy at birth, total (years)",SP.DYN.LE00.IN,2008,80.2512195121951
Norway,NOR,"Life expectancy at birth, total (years)",SP.DYN.LE00.IN,2008,80.5926829268293
Nepal,NPL,"Life expectancy at birth, total (years)",SP.DYN.LE00.IN,2008,66.442
Nauru,NRU,"Life expectancy at birth, total (years)",SP.DYN.LE00.IN,2008,59.675
New Zealand,NZL,"Life expectancy at birth, total (years)",SP.DYN.LE00.IN,2008,80.3512195121951
OECD members,OED,"Life expectancy at birth, total (years)",SP.DYN.LE00.IN,2008,78.6146332445559
Oman,OMN,"Life expectancy at birth, total (years)",SP.DYN.LE00.IN,2008,76.124
Other small states,OSS,"Life expectancy at birth, total (years)",SP.DYN.LE00.IN,2008,68.5798272966725
Pakistan,PAK,"Life expectancy at birth, total (years)",SP.DYN.LE00.IN,2008,64.002
Panama,PAN,"Life expectancy at birth, total (years)",SP.DYN.LE00.IN,2008,75.937
Peru,PER,"Life expectancy at birth, total (years)",SP.DYN.LE00.IN,2008,72.743
Philippines,PHL,"Life expectancy at birth, total (years)",SP.DYN.LE00.IN,2008,68.643
Palau,PLW,"Life expectancy at birth, total (years)",SP.DYN.LE00.IN,2008,67.562
Papua New Guinea,PNG,"Life expectancy at birth, total (years)",SP.DYN.LE00.IN,2008,62.511
Poland,POL,"Life expectancy at birth, total (years)",SP.DYN.LE00.IN,2008,75.5439024390244
Pre-demographic dividend,PRE,"Life expectancy at birth, total (years)",SP.DYN.LE00.IN,2008,56.1358484284758
Puerto Rico (US),PRI,"Life expectancy at birth, total (years)",SP.DYN.LE00.IN,2008,78.111
"Korea, Dem. People's Rep.",PRK,"Life expectancy at birth, total (years)",SP.DYN.LE00.IN,2008,69.303
Portugal,PRT,"Life expectancy at birth, total (years)",SP.DYN.LE00.IN,2008,78.5243902439025
Paraguay,PRY,"Life expectancy at birth, total (years)",SP.DYN.LE00.IN,2008,72.047
West Bank and Gaza,PSE,"Life expectancy at birth, total (years)",SP.DYN.LE00.IN,2008,72.204
Pacific island small states,PSS,"Life expectancy at birth, total (years)",SP.DYN.LE00.IN,2008,67.5747311016589
Post-demographic dividend,PST,"Life expectancy at birth, total (years)",SP.DYN.LE00.IN,2008,79.1456240590947
French Polynesia,PYF,"Life expectancy at birth, total (years)",SP.DYN.LE00.IN,2008,80.587
Qatar,QAT,"Life expectancy at birth, total (years)",SP.DYN.LE00.IN,2008,78.262
Romania,ROU,"Life expectancy at birth, total (years)",SP.DYN.LE00.IN,2008,72.5658536585366
Russian Federation,RUS,"Life expectancy at birth, total (years)",SP.DYN.LE00.IN,2008,67.9492682926829
Rwanda,RWA,"Life expectancy at birth, total (years)",SP.DYN.LE00.IN,2008,60.641
South Asia,SAS,"Life expectancy at birth, total (years)",SP.DYN.LE00.IN,2008,66.4314116387286
Saudi Arabia,SAU,"Life expectancy at birth, total (years)",SP.DYN.LE00.IN,2008,75.301
Sudan,SDN,"Life expectancy at birth, total (years)",SP.DYN.LE00.IN,2008,61.261
Senegal,SEN,"Life expectancy at birth, total (years)",SP.DYN.LE00.IN,2008,63.201
Singapore,SGP,"Life expectancy at birth, total (years)",SP.DYN.LE00.IN,2008,80.790243902439
Solomon Islands,SLB,"Life expectancy at birth, total (years)",SP.DYN.LE00.IN,2008,68.336
Sierra Leone,SLE,"Life expectancy at birth, total (years)",SP.DYN.LE00.IN,2008,50.693
El Salvador,SLV,"Life expectancy at birth, total (years)",SP.DYN.LE00.IN,2008,70.138
San Marino,SMR,"Life expectancy at birth, total (years)",SP.DYN.LE00.IN,2008,82.894
"Somalia, Fed. Rep.",SOM,"Life expectancy at birth, total (years)",SP.DYN.LE00.IN,2008,51.456
Serbia,SRB,"Life expectancy at birth, total (years)",SP.DYN.LE00.IN,2008,73.8853658536585
Sub-Saharan Africa (excluding high income),SSA,"Life expectancy at birth, total (years)",SP.DYN.LE00.IN,2008,55.6779751268164
South Sudan,SSD,"Life expectancy at birth, total (years)",SP.DYN.LE00.IN,2008,56.28
Sub-Saharan Africa,SSF,"Life expectancy at birth, total (years)",SP.DYN.LE00.IN,2008,55.8874045134135
Small states,SST,"Life expectancy at birth, total (years)",SP.DYN.LE00.IN,2008,68.9208192339965
Sao Tome and Principe,STP,"Life expectancy at birth, total (years)",SP.DYN.LE00.IN,2008,63.448
Suriname,SUR,"Life expectancy at birth, total (years)",SP.DYN.LE00.IN,2008,68.873
Slovak Republic,SVK,"Life expectancy at birth, total (years)",SP.DYN.LE00.IN,2008,74.7048780487805
Slovenia,SVN,"Life expectancy at birth, total (years)",SP.DYN.LE00.IN,2008,78.7658536585366
Sweden,SWE,"Life expectancy at birth, total (years)",SP.DYN.LE00.IN,2008,81.1
Eswatini,SWZ,"Life expectancy at birth, total (years)",SP.DYN.LE00.IN,2008,45.853
Sint Maarten (Dutch part),SXM,"Life expectancy at birth, total (years)",SP.DYN.LE00.IN,2008,74.852
Seychelles,SYC,"Life expectancy at birth, total (years)",SP.DYN.LE00.IN,2008,73.1634146341463
Syrian Arab Republic,SYR,"Life expectancy at birth, total (years)",SP.DYN.LE00.IN,2008,73.368
Turks and Caicos Islands,TCA,"Life expectancy at birth, total (years)",SP.DYN.LE00.IN,2008,76.084
Chad,TCD,"Life expectancy at birth, total (years)",SP.DYN.LE00.IN,2008,49.503
East Asia & Pacific (IDA & IBRD countries),TEA,"Life expectancy at birth, total (years)",SP.DYN.LE00.IN,2008,72.9707321912267
Europe & Central Asia (IDA & IBRD countries),TEC,"Life expectancy at birth, total (years)",SP.DYN.LE00.IN,2008,70.5451641405676
Togo,TGO,"Life expectancy at birth, total (years)",SP.DYN.LE00.IN,2008,56.663
Thailand,THA,"Life expectancy at birth, total (years)",SP.DYN.LE00.IN,2008,74.221
Tajikistan,TJK,"Life expectancy at birth, total (years)",SP.DYN.LE00.IN,2008,67.924
Turkmenistan,TKM,"Life expectancy at birth, total (years)",SP.DYN.LE00.IN,2008,67.584
Latin America & the Caribbean (IDA & IBRD countries),TLA,"Life expectancy at birth, total (years)",SP.DYN.LE00.IN,2008,73.133810817189
Timor-Leste,TLS,"Life expectancy at birth, total (years)",SP.DYN.LE00.IN,2008,62.858
"Middle East, North Africa, Afghanistan & Pakistan (IDA & IBRD)",TMN,"Life expectancy at birth, total (years)",SP.DYN.LE00.IN,2008,67.9635063066435
Tonga,TON,"Life expectancy at birth, total (years)",SP.DYN.LE00.IN,2008,71.041
South Asia (IDA & IBRD),TSA,"Life expectancy at birth, total (years)",SP.DYN.LE00.IN,2008,66.4314116387286
Sub-Saharan Africa (IDA & IBRD countries),TSS,"Life expectancy at birth, total (years)",SP.DYN.LE00.IN,2008,55.8874045134135
Trinidad and Tobago,TTO,"Life expectancy at birth, total (years)",SP.DYN.LE00.IN,2008,71.117
Tunisia,TUN,"Life expectancy at birth, total (years)",SP.DYN.LE00.IN,2008,74.192
Turkiye,TUR,"Life expectancy at birth, total (years)",SP.DYN.LE00.IN,2008,74.38
Tuvalu,TUV,"Life expectancy at birth, total (years)",SP.DYN.LE00.IN,2008,64.516
Tanzania,TZA,"Life expectancy at birth, total (years)",SP.DYN.LE00.IN,2008,59.896
Uganda,UGA,"Life expectancy at birth, total (years)",SP.DYN.LE00.IN,2008,58.253
Ukraine,UKR,"Life expectancy at birth, total (years)",SP.DYN.LE00.IN,2008,68.262
Upper middle income,UMC,"Life expectancy at birth, total (years)",SP.DYN.LE00.IN,2008,73.0980299785479
Uruguay,URY,"Life expectancy at birth, total (years)",SP.DYN.LE00.IN,2008,76.275
United States,USA,"Life expectancy at birth, total (years)",SP.DYN.LE00.IN,2008,78.0390243902439
Uzbekistan,UZB,"Life expectancy at birth, total (years)",SP.DYN.LE00.IN,2008,69.035
St. Vincent and the Grenadines,VCT,"Life expectancy at birth, total (years)",SP.DYN.LE00.IN,2008,70.611
"Venezuela, RB",VEN,"Life expectancy at birth, total (years)",SP.DYN.LE00.IN,2008,72.578
British Virgin Islands,VGB,"Life expectancy at birth, total (years)",SP.DYN.LE00.IN,2008,76.07
Virgin Islands (U.S.),VIR,"Life expectancy at birth, total (years)",SP.DYN.LE00.IN,2008,77.1634146341463
Viet Nam,VNM,"Life expectancy at birth, total (years)",SP.DYN.LE00.IN,2008,73.455
Vanuatu,VUT,"Life expectancy at birth, total (years)",SP.DYN.LE00.IN,2008,69.302
World,WLD,"Life expectancy at birth, total (years)",SP.DYN.LE00.IN,2008,70.0034785203503
Samoa,WSM,"Life expectancy at birth, total (years)",SP.DYN.LE00.IN,2008,71.531
Kosovo,XKX,"Life expectancy at birth, total (years)",SP.DYN.LE00.IN,2008,74.711
"Yemen, Rep.",YEM,"Life expectancy at birth, total (years)",SP.DYN.LE00.IN,2008,66.609
South Africa,ZAF,"Life expectancy at birth, total (years)",SP.DYN.LE00.IN,2008,55.982
Zambia,ZMB,"Life expectancy at birth, total (years)",SP.DYN.LE00.IN,2008,54.835
Zimbabwe,ZWE,"Life expectancy at birth, total (years)",SP.DYN.LE00.IN,2008,48.456
Aruba,ABW,"Life expectancy at birth, total (years)",SP.DYN.LE00.IN,2009,73.974
Africa Eastern and Southern,AFE,"Life expectancy at birth, total (years)",SP.DYN.LE00.IN,2009,58.0955271436463
Afghanistan,AFG,"Life expectancy at birth, total (years)",SP.DYN.LE00.IN,2009,60.248
Africa Western and Central,AFW,"Life expectancy at birth, total (years)",SP.DYN.LE00.IN,2009,53.8524858337372
Angola,AGO,"Life expectancy at birth, total (years)",SP.DYN.LE00.IN,2009,56.225
Albania,ALB,"Life expectancy at birth, total (years)",SP.DYN.LE00.IN,2009,78.509
Andorra,AND,"Life expectancy at birth, total (years)",SP.DYN.LE00.IN,2009,84.1
Arab World,ARB,"Life expectancy at birth, total (years)",SP.DYN.LE00.IN,2009,69.7069035410593
United Arab Emirates,ARE,"Life expectancy at birth, total (years)",SP.DYN.LE00.IN,2009,81.679
Argentina,ARG,"Life expectancy at birth, total (years)",SP.DYN.LE00.IN,2009,75.577
Armenia,ARM,"Life expectancy at birth, total (years)",SP.DYN.LE00.IN,2009,73.0731707317073
American Samoa,ASM,"Life expectancy at birth, total (years)",SP.DYN.LE00.IN,2009,70.839
Antigua and Barbuda,ATG,"Life expectancy at birth, total (years)",SP.DYN.LE00.IN,2009,76.386
Australia,AUS,"Life expectancy at birth, total (years)",SP.DYN.LE00.IN,2009,81.5439024390244
Austria,AUT,"Life expectancy at birth, total (years)",SP.DYN.LE00.IN,2009,80.3317073170732
Azerbaijan,AZE,"Life expectancy at birth, total (years)",SP.DYN.LE00.IN,2009,69.874
Burundi,BDI,"Life expectancy at birth, total (years)",SP.DYN.LE00.IN,2009,56.422
Belgium,BEL,"Life expectancy at birth, total (years)",SP.DYN.LE00.IN,2009,80.0341463414634
Benin,BEN,"Life expectancy at birth, total (years)",SP.DYN.LE00.IN,2009,58.258
Burkina Faso,BFA,"Life expectancy at birth, total (years)",SP.DYN.LE00.IN,2009,55.791
Bangladesh,BGD,"Life expectancy at birth, total (years)",SP.DYN.LE00.IN,2009,67.527
Bulgaria,BGR,"Life expectancy at birth, total (years)",SP.DYN.LE00.IN,2009,73.4121951219512
Bahrain,BHR,"Life expectancy at birth, total (years)",SP.DYN.LE00.IN,2009,78.016
"Bahamas, The",BHS,"Life expectancy at birth, total (years)",SP.DYN.LE00.IN,2009,73.455
Bosnia and Herzegovina,BIH,"Life expectancy at birth, total (years)",SP.DYN.LE00.IN,2009,76.701
Belarus,BLR,"Life expectancy at birth, total (years)",SP.DYN.LE00.IN,2009,70.4073170731707
Belize,BLZ,"Life expectancy at birth, total (years)",SP.DYN.LE00.IN,2009,70.806
Bermuda,BMU,"Life expectancy at birth, total (years)",SP.DYN.LE00.IN,2009,79.229
Bolivia,BOL,"Life expectancy at birth, total (years)",SP.DYN.LE00.IN,2009,65.656
Brazil,BRA,"Life expectancy at birth, total (years)",SP.DYN.LE00.IN,2009,73.457
Barbados,BRB,"Life expectancy at birth, total (years)",SP.DYN.LE00.IN,2009,75.458
Brunei Darussalam,BRN,"Life expectancy at birth, total (years)",SP.DYN.LE00.IN,2009,74.814
Bhutan,BTN,"Life expectancy at birth, total (years)",SP.DYN.LE00.IN,2009,68.156
Botswana,BWA,"Life expectancy at birth, total (years)",SP.DYN.LE00.IN,2009,58.297
Central African Republic,CAF,"Life expectancy at birth, total (years)",SP.DYN.LE00.IN,2009,14.665
Canada,CAN,"Life expectancy at birth, total (years)",SP.DYN.LE00.IN,2009,81.0660975609756
Central Europe and the Baltics,CEB,"Life expectancy at birth, total (years)",SP.DYN.LE00.IN,2009,74.9303639266576
Switzerland,CHE,"Life expectancy at birth, total (years)",SP.DYN.LE00.IN,2009,82.0439024390244
Channel Islands,CHI,"Life expectancy at birth, total (years)",SP.DYN.LE00.IN,2009,81.0
Chile,CHL,"Life expectancy at birth, total (years)",SP.DYN.LE00.IN,2009,78.89
China,CHN,"Life expectancy at birth, total (years)",SP.DYN.LE00.IN,2009,75.317
Cote d'Ivoire,CIV,"Life expectancy at birth, total (years)",SP.DYN.LE00.IN,2009,54.744
Cameroon,CMR,"Life expectancy at birth, total (years)",SP.DYN.LE00.IN,2009,56.486
"Congo, Dem. Rep.",COD,"Life expectancy at birth, total (years)",SP.DYN.LE00.IN,2009,55.798
"Congo, Rep.",COG,"Life expectancy at birth, total (years)",SP.DYN.LE00.IN,2009,61.215
Colombia,COL,"Life expectancy at birth, total (years)",SP.DYN.LE00.IN,2009,74.531
Comoros,COM,"Life expectancy at birth, total (years)",SP.DYN.LE00.IN,2009,62.302
Cabo Verde,CPV,"Life expectancy at birth, total (years)",SP.DYN.LE00.IN,2009,72.142
Costa Rica,CRI,"Life expectancy at birth, total (years)",SP.DYN.LE00.IN,2009,79.372
Caribbean small states,CSS,"Life expectancy at birth, total (years)",SP.DYN.LE00.IN,2009,70.797737511813
Cuba,CUB,"Life expectancy at birth, total (years)",SP.DYN.LE00.IN,2009,77.584
Curacao,CUW,"Life expectancy at birth, total (years)",SP.DYN.LE00.IN,2009,74.485
Cayman Islands,CYM,"Life expectancy at birth, total (years)",SP.DYN.LE00.IN,2009,75.671
Cyprus,CYP,"Life expectancy at birth, total (years)",SP.DYN.LE00.IN,2009,80.375
Czechia,CZE,"Life expectancy at birth, total (years)",SP.DYN.LE00.IN,2009,77.0780487804878
Germany,DEU,"Life expectancy at birth, total (years)",SP.DYN.LE00.IN,2009,79.8365853658537
Djibouti,DJI,"Life expectancy at birth, total (years)",SP.DYN.LE00.IN,2009,60.351
Dominica,DMA,"Life expectancy at birth, total (years)",SP.DYN.LE00.IN,2009,71.835
Denmark,DNK,"Life expectancy at birth, total (years)",SP.DYN.LE00.IN,2009,78.5975609756098
Dominican Republic,DOM,"Life expectancy at birth, total (years)",SP.DYN.LE00.IN,2009,71.587
Algeria,DZA,"Life expectancy at birth, total (years)",SP.DYN.LE00.IN,2009,73.871
East Asia & Pacific (excluding high income),EAP,"Life expectancy at birth, total (years)",SP.DYN.LE00.IN,2009,73.4677878146597
Early-demographic dividend,EAR,"Life expectancy at birth, total (years)",SP.DYN.LE00.IN,2009,67.496408245139
East Asia & Pacific,EAS,"Life expectancy at birth, total (years)",SP.DYN.LE00.IN,2009,74.3683471715786
Europe & Central Asia (excluding high income),ECA,"Life expectancy at birth, total (years)",SP.DYN.LE00.IN,2009,71.442292156273
Europe & Central Asia,ECS,"Life expectancy at birth, total (years)",SP.DYN.LE00.IN,2009,75.6891993831489
Ecuador,ECU,"Life expectancy at birth, total (years)",SP.DYN.LE00.IN,2009,74.901
"Egypt, Arab Rep.",EGY,"Life expectancy at birth, total (years)",SP.DYN.LE00.IN,2009,68.915
Euro area,EMU,"Life expectancy at birth, total (years)",SP.DYN.LE00.IN,2009,80.4554611719191
Eritrea,ERI,"Life expectancy at birth, total (years)",SP.DYN.LE00.IN,2009,63.203
Spain,ESP,"Life expectancy at birth, total (years)",SP.DYN.LE00.IN,2009,81.4756097560976
Estonia,EST,"Life expectancy at birth, total (years)",SP.DYN.LE00.IN,2009,74.8243902439024
Ethiopia,ETH,"Life expectancy at birth, total (years)",SP.DYN.LE00.IN,2009,58.715
European Union,EUU,"Life expectancy at birth, total (years)",SP.DYN.LE00.IN,2009,79.362438680677
Fragile and conflict affected situations,FCS,"Life expectancy at birth, total (years)",SP.DYN.LE00.IN,2009,58.9379605951645
Finland,FIN,"Life expectancy at birth, total (years)",SP.DYN.LE00.IN,2009,79.719512195122
Fiji,FJI,"Life expectancy at birth, total (years)",SP.DYN.LE00.IN,2009,66.347
France,FRA,"Life expectancy at birth, total (years)",SP.DYN.LE00.IN,2009,81.4146341463415
Faroe Islands,FRO,"Life expectancy at birth, total (years)",SP.DYN.LE00.IN,2009,80.3695317073171
"Micronesia, Fed. Sts.",FSM,"Life expectancy at birth, total (years)",SP.DYN.LE00.IN,2009,64.865
Gabon,GAB,"Life expectancy at birth, total (years)",SP.DYN.LE00.IN,2009,64.361
United Kingdom,GBR,"Life expectancy at birth, total (years)",SP.DYN.LE00.IN,2009,80.0512195121951
Georgia,GEO,"Life expectancy at birth, total (years)",SP.DYN.LE00.IN,2009,71.058
Ghana,GHA,"Life expectancy at birth, total (years)",SP.DYN.LE00.IN,2009,60.928
Gibraltar,GIB,"Life expectancy at birth, total (years)",SP.DYN.LE00.IN,2009,81.807
Guinea,GIN,"Life expectancy at birth, total (years)",SP.DYN.LE00.IN,2009,56.052
"Gambia, The",GMB,"Life expectancy at birth, total (years)",SP.DYN.LE00.IN,2009,60.735
Guinea-Bissau,GNB,"Life expectancy at birth, total (years)",SP.DYN.LE00.IN,2009,56.297
Equatorial Guinea,GNQ,"Life expectancy at birth, total (years)",SP.DYN.LE00.IN,2009,57.881
Greece,GRC,"Life expectancy at birth, total (years)",SP.DYN.LE00.IN,2009,80.1878048780488
Grenada,GRD,"Life expectancy at birth, total (years)",SP.DYN.LE00.IN,2009,74.567
Greenland,GRL,"Life expectancy at birth, total (years)",SP.DYN.LE00.IN,2009,69.0321951219512
Guatemala,GTM,"Life expectancy at birth, total (years)",SP.DYN.LE00.IN,2009,69.676
Guam,GUM,"Life expectancy at birth, total (years)",SP.DYN.LE00.IN,2009,76.141
Guyana,GUY,"Life expectancy at birth, total (years)",SP.DYN.LE00.IN,2009,66.03
High income,HIC,"Life expectancy at birth, total (years)",SP.DYN.LE00.IN,2009,78.4049799618528
"Hong Kong SAR, China",HKG,"Life expectancy at birth, total (years)",SP.DYN.LE00.IN,2009,82.7751219512195
Honduras,HND,"Life expectancy at birth, total (years)",SP.DYN.LE00.IN,2009,69.823
Heavily indebted poor countries (HIPC),HPC,"Life expectancy at birth, total (years)",SP.DYN.LE00.IN,2009,58.2393408027777
Croatia,HRV,"Life expectancy at birth, total (years)",SP.DYN.LE00.IN,2009,76.1682926829268
Haiti,HTI,"Life expectancy at birth, total (years)",SP.DYN.LE00.IN,2009,61.694
Hungary,HUN,"Life expectancy at birth, total (years)",SP.DYN.LE00.IN,2009,73.9048780487805
IBRD only,IBD,"Life expectancy at birth, total (years)",SP.DYN.LE00.IN,2009,71.1602132108325
IDA & IBRD total,IBT,"Life expectancy at birth, total (years)",SP.DYN.LE00.IN,2009,68.587127358268
IDA total,IDA,"Life expectancy at birth, total (years)",SP.DYN.LE00.IN,2009,60.5540098554413
IDA blend,IDB,"Life expectancy at birth, total (years)",SP.DYN.LE00.IN,2009,58.7507843707772
Indonesia,IDN,"Life expectancy at birth, total (years)",SP.DYN.LE00.IN,2009,68.267
IDA only,IDX,"Life expectancy at birth, total (years)",SP.DYN.LE00.IN,2009,61.5350232409748
Isle of Man,IMN,"Life expectancy at birth, total (years)",SP.DYN.LE00.IN,2009,79.303
India,IND,"Life expectancy at birth, total (years)",SP.DYN.LE00.IN,2009,66.7
Ireland,IRL,"Life expectancy at birth, total (years)",SP.DYN.LE00.IN,2009,80.190243902439
"Iran, Islamic Rep.",IRN,"Life expectancy at birth, total (years)",SP.DYN.LE00.IN,2009,74.041
Iraq,IRQ,"Life expectancy at birth, total (years)",SP.DYN.LE00.IN,2009,67.834
Iceland,ISL,"Life expectancy at birth, total (years)",SP.DYN.LE00.IN,2009,81.7512195121951
Israel,ISR,"Life expectancy at birth, total (years)",SP.DYN.LE00.IN,2009,81.4048780487805
Italy,ITA,"Life expectancy at birth, total (years)",SP.DYN.LE00.IN,2009,81.6365853658537
Jamaica,JAM,"Life expectancy at birth, total (years)",SP.DYN.LE00.IN,2009,71.717
Jordan,JOR,"Life expectancy at birth, total (years)",SP.DYN.LE00.IN,2009,73.707
Japan,JPN,"Life expectancy at birth, total (years)",SP.DYN.LE00.IN,2009,82.9314634146342
Kazakhstan,KAZ,"Life expectancy at birth, total (years)",SP.DYN.LE00.IN,2009,67.46
Kenya,KEN,"Life expectancy at birth, total (years)",SP.DYN.LE00.IN,2009,60.483
Kyrgyz Republic,KGZ,"Life expectancy at birth, total (years)",SP.DYN.LE00.IN,2009,69.1024390243903
Cambodia,KHM,"Life expectancy at birth, total (years)",SP.DYN.LE00.IN,2009,66.747
Kiribati,KIR,"Life expectancy at birth, total (years)",SP.DYN.LE00.IN,2009,65.808
St. Kitts and Nevis,KNA,"Life expectancy at birth, total (years)",SP.DYN.LE00.IN,2009,71.488
"Korea, Rep.",KOR,"Life expectancy at birth, total (years)",SP.DYN.LE00.IN,2009,79.9682926829268
Kuwait,KWT,"Life expectancy at birth, total (years)",SP.DYN.LE00.IN,2009,77.4333658536585
Latin America & Caribbean (excluding high income),LAC,"Life expectancy at birth, total (years)",SP.DYN.LE00.IN,2009,73.1845433768983
Lao PDR,LAO,"Life expectancy at birth, total (years)",SP.DYN.LE00.IN,2009,63.023
Lebanon,LBN,"Life expectancy at birth, total (years)",SP.DYN.LE00.IN,2009,77.262
Liberia,LBR,"Life expectancy at birth, total (years)",SP.DYN.LE00.IN,2009,59.106
Libya,LBY,"Life expectancy at birth, total (years)",SP.DYN.LE00.IN,2009,72.071
St. Lucia,LCA,"Life expectancy at birth, total (years)",SP.DYN.LE00.IN,2009,72.946
Latin America & Caribbean,LCN,"Life expectancy at birth, total (years)",SP.DYN.LE00.IN,2009,73.4422623291815
Least developed countries: UN classification,LDC,"Life expectancy at birth, total (years)",SP.DYN.LE00.IN,2009,60.5725256311134
Low income,LIC,"Life expectancy at birth, total (years)",SP.DYN.LE00.IN,2009,59.1918689542637
Liechtenstein,LIE,"Life expectancy at birth, total (years)",SP.DYN.LE00.IN,2009,81.5
Sri Lanka,LKA,"Life expectancy at birth, total (years)",SP.DYN.LE00.IN,2009,70.298
Lower middle income,LMC,"Life expectancy at birth, total (years)",SP.DYN.LE00.IN,2009,65.2095484182311
Low & middle income,LMY,"Life expectancy at birth, total (years)",SP.DYN.LE00.IN,2009,68.6163673456432
Lesotho,LSO,"Life expectancy at birth, total (years)",SP.DYN.LE00.IN,2009,45.055
Late-demographic dividend,LTE,"Life expectancy at birth, total (years)",SP.DYN.LE00.IN,2009,74.3481601286124
Lithuania,LTU,"Life expectancy at birth, total (years)",SP.DYN.LE00.IN,2009,72.9146341463415
Luxembourg,LUX,"Life expectancy at birth, total (years)",SP.DYN.LE00.IN,2009,80.6365853658537
Latvia,LVA,"Life expectancy at birth, total (years)",SP.DYN.LE00.IN,2009,73.0804878048781
"Macao SAR, China",MAC,"Life expectancy at birth, total (years)",SP.DYN.LE00.IN,2009,82.1756097560976
St. Martin (French part),MAF,"Life expectancy at birth, total (years)",SP.DYN.LE00.IN,2009,78.513
Morocco,MAR,"Life expectancy at birth, total (years)",SP.DYN.LE00.IN,2009,70.454
Monaco,MCO,"Life expectancy at birth, total (years)",SP.DYN.LE00.IN,2009,84.187
Moldova,MDA,"Life expectancy at birth, total (years)",SP.DYN.LE00.IN,2009,69.406
Madagascar,MDG,"Life expectancy at birth, total (years)",SP.DYN.LE00.IN,2009,62.304
Maldives,MDV,"Life expectancy at birth, total (years)",SP.DYN.LE00.IN,2009,76.371
"Middle East, North Africa, Afghanistan & Pakistan",MEA,"Life expectancy at birth, total (years)",SP.DYN.LE00.IN,2009,68.9987213130448
Mexico,MEX,"Life expectancy at birth, total (years)",SP.DYN.LE00.IN,2009,73.628
Marshall Islands,MHL,"Life expectancy at birth, total (years)",SP.DYN.LE00.IN,2009,64.395
Middle income,MIC,"Life expectancy at birth, total (years)",SP.DYN.LE00.IN,2009,69.3941546629876
North Macedonia,MKD,"Life expectancy at birth, total (years)",SP.DYN.LE00.IN,2009,74.4463414634146
Mali,MLI,"Life expectancy at birth, total (years)",SP.DYN.LE00.IN,2009,55.588
Malta,MLT,"Life expectancy at birth, total (years)",SP.DYN.LE00.IN,2009,80.2414634146342
Myanmar,MMR,"Life expectancy at birth, total (years)",SP.DYN.LE00.IN,2009,63.095
"Middle East, North Africa, Afghanistan & Pakistan (excluding high income)",MNA,"Life expectancy at birth, total (years)",SP.DYN.LE00.IN,2009,68.2744546682628
Montenegro,MNE,"Life expectancy at birth, total (years)",SP.DYN.LE00.IN,2009,75.1439024390244
Mongolia,MNG,"Life expectancy at birth, total (years)",SP.DYN.LE00.IN,2009,67.9690243902439
Northern Mariana Islands,MNP,"Life expectancy at birth, total (years)",SP.DYN.LE00.IN,2009,77.903
Mozambique,MOZ,"Life expectancy at birth, total (years)",SP.DYN.LE00.IN,2009,54.4
Mauritania,MRT,"Life expectancy at birth, total (years)",SP.DYN.LE00.IN,2009,65.485
Mauritius,MUS,"Life expectancy at birth, total (years)",SP.DYN.LE00.IN,2009,72.8824390243903
Malawi,MWI,"Life expectancy at birth, total (years)",SP.DYN.LE00.IN,2009,56.714
Malaysia,MYS,"Life expectancy at birth, total (years)",SP.DYN.LE00.IN,2009,75.269
North America,NAC,"Life expectancy at birth, total (years)",SP.DYN.LE00.IN,2009,78.6547128363776
Namibia,NAM,"Life expectancy at birth, total (years)",SP.DYN.LE00.IN,2009,55.347
New Caledonia,NCL,"Life expectancy at birth, total (years)",SP.DYN.LE00.IN,2009,75.676
Niger,NER,"Life expectancy at birth, total (years)",SP.DYN.LE00.IN,2009,56.487
Nigeria,NGA,"Life expectancy at birth, total (years)",SP.DYN.LE00.IN,2009,51.08
Nicaragua,NIC,"Life expectancy at birth, total (years)",SP.DYN.LE00.IN,2009,71.499
Netherlands,NLD,"Life expectancy at birth, total (years)",SP.DYN.LE00.IN,2009,80.5487804878049
Norway,NOR,"Life expectancy at birth, total (years)",SP.DYN.LE00.IN,2009,80.7951219512195
Nepal,NPL,"Life expectancy at birth, total (years)",SP.DYN.LE00.IN,2009,66.6
Nauru,NRU,"Life expectancy at birth, total (years)",SP.DYN.LE00.IN,2009,59.852
New Zealand,NZL,"Life expectancy at birth, total (years)",SP.DYN.LE00.IN,2009,80.7024390243902
OECD members,OED,"Life expectancy at birth, total (years)",SP.DYN.LE00.IN,2009,78.8670589595977
Oman,OMN,"Life expectancy at birth, total (years)",SP.DYN.LE00.IN,2009,76.631
Other small states,OSS,"Life expectancy at birth, total (years)",SP.DYN.LE00.IN,2009,69.0687004196222
Pakistan,PAK,"Life expectancy at birth, total (years)",SP.DYN.LE00.IN,2009,64.206
Panama,PAN,"Life expectancy at birth, total (years)",SP.DYN.LE00.IN,2009,76.228
Peru,PER,"Life expectancy at birth, total (years)",SP.DYN.LE00.IN,2009,72.631
Philippines,PHL,"Life expectancy at birth, total (years)",SP.DYN.LE00.IN,2009,68.631
Palau,PLW,"Life expectancy at birth, total (years)",SP.DYN.LE00.IN,2009,67.99
Papua New Guinea,PNG,"Life expectancy at birth, total (years)",SP.DYN.LE00.IN,2009,62.772
Poland,POL,"Life expectancy at birth, total (years)",SP.DYN.LE00.IN,2009,75.6951219512195
Pre-demographic dividend,PRE,"Life expectancy at birth, total (years)",SP.DYN.LE00.IN,2009,56.5094557087048
Puerto Rico (US),PRI,"Life expectancy at birth, total (years)",SP.DYN.LE00.IN,2009,78.377
"Korea, Dem. People's Rep.",PRK,"Life expectancy at birth, total (years)",SP.DYN.LE00.IN,2009,69.702
Portugal,PRT,"Life expectancy at birth, total (years)",SP.DYN.LE00.IN,2009,78.7268292682927
Paraguay,PRY,"Life expectancy at birth, total (years)",SP.DYN.LE00.IN,2009,72.282
West Bank and Gaza,PSE,"Life expectancy at birth, total (years)",SP.DYN.LE00.IN,2009,72.306
Pacific island small states,PSS,"Life expectancy at birth, total (years)",SP.DYN.LE00.IN,2009,67.4527929020498
Post-demographic dividend,PST,"Life expectancy at birth, total (years)",SP.DYN.LE00.IN,2009,79.4684041481196
French Polynesia,PYF,"Life expectancy at birth, total (years)",SP.DYN.LE00.IN,2009,80.867
Qatar,QAT,"Life expectancy at birth, total (years)",SP.DYN.LE00.IN,2009,78.837
Romania,ROU,"Life expectancy at birth, total (years)",SP.DYN.LE00.IN,2009,73.309756097561
Russian Federation,RUS,"Life expectancy at birth, total (years)",SP.DYN.LE00.IN,2009,68.6846341463415
Rwanda,RWA,"Life expectancy at birth, total (years)",SP.DYN.LE00.IN,2009,61.813
South Asia,SAS,"Life expectancy at birth, total (years)",SP.DYN.LE00.IN,2009,66.84109704634
Saudi Arabia,SAU,"Life expectancy at birth, total (years)",SP.DYN.LE00.IN,2009,75.447
Sudan,SDN,"Life expectancy at birth, total (years)",SP.DYN.LE00.IN,2009,62.676
Senegal,SEN,"Life expectancy at birth, total (years)",SP.DYN.LE00.IN,2009,63.751
Singapore,SGP,"Life expectancy at birth, total (years)",SP.DYN.LE00.IN,2009,81.2414634146342
Solomon Islands,SLB,"Life expectancy at birth, total (years)",SP.DYN.LE00.IN,2009,68.397
Sierra Leone,SLE,"Life expectancy at birth, total (years)",SP.DYN.LE00.IN,2009,51.312
El Salvador,SLV,"Life expectancy at birth, total (years)",SP.DYN.LE00.IN,2009,70.359
San Marino,SMR,"Life expectancy at birth, total (years)",SP.DYN.LE00.IN,2009,83.224
"Somalia, Fed. Rep.",SOM,"Life expectancy at birth, total (years)",SP.DYN.LE00.IN,2009,52.101
Serbia,SRB,"Life expectancy at birth, total (years)",SP.DYN.LE00.IN,2009,73.9853658536585
Sub-Saharan Africa (excluding high income),SSA,"Life expectancy at birth, total (years)",SP.DYN.LE00.IN,2009,56.102152162122
South Sudan,SSD,"Life expectancy at birth, total (years)",SP.DYN.LE00.IN,2009,56.848
Sub-Saharan Africa,SSF,"Life expectancy at birth, total (years)",SP.DYN.LE00.IN,2009,56.3680608990521
Small states,SST,"Life expectancy at birth, total (years)",SP.DYN.LE00.IN,2009,69.2706797451225
Sao Tome and Principe,STP,"Life expectancy at birth, total (years)",SP.DYN.LE00.IN,2009,63.669
Suriname,SUR,"Life expectancy at birth, total (years)",SP.DYN.LE00.IN,2009,69.323
Slovak Republic,SVK,"Life expectancy at birth, total (years)",SP.DYN.LE00.IN,2009,74.909756097561
Slovenia,SVN,"Life expectancy at birth, total (years)",SP.DYN.LE00.IN,2009,78.9707317073171
Sweden,SWE,"Life expectancy at birth, total (years)",SP.DYN.LE00.IN,2009,81.3512195121951
Eswatini,SWZ,"Life expectancy at birth, total (years)",SP.DYN.LE00.IN,2009,46.913
Sint Maarten (Dutch part),SXM,"Life expectancy at birth, total (years)",SP.DYN.LE00.IN,2009,74.796
Seychelles,SYC,"Life expectancy at birth, total (years)",SP.DYN.LE00.IN,2009,73.0829268292683
Syrian Arab Republic,SYR,"Life expectancy at birth, total (years)",SP.DYN.LE00.IN,2009,73.496
Turks and Caicos Islands,TCA,"Life expectancy at birth, total (years)",SP.DYN.LE00.IN,2009,76.672
Chad,TCD,"Life expectancy at birth, total (years)",SP.DYN.LE00.IN,2009,49.828
East Asia & Pacific (IDA & IBRD countries),TEA,"Life expectancy at birth, total (years)",SP.DYN.LE00.IN,2009,73.5161019563417
Europe & Central Asia (IDA & IBRD countries),TEC,"Life expectancy at birth, total (years)",SP.DYN.LE00.IN,2009,71.0832338433596
Togo,TGO,"Life expectancy at birth, total (years)",SP.DYN.LE00.IN,2009,56.94
Thailand,THA,"Life expectancy at birth, total (years)",SP.DYN.LE00.IN,2009,74.669
Tajikistan,TJK,"Life expectancy at birth, total (years)",SP.DYN.LE00.IN,2009,68.248
Turkmenistan,TKM,"Life expectancy at birth, total (years)",SP.DYN.LE00.IN,2009,68.155
Latin America & the Caribbean (IDA & IBRD countries),TLA,"Life expectancy at birth, total (years)",SP.DYN.LE00.IN,2009,73.3248238756312
Timor-Leste,TLS,"Life expectancy at birth, total (years)",SP.DYN.LE00.IN,2009,63.265
"Middle East, North Africa, Afghanistan & Pakistan (IDA & IBRD)",TMN,"Life expectancy at birth, total (years)",SP.DYN.LE00.IN,2009,68.2479599816693
Tonga,TON,"Life expectancy at birth, total (years)",SP.DYN.LE00.IN,2009,70.949
South Asia (IDA & IBRD),TSA,"Life expectancy at birth, total (years)",SP.DYN.LE00.IN,2009,66.84109704634
Sub-Saharan Africa (IDA & IBRD countries),TSS,"Life expectancy at birth, total (years)",SP.DYN.LE00.IN,2009,56.3680608990521
Trinidad and Tobago,TTO,"Life expectancy at birth, total (years)",SP.DYN.LE00.IN,2009,71.404
Tunisia,TUN,"Life expectancy at birth, total (years)",SP.DYN.LE00.IN,2009,74.32
Turkiye,TUR,"Life expectancy at birth, total (years)",SP.DYN.LE00.IN,2009,74.679
Tuvalu,TUV,"Life expectancy at birth, total (years)",SP.DYN.LE00.IN,2009,64.693
Tanzania,TZA,"Life expectancy at birth, total (years)",SP.DYN.LE00.IN,2009,60.494
Uganda,UGA,"Life expectancy at birth, total (years)",SP.DYN.LE00.IN,2009,59.157
Ukraine,UKR,"Life expectancy at birth, total (years)",SP.DYN.LE00.IN,2009,69.159
Upper middle income,UMC,"Life expectancy at birth, total (years)",SP.DYN.LE00.IN,2009,73.5030015253387
Uruguay,URY,"Life expectancy at birth, total (years)",SP.DYN.LE00.IN,2009,76.67
United States,USA,"Life expectancy at birth, total (years)",SP.DYN.LE00.IN,2009,78.390243902439
Uzbekistan,UZB,"Life expectancy at birth, total (years)",SP.DYN.LE00.IN,2009,69.517
St. Vincent and the Grenadines,VCT,"Life expectancy at birth, total (years)",SP.DYN.LE00.IN,2009,70.712
"Venezuela, RB",VEN,"Life expectancy at birth, total (years)",SP.DYN.LE00.IN,2009,72.785
British Virgin Islands,VGB,"Life expectancy at birth, total (years)",SP.DYN.LE00.IN,2009,76.205
Virgin Islands (U.S.),VIR,"Life expectancy at birth, total (years)",SP.DYN.LE00.IN,2009,77.5146341463415
Viet Nam,VNM,"Life expectancy at birth, total (years)",SP.DYN.LE00.IN,2009,73.525
Vanuatu,VUT,"Life expectancy at birth, total (years)",SP.DYN.LE00.IN,2009,69.422
World,WLD,"Life expectancy at birth, total (years)",SP.DYN.LE00.IN,2009,70.3795311943904
Samoa,WSM,"Life expectancy at birth, total (years)",SP.DYN.LE00.IN,2009,69.486
Kosovo,XKX,"Life expectancy at birth, total (years)",SP.DYN.LE00.IN,2009,74.79
"Yemen, Rep.",YEM,"Life expectancy at birth, total (years)",SP.DYN.LE00.IN,2009,66.905
South Africa,ZAF,"Life expectancy at birth, total (years)",SP.DYN.LE00.IN,2009,57.413
Zambia,ZMB,"Life expectancy at birth, total (years)",SP.DYN.LE00.IN,2009,55.886
Zimbabwe,ZWE,"Life expectancy at birth, total (years)",SP.DYN.LE00.IN,2009,49.75
Aruba,ABW,"Life expectancy at birth, total (years)",SP.DYN.LE00.IN,2010,74.297
Africa Eastern and Southern,AFE,"Life expectancy at birth, total (years)",SP.DYN.LE00.IN,2010,58.827279206282
Afghanistan,AFG,"Life expectancy at birth, total (years)",SP.DYN.LE00.IN,2010,60.702
Africa Western and Central,AFW,"Life expectancy at birth, total (years)",SP.DYN.LE00.IN,2010,54.603593426599
Angola,AGO,"Life expectancy at birth, total (years)",SP.DYN.LE00.IN,2010,57.242
Albania,ALB,"Life expectancy at birth, total (years)",SP.DYN.LE00.IN,2010,78.414
Andorra,AND,"Life expectancy at birth, total (years)",SP.DYN.LE00.IN,2010,84.197
Arab World,ARB,"Life expectancy at birth, total (years)",SP.DYN.LE00.IN,2010,69.8073221012027
United Arab Emirates,ARE,"Life expectancy at birth, total (years)",SP.DYN.LE00.IN,2010,81.886
Argentina,ARG,"Life expectancy at birth, total (years)",SP.DYN.LE00.IN,2010,75.68
Armenia,ARM,"Life expectancy at birth, total (years)",SP.DYN.LE00.IN,2010,73.1731707317073
American Samoa,ASM,"Life expectancy at birth, total (years)",SP.DYN.LE00.IN,2010,72.587
Antigua and Barbuda,ATG,"Life expectancy at birth, total (years)",SP.DYN.LE00.IN,2010,76.701
Australia,AUS,"Life expectancy at birth, total (years)",SP.DYN.LE00.IN,2010,81.6951219512195
Austria,AUT,"Life expectancy at birth, total (years)",SP.DYN.LE00.IN,2010,80.5804878048781
Azerbaijan,AZE,"Life expectancy at birth, total (years)",SP.DYN.LE00.IN,2010,70.309
Burundi,BDI,"Life expectancy at birth, total (years)",SP.DYN.LE00.IN,2010,57.088
Belgium,BEL,"Life expectancy at birth, total (years)",SP.DYN.LE00.IN,2010,80.1829268292683
Benin,BEN,"Life expectancy at birth, total (years)",SP.DYN.LE00.IN,2010,58.387
Burkina Faso,BFA,"Life expectancy at birth, total (years)",SP.DYN.LE00.IN,2010,56.343
Bangladesh,BGD,"Life expectancy at birth, total (years)",SP.DYN.LE00.IN,2010,68.009
Bulgaria,BGR,"Life expectancy at birth, total (years)",SP.DYN.LE00.IN,2010,73.5121951219512
Bahrain,BHR,"Life expectancy at birth, total (years)",SP.DYN.LE00.IN,2010,78.593
"Bahamas, The",BHS,"Life expectancy at birth, total (years)",SP.DYN.LE00.IN,2010,73.449
Bosnia and Herzegovina,BIH,"Life expectancy at birth, total (years)",SP.DYN.LE00.IN,2010,76.827
Belarus,BLR,"Life expectancy at birth, total (years)",SP.DYN.LE00.IN,2010,70.4048780487805
Belize,BLZ,"Life expectancy at birth, total (years)",SP.DYN.LE00.IN,2010,70.875
Bermuda,BMU,"Life expectancy at birth, total (years)",SP.DYN.LE00.IN,2010,79.414
Bolivia,BOL,"Life expectancy at birth, total (years)",SP.DYN.LE00.IN,2010,66.003
Brazil,BRA,"Life expectancy at birth, total (years)",SP.DYN.LE00.IN,2010,73.779
Barbados,BRB,"Life expectancy at birth, total (years)",SP.DYN.LE00.IN,2010,75.488
Brunei Darussalam,BRN,"Life expectancy at birth, total (years)",SP.DYN.LE00.IN,2010,74.82
Bhutan,BTN,"Life expectancy at birth, total (years)",SP.DYN.LE00.IN,2010,68.765
Botswana,BWA,"Life expectancy at birth, total (years)",SP.DYN.LE00.IN,2010,59.137
Central African Republic,CAF,"Life expectancy at birth, total (years)",SP.DYN.LE00.IN,2010,46.871
Canada,CAN,"Life expectancy at birth, total (years)",SP.DYN.LE00.IN,2010,81.3221951219512
Central Europe and the Baltics,CEB,"Life expectancy at birth, total (years)",SP.DYN.LE00.IN,2010,75.2939657786314
Switzerland,CHE,"Life expectancy at birth, total (years)",SP.DYN.LE00.IN,2010,82.2463414634147
Channel Islands,CHI,"Life expectancy at birth, total (years)",SP.DYN.LE00.IN,2010,81.2
Chile,CHL,"Life expectancy at birth, total (years)",SP.DYN.LE00.IN,2010,79.095
China,CHN,"Life expectancy at birth, total (years)",SP.DYN.LE00.IN,2010,75.668
Cote d'Ivoire,CIV,"Life expectancy at birth, total (years)",SP.DYN.LE00.IN,2010,55.282
Cameroon,CMR,"Life expectancy at birth, total (years)",SP.DYN.LE00.IN,2010,56.965
"Congo, Dem. Rep.",COD,"Life expectancy at birth, total (years)",SP.DYN.LE00.IN,2010,56.411
"Congo, Rep.",COG,"Life expectancy at birth, total (years)",SP.DYN.LE00.IN,2010,61.731
Colombia,COL,"Life expectancy at birth, total (years)",SP.DYN.LE00.IN,2010,74.876
Comoros,COM,"Life expectancy at birth, total (years)",SP.DYN.LE00.IN,2010,62.747
Cabo Verde,CPV,"Life expectancy at birth, total (years)",SP.DYN.LE00.IN,2010,72.507
Costa Rica,CRI,"Life expectancy at birth, total (years)",SP.DYN.LE00.IN,2010,79.354
Caribbean small states,CSS,"Life expectancy at birth, total (years)",SP.DYN.LE00.IN,2010,71.0114366987074
Cuba,CUB,"Life expectancy at birth, total (years)",SP.DYN.LE00.IN,2010,77.876
Curacao,CUW,"Life expectancy at birth, total (years)",SP.DYN.LE00.IN,2010,75.117
Cayman Islands,CYM,"Life expectancy at birth, total (years)",SP.DYN.LE00.IN,2010,76.069
Cyprus,CYP,"Life expectancy at birth, total (years)",SP.DYN.LE00.IN,2010,80.632
Czechia,CZE,"Life expectancy at birth, total (years)",SP.DYN.LE00.IN,2010,77.4243902439025
Germany,DEU,"Life expectancy at birth, total (years)",SP.DYN.LE00.IN,2010,79.9878048780488
Djibouti,DJI,"Life expectancy at birth, total (years)",SP.DYN.LE00.IN,2010,60.743
Dominica,DMA,"Life expectancy at birth, total (years)",SP.DYN.LE00.IN,2010,71.68
Denmark,DNK,"Life expectancy at birth, total (years)",SP.DYN.LE00.IN,2010,79.1
Dominican Republic,DOM,"Life expectancy at birth, total (years)",SP.DYN.LE00.IN,2010,72.039
Algeria,DZA,"Life expectancy at birth, total (years)",SP.DYN.LE00.IN,2010,74.144
East Asia & Pacific (excluding high income),EAP,"Life expectancy at birth, total (years)",SP.DYN.LE00.IN,2010,73.7616390609633
Early-demographic dividend,EAR,"Life expectancy at birth, total (years)",SP.DYN.LE00.IN,2010,67.8244434669729
East Asia & Pacific,EAS,"Life expectancy at birth, total (years)",SP.DYN.LE00.IN,2010,74.6299790050688
Europe & Central Asia (excluding high income),ECA,"Life expectancy at birth, total (years)",SP.DYN.LE00.IN,2010,71.9125911481178
Europe & Central Asia,ECS,"Life expectancy at birth, total (years)",SP.DYN.LE00.IN,2010,75.9953558348547
Ecuador,ECU,"Life expectancy at birth, total (years)",SP.DYN.LE00.IN,2010,75.188
"Egypt, Arab Rep.",EGY,"Life expectancy at birth, total (years)",SP.DYN.LE00.IN,2010,69.078
Euro area,EMU,"Life expectancy at birth, total (years)",SP.DYN.LE00.IN,2010,80.6989426195589
Eritrea,ERI,"Life expectancy at birth, total (years)",SP.DYN.LE00.IN,2010,63.665
Spain,ESP,"Life expectancy at birth, total (years)",SP.DYN.LE00.IN,2010,81.6268292682927
Estonia,EST,"Life expectancy at birth, total (years)",SP.DYN.LE00.IN,2010,75.4292682926829
Ethiopia,ETH,"Life expectancy at birth, total (years)",SP.DYN.LE00.IN,2010,59.709
European Union,EUU,"Life expectancy at birth, total (years)",SP.DYN.LE00.IN,2010,79.6354307923887
Fragile and conflict affected situations,FCS,"Life expectancy at birth, total (years)",SP.DYN.LE00.IN,2010,59.3431607628088
Finland,FIN,"Life expectancy at birth, total (years)",SP.DYN.LE00.IN,2010,79.8707317073171
Fiji,FJI,"Life expectancy at birth, total (years)",SP.DYN.LE00.IN,2010,66.778
France,FRA,"Life expectancy at birth, total (years)",SP.DYN.LE00.IN,2010,81.6634146341463
Faroe Islands,FRO,"Life expectancy at birth, total (years)",SP.DYN.LE00.IN,2010,80.604956097561
"Micronesia, Fed. Sts.",FSM,"Life expectancy at birth, total (years)",SP.DYN.LE00.IN,2010,64.892
Gabon,GAB,"Life expectancy at birth, total (years)",SP.DYN.LE00.IN,2010,64.715
United Kingdom,GBR,"Life expectancy at birth, total (years)",SP.DYN.LE00.IN,2010,80.4024390243902
Georgia,GEO,"Life expectancy at birth, total (years)",SP.DYN.LE00.IN,2010,71.732
Ghana,GHA,"Life expectancy at birth, total (years)",SP.DYN.LE00.IN,2010,61.297
Gibraltar,GIB,"Life expectancy at birth, total (years)",SP.DYN.LE00.IN,2010,82.08
Guinea,GIN,"Life expectancy at birth, total (years)",SP.DYN.LE00.IN,2010,56.431
"Gambia, The",GMB,"Life expectancy at birth, total (years)",SP.DYN.LE00.IN,2010,61.167
Guinea-Bissau,GNB,"Life expectancy at birth, total (years)",SP.DYN.LE00.IN,2010,56.999
Equatorial Guinea,GNQ,"Life expectancy at birth, total (years)",SP.DYN.LE00.IN,2010,58.344
Greece,GRC,"Life expectancy at birth, total (years)",SP.DYN.LE00.IN,2010,80.3878048780488
Grenada,GRD,"Life expectancy at birth, total (years)",SP.DYN.LE00.IN,2010,74.731
Greenland,GRL,"Life expectancy at birth, total (years)",SP.DYN.LE00.IN,2010,69.349756097561
Guatemala,GTM,"Life expectancy at birth, total (years)",SP.DYN.LE00.IN,2010,69.885
Guam,GUM,"Life expectancy at birth, total (years)",SP.DYN.LE00.IN,2010,76.095
Guyana,GUY,"Life expectancy at birth, total (years)",SP.DYN.LE00.IN,2010,66.204
High income,HIC,"Life expectancy at birth, total (years)",SP.DYN.LE00.IN,2010,78.5956664173842
"Hong Kong SAR, China",HKG,"Life expectancy at birth, total (years)",SP.DYN.LE00.IN,2010,82.9575609756098
Honduras,HND,"Life expectancy at birth, total (years)",SP.DYN.LE00.IN,2010,69.77
Heavily indebted poor countries (HIPC),HPC,"Life expectancy at birth, total (years)",SP.DYN.LE00.IN,2010,58.7325941662949
Croatia,HRV,"Life expectancy at birth, total (years)",SP.DYN.LE00.IN,2010,76.4756097560976
Haiti,HTI,"Life expectancy at birth, total (years)",SP.DYN.LE00.IN,2010,45.577
Hungary,HUN,"Life expectancy at birth, total (years)",SP.DYN.LE00.IN,2010,74.2073170731707
IBRD only,IBD,"Life expectancy at birth, total (years)",SP.DYN.LE00.IN,2010,71.5021795019761
IDA & IBRD total,IBT,"Life expectancy at birth, total (years)",SP.DYN.LE00.IN,2010,68.9258524146461
IDA total,IDA,"Life expectancy at birth, total (years)",SP.DYN.LE00.IN,2010,60.9876721864592
IDA blend,IDB,"Life expectancy at birth, total (years)",SP.DYN.LE00.IN,2010,59.0515129063523
Indonesia,IDN,"Life expectancy at birth, total (years)",SP.DYN.LE00.IN,2010,68.364
IDA only,IDX,"Life expectancy at birth, total (years)",SP.DYN.LE00.IN,2010,62.0444390879458
Isle of Man,IMN,"Life expectancy at birth, total (years)",SP.DYN.LE00.IN,2010,79.613
India,IND,"Life expectancy at birth, total (years)",SP.DYN.LE00.IN,2010,67.162
Ireland,IRL,"Life expectancy at birth, total (years)",SP.DYN.LE00.IN,2010,80.7439024390244
"Iran, Islamic Rep.",IRN,"Life expectancy at birth, total (years)",SP.DYN.LE00.IN,2010,74.39
Iraq,IRQ,"Life expectancy at birth, total (years)",SP.DYN.LE00.IN,2010,68.092
Iceland,ISL,"Life expectancy at birth, total (years)",SP.DYN.LE00.IN,2010,81.8975609756097
Israel,ISR,"Life expectancy at birth, total (years)",SP.DYN.LE00.IN,2010,81.6024390243903
Italy,ITA,"Life expectancy at birth, total (years)",SP.DYN.LE00.IN,2010,82.0365853658537
Jamaica,JAM,"Life expectancy at birth, total (years)",SP.DYN.LE00.IN,2010,71.979
Jordan,JOR,"Life expectancy at birth, total (years)",SP.DYN.LE00.IN,2010,73.797
Japan,JPN,"Life expectancy at birth, total (years)",SP.DYN.LE00.IN,2010,82.8426829268293
Kazakhstan,KAZ,"Life expectancy at birth, total (years)",SP.DYN.LE00.IN,2010,68.257
Kenya,KEN,"Life expectancy at birth, total (years)",SP.DYN.LE00.IN,2010,60.915
Kyrgyz Republic,KGZ,"Life expectancy at birth, total (years)",SP.DYN.LE00.IN,2010,69.3
Cambodia,KHM,"Life expectancy at birth, total (years)",SP.DYN.LE00.IN,2010,67.311
Kiribati,KIR,"Life expectancy at birth, total (years)",SP.DYN.LE00.IN,2010,65.859
St. Kitts and Nevis,KNA,"Life expectancy at birth, total (years)",SP.DYN.LE00.IN,2010,71.452
"Korea, Rep.",KOR,"Life expectancy at birth, total (years)",SP.DYN.LE00.IN,2010,80.1170731707317
Kuwait,KWT,"Life expectancy at birth, total (years)",SP.DYN.LE00.IN,2010,77.7262195121951
Latin America & Caribbean (excluding high income),LAC,"Life expectancy at birth, total (years)",SP.DYN.LE00.IN,2010,73.1190309784384
Lao PDR,LAO,"Life expectancy at birth, total (years)",SP.DYN.LE00.IN,2010,63.69
Lebanon,LBN,"Life expectancy at birth, total (years)",SP.DYN.LE00.IN,2010,77.529
Liberia,LBR,"Life expectancy at birth, total (years)",SP.DYN.LE00.IN,2010,59.358
Libya,LBY,"Life expectancy at birth, total (years)",SP.DYN.LE00.IN,2010,72.196
St. Lucia,LCA,"Life expectancy at birth, total (years)",SP.DYN.LE00.IN,2010,72.768
Latin America & Caribbean,LCN,"Life expectancy at birth, total (years)",SP.DYN.LE00.IN,2010,73.4093227755616
Least developed countries: UN classification,LDC,"Life expectancy at birth, total (years)",SP.DYN.LE00.IN,2010,61.0409945449626
Low income,LIC,"Life expectancy at birth, total (years)",SP.DYN.LE00.IN,2010,59.9258675530958
Liechtenstein,LIE,"Life expectancy at birth, total (years)",SP.DYN.LE00.IN,2010,81.8414634146342
Sri Lanka,LKA,"Life expectancy at birth, total (years)",SP.DYN.LE00.IN,2010,74.463
Lower middle income,LMC,"Life expectancy at birth, total (years)",SP.DYN.LE00.IN,2010,65.554398103155
Low & middle income,LMY,"Life expectancy at birth, total (years)",SP.DYN.LE00.IN,2010,68.9548034984238
Lesotho,LSO,"Life expectancy at birth, total (years)",SP.DYN.LE00.IN,2010,46.045
Late-demographic dividend,LTE,"Life expectancy at birth, total (years)",SP.DYN.LE00.IN,2010,74.7108209347901
Lithuania,LTU,"Life expectancy at birth, total (years)",SP.DYN.LE00.IN,2010,73.2682926829268
Luxembourg,LUX,"Life expectancy at birth, total (years)",SP.DYN.LE00.IN,2010,80.6317073170732
Latvia,LVA,"Life expectancy at birth, total (years)",SP.DYN.LE00.IN,2010,73.4829268292683
"Macao SAR, China",MAC,"Life expectancy at birth, total (years)",SP.DYN.LE00.IN,2010,82.2731707317073
St. Martin (French part),MAF,"Life expectancy at birth, total (years)",SP.DYN.LE00.IN,2010,78.752
Morocco,MAR,"Life expectancy at birth, total (years)",SP.DYN.LE00.IN,2010,70.821
Monaco,MCO,"Life expectancy at birth, total (years)",SP.DYN.LE00.IN,2010,84.644
Moldova,MDA,"Life expectancy at birth, total (years)",SP.DYN.LE00.IN,2010,69.876
Madagascar,MDG,"Life expectancy at birth, total (years)",SP.DYN.LE00.IN,2010,62.597
Maldives,MDV,"Life expectancy at birth, total (years)",SP.DYN.LE00.IN,2010,76.756
"Middle East, North Africa, Afghanistan & Pakistan",MEA,"Life expectancy at birth, total (years)",SP.DYN.LE00.IN,2010,69.2105446964534
Mexico,MEX,"Life expectancy at birth, total (years)",SP.DYN.LE00.IN,2010,73.718
Marshall Islands,MHL,"Life expectancy at birth, total (years)",SP.DYN.LE00.IN,2010,64.498
Middle income,MIC,"Life expectancy at birth, total (years)",SP.DYN.LE00.IN,2010,69.7116856504068
North Macedonia,MKD,"Life expectancy at birth, total (years)",SP.DYN.LE00.IN,2010,74.9975609756098
Mali,MLI,"Life expectancy at birth, total (years)",SP.DYN.LE00.IN,2010,55.993
Malta,MLT,"Life expectancy at birth, total (years)",SP.DYN.LE00.IN,2010,81.3975609756098
Myanmar,MMR,"Life expectancy at birth, total (years)",SP.DYN.LE00.IN,2010,63.479
"Middle East, North Africa, Afghanistan & Pakistan (excluding high income)",MNA,"Life expectancy at birth, total (years)",SP.DYN.LE00.IN,2010,68.4912505131132
Montenegro,MNE,"Life expectancy at birth, total (years)",SP.DYN.LE00.IN,2010,75.990243902439
Mongolia,MNG,"Life expectancy at birth, total (years)",SP.DYN.LE00.IN,2010,68.5056097560976
Northern Mariana Islands,MNP,"Life expectancy at birth, total (years)",SP.DYN.LE00.IN,2010,77.8
Mozambique,MOZ,"Life expectancy at birth, total (years)",SP.DYN.LE00.IN,2010,55.04
Mauritania,MRT,"Life expectancy at birth, total (years)",SP.DYN.LE00.IN,2010,65.661
Mauritius,MUS,"Life expectancy at birth, total (years)",SP.DYN.LE00.IN,2010,72.9673170731707
Malawi,MWI,"Life expectancy at birth, total (years)",SP.DYN.LE00.IN,2010,57.787
Malaysia,MYS,"Life expectancy at birth, total (years)",SP.DYN.LE00.IN,2010,75.376
North America,NAC,"Life expectancy at birth, total (years)",SP.DYN.LE00.IN,2010,78.8169547045614
Namibia,NAM,"Life expectancy at birth, total (years)",SP.DYN.LE00.IN,2010,56.093
New Caledonia,NCL,"Life expectancy at birth, total (years)",SP.DYN.LE00.IN,2010,75.992
Niger,NER,"Life expectancy at birth, total (years)",SP.DYN.LE00.IN,2010,57.08
Nigeria,NGA,"Life expectancy at birth, total (years)",SP.DYN.LE00.IN,2010,51.315
Nicaragua,NIC,"Life expectancy at birth, total (years)",SP.DYN.LE00.IN,2010,71.761
Netherlands,NLD,"Life expectancy at birth, total (years)",SP.DYN.LE00.IN,2010,80.7024390243902
Norway,NOR,"Life expectancy at birth, total (years)",SP.DYN.LE00.IN,2010,80.9975609756098
Nepal,NPL,"Life expectancy at birth, total (years)",SP.DYN.LE00.IN,2010,66.772
Nauru,NRU,"Life expectancy at birth, total (years)",SP.DYN.LE00.IN,2010,60.074
New Zealand,NZL,"Life expectancy at birth, total (years)",SP.DYN.LE00.IN,2010,80.9048780487805
OECD members,OED,"Life expectancy at birth, total (years)",SP.DYN.LE00.IN,2010,79.0473008520596
Oman,OMN,"Life expectancy at birth, total (years)",SP.DYN.LE00.IN,2010,77.184
Other small states,OSS,"Life expectancy at birth, total (years)",SP.DYN.LE00.IN,2010,69.566524844548
Pakistan,PAK,"Life expectancy at birth, total (years)",SP.DYN.LE00.IN,2010,64.378
Panama,PAN,"Life expectancy at birth, total (years)",SP.DYN.LE00.IN,2010,76.417
Peru,PER,"Life expectancy at birth, total (years)",SP.DYN.LE00.IN,2010,72.886
Philippines,PHL,"Life expectancy at birth, total (years)",SP.DYN.LE00.IN,2010,68.883
Palau,PLW,"Life expectancy at birth, total (years)",SP.DYN.LE00.IN,2010,68.347
Papua New Guinea,PNG,"Life expectancy at birth, total (years)",SP.DYN.LE00.IN,2010,63.056
Poland,POL,"Life expectancy at birth, total (years)",SP.DYN.LE00.IN,2010,76.2463414634146
Pre-demographic dividend,PRE,"Life expectancy at birth, total (years)",SP.DYN.LE00.IN,2010,57.1221147404173
Puerto Rico (US),PRI,"Life expectancy at birth, total (years)",SP.DYN.LE00.IN,2010,78.717
"Korea, Dem. People's Rep.",PRK,"Life expectancy at birth, total (years)",SP.DYN.LE00.IN,2010,70.246
Portugal,PRT,"Life expectancy at birth, total (years)",SP.DYN.LE00.IN,2010,79.0268292682927
Paraguay,PRY,"Life expectancy at birth, total (years)",SP.DYN.LE00.IN,2010,72.551
West Bank and Gaza,PSE,"Life expectancy at birth, total (years)",SP.DYN.LE00.IN,2010,73.302
Pacific island small states,PSS,"Life expectancy at birth, total (years)",SP.DYN.LE00.IN,2010,67.9059171883101
Post-demographic dividend,PST,"Life expectancy at birth, total (years)",SP.DYN.LE00.IN,2010,79.6785405516336
French Polynesia,PYF,"Life expectancy at birth, total (years)",SP.DYN.LE00.IN,2010,81.141
Qatar,QAT,"Life expectancy at birth, total (years)",SP.DYN.LE00.IN,2010,79.444
Romania,ROU,"Life expectancy at birth, total (years)",SP.DYN.LE00.IN,2010,73.4585365853659
Russian Federation,RUS,"Life expectancy at birth, total (years)",SP.DYN.LE00.IN,2010,68.8412195121951
Rwanda,RWA,"Life expectancy at birth, total (years)",SP.DYN.LE00.IN,2010,62.804
South Asia,SAS,"Life expectancy at birth, total (years)",SP.DYN.LE00.IN,2010,67.3525068406787
Saudi Arabia,SAU,"Life expectancy at birth, total (years)",SP.DYN.LE00.IN,2010,75.616
Sudan,SDN,"Life expectancy at birth, total (years)",SP.DYN.LE00.IN,2010,62.979
Senegal,SEN,"Life expectancy at birth, total (years)",SP.DYN.LE00.IN,2010,64.221
Singapore,SGP,"Life expectancy at birth, total (years)",SP.DYN.LE00.IN,2010,81.5414634146342
Solomon Islands,SLB,"Life expectancy at birth, total (years)",SP.DYN.LE00.IN,2010,68.669
Sierra Leone,SLE,"Life expectancy at birth, total (years)",SP.DYN.LE00.IN,2010,51.927
El Salvador,SLV,"Life expectancy at birth, total (years)",SP.DYN.LE00.IN,2010,70.909
San Marino,SMR,"Life expectancy at birth, total (years)",SP.DYN.LE00.IN,2010,83.464
"Somalia, Fed. Rep.",SOM,"Life expectancy at birth, total (years)",SP.DYN.LE00.IN,2010,48.9
Serbia,SRB,"Life expectancy at birth, total (years)",SP.DYN.LE00.IN,2010,74.3365853658537
Sub-Saharan Africa (excluding high income),SSA,"Life expectancy at birth, total (years)",SP.DYN.LE00.IN,2010,56.8123821457291
South Sudan,SSD,"Life expectancy at birth, total (years)",SP.DYN.LE00.IN,2010,57.485
Sub-Saharan Africa,SSF,"Life expectancy at birth, total (years)",SP.DYN.LE00.IN,2010,57.1071582744601
Small states,SST,"Life expectancy at birth, total (years)",SP.DYN.LE00.IN,2010,69.6933118913694
Sao Tome and Principe,STP,"Life expectancy at birth, total (years)",SP.DYN.LE00.IN,2010,63.867
Suriname,SUR,"Life expectancy at birth, total (years)",SP.DYN.LE00.IN,2010,69.626
Slovak Republic,SVK,"Life expectancy at birth, total (years)",SP.DYN.LE00.IN,2010,75.1121951219512
Slovenia,SVN,"Life expectancy at birth, total (years)",SP.DYN.LE00.IN,2010,79.4219512195122
Sweden,SWE,"Life expectancy at birth, total (years)",SP.DYN.LE00.IN,2010,81.4512195121951
Eswatini,SWZ,"Life expectancy at birth, total (years)",SP.DYN.LE00.IN,2010,48.331
Sint Maarten (Dutch part),SXM,"Life expectancy at birth, total (years)",SP.DYN.LE00.IN,2010,74.821
Seychelles,SYC,"Life expectancy at birth, total (years)",SP.DYN.LE00.IN,2010,73.1975609756098
Syrian Arab Republic,SYR,"Life expectancy at birth, total (years)",SP.DYN.LE00.IN,2010,73.542
Turks and Caicos Islands,TCA,"Life expectancy at birth, total (years)",SP.DYN.LE00.IN,2010,76.784
Chad,TCD,"Life expectancy at birth, total (years)",SP.DYN.LE00.IN,2010,50.107
East Asia & Pacific (IDA & IBRD countries),TEA,"Life expectancy at birth, total (years)",SP.DYN.LE00.IN,2010,73.8065980873171
Europe & Central Asia (IDA & IBRD countries),TEC,"Life expectancy at birth, total (years)",SP.DYN.LE00.IN,2010,71.4358973425353
Togo,TGO,"Life expectancy at birth, total (years)",SP.DYN.LE00.IN,2010,57.24
Thailand,THA,"Life expectancy at birth, total (years)",SP.DYN.LE00.IN,2010,75.012
Tajikistan,TJK,"Life expectancy at birth, total (years)",SP.DYN.LE00.IN,2010,68.37
Turkmenistan,TKM,"Life expectancy at birth, total (years)",SP.DYN.LE00.IN,2010,68.608
Latin America & the Caribbean (IDA & IBRD countries),TLA,"Life expectancy at birth, total (years)",SP.DYN.LE00.IN,2010,73.2840381673624
Timor-Leste,TLS,"Life expectancy at birth, total (years)",SP.DYN.LE00.IN,2010,63.66
"Middle East, North Africa, Afghanistan & Pakistan (IDA & IBRD)",TMN,"Life expectancy at birth, total (years)",SP.DYN.LE00.IN,2010,68.4594967501144
Tonga,TON,"Life expectancy at birth, total (years)",SP.DYN.LE00.IN,2010,71.319
South Asia (IDA & IBRD),TSA,"Life expectancy at birth, total (years)",SP.DYN.LE00.IN,2010,67.3525068406787
Sub-Saharan Africa (IDA & IBRD countries),TSS,"Life expectancy at birth, total (years)",SP.DYN.LE00.IN,2010,57.1071582744601
Trinidad and Tobago,TTO,"Life expectancy at birth, total (years)",SP.DYN.LE00.IN,2010,71.809
Tunisia,TUN,"Life expectancy at birth, total (years)",SP.DYN.LE00.IN,2010,74.438
Turkiye,TUR,"Life expectancy at birth, total (years)",SP.DYN.LE00.IN,2010,74.964
Tuvalu,TUV,"Life expectancy at birth, total (years)",SP.DYN.LE00.IN,2010,64.834
Tanzania,TZA,"Life expectancy at birth, total (years)",SP.DYN.LE00.IN,2010,61.127
Uganda,UGA,"Life expectancy at birth, total (years)",SP.DYN.LE00.IN,2010,59.959
Ukraine,UKR,"Life expectancy at birth, total (years)",SP.DYN.LE00.IN,2010,70.188
Upper middle income,UMC,"Life expectancy at birth, total (years)",SP.DYN.LE00.IN,2010,73.8314745903693
Uruguay,URY,"Life expectancy at birth, total (years)",SP.DYN.LE00.IN,2010,76.691
United States,USA,"Life expectancy at birth, total (years)",SP.DYN.LE00.IN,2010,78.5414634146342
Uzbekistan,UZB,"Life expectancy at birth, total (years)",SP.DYN.LE00.IN,2010,69.836
St. Vincent and the Grenadines,VCT,"Life expectancy at birth, total (years)",SP.DYN.LE00.IN,2010,70.66
"Venezuela, RB",VEN,"Life expectancy at birth, total (years)",SP.DYN.LE00.IN,2010,73.092
British Virgin Islands,VGB,"Life expectancy at birth, total (years)",SP.DYN.LE00.IN,2010,76.289
Virgin Islands (U.S.),VIR,"Life expectancy at birth, total (years)",SP.DYN.LE00.IN,2010,77.8658536585366
Viet Nam,VNM,"Life expectancy at birth, total (years)",SP.DYN.LE00.IN,2010,73.611
Vanuatu,VUT,"Life expectancy at birth, total (years)",SP.DYN.LE00.IN,2010,69.57
World,WLD,"Life expectancy at birth, total (years)",SP.DYN.LE00.IN,2010,70.6818497084676
Samoa,WSM,"Life expectancy at birth, total (years)",SP.DYN.LE00.IN,2010,71.451
Kosovo,XKX,"Life expectancy at birth, total (years)",SP.DYN.LE00.IN,2010,74.609
"Yemen, Rep.",YEM,"Life expectancy at birth, total (years)",SP.DYN.LE00.IN,2010,67.223
South Africa,ZAF,"Life expectancy at birth, total (years)",SP.DYN.LE00.IN,2010,58.886
Zambia,ZMB,"Life expectancy at birth, total (years)",SP.DYN.LE00.IN,2010,56.896
Zimbabwe,ZWE,"Life expectancy at birth, total (years)",SP.DYN.LE00.IN,2010,51.925
Aruba,ABW,"Life expectancy at birth, total (years)",SP.DYN.LE00.IN,2011,74.578
Africa Eastern and Southern,AFE,"Life expectancy at birth, total (years)",SP.DYN.LE00.IN,2011,59.2000040300701
Afghanistan,AFG,"Life expectancy at birth, total (years)",SP.DYN.LE00.IN,2011,61.25
Africa Western and Central,AFW,"Life expectancy at birth, total (years)",SP.DYN.LE00.IN,2011,54.9641949401188
Angola,AGO,"Life expectancy at birth, total (years)",SP.DYN.LE00.IN,2011,58.093
Albania,ALB,"Life expectancy at birth, total (years)",SP.DYN.LE00.IN,2011,78.303
Andorra,AND,"Life expectancy at birth, total (years)",SP.DYN.LE00.IN,2011,84.296
Arab World,ARB,"Life expectancy at birth, total (years)",SP.DYN.LE00.IN,2011,69.3633376859826
United Arab Emirates,ARE,"Life expectancy at birth, total (years)",SP.DYN.LE00.IN,2011,81.898
Argentina,ARG,"Life expectancy at birth, total (years)",SP.DYN.LE00.IN,2011,76.1
Armenia,ARM,"Life expectancy at birth, total (years)",SP.DYN.LE00.IN,2011,73.8170731707317
American Samoa,ASM,"Life expectancy at birth, total (years)",SP.DYN.LE00.IN,2011,72.662
Antigua and Barbuda,ATG,"Life expectancy at birth, total (years)",SP.DYN.LE00.IN,2011,77.023
Australia,AUS,"Life expectancy at birth, total (years)",SP.DYN.LE00.IN,2011,81.8951219512195
Austria,AUT,"Life expectancy at birth, total (years)",SP.DYN.LE00.IN,2011,80.9829268292683
Azerbaijan,AZE,"Life expectancy at birth, total (years)",SP.DYN.LE00.IN,2011,70.565
Burundi,BDI,"Life expectancy at birth, total (years)",SP.DYN.LE00.IN,2011,57.804
Belgium,BEL,"Life expectancy at birth, total (years)",SP.DYN.LE00.IN,2011,80.5853658536585
Benin,BEN,"Life expectancy at birth, total (years)",SP.DYN.LE00.IN,2011,58.462
Burkina Faso,BFA,"Life expectancy at birth, total (years)",SP.DYN.LE00.IN,2011,57.001
Bangladesh,BGD,"Life expectancy at birth, total (years)",SP.DYN.LE00.IN,2011,68.499
Bulgaria,BGR,"Life expectancy at birth, total (years)",SP.DYN.LE00.IN,2011,74.1634146341463
Bahrain,BHR,"Life expectancy at birth, total (years)",SP.DYN.LE00.IN,2011,79.141
"Bahamas, The",BHS,"Life expectancy at birth, total (years)",SP.DYN.LE00.IN,2011,73.571
Bosnia and Herzegovina,BIH,"Life expectancy at birth, total (years)",SP.DYN.LE00.IN,2011,76.963
Belarus,BLR,"Life expectancy at birth, total (years)",SP.DYN.LE00.IN,2011,70.5536585365854
Belize,BLZ,"Life expectancy at birth, total (years)",SP.DYN.LE00.IN,2011,70.975
Bermuda,BMU,"Life expectancy at birth, total (years)",SP.DYN.LE00.IN,2011,79.651
Bolivia,BOL,"Life expectancy at birth, total (years)",SP.DYN.LE00.IN,2011,66.282
Brazil,BRA,"Life expectancy at birth, total (years)",SP.DYN.LE00.IN,2011,74.047
Barbados,BRB,"Life expectancy at birth, total (years)",SP.DYN.LE00.IN,2011,75.599
Brunei Darussalam,BRN,"Life expectancy at birth, total (years)",SP.DYN.LE00.IN,2011,74.835
Bhutan,BTN,"Life expectancy at birth, total (years)",SP.DYN.LE00.IN,2011,69.28
Botswana,BWA,"Life expectancy at birth, total (years)",SP.DYN.LE00.IN,2011,59.715
Central African Republic,CAF,"Life expectancy at birth, total (years)",SP.DYN.LE00.IN,2011,50.107
Canada,CAN,"Life expectancy at birth, total (years)",SP.DYN.LE00.IN,2011,81.4826829268293
Central Europe and the Baltics,CEB,"Life expectancy at birth, total (years)",SP.DYN.LE00.IN,2011,75.8884748834282
Switzerland,CHE,"Life expectancy at birth, total (years)",SP.DYN.LE00.IN,2011,82.6951219512195
Channel Islands,CHI,"Life expectancy at birth, total (years)",SP.DYN.LE00.IN,2011,81.4
Chile,CHL,"Life expectancy at birth, total (years)",SP.DYN.LE00.IN,2011,79.236
China,CHN,"Life expectancy at birth, total (years)",SP.DYN.LE00.IN,2011,75.889
Cote d'Ivoire,CIV,"Life expectancy at birth, total (years)",SP.DYN.LE00.IN,2011,55.972
Cameroon,CMR,"Life expectancy at birth, total (years)",SP.DYN.LE00.IN,2011,57.482
"Congo, Dem. Rep.",COD,"Life expectancy at birth, total (years)",SP.DYN.LE00.IN,2011,56.911
"Congo, Rep.",COG,"Life expectancy at birth, total (years)",SP.DYN.LE00.IN,2011,62.286
Colombia,COL,"Life expectancy at birth, total (years)",SP.DYN.LE00.IN,2011,75.18
Comoros,COM,"Life expectancy at birth, total (years)",SP.DYN.LE00.IN,2011,63.105
Cabo Verde,CPV,"Life expectancy at birth, total (years)",SP.DYN.LE00.IN,2011,72.913
Costa Rica,CRI,"Life expectancy at birth, total (years)",SP.DYN.LE00.IN,2011,79.624
Caribbean small states,CSS,"Life expectancy at birth, total (years)",SP.DYN.LE00.IN,2011,71.266093287793
Cuba,CUB,"Life expectancy at birth, total (years)",SP.DYN.LE00.IN,2011,78.051
Curacao,CUW,"Life expectancy at birth, total (years)",SP.DYN.LE00.IN,2011,75.576
Cayman Islands,CYM,"Life expectancy at birth, total (years)",SP.DYN.LE00.IN,2011,76.562
Cyprus,CYP,"Life expectancy at birth, total (years)",SP.DYN.LE00.IN,2011,80.855
Czechia,CZE,"Life expectancy at birth, total (years)",SP.DYN.LE00.IN,2011,77.8731707317073
Germany,DEU,"Life expectancy at birth, total (years)",SP.DYN.LE00.IN,2011,80.4365853658537
Djibouti,DJI,"Life expectancy at birth, total (years)",SP.DYN.LE00.IN,2011,61.337
Dominica,DMA,"Life expectancy at birth, total (years)",SP.DYN.LE00.IN,2011,71.517
Denmark,DNK,"Life expectancy at birth, total (years)",SP.DYN.LE00.IN,2011,79.8
Dominican Republic,DOM,"Life expectancy at birth, total (years)",SP.DYN.LE00.IN,2011,72.496
Algeria,DZA,"Life expectancy at birth, total (years)",SP.DYN.LE00.IN,2011,74.383
East Asia & Pacific (excluding high income),EAP,"Life expectancy at birth, total (years)",SP.DYN.LE00.IN,2011,73.9857453156401
Early-demographic dividend,EAR,"Life expectancy at birth, total (years)",SP.DYN.LE00.IN,2011,68.2600380693651
East Asia & Pacific,EAS,"Life expectancy at birth, total (years)",SP.DYN.LE00.IN,2011,74.8252830592191
Europe & Central Asia (excluding high income),ECA,"Life expectancy at birth, total (years)",SP.DYN.LE00.IN,2011,72.1509502224104
Europe & Central Asia,ECS,"Life expectancy at birth, total (years)",SP.DYN.LE00.IN,2011,76.4793686081824
Ecuador,ECU,"Life expectancy at birth, total (years)",SP.DYN.LE00.IN,2011,75.179
"Egypt, Arab Rep.",EGY,"Life expectancy at birth, total (years)",SP.DYN.LE00.IN,2011,69.232
Euro area,EMU,"Life expectancy at birth, total (years)",SP.DYN.LE00.IN,2011,81.1826341807676
Eritrea,ERI,"Life expectancy at birth, total (years)",SP.DYN.LE00.IN,2011,64.231
Spain,ESP,"Life expectancy at birth, total (years)",SP.DYN.LE00.IN,2011,82.4756097560976
Estonia,EST,"Life expectancy at birth, total (years)",SP.DYN.LE00.IN,2011,76.2292682926829
Ethiopia,ETH,"Life expectancy at birth, total (years)",SP.DYN.LE00.IN,2011,60.595
European Union,EUU,"Life expectancy at birth, total (years)",SP.DYN.LE00.IN,2011,80.1439505204152
Fragile and conflict affected situations,FCS,"Life expectancy at birth, total (years)",SP.DYN.LE00.IN,2011,59.6276355887061
Finland,FIN,"Life expectancy at birth, total (years)",SP.DYN.LE00.IN,2011,80.4707317073171
Fiji,FJI,"Life expectancy at birth, total (years)",SP.DYN.LE00.IN,2011,66.88
France,FRA,"Life expectancy at birth, total (years)",SP.DYN.LE00.IN,2011,82.1146341463415
Faroe Islands,FRO,"Life expectancy at birth, total (years)",SP.DYN.LE00.IN,2011,80.8518097560976
"Micronesia, Fed. Sts.",FSM,"Life expectancy at birth, total (years)",SP.DYN.LE00.IN,2011,64.969
Gabon,GAB,"Life expectancy at birth, total (years)",SP.DYN.LE00.IN,2011,65.102
United Kingdom,GBR,"Life expectancy at birth, total (years)",SP.DYN.LE00.IN,2011,80.9512195121951
Georgia,GEO,"Life expectancy at birth, total (years)",SP.DYN.LE00.IN,2011,72.485
Ghana,GHA,"Life expectancy at birth, total (years)",SP.DYN.LE00.IN,2011,61.617
Gibraltar,GIB,"Life expectancy at birth, total (years)",SP.DYN.LE00.IN,2011,82.333
Guinea,GIN,"Life expectancy at birth, total (years)",SP.DYN.LE00.IN,2011,56.778
"Gambia, The",GMB,"Life expectancy at birth, total (years)",SP.DYN.LE00.IN,2011,61.561
Guinea-Bissau,GNB,"Life expectancy at birth, total (years)",SP.DYN.LE00.IN,2011,57.663
Equatorial Guinea,GNQ,"Life expectancy at birth, total (years)",SP.DYN.LE00.IN,2011,58.827
Greece,GRC,"Life expectancy at birth, total (years)",SP.DYN.LE00.IN,2011,80.7317073170732
Grenada,GRD,"Life expectancy at birth, total (years)",SP.DYN.LE00.IN,2011,74.861
Greenland,GRL,"Life expectancy at birth, total (years)",SP.DYN.LE00.IN,2011,69.6146341463415
Guatemala,GTM,"Life expectancy at birth, total (years)",SP.DYN.LE00.IN,2011,70.321
Guam,GUM,"Life expectancy at birth, total (years)",SP.DYN.LE00.IN,2011,76.153
Guyana,GUY,"Life expectancy at birth, total (years)",SP.DYN.LE00.IN,2011,66.469
High income,HIC,"Life expectancy at birth, total (years)",SP.DYN.LE00.IN,2011,78.9211245701351
"Hong Kong SAR, China",HKG,"Life expectancy at birth, total (years)",SP.DYN.LE00.IN,2011,83.4119512195122
Honduras,HND,"Life expectancy at birth, total (years)",SP.DYN.LE00.IN,2011,70.116
Heavily indebted poor countries (HIPC),HPC,"Life expectancy at birth, total (years)",SP.DYN.LE00.IN,2011,59.2302011045875
Croatia,HRV,"Life expectancy at birth, total (years)",SP.DYN.LE00.IN,2011,76.7756097560976
Haiti,HTI,"Life expectancy at birth, total (years)",SP.DYN.LE00.IN,2011,61.581
Hungary,HUN,"Life expectancy at birth, total (years)",SP.DYN.LE00.IN,2011,74.8585365853659
IBRD only,IBD,"Life expectancy at birth, total (years)",SP.DYN.LE00.IN,2011,71.8270333930904
IDA & IBRD total,IBT,"Life expectancy at birth, total (years)",SP.DYN.LE00.IN,2011,69.2348980453297
IDA total,IDA,"Life expectancy at birth, total (years)",SP.DYN.LE00.IN,2011,61.3486306453767
IDA blend,IDB,"Life expectancy at birth, total (years)",SP.DYN.LE00.IN,2011,59.364406133511
Indonesia,IDN,"Life expectancy at birth, total (years)",SP.DYN.LE00.IN,2011,68.629
IDA only,IDX,"Life expectancy at birth, total (years)",SP.DYN.LE00.IN,2011,62.4338392527852
Isle of Man,IMN,"Life expectancy at birth, total (years)",SP.DYN.LE00.IN,2011,79.836
India,IND,"Life expectancy at birth, total (years)",SP.DYN.LE00.IN,2011,67.623
Ireland,IRL,"Life expectancy at birth, total (years)",SP.DYN.LE00.IN,2011,80.7463414634146
"Iran, Islamic Rep.",IRN,"Life expectancy at birth, total (years)",SP.DYN.LE00.IN,2011,74.721
Iraq,IRQ,"Life expectancy at birth, total (years)",SP.DYN.LE00.IN,2011,68.435
Iceland,ISL,"Life expectancy at birth, total (years)",SP.DYN.LE00.IN,2011,82.3585365853659
Israel,ISR,"Life expectancy at birth, total (years)",SP.DYN.LE00.IN,2011,81.6560975609756
Italy,ITA,"Life expectancy at birth, total (years)",SP.DYN.LE00.IN,2011,82.1878048780488
Jamaica,JAM,"Life expectancy at birth, total (years)",SP.DYN.LE00.IN,2011,72.245
Jordan,JOR,"Life expectancy at birth, total (years)",SP.DYN.LE00.IN,2011,73.929
Japan,JPN,"Life expectancy at birth, total (years)",SP.DYN.LE00.IN,2011,82.5912195121951
Kazakhstan,KAZ,"Life expectancy at birth, total (years)",SP.DYN.LE00.IN,2011,69.108
Kenya,KEN,"Life expectancy at birth, total (years)",SP.DYN.LE00.IN,2011,61.283
Kyrgyz Republic,KGZ,"Life expectancy at birth, total (years)",SP.DYN.LE00.IN,2011,69.6024390243903
Cambodia,KHM,"Life expectancy at birth, total (years)",SP.DYN.LE00.IN,2011,67.869
Kiribati,KIR,"Life expectancy at birth, total (years)",SP.DYN.LE00.IN,2011,65.896
St. Kitts and Nevis,KNA,"Life expectancy at birth, total (years)",SP.DYN.LE00.IN,2011,71.4
"Korea, Rep.",KOR,"Life expectancy at birth, total (years)",SP.DYN.LE00.IN,2011,80.5682926829269
Kuwait,KWT,"Life expectancy at birth, total (years)",SP.DYN.LE00.IN,2011,78.052243902439
Latin America & Caribbean (excluding high income),LAC,"Life expectancy at birth, total (years)",SP.DYN.LE00.IN,2011,73.6885627028693
Lao PDR,LAO,"Life expectancy at birth, total (years)",SP.DYN.LE00.IN,2011,64.505
Lebanon,LBN,"Life expectancy at birth, total (years)",SP.DYN.LE00.IN,2011,77.768
Liberia,LBR,"Life expectancy at birth, total (years)",SP.DYN.LE00.IN,2011,59.486
Libya,LBY,"Life expectancy at birth, total (years)",SP.DYN.LE00.IN,2011,69.95
St. Lucia,LCA,"Life expectancy at birth, total (years)",SP.DYN.LE00.IN,2011,72.962
Latin America & Caribbean,LCN,"Life expectancy at birth, total (years)",SP.DYN.LE00.IN,2011,73.9248923022491
Least developed countries: UN classification,LDC,"Life expectancy at birth, total (years)",SP.DYN.LE00.IN,2011,61.5005516851242
Low income,LIC,"Life expectancy at birth, total (years)",SP.DYN.LE00.IN,2011,59.8653025517524
Liechtenstein,LIE,"Life expectancy at birth, total (years)",SP.DYN.LE00.IN,2011,81.7926829268293
Sri Lanka,LKA,"Life expectancy at birth, total (years)",SP.DYN.LE00.IN,2011,74.74
Lower middle income,LMC,"Life expectancy at birth, total (years)",SP.DYN.LE00.IN,2011,65.9915065219331
Low & middle income,LMY,"Life expectancy at birth, total (years)",SP.DYN.LE00.IN,2011,69.2434781142801
Lesotho,LSO,"Life expectancy at birth, total (years)",SP.DYN.LE00.IN,2011,46.93
Late-demographic dividend,LTE,"Life expectancy at birth, total (years)",SP.DYN.LE00.IN,2011,74.9999962879426
Lithuania,LTU,"Life expectancy at birth, total (years)",SP.DYN.LE00.IN,2011,73.5634146341464
Luxembourg,LUX,"Life expectancy at birth, total (years)",SP.DYN.LE00.IN,2011,80.9878048780488
Latvia,LVA,"Life expectancy at birth, total (years)",SP.DYN.LE00.IN,2011,73.5756097560976
"Macao SAR, China",MAC,"Life expectancy at birth, total (years)",SP.DYN.LE00.IN,2011,82.4707317073171
St. Martin (French part),MAF,"Life expectancy at birth, total (years)",SP.DYN.LE00.IN,2011,79.016
Morocco,MAR,"Life expectancy at birth, total (years)",SP.DYN.LE00.IN,2011,71.263
Monaco,MCO,"Life expectancy at birth, total (years)",SP.DYN.LE00.IN,2011,85.01
Moldova,MDA,"Life expectancy at birth, total (years)",SP.DYN.LE00.IN,2011,70.173
Madagascar,MDG,"Life expectancy at birth, total (years)",SP.DYN.LE00.IN,2011,62.86
Maldives,MDV,"Life expectancy at birth, total (years)",SP.DYN.LE00.IN,2011,77.141
"Middle East, North Africa, Afghanistan & Pakistan",MEA,"Life expectancy at birth, total (years)",SP.DYN.LE00.IN,2011,69.3940300698411
Mexico,MEX,"Life expectancy at birth, total (years)",SP.DYN.LE00.IN,2011,73.921
Marshall Islands,MHL,"Life expectancy at birth, total (years)",SP.DYN.LE00.IN,2011,64.641
Middle income,MIC,"Life expectancy at birth, total (years)",SP.DYN.LE00.IN,2011,70.0417625323479
North Macedonia,MKD,"Life expectancy at birth, total (years)",SP.DYN.LE00.IN,2011,75.1
Mali,MLI,"Life expectancy at birth, total (years)",SP.DYN.LE00.IN,2011,56.367
Malta,MLT,"Life expectancy at birth, total (years)",SP.DYN.LE00.IN,2011,80.7463414634146
Myanmar,MMR,"Life expectancy at birth, total (years)",SP.DYN.LE00.IN,2011,63.859
"Middle East, North Africa, Afghanistan & Pakistan (excluding high income)",MNA,"Life expectancy at birth, total (years)",SP.DYN.LE00.IN,2011,68.6624095113408
Montenegro,MNE,"Life expectancy at birth, total (years)",SP.DYN.LE00.IN,2011,76.0829268292683
Mongolia,MNG,"Life expectancy at birth, total (years)",SP.DYN.LE00.IN,2011,69.109268292683
Northern Mariana Islands,MNP,"Life expectancy at birth, total (years)",SP.DYN.LE00.IN,2011,77.688
Mozambique,MOZ,"Life expectancy at birth, total (years)",SP.DYN.LE00.IN,2011,55.733
Mauritania,MRT,"Life expectancy at birth, total (years)",SP.DYN.LE00.IN,2011,65.754
Mauritius,MUS,"Life expectancy at birth, total (years)",SP.DYN.LE00.IN,2011,73.2668292682927
Malawi,MWI,"Life expectancy at birth, total (years)",SP.DYN.LE00.IN,2011,58.859
Malaysia,MYS,"Life expectancy at birth, total (years)",SP.DYN.LE00.IN,2011,75.488
North America,NAC,"Life expectancy at birth, total (years)",SP.DYN.LE00.IN,2011,78.9234323511493
Namibia,NAM,"Life expectancy at birth, total (years)",SP.DYN.LE00.IN,2011,56.647
New Caledonia,NCL,"Life expectancy at birth, total (years)",SP.DYN.LE00.IN,2011,76.315
Niger,NER,"Life expectancy at birth, total (years)",SP.DYN.LE00.IN,2011,57.6
Nigeria,NGA,"Life expectancy at birth, total (years)",SP.DYN.LE00.IN,2011,51.49
Nicaragua,NIC,"Life expectancy at birth, total (years)",SP.DYN.LE00.IN,2011,72.033
Netherlands,NLD,"Life expectancy at birth, total (years)",SP.DYN.LE00.IN,2011,81.2048780487805
Norway,NOR,"Life expectancy at birth, total (years)",SP.DYN.LE00.IN,2011,81.2951219512195
Nepal,NPL,"Life expectancy at birth, total (years)",SP.DYN.LE00.IN,2011,67.123
Nauru,NRU,"Life expectancy at birth, total (years)",SP.DYN.LE00.IN,2011,60.287
New Zealand,NZL,"Life expectancy at birth, total (years)",SP.DYN.LE00.IN,2011,81.1560975609756
OECD members,OED,"Life expectancy at birth, total (years)",SP.DYN.LE00.IN,2011,79.2685938676768
Oman,OMN,"Life expectancy at birth, total (years)",SP.DYN.LE00.IN,2011,77.74
Other small states,OSS,"Life expectancy at birth, total (years)",SP.DYN.LE00.IN,2011,69.9373436903887
Pakistan,PAK,"Life expectancy at birth, total (years)",SP.DYN.LE00.IN,2011,64.659
Panama,PAN,"Life expectancy at birth, total (years)",SP.DYN.LE00.IN,2011,76.659
Peru,PER,"Life expectancy at birth, total (years)",SP.DYN.LE00.IN,2011,73.327
Philippines,PHL,"Life expectancy at birth, total (years)",SP.DYN.LE00.IN,2011,69.096
Palau,PLW,"Life expectancy at birth, total (years)",SP.DYN.LE00.IN,2011,68.638
Papua New Guinea,PNG,"Life expectancy at birth, total (years)",SP.DYN.LE00.IN,2011,63.382
Poland,POL,"Life expectancy at birth, total (years)",SP.DYN.LE00.IN,2011,76.6951219512195
Pre-demographic dividend,PRE,"Life expectancy at birth, total (years)",SP.DYN.LE00.IN,2011,57.3119604713827
Puerto Rico (US),PRI,"Life expectancy at birth, total (years)",SP.DYN.LE00.IN,2011,78.766
"Korea, Dem. People's Rep.",PRK,"Life expectancy at birth, total (years)",SP.DYN.LE00.IN,2011,70.772
Portugal,PRT,"Life expectancy at birth, total (years)",SP.DYN.LE00.IN,2011,80.4707317073171
Paraguay,PRY,"Life expectancy at birth, total (years)",SP.DYN.LE00.IN,2011,72.787
West Bank and Gaza,PSE,"Life expectancy at birth, total (years)",SP.DYN.LE00.IN,2011,73.557
Pacific island small states,PSS,"Life expectancy at birth, total (years)",SP.DYN.LE00.IN,2011,68.0222810195532
Post-demographic dividend,PST,"Life expectancy at birth, total (years)",SP.DYN.LE00.IN,2011,79.9443824717696
French Polynesia,PYF,"Life expectancy at birth, total (years)",SP.DYN.LE00.IN,2011,81.434
Qatar,QAT,"Life expectancy at birth, total (years)",SP.DYN.LE00.IN,2011,79.994
Romania,ROU,"Life expectancy at birth, total (years)",SP.DYN.LE00.IN,2011,74.409756097561
Russian Federation,RUS,"Life expectancy at birth, total (years)",SP.DYN.LE00.IN,2011,69.6839024390244
Rwanda,RWA,"Life expectancy at birth, total (years)",SP.DYN.LE00.IN,2011,63.476
South Asia,SAS,"Life expectancy at birth, total (years)",SP.DYN.LE00.IN,2011,67.8108394834024
Saudi Arabia,SAU,"Life expectancy at birth, total (years)",SP.DYN.LE00.IN,2011,75.808
Sudan,SDN,"Life expectancy at birth, total (years)",SP.DYN.LE00.IN,2011,63.181
Senegal,SEN,"Life expectancy at birth, total (years)",SP.DYN.LE00.IN,2011,64.799
Singapore,SGP,"Life expectancy at birth, total (years)",SP.DYN.LE00.IN,2011,81.7439024390244
Solomon Islands,SLB,"Life expectancy at birth, total (years)",SP.DYN.LE00.IN,2011,68.824
Sierra Leone,SLE,"Life expectancy at birth, total (years)",SP.DYN.LE00.IN,2011,52.594
El Salvador,SLV,"Life expectancy at birth, total (years)",SP.DYN.LE00.IN,2011,71.192
San Marino,SMR,"Life expectancy at birth, total (years)",SP.DYN.LE00.IN,2011,83.713
"Somalia, Fed. Rep.",SOM,"Life expectancy at birth, total (years)",SP.DYN.LE00.IN,2011,32.453
Serbia,SRB,"Life expectancy at birth, total (years)",SP.DYN.LE00.IN,2011,74.5365853658537
Sub-Saharan Africa (excluding high income),SSA,"Life expectancy at birth, total (years)",SP.DYN.LE00.IN,2011,57.1200267509504
South Sudan,SSD,"Life expectancy at birth, total (years)",SP.DYN.LE00.IN,2011,57.674
Sub-Saharan Africa,SSF,"Life expectancy at birth, total (years)",SP.DYN.LE00.IN,2011,57.4735321042472
Small states,SST,"Life expectancy at birth, total (years)",SP.DYN.LE00.IN,2011,70.0014375655617
Sao Tome and Principe,STP,"Life expectancy at birth, total (years)",SP.DYN.LE00.IN,2011,64.122
Suriname,SUR,"Life expectancy at birth, total (years)",SP.DYN.LE00.IN,2011,69.82
Slovak Republic,SVK,"Life expectancy at birth, total (years)",SP.DYN.LE00.IN,2011,75.9585365853659
Slovenia,SVN,"Life expectancy at birth, total (years)",SP.DYN.LE00.IN,2011,79.9707317073171
Sweden,SWE,"Life expectancy at birth, total (years)",SP.DYN.LE00.IN,2011,81.8024390243903
Eswatini,SWZ,"Life expectancy at birth, total (years)",SP.DYN.LE00.IN,2011,49.057
Sint Maarten (Dutch part),SXM,"Life expectancy at birth, total (years)",SP.DYN.LE00.IN,2011,74.868
Seychelles,SYC,"Life expectancy at birth, total (years)",SP.DYN.LE00.IN,2011,72.7243902439024
Syrian Arab Republic,SYR,"Life expectancy at birth, total (years)",SP.DYN.LE00.IN,2011,72.259
Turks and Caicos Islands,TCA,"Life expectancy at birth, total (years)",SP.DYN.LE00.IN,2011,76.87
Chad,TCD,"Life expectancy at birth, total (years)",SP.DYN.LE00.IN,2011,50.426
East Asia & Pacific (IDA & IBRD countries),TEA,"Life expectancy at birth, total (years)",SP.DYN.LE00.IN,2011,74.0266932049917
Europe & Central Asia (IDA & IBRD countries),TEC,"Life expectancy at birth, total (years)",SP.DYN.LE00.IN,2011,71.9266644042886
Togo,TGO,"Life expectancy at birth, total (years)",SP.DYN.LE00.IN,2011,57.624
Thailand,THA,"Life expectancy at birth, total (years)",SP.DYN.LE00.IN,2011,75.302
Tajikistan,TJK,"Life expectancy at birth, total (years)",SP.DYN.LE00.IN,2011,68.698
Turkmenistan,TKM,"Life expectancy at birth, total (years)",SP.DYN.LE00.IN,2011,68.87
Latin America & the Caribbean (IDA & IBRD countries),TLA,"Life expectancy at birth, total (years)",SP.DYN.LE00.IN,2011,73.8112572375492
Timor-Leste,TLS,"Life expectancy at birth, total (years)",SP.DYN.LE00.IN,2011,64.022
"Middle East, North Africa, Afghanistan & Pakistan (IDA & IBRD)",TMN,"Life expectancy at birth, total (years)",SP.DYN.LE00.IN,2011,68.6299635824863
Tonga,TON,"Life expectancy at birth, total (years)",SP.DYN.LE00.IN,2011,71.437
South Asia (IDA & IBRD),TSA,"Life expectancy at birth, total (years)",SP.DYN.LE00.IN,2011,67.8108394834024
Sub-Saharan Africa (IDA & IBRD countries),TSS,"Life expectancy at birth, total (years)",SP.DYN.LE00.IN,2011,57.4735321042472
Trinidad and Tobago,TTO,"Life expectancy at birth, total (years)",SP.DYN.LE00.IN,2011,72.232
Tunisia,TUN,"Life expectancy at birth, total (years)",SP.DYN.LE00.IN,2011,74.471
Turkiye,TUR,"Life expectancy at birth, total (years)",SP.DYN.LE00.IN,2011,74.823
Tuvalu,TUV,"Life expectancy at birth, total (years)",SP.DYN.LE00.IN,2011,64.96
Tanzania,TZA,"Life expectancy at birth, total (years)",SP.DYN.LE00.IN,2011,61.618
Uganda,UGA,"Life expectancy at birth, total (years)",SP.DYN.LE00.IN,2011,60.791
Ukraine,UKR,"Life expectancy at birth, total (years)",SP.DYN.LE00.IN,2011,70.711
Upper middle income,UMC,"Life expectancy at birth, total (years)",SP.DYN.LE00.IN,2011,74.090553966773
Uruguay,URY,"Life expectancy at birth, total (years)",SP.DYN.LE00.IN,2011,76.614
United States,USA,"Life expectancy at birth, total (years)",SP.DYN.LE00.IN,2011,78.6414634146341
Uzbekistan,UZB,"Life expectancy at birth, total (years)",SP.DYN.LE00.IN,2011,70.143
St. Vincent and the Grenadines,VCT,"Life expectancy at birth, total (years)",SP.DYN.LE00.IN,2011,70.609
"Venezuela, RB",VEN,"Life expectancy at birth, total (years)",SP.DYN.LE00.IN,2011,73.09
British Virgin Islands,VGB,"Life expectancy at birth, total (years)",SP.DYN.LE00.IN,2011,76.363
Virgin Islands (U.S.),VIR,"Life expectancy at birth, total (years)",SP.DYN.LE00.IN,2011,78.3170731707317
Viet Nam,VNM,"Life expectancy at birth, total (years)",SP.DYN.LE00.IN,2011,73.713
Vanuatu,VUT,"Life expectancy at birth, total (years)",SP.DYN.LE00.IN,2011,69.729
World,WLD,"Life expectancy at birth, total (years)",SP.DYN.LE00.IN,2011,70.9680197134964
Samoa,WSM,"Life expectancy at birth, total (years)",SP.DYN.LE00.IN,2011,71.393
Kosovo,XKX,"Life expectancy at birth, total (years)",SP.DYN.LE00.IN,2011,75.323
"Yemen, Rep.",YEM,"Life expectancy at birth, total (years)",SP.DYN.LE00.IN,2011,67.412
South Africa,ZAF,"Life expectancy at birth, total (years)",SP.DYN.LE00.IN,2011,60.602
Zambia,ZMB,"Life expectancy at birth, total (years)",SP.DYN.LE00.IN,2011,57.843
Zimbabwe,ZWE,"Life expectancy at birth, total (years)",SP.DYN.LE00.IN,2011,53.911
Aruba,ABW,"Life expectancy at birth, total (years)",SP.DYN.LE00.IN,2012,74.841
Africa Eastern and Southern,AFE,"Life expectancy at birth, total (years)",SP.DYN.LE00.IN,2012,60.2495123598467
Afghanistan,AFG,"Life expectancy at birth, total (years)",SP.DYN.LE00.IN,2012,61.735
Africa Western and Central,AFW,"Life expectancy at birth, total (years)",SP.DYN.LE00.IN,2012,55.2929453627
Angola,AGO,"Life expectancy at birth, total (years)",SP.DYN.LE00.IN,2012,58.916
Albania,ALB,"Life expectancy at birth, total (years)",SP.DYN.LE00.IN,2012,78.084
Andorra,AND,"Life expectancy at birth, total (years)",SP.DYN.LE00.IN,2012,84.334
Arab World,ARB,"Life expectancy at birth, total (years)",SP.DYN.LE00.IN,2012,69.842316602094
United Arab Emirates,ARE,"Life expectancy at birth, total (years)",SP.DYN.LE00.IN,2012,81.913
Argentina,ARG,"Life expectancy at birth, total (years)",SP.DYN.LE00.IN,2012,75.802
Armenia,ARM,"Life expectancy at birth, total (years)",SP.DYN.LE00.IN,2012,74.119512195122
American Samoa,ASM,"Life expectancy at birth, total (years)",SP.DYN.LE00.IN,2012,72.709
Antigua and Barbuda,ATG,"Life expectancy at birth, total (years)",SP.DYN.LE00.IN,2012,77.1
Australia,AUS,"Life expectancy at birth, total (years)",SP.DYN.LE00.IN,2012,82.0463414634146
Austria,AUT,"Life expectancy at birth, total (years)",SP.DYN.LE00.IN,2012,80.9365853658537
Azerbaijan,AZE,"Life expectancy at birth, total (years)",SP.DYN.LE00.IN,2012,71.08
Burundi,BDI,"Life expectancy at birth, total (years)",SP.DYN.LE00.IN,2012,58.501
Belgium,BEL,"Life expectancy at birth, total (years)",SP.DYN.LE00.IN,2012,80.3853658536585
Benin,BEN,"Life expectancy at birth, total (years)",SP.DYN.LE00.IN,2012,58.559
Burkina Faso,BFA,"Life expectancy at birth, total (years)",SP.DYN.LE00.IN,2012,57.457
Bangladesh,BGD,"Life expectancy at birth, total (years)",SP.DYN.LE00.IN,2012,68.989
Bulgaria,BGR,"Life expectancy at birth, total (years)",SP.DYN.LE00.IN,2012,74.3146341463415
Bahrain,BHR,"Life expectancy at birth, total (years)",SP.DYN.LE00.IN,2012,79.622
"Bahamas, The",BHS,"Life expectancy at birth, total (years)",SP.DYN.LE00.IN,2012,73.707
Bosnia and Herzegovina,BIH,"Life expectancy at birth, total (years)",SP.DYN.LE00.IN,2012,77.037
Belarus,BLR,"Life expectancy at birth, total (years)",SP.DYN.LE00.IN,2012,71.9658536585366
Belize,BLZ,"Life expectancy at birth, total (years)",SP.DYN.LE00.IN,2012,71.134
Bermuda,BMU,"Life expectancy at birth, total (years)",SP.DYN.LE00.IN,2012,79.847
Bolivia,BOL,"Life expectancy at birth, total (years)",SP.DYN.LE00.IN,2012,66.586
Brazil,BRA,"Life expectancy at birth, total (years)",SP.DYN.LE00.IN,2012,74.335
Barbados,BRB,"Life expectancy at birth, total (years)",SP.DYN.LE00.IN,2012,75.737
Brunei Darussalam,BRN,"Life expectancy at birth, total (years)",SP.DYN.LE00.IN,2012,74.843
Bhutan,BTN,"Life expectancy at birth, total (years)",SP.DYN.LE00.IN,2012,69.759
Botswana,BWA,"Life expectancy at birth, total (years)",SP.DYN.LE00.IN,2012,60.384
Central African Republic,CAF,"Life expectancy at birth, total (years)",SP.DYN.LE00.IN,2012,51.336
Canada,CAN,"Life expectancy at birth, total (years)",SP.DYN.LE00.IN,2012,81.6636585365854
Central Europe and the Baltics,CEB,"Life expectancy at birth, total (years)",SP.DYN.LE00.IN,2012,76.0033944660035
Switzerland,CHE,"Life expectancy at birth, total (years)",SP.DYN.LE00.IN,2012,82.6975609756098
Channel Islands,CHI,"Life expectancy at birth, total (years)",SP.DYN.LE00.IN,2012,81.3
Chile,CHL,"Life expectancy at birth, total (years)",SP.DYN.LE00.IN,2012,79.221
China,CHN,"Life expectancy at birth, total (years)",SP.DYN.LE00.IN,2012,76.2
Cote d'Ivoire,CIV,"Life expectancy at birth, total (years)",SP.DYN.LE00.IN,2012,56.57
Cameroon,CMR,"Life expectancy at birth, total (years)",SP.DYN.LE00.IN,2012,58.17
"Congo, Dem. Rep.",COD,"Life expectancy at birth, total (years)",SP.DYN.LE00.IN,2012,57.35
"Congo, Rep.",COG,"Life expectancy at birth, total (years)",SP.DYN.LE00.IN,2012,62.662
Colombia,COL,"Life expectancy at birth, total (years)",SP.DYN.LE00.IN,2012,75.611
Comoros,COM,"Life expectancy at birth, total (years)",SP.DYN.LE00.IN,2012,63.463
Cabo Verde,CPV,"Life expectancy at birth, total (years)",SP.DYN.LE00.IN,2012,73.315
Costa Rica,CRI,"Life expectancy at birth, total (years)",SP.DYN.LE00.IN,2012,79.925
Caribbean small states,CSS,"Life expectancy at birth, total (years)",SP.DYN.LE00.IN,2012,71.4019143290264
Cuba,CUB,"Life expectancy at birth, total (years)",SP.DYN.LE00.IN,2012,78.162
Curacao,CUW,"Life expectancy at birth, total (years)",SP.DYN.LE00.IN,2012,75.96
Cayman Islands,CYM,"Life expectancy at birth, total (years)",SP.DYN.LE00.IN,2012,77.121
Cyprus,CYP,"Life expectancy at birth, total (years)",SP.DYN.LE00.IN,2012,81.128
Czechia,CZE,"Life expectancy at birth, total (years)",SP.DYN.LE00.IN,2012,78.0756097560976
Germany,DEU,"Life expectancy at birth, total (years)",SP.DYN.LE00.IN,2012,80.5390243902439
Djibouti,DJI,"Life expectancy at birth, total (years)",SP.DYN.LE00.IN,2012,61.719
Dominica,DMA,"Life expectancy at birth, total (years)",SP.DYN.LE00.IN,2012,71.391
Denmark,DNK,"Life expectancy at birth, total (years)",SP.DYN.LE00.IN,2012,80.0512195121951
Dominican Republic,DOM,"Life expectancy at birth, total (years)",SP.DYN.LE00.IN,2012,72.817
Algeria,DZA,"Life expectancy at birth, total (years)",SP.DYN.LE00.IN,2012,74.609
East Asia & Pacific (excluding high income),EAP,"Life expectancy at birth, total (years)",SP.DYN.LE00.IN,2012,74.2597872053228
Early-demographic dividend,EAR,"Life expectancy at birth, total (years)",SP.DYN.LE00.IN,2012,68.6094630284121
East Asia & Pacific,EAS,"Life expectancy at birth, total (years)",SP.DYN.LE00.IN,2012,75.1059726864745
Europe & Central Asia (excluding high income),ECA,"Life expectancy at birth, total (years)",SP.DYN.LE00.IN,2012,72.6735984954506
Europe & Central Asia,ECS,"Life expectancy at birth, total (years)",SP.DYN.LE00.IN,2012,76.6804966674157
Ecuador,ECU,"Life expectancy at birth, total (years)",SP.DYN.LE00.IN,2012,75.486
"Egypt, Arab Rep.",EGY,"Life expectancy at birth, total (years)",SP.DYN.LE00.IN,2012,69.464
Euro area,EMU,"Life expectancy at birth, total (years)",SP.DYN.LE00.IN,2012,81.1827315779388
Eritrea,ERI,"Life expectancy at birth, total (years)",SP.DYN.LE00.IN,2012,64.697
Spain,ESP,"Life expectancy at birth, total (years)",SP.DYN.LE00.IN,2012,82.4268292682927
Estonia,EST,"Life expectancy at birth, total (years)",SP.DYN.LE00.IN,2012,76.3268292682927
Ethiopia,ETH,"Life expectancy at birth, total (years)",SP.DYN.LE00.IN,2012,61.443
European Union,EUU,"Life expectancy at birth, total (years)",SP.DYN.LE00.IN,2012,80.1657773209271
Fragile and conflict affected situations,FCS,"Life expectancy at birth, total (years)",SP.DYN.LE00.IN,2012,60.1008402450513
Finland,FIN,"Life expectancy at birth, total (years)",SP.DYN.LE00.IN,2012,80.6268292682927
Fiji,FJI,"Life expectancy at birth, total (years)",SP.DYN.LE00.IN,2012,65.812
France,FRA,"Life expectancy at birth, total (years)",SP.DYN.LE00.IN,2012,81.9682926829268
Faroe Islands,FRO,"Life expectancy at birth, total (years)",SP.DYN.LE00.IN,2012,81.1060951219512
"Micronesia, Fed. Sts.",FSM,"Life expectancy at birth, total (years)",SP.DYN.LE00.IN,2012,65.08
Gabon,GAB,"Life expectancy at birth, total (years)",SP.DYN.LE00.IN,2012,65.438
United Kingdom,GBR,"Life expectancy at birth, total (years)",SP.DYN.LE00.IN,2012,80.9048780487805
Georgia,GEO,"Life expectancy at birth, total (years)",SP.DYN.LE00.IN,2012,72.672
Ghana,GHA,"Life expectancy at birth, total (years)",SP.DYN.LE00.IN,2012,61.995
Gibraltar,GIB,"Life expectancy at birth, total (years)",SP.DYN.LE00.IN,2012,82.527
Guinea,GIN,"Life expectancy at birth, total (years)",SP.DYN.LE00.IN,2012,57.117
"Gambia, The",GMB,"Life expectancy at birth, total (years)",SP.DYN.LE00.IN,2012,61.9
Guinea-Bissau,GNB,"Life expectancy at birth, total (years)",SP.DYN.LE00.IN,2012,58.27
Equatorial Guinea,GNQ,"Life expectancy at birth, total (years)",SP.DYN.LE00.IN,2012,59.301
Greece,GRC,"Life expectancy at birth, total (years)",SP.DYN.LE00.IN,2012,80.6341463414634
Grenada,GRD,"Life expectancy at birth, total (years)",SP.DYN.LE00.IN,2012,74.961
Greenland,GRL,"Life expectancy at birth, total (years)",SP.DYN.LE00.IN,2012,69.959512195122
Guatemala,GTM,"Life expectancy at birth, total (years)",SP.DYN.LE00.IN,2012,70.722
Guam,GUM,"Life expectancy at birth, total (years)",SP.DYN.LE00.IN,2012,76.237
Guyana,GUY,"Life expectancy at birth, total (years)",SP.DYN.LE00.IN,2012,66.443
High income,HIC,"Life expectancy at birth, total (years)",SP.DYN.LE00.IN,2012,79.0753405215115
"Hong Kong SAR, China",HKG,"Life expectancy at birth, total (years)",SP.DYN.LE00.IN,2012,83.450243902439
Honduras,HND,"Life expectancy at birth, total (years)",SP.DYN.LE00.IN,2012,70.46
Heavily indebted poor countries (HIPC),HPC,"Life expectancy at birth, total (years)",SP.DYN.LE00.IN,2012,60.0856015886966
Croatia,HRV,"Life expectancy at birth, total (years)",SP.DYN.LE00.IN,2012,77.1682926829268
Haiti,HTI,"Life expectancy at birth, total (years)",SP.DYN.LE00.IN,2012,62.273
Hungary,HUN,"Life expectancy at birth, total (years)",SP.DYN.LE00.IN,2012,75.0634146341463
IBRD only,IBD,"Life expectancy at birth, total (years)",SP.DYN.LE00.IN,2012,72.1636704451454
IDA & IBRD total,IBT,"Life expectancy at birth, total (years)",SP.DYN.LE00.IN,2012,69.5733260531969
IDA total,IDA,"Life expectancy at birth, total (years)",SP.DYN.LE00.IN,2012,61.7824780361197
IDA blend,IDB,"Life expectancy at birth, total (years)",SP.DYN.LE00.IN,2012,59.6305637403653
Indonesia,IDN,"Life expectancy at birth, total (years)",SP.DYN.LE00.IN,2012,68.862
IDA only,IDX,"Life expectancy at birth, total (years)",SP.DYN.LE00.IN,2012,62.9601696054597
Isle of Man,IMN,"Life expectancy at birth, total (years)",SP.DYN.LE00.IN,2012,80.007
India,IND,"Life expectancy at birth, total (years)",SP.DYN.LE00.IN,2012,68.076
Ireland,IRL,"Life expectancy at birth, total (years)",SP.DYN.LE00.IN,2012,80.8463414634146
"Iran, Islamic Rep.",IRN,"Life expectancy at birth, total (years)",SP.DYN.LE00.IN,2012,75.039
Iraq,IRQ,"Life expectancy at birth, total (years)",SP.DYN.LE00.IN,2012,68.827
Iceland,ISL,"Life expectancy at birth, total (years)",SP.DYN.LE00.IN,2012,82.9170731707317
Israel,ISR,"Life expectancy at birth, total (years)",SP.DYN.LE00.IN,2012,81.7048780487805
Italy,ITA,"Life expectancy at birth, total (years)",SP.DYN.LE00.IN,2012,82.2390243902439
Jamaica,JAM,"Life expectancy at birth, total (years)",SP.DYN.LE00.IN,2012,72.405
Jordan,JOR,"Life expectancy at birth, total (years)",SP.DYN.LE00.IN,2012,74.087
Japan,JPN,"Life expectancy at birth, total (years)",SP.DYN.LE00.IN,2012,83.0960975609756
Kazakhstan,KAZ,"Life expectancy at birth, total (years)",SP.DYN.LE00.IN,2012,69.939
Kenya,KEN,"Life expectancy at birth, total (years)",SP.DYN.LE00.IN,2012,61.537
Kyrgyz Republic,KGZ,"Life expectancy at birth, total (years)",SP.DYN.LE00.IN,2012,70.0024390243902
Cambodia,KHM,"Life expectancy at birth, total (years)",SP.DYN.LE00.IN,2012,68.371
Kiribati,KIR,"Life expectancy at birth, total (years)",SP.DYN.LE00.IN,2012,65.908
St. Kitts and Nevis,KNA,"Life expectancy at birth, total (years)",SP.DYN.LE00.IN,2012,71.362
"Korea, Rep.",KOR,"Life expectancy at birth, total (years)",SP.DYN.LE00.IN,2012,80.819512195122
Kuwait,KWT,"Life expectancy at birth, total (years)",SP.DYN.LE00.IN,2012,78.3950243902439
Latin America & Caribbean (excluding high income),LAC,"Life expectancy at birth, total (years)",SP.DYN.LE00.IN,2012,73.9499064237775
Lao PDR,LAO,"Life expectancy at birth, total (years)",SP.DYN.LE00.IN,2012,65.126
Lebanon,LBN,"Life expectancy at birth, total (years)",SP.DYN.LE00.IN,2012,77.941
Liberia,LBR,"Life expectancy at birth, total (years)",SP.DYN.LE00.IN,2012,59.785
Libya,LBY,"Life expectancy at birth, total (years)",SP.DYN.LE00.IN,2012,72.188
St. Lucia,LCA,"Life expectancy at birth, total (years)",SP.DYN.LE00.IN,2012,72.86
Latin America & Caribbean,LCN,"Life expectancy at birth, total (years)",SP.DYN.LE00.IN,2012,74.1643943654901
Least developed countries: UN classification,LDC,"Life expectancy at birth, total (years)",SP.DYN.LE00.IN,2012,62.2255421822475
Low income,LIC,"Life expectancy at birth, total (years)",SP.DYN.LE00.IN,2012,60.434759060214
Liechtenstein,LIE,"Life expectancy at birth, total (years)",SP.DYN.LE00.IN,2012,82.3829268292683
Sri Lanka,LKA,"Life expectancy at birth, total (years)",SP.DYN.LE00.IN,2012,75.187
Lower middle income,LMC,"Life expectancy at birth, total (years)",SP.DYN.LE00.IN,2012,66.3602661185581
Low & middle income,LMY,"Life expectancy at birth, total (years)",SP.DYN.LE00.IN,2012,69.5822876390444
Lesotho,LSO,"Life expectancy at birth, total (years)",SP.DYN.LE00.IN,2012,48.235
Late-demographic dividend,LTE,"Life expectancy at birth, total (years)",SP.DYN.LE00.IN,2012,75.2993648872023
Lithuania,LTU,"Life expectancy at birth, total (years)",SP.DYN.LE00.IN,2012,73.8634146341464
Luxembourg,LUX,"Life expectancy at birth, total (years)",SP.DYN.LE00.IN,2012,81.3926829268293
Latvia,LVA,"Life expectancy at birth, total (years)",SP.DYN.LE00.IN,2012,73.7780487804878
"Macao SAR, China",MAC,"Life expectancy at birth, total (years)",SP.DYN.LE00.IN,2012,82.4707317073171
St. Martin (French part),MAF,"Life expectancy at birth, total (years)",SP.DYN.LE00.IN,2012,79.302
Morocco,MAR,"Life expectancy at birth, total (years)",SP.DYN.LE00.IN,2012,71.674
Monaco,MCO,"Life expectancy at birth, total (years)",SP.DYN.LE00.IN,2012,85.045
Moldova,MDA,"Life expectancy at birth, total (years)",SP.DYN.LE00.IN,2012,70.344
Madagascar,MDG,"Life expectancy at birth, total (years)",SP.DYN.LE00.IN,2012,63.007
Maldives,MDV,"Life expectancy at birth, total (years)",SP.DYN.LE00.IN,2012,77.512
"Middle East, North Africa, Afghanistan & Pakistan",MEA,"Life expectancy at birth, total (years)",SP.DYN.LE00.IN,2012,69.4551250054338
Mexico,MEX,"Life expectancy at birth, total (years)",SP.DYN.LE00.IN,2012,74.128
Marshall Islands,MHL,"Life expectancy at birth, total (years)",SP.DYN.LE00.IN,2012,64.776
Middle income,MIC,"Life expectancy at birth, total (years)",SP.DYN.LE00.IN,2012,70.3718997552264
North Macedonia,MKD,"Life expectancy at birth, total (years)",SP.DYN.LE00.IN,2012,74.9024390243903
Mali,MLI,"Life expectancy at birth, total (years)",SP.DYN.LE00.IN,2012,56.696
Malta,MLT,"Life expectancy at birth, total (years)",SP.DYN.LE00.IN,2012,80.7463414634146
Myanmar,MMR,"Life expectancy at birth, total (years)",SP.DYN.LE00.IN,2012,64.251
"Middle East, North Africa, Afghanistan & Pakistan (excluding high income)",MNA,"Life expectancy at birth, total (years)",SP.DYN.LE00.IN,2012,68.6913310388784
Montenegro,MNE,"Life expectancy at birth, total (years)",SP.DYN.LE00.IN,2012,76.3
Mongolia,MNG,"Life expectancy at birth, total (years)",SP.DYN.LE00.IN,2012,69.500243902439
Northern Mariana Islands,MNP,"Life expectancy at birth, total (years)",SP.DYN.LE00.IN,2012,77.566
Mozambique,MOZ,"Life expectancy at birth, total (years)",SP.DYN.LE00.IN,2012,56.46
Mauritania,MRT,"Life expectancy at birth, total (years)",SP.DYN.LE00.IN,2012,65.808
Mauritius,MUS,"Life expectancy at birth, total (years)",SP.DYN.LE00.IN,2012,73.8634146341464
Malawi,MWI,"Life expectancy at birth, total (years)",SP.DYN.LE00.IN,2012,59.87
Malaysia,MYS,"Life expectancy at birth, total (years)",SP.DYN.LE00.IN,2012,75.552
North America,NAC,"Life expectancy at birth, total (years)",SP.DYN.LE00.IN,2012,79.0322253270364
Namibia,NAM,"Life expectancy at birth, total (years)",SP.DYN.LE00.IN,2012,57.733
New Caledonia,NCL,"Life expectancy at birth, total (years)",SP.DYN.LE00.IN,2012,76.615
Niger,NER,"Life expectancy at birth, total (years)",SP.DYN.LE00.IN,2012,57.987
Nigeria,NGA,"Life expectancy at birth, total (years)",SP.DYN.LE00.IN,2012,51.688
Nicaragua,NIC,"Life expectancy at birth, total (years)",SP.DYN.LE00.IN,2012,72.435
Netherlands,NLD,"Life expectancy at birth, total (years)",SP.DYN.LE00.IN,2012,81.1048780487805
Norway,NOR,"Life expectancy at birth, total (years)",SP.DYN.LE00.IN,2012,81.4512195121951
Nepal,NPL,"Life expectancy at birth, total (years)",SP.DYN.LE00.IN,2012,67.364
Nauru,NRU,"Life expectancy at birth, total (years)",SP.DYN.LE00.IN,2012,60.533
New Zealand,NZL,"Life expectancy at birth, total (years)",SP.DYN.LE00.IN,2012,81.4073170731707
OECD members,OED,"Life expectancy at birth, total (years)",SP.DYN.LE00.IN,2012,79.429885982955
Oman,OMN,"Life expectancy at birth, total (years)",SP.DYN.LE00.IN,2012,78.187
Other small states,OSS,"Life expectancy at birth, total (years)",SP.DYN.LE00.IN,2012,70.3920318149408
Pakistan,PAK,"Life expectancy at birth, total (years)",SP.DYN.LE00.IN,2012,64.883
Panama,PAN,"Life expectancy at birth, total (years)",SP.DYN.LE00.IN,2012,76.877
Peru,PER,"Life expectancy at birth, total (years)",SP.DYN.LE00.IN,2012,73.979
Philippines,PHL,"Life expectancy at birth, total (years)",SP.DYN.LE00.IN,2012,69.237
Palau,PLW,"Life expectancy at birth, total (years)",SP.DYN.LE00.IN,2012,68.863
Papua New Guinea,PNG,"Life expectancy at birth, total (years)",SP.DYN.LE00.IN,2012,63.639
Poland,POL,"Life expectancy at birth, total (years)",SP.DYN.LE00.IN,2012,76.7463414634146
Pre-demographic dividend,PRE,"Life expectancy at birth, total (years)",SP.DYN.LE00.IN,2012,58.0154619154891
Puerto Rico (US),PRI,"Life expectancy at birth, total (years)",SP.DYN.LE00.IN,2012,79.258
"Korea, Dem. People's Rep.",PRK,"Life expectancy at birth, total (years)",SP.DYN.LE00.IN,2012,71.317
Portugal,PRT,"Life expectancy at birth, total (years)",SP.DYN.LE00.IN,2012,80.3731707317073
Paraguay,PRY,"Life expectancy at birth, total (years)",SP.DYN.LE00.IN,2012,73.105
West Bank and Gaza,PSE,"Life expectancy at birth, total (years)",SP.DYN.LE00.IN,2012,73.722
Pacific island small states,PSS,"Life expectancy at birth, total (years)",SP.DYN.LE00.IN,2012,67.6660532253593
Post-demographic dividend,PST,"Life expectancy at birth, total (years)",SP.DYN.LE00.IN,2012,80.088710974095
French Polynesia,PYF,"Life expectancy at birth, total (years)",SP.DYN.LE00.IN,2012,81.695
Qatar,QAT,"Life expectancy at birth, total (years)",SP.DYN.LE00.IN,2012,80.499
Romania,ROU,"Life expectancy at birth, total (years)",SP.DYN.LE00.IN,2012,74.4121951219512
Russian Federation,RUS,"Life expectancy at birth, total (years)",SP.DYN.LE00.IN,2012,70.0721951219512
Rwanda,RWA,"Life expectancy at birth, total (years)",SP.DYN.LE00.IN,2012,64.189
South Asia,SAS,"Life expectancy at birth, total (years)",SP.DYN.LE00.IN,2012,68.2629615309516
Saudi Arabia,SAU,"Life expectancy at birth, total (years)",SP.DYN.LE00.IN,2012,76.09
Sudan,SDN,"Life expectancy at birth, total (years)",SP.DYN.LE00.IN,2012,63.427
Senegal,SEN,"Life expectancy at birth, total (years)",SP.DYN.LE00.IN,2012,65.229
Singapore,SGP,"Life expectancy at birth, total (years)",SP.DYN.LE00.IN,2012,81.9951219512195
Solomon Islands,SLB,"Life expectancy at birth, total (years)",SP.DYN.LE00.IN,2012,68.961
Sierra Leone,SLE,"Life expectancy at birth, total (years)",SP.DYN.LE00.IN,2012,53.159
El Salvador,SLV,"Life expectancy at birth, total (years)",SP.DYN.LE00.IN,2012,71.42
San Marino,SMR,"Life expectancy at birth, total (years)",SP.DYN.LE00.IN,2012,83.943
"Somalia, Fed. Rep.",SOM,"Life expectancy at birth, total (years)",SP.DYN.LE00.IN,2012,49.138
Serbia,SRB,"Life expectancy at birth, total (years)",SP.DYN.LE00.IN,2012,74.8365853658537
Sub-Saharan Africa (excluding high income),SSA,"Life expectancy at birth, total (years)",SP.DYN.LE00.IN,2012,57.8638362761954
South Sudan,SSD,"Life expectancy at birth, total (years)",SP.DYN.LE00.IN,2012,58.241
Sub-Saharan Africa,SSF,"Life expectancy at birth, total (years)",SP.DYN.LE00.IN,2012,58.2282166983329
Small states,SST,"Life expectancy at birth, total (years)",SP.DYN.LE00.IN,2012,70.2725959153837
Sao Tome and Principe,STP,"Life expectancy at birth, total (years)",SP.DYN.LE00.IN,2012,64.505
Suriname,SUR,"Life expectancy at birth, total (years)",SP.DYN.LE00.IN,2012,69.957
Slovak Republic,SVK,"Life expectancy at birth, total (years)",SP.DYN.LE00.IN,2012,76.109756097561
Slovenia,SVN,"Life expectancy at birth, total (years)",SP.DYN.LE00.IN,2012,80.1243902439024
Sweden,SWE,"Life expectancy at birth, total (years)",SP.DYN.LE00.IN,2012,81.7048780487805
Eswatini,SWZ,"Life expectancy at birth, total (years)",SP.DYN.LE00.IN,2012,50.714
Sint Maarten (Dutch part),SXM,"Life expectancy at birth, total (years)",SP.DYN.LE00.IN,2012,75.125
Seychelles,SYC,"Life expectancy at birth, total (years)",SP.DYN.LE00.IN,2012,74.2756097560976
Syrian Arab Republic,SYR,"Life expectancy at birth, total (years)",SP.DYN.LE00.IN,2012,66.206
Turks and Caicos Islands,TCA,"Life expectancy at birth, total (years)",SP.DYN.LE00.IN,2012,76.969
Chad,TCD,"Life expectancy at birth, total (years)",SP.DYN.LE00.IN,2012,50.765
East Asia & Pacific (IDA & IBRD countries),TEA,"Life expectancy at birth, total (years)",SP.DYN.LE00.IN,2012,74.2971126258118
Europe & Central Asia (IDA & IBRD countries),TEC,"Life expectancy at birth, total (years)",SP.DYN.LE00.IN,2012,72.3336150257883
Togo,TGO,"Life expectancy at birth, total (years)",SP.DYN.LE00.IN,2012,57.953
Thailand,THA,"Life expectancy at birth, total (years)",SP.DYN.LE00.IN,2012,75.59
Tajikistan,TJK,"Life expectancy at birth, total (years)",SP.DYN.LE00.IN,2012,69.13
Turkmenistan,TKM,"Life expectancy at birth, total (years)",SP.DYN.LE00.IN,2012,68.961
Latin America & the Caribbean (IDA & IBRD countries),TLA,"Life expectancy at birth, total (years)",SP.DYN.LE00.IN,2012,74.0531427389642
Timor-Leste,TLS,"Life expectancy at birth, total (years)",SP.DYN.LE00.IN,2012,64.384
"Middle East, North Africa, Afghanistan & Pakistan (IDA & IBRD)",TMN,"Life expectancy at birth, total (years)",SP.DYN.LE00.IN,2012,68.6578262057094
Tonga,TON,"Life expectancy at birth, total (years)",SP.DYN.LE00.IN,2012,71.546
South Asia (IDA & IBRD),TSA,"Life expectancy at birth, total (years)",SP.DYN.LE00.IN,2012,68.2629615309516
Sub-Saharan Africa (IDA & IBRD countries),TSS,"Life expectancy at birth, total (years)",SP.DYN.LE00.IN,2012,58.2282166983329
Trinidad and Tobago,TTO,"Life expectancy at birth, total (years)",SP.DYN.LE00.IN,2012,72.513
Tunisia,TUN,"Life expectancy at birth, total (years)",SP.DYN.LE00.IN,2012,74.599
Turkiye,TUR,"Life expectancy at birth, total (years)",SP.DYN.LE00.IN,2012,75.552
Tuvalu,TUV,"Life expectancy at birth, total (years)",SP.DYN.LE00.IN,2012,65.079
Tanzania,TZA,"Life expectancy at birth, total (years)",SP.DYN.LE00.IN,2012,62.286
Uganda,UGA,"Life expectancy at birth, total (years)",SP.DYN.LE00.IN,2012,61.579
Ukraine,UKR,"Life expectancy at birth, total (years)",SP.DYN.LE00.IN,2012,71.09
Upper middle income,UMC,"Life expectancy at birth, total (years)",SP.DYN.LE00.IN,2012,74.4121948857386
Uruguay,URY,"Life expectancy at birth, total (years)",SP.DYN.LE00.IN,2012,76.691
United States,USA,"Life expectancy at birth, total (years)",SP.DYN.LE00.IN,2012,78.7414634146342
Uzbekistan,UZB,"Life expectancy at birth, total (years)",SP.DYN.LE00.IN,2012,70.411
St. Vincent and the Grenadines,VCT,"Life expectancy at birth, total (years)",SP.DYN.LE00.IN,2012,70.539
"Venezuela, RB",VEN,"Life expectancy at birth, total (years)",SP.DYN.LE00.IN,2012,73.086
British Virgin Islands,VGB,"Life expectancy at birth, total (years)",SP.DYN.LE00.IN,2012,76.433
Virgin Islands (U.S.),VIR,"Life expectancy at birth, total (years)",SP.DYN.LE00.IN,2012,78.5170731707317
Viet Nam,VNM,"Life expectancy at birth, total (years)",SP.DYN.LE00.IN,2012,73.762
Vanuatu,VUT,"Life expectancy at birth, total (years)",SP.DYN.LE00.IN,2012,69.898
World,WLD,"Life expectancy at birth, total (years)",SP.DYN.LE00.IN,2012,71.2637251826139
Samoa,WSM,"Life expectancy at birth, total (years)",SP.DYN.LE00.IN,2012,71.159
Kosovo,XKX,"Life expectancy at birth, total (years)",SP.DYN.LE00.IN,2012,75.75
"Yemen, Rep.",YEM,"Life expectancy at birth, total (years)",SP.DYN.LE00.IN,2012,67.569
South Africa,ZAF,"Life expectancy at birth, total (years)",SP.DYN.LE00.IN,2012,61.737
Zambia,ZMB,"Life expectancy at birth, total (years)",SP.DYN.LE00.IN,2012,58.704
Zimbabwe,ZWE,"Life expectancy at birth, total (years)",SP.DYN.LE00.IN,2012,55.386
Aruba,ABW,"Life expectancy at birth, total (years)",SP.DYN.LE00.IN,2013,75.072
Africa Eastern and Southern,AFE,"Life expectancy at birth, total (years)",SP.DYN.LE00.IN,2013,60.895739752772
Afghanistan,AFG,"Life expectancy at birth, total (years)",SP.DYN.LE00.IN,2013,62.188
Africa Western and Central,AFW,"Life expectancy at birth, total (years)",SP.DYN.LE00.IN,2013,55.5551097655387
Angola,AGO,"Life expectancy at birth, total (years)",SP.DYN.LE00.IN,2013,59.705
Albania,ALB,"Life expectancy at birth, total (years)",SP.DYN.LE00.IN,2013,77.995
Andorra,AND,"Life expectancy at birth, total (years)",SP.DYN.LE00.IN,2013,84.406
Arab World,ARB,"Life expectancy at birth, total (years)",SP.DYN.LE00.IN,2013,70.1921058451273
United Arab Emirates,ARE,"Life expectancy at birth, total (years)",SP.DYN.LE00.IN,2013,81.95
Argentina,ARG,"Life expectancy at birth, total (years)",SP.DYN.LE00.IN,2013,75.829
Armenia,ARM,"Life expectancy at birth, total (years)",SP.DYN.LE00.IN,2013,74.6219512195122
American Samoa,ASM,"Life expectancy at birth, total (years)",SP.DYN.LE00.IN,2013,72.769
Antigua and Barbuda,ATG,"Life expectancy at birth, total (years)",SP.DYN.LE00.IN,2013,77.05
Australia,AUS,"Life expectancy at birth, total (years)",SP.DYN.LE00.IN,2013,82.1487804878049
Austria,AUT,"Life expectancy at birth, total (years)",SP.DYN.LE00.IN,2013,81.1365853658537
Azerbaijan,AZE,"Life expectancy at birth, total (years)",SP.DYN.LE00.IN,2013,71.485
Burundi,BDI,"Life expectancy at birth, total (years)",SP.DYN.LE00.IN,2013,59.179
Belgium,BEL,"Life expectancy at birth, total (years)",SP.DYN.LE00.IN,2013,80.5878048780488
Benin,BEN,"Life expectancy at birth, total (years)",SP.DYN.LE00.IN,2013,58.863
Burkina Faso,BFA,"Life expectancy at birth, total (years)",SP.DYN.LE00.IN,2013,57.903
Bangladesh,BGD,"Life expectancy at birth, total (years)",SP.DYN.LE00.IN,2013,69.487
Bulgaria,BGR,"Life expectancy at birth, total (years)",SP.DYN.LE00.IN,2013,74.8609756097561
Bahrain,BHR,"Life expectancy at birth, total (years)",SP.DYN.LE00.IN,2013,79.998
"Bahamas, The",BHS,"Life expectancy at birth, total (years)",SP.DYN.LE00.IN,2013,73.93
Bosnia and Herzegovina,BIH,"Life expectancy at birth, total (years)",SP.DYN.LE00.IN,2013,77.129
Belarus,BLR,"Life expectancy at birth, total (years)",SP.DYN.LE00.IN,2013,72.4707317073171
Belize,BLZ,"Life expectancy at birth, total (years)",SP.DYN.LE00.IN,2013,71.276
Bermuda,BMU,"Life expectancy at birth, total (years)",SP.DYN.LE00.IN,2013,80.016
Bolivia,BOL,"Life expectancy at birth, total (years)",SP.DYN.LE00.IN,2013,66.777
Brazil,BRA,"Life expectancy at birth, total (years)",SP.DYN.LE00.IN,2013,74.609
Barbados,BRB,"Life expectancy at birth, total (years)",SP.DYN.LE00.IN,2013,75.816
Brunei Darussalam,BRN,"Life expectancy at birth, total (years)",SP.DYN.LE00.IN,2013,74.854
Bhutan,BTN,"Life expectancy at birth, total (years)",SP.DYN.LE00.IN,2013,70.161
Botswana,BWA,"Life expectancy at birth, total (years)",SP.DYN.LE00.IN,2013,61.217
Central African Republic,CAF,"Life expectancy at birth, total (years)",SP.DYN.LE00.IN,2013,49.487
Canada,CAN,"Life expectancy at birth, total (years)",SP.DYN.LE00.IN,2013,81.7448780487805
Central Europe and the Baltics,CEB,"Life expectancy at birth, total (years)",SP.DYN.LE00.IN,2013,76.3747350098375
Switzerland,CHE,"Life expectancy at birth, total (years)",SP.DYN.LE00.IN,2013,82.7975609756098
Channel Islands,CHI,"Life expectancy at birth, total (years)",SP.DYN.LE00.IN,2013,81.5
Chile,CHL,"Life expectancy at birth, total (years)",SP.DYN.LE00.IN,2013,79.551
China,CHN,"Life expectancy at birth, total (years)",SP.DYN.LE00.IN,2013,76.452
Cote d'Ivoire,CIV,"Life expectancy at birth, total (years)",SP.DYN.LE00.IN,2013,57.057
Cameroon,CMR,"Life expectancy at birth, total (years)",SP.DYN.LE00.IN,2013,58.73
"Congo, Dem. Rep.",COD,"Life expectancy at birth, total (years)",SP.DYN.LE00.IN,2013,57.795
"Congo, Rep.",COG,"Life expectancy at birth, total (years)",SP.DYN.LE00.IN,2013,62.969
Colombia,COL,"Life expectancy at birth, total (years)",SP.DYN.LE00.IN,2013,75.834
Comoros,COM,"Life expectancy at birth, total (years)",SP.DYN.LE00.IN,2013,63.839
Cabo Verde,CPV,"Life expectancy at birth, total (years)",SP.DYN.LE00.IN,2013,73.481
Costa Rica,CRI,"Life expectancy at birth, total (years)",SP.DYN.LE00.IN,2013,80.189
Caribbean small states,CSS,"Life expectancy at birth, total (years)",SP.DYN.LE00.IN,2013,71.5692506084296
Cuba,CUB,"Life expectancy at birth, total (years)",SP.DYN.LE00.IN,2013,78.028
Curacao,CUW,"Life expectancy at birth, total (years)",SP.DYN.LE00.IN,2013,76.239
Cayman Islands,CYM,"Life expectancy at birth, total (years)",SP.DYN.LE00.IN,2013,77.652
Cyprus,CYP,"Life expectancy at birth, total (years)",SP.DYN.LE00.IN,2013,81.317
Czechia,CZE,"Life expectancy at birth, total (years)",SP.DYN.LE00.IN,2013,78.1756097560976
Germany,DEU,"Life expectancy at birth, total (years)",SP.DYN.LE00.IN,2013,80.490243902439
Djibouti,DJI,"Life expectancy at birth, total (years)",SP.DYN.LE00.IN,2013,62.116
Dominica,DMA,"Life expectancy at birth, total (years)",SP.DYN.LE00.IN,2013,71.228
Denmark,DNK,"Life expectancy at birth, total (years)",SP.DYN.LE00.IN,2013,80.3
Dominican Republic,DOM,"Life expectancy at birth, total (years)",SP.DYN.LE00.IN,2013,73.038
Algeria,DZA,"Life expectancy at birth, total (years)",SP.DYN.LE00.IN,2013,74.809
East Asia & Pacific (excluding high income),EAP,"Life expectancy at birth, total (years)",SP.DYN.LE00.IN,2013,74.4859323786011
Early-demographic dividend,EAR,"Life expectancy at birth, total (years)",SP.DYN.LE00.IN,2013,68.962837783411
East Asia & Pacific,EAS,"Life expectancy at birth, total (years)",SP.DYN.LE00.IN,2013,75.3347729864006
Europe & Central Asia (excluding high income),ECA,"Life expectancy at birth, total (years)",SP.DYN.LE00.IN,2013,73.1258294397593
Europe & Central Asia,ECS,"Life expectancy at birth, total (years)",SP.DYN.LE00.IN,2013,77.0324394716909
Ecuador,ECU,"Life expectancy at birth, total (years)",SP.DYN.LE00.IN,2013,75.832
"Egypt, Arab Rep.",EGY,"Life expectancy at birth, total (years)",SP.DYN.LE00.IN,2013,69.632
Euro area,EMU,"Life expectancy at birth, total (years)",SP.DYN.LE00.IN,2013,81.4679843013022
Eritrea,ERI,"Life expectancy at birth, total (years)",SP.DYN.LE00.IN,2013,65.005
Spain,ESP,"Life expectancy at birth, total (years)",SP.DYN.LE00.IN,2013,83.0780487804878
Estonia,EST,"Life expectancy at birth, total (years)",SP.DYN.LE00.IN,2013,77.1414634146341
Ethiopia,ETH,"Life expectancy at birth, total (years)",SP.DYN.LE00.IN,2013,62.161
European Union,EUU,"Life expectancy at birth, total (years)",SP.DYN.LE00.IN,2013,80.4734324600181
Fragile and conflict affected situations,FCS,"Life expectancy at birth, total (years)",SP.DYN.LE00.IN,2013,60.4548394321653
Finland,FIN,"Life expectancy at birth, total (years)",SP.DYN.LE00.IN,2013,80.9756097560976
Fiji,FJI,"Life expectancy at birth, total (years)",SP.DYN.LE00.IN,2013,66.545
France,FRA,"Life expectancy at birth, total (years)",SP.DYN.LE00.IN,2013,82.219512195122
Faroe Islands,FRO,"Life expectancy at birth, total (years)",SP.DYN.LE00.IN,2013,81.356643902439
"Micronesia, Fed. Sts.",FSM,"Life expectancy at birth, total (years)",SP.DYN.LE00.IN,2013,65.179
Gabon,GAB,"Life expectancy at birth, total (years)",SP.DYN.LE00.IN,2013,65.751
United Kingdom,GBR,"Life expectancy at birth, total (years)",SP.DYN.LE00.IN,2013,81.0048780487805
Georgia,GEO,"Life expectancy at birth, total (years)",SP.DYN.LE00.IN,2013,73.025
Ghana,GHA,"Life expectancy at birth, total (years)",SP.DYN.LE00.IN,2013,62.397
Gibraltar,GIB,"Life expectancy at birth, total (years)",SP.DYN.LE00.IN,2013,82.586
Guinea,GIN,"Life expectancy at birth, total (years)",SP.DYN.LE00.IN,2013,57.459
"Gambia, The",GMB,"Life expectancy at birth, total (years)",SP.DYN.LE00.IN,2013,62.252
Guinea-Bissau,GNB,"Life expectancy at birth, total (years)",SP.DYN.LE00.IN,2013,58.879
Equatorial Guinea,GNQ,"Life expectancy at birth, total (years)",SP.DYN.LE00.IN,2013,59.784
Greece,GRC,"Life expectancy at birth, total (years)",SP.DYN.LE00.IN,2013,81.2853658536585
Grenada,GRD,"Life expectancy at birth, total (years)",SP.DYN.LE00.IN,2013,75.022
Greenland,GRL,"Life expectancy at birth, total (years)",SP.DYN.LE00.IN,2013,70.2917073170732
Guatemala,GTM,"Life expectancy at birth, total (years)",SP.DYN.LE00.IN,2013,70.878
Guam,GUM,"Life expectancy at birth, total (years)",SP.DYN.LE00.IN,2013,76.361
Guyana,GUY,"Life expectancy at birth, total (years)",SP.DYN.LE00.IN,2013,66.71
High income,HIC,"Life expectancy at birth, total (years)",SP.DYN.LE00.IN,2013,79.312702430416
"Hong Kong SAR, China",HKG,"Life expectancy at birth, total (years)",SP.DYN.LE00.IN,2013,83.8312195121951
Honduras,HND,"Life expectancy at birth, total (years)",SP.DYN.LE00.IN,2013,70.765
Heavily indebted poor countries (HIPC),HPC,"Life expectancy at birth, total (years)",SP.DYN.LE00.IN,2013,60.6283430374212
Croatia,HRV,"Life expectancy at birth, total (years)",SP.DYN.LE00.IN,2013,77.5707317073171
Haiti,HTI,"Life expectancy at birth, total (years)",SP.DYN.LE00.IN,2013,62.624
Hungary,HUN,"Life expectancy at birth, total (years)",SP.DYN.LE00.IN,2013,75.5658536585366
IBRD only,IBD,"Life expectancy at birth, total (years)",SP.DYN.LE00.IN,2013,72.4633474422255
IDA & IBRD total,IBT,"Life expectancy at birth, total (years)",SP.DYN.LE00.IN,2013,69.8686609438935
IDA total,IDA,"Life expectancy at birth, total (years)",SP.DYN.LE00.IN,2013,62.141160862525
IDA blend,IDB,"Life expectancy at birth, total (years)",SP.DYN.LE00.IN,2013,59.8685731055257
Indonesia,IDN,"Life expectancy at birth, total (years)",SP.DYN.LE00.IN,2013,69.064
IDA only,IDX,"Life expectancy at birth, total (years)",SP.DYN.LE00.IN,2013,63.3858534020465
Isle of Man,IMN,"Life expectancy at birth, total (years)",SP.DYN.LE00.IN,2013,80.12
India,IND,"Life expectancy at birth, total (years)",SP.DYN.LE00.IN,2013,68.499
Ireland,IRL,"Life expectancy at birth, total (years)",SP.DYN.LE00.IN,2013,80.9487804878049
"Iran, Islamic Rep.",IRN,"Life expectancy at birth, total (years)",SP.DYN.LE00.IN,2013,75.349
Iraq,IRQ,"Life expectancy at birth, total (years)",SP.DYN.LE00.IN,2013,69.047
Iceland,ISL,"Life expectancy at birth, total (years)",SP.DYN.LE00.IN,2013,82.0609756097561
Israel,ISR,"Life expectancy at birth, total (years)",SP.DYN.LE00.IN,2013,82.0560975609756
Italy,ITA,"Life expectancy at birth, total (years)",SP.DYN.LE00.IN,2013,82.690243902439
Jamaica,JAM,"Life expectancy at birth, total (years)",SP.DYN.LE00.IN,2013,72.435
Jordan,JOR,"Life expectancy at birth, total (years)",SP.DYN.LE00.IN,2013,74.282
Japan,JPN,"Life expectancy at birth, total (years)",SP.DYN.LE00.IN,2013,83.3319512195122
Kazakhstan,KAZ,"Life expectancy at birth, total (years)",SP.DYN.LE00.IN,2013,70.719
Kenya,KEN,"Life expectancy at birth, total (years)",SP.DYN.LE00.IN,2013,61.729
Kyrgyz Republic,KGZ,"Life expectancy at birth, total (years)",SP.DYN.LE00.IN,2013,70.2024390243902
Cambodia,KHM,"Life expectancy at birth, total (years)",SP.DYN.LE00.IN,2013,68.755
Kiribati,KIR,"Life expectancy at birth, total (years)",SP.DYN.LE00.IN,2013,65.898
St. Kitts and Nevis,KNA,"Life expectancy at birth, total (years)",SP.DYN.LE00.IN,2013,71.29
"Korea, Rep.",KOR,"Life expectancy at birth, total (years)",SP.DYN.LE00.IN,2013,81.2707317073171
Kuwait,KWT,"Life expectancy at birth, total (years)",SP.DYN.LE00.IN,2013,78.7418048780488
Latin America & Caribbean (excluding high income),LAC,"Life expectancy at birth, total (years)",SP.DYN.LE00.IN,2013,74.169347496487
Lao PDR,LAO,"Life expectancy at birth, total (years)",SP.DYN.LE00.IN,2013,65.723
Lebanon,LBN,"Life expectancy at birth, total (years)",SP.DYN.LE00.IN,2013,78.037
Liberia,LBR,"Life expectancy at birth, total (years)",SP.DYN.LE00.IN,2013,59.992
Libya,LBY,"Life expectancy at birth, total (years)",SP.DYN.LE00.IN,2013,72.339
St. Lucia,LCA,"Life expectancy at birth, total (years)",SP.DYN.LE00.IN,2013,72.687
Latin America & Caribbean,LCN,"Life expectancy at birth, total (years)",SP.DYN.LE00.IN,2013,74.3809772735109
Least developed countries: UN classification,LDC,"Life expectancy at birth, total (years)",SP.DYN.LE00.IN,2013,62.7234398854002
Low income,LIC,"Life expectancy at birth, total (years)",SP.DYN.LE00.IN,2013,60.8657879509598
Liechtenstein,LIE,"Life expectancy at birth, total (years)",SP.DYN.LE00.IN,2013,82.2609756097561
Sri Lanka,LKA,"Life expectancy at birth, total (years)",SP.DYN.LE00.IN,2013,75.546
Lower middle income,LMC,"Life expectancy at birth, total (years)",SP.DYN.LE00.IN,2013,66.6966580151048
Low & middle income,LMY,"Life expectancy at birth, total (years)",SP.DYN.LE00.IN,2013,69.8690029498795
Lesotho,LSO,"Life expectancy at birth, total (years)",SP.DYN.LE00.IN,2013,49.547
Late-demographic dividend,LTE,"Life expectancy at birth, total (years)",SP.DYN.LE00.IN,2013,75.5790485316218
Lithuania,LTU,"Life expectancy at birth, total (years)",SP.DYN.LE00.IN,2013,73.9146341463415
Luxembourg,LUX,"Life expectancy at birth, total (years)",SP.DYN.LE00.IN,2013,81.8
Latvia,LVA,"Life expectancy at birth, total (years)",SP.DYN.LE00.IN,2013,73.9829268292683
"Macao SAR, China",MAC,"Life expectancy at birth, total (years)",SP.DYN.LE00.IN,2013,82.7219512195122
St. Martin (French part),MAF,"Life expectancy at birth, total (years)",SP.DYN.LE00.IN,2013,79.528
Morocco,MAR,"Life expectancy at birth, total (years)",SP.DYN.LE00.IN,2013,72.117
Monaco,MCO,"Life expectancy at birth, total (years)",SP.DYN.LE00.IN,2013,85.056
Moldova,MDA,"Life expectancy at birth, total (years)",SP.DYN.LE00.IN,2013,70.291
Madagascar,MDG,"Life expectancy at birth, total (years)",SP.DYN.LE00.IN,2013,63.161
Maldives,MDV,"Life expectancy at birth, total (years)",SP.DYN.LE00.IN,2013,77.847
"Middle East, North Africa, Afghanistan & Pakistan",MEA,"Life expectancy at birth, total (years)",SP.DYN.LE00.IN,2013,69.708340253746
Mexico,MEX,"Life expectancy at birth, total (years)",SP.DYN.LE00.IN,2013,74.289
Marshall Islands,MHL,"Life expectancy at birth, total (years)",SP.DYN.LE00.IN,2013,64.954
Middle income,MIC,"Life expectancy at birth, total (years)",SP.DYN.LE00.IN,2013,70.6557461521519
North Macedonia,MKD,"Life expectancy at birth, total (years)",SP.DYN.LE00.IN,2013,75.4
Mali,MLI,"Life expectancy at birth, total (years)",SP.DYN.LE00.IN,2013,57.052
Malta,MLT,"Life expectancy at birth, total (years)",SP.DYN.LE00.IN,2013,81.7463414634146
Myanmar,MMR,"Life expectancy at birth, total (years)",SP.DYN.LE00.IN,2013,64.617
"Middle East, North Africa, Afghanistan & Pakistan (excluding high income)",MNA,"Life expectancy at birth, total (years)",SP.DYN.LE00.IN,2013,68.9136300385634
Montenegro,MNE,"Life expectancy at birth, total (years)",SP.DYN.LE00.IN,2013,76.490243902439
Mongolia,MNG,"Life expectancy at birth, total (years)",SP.DYN.LE00.IN,2013,70.0980487804878
Northern Mariana Islands,MNP,"Life expectancy at birth, total (years)",SP.DYN.LE00.IN,2013,77.452
Mozambique,MOZ,"Life expectancy at birth, total (years)",SP.DYN.LE00.IN,2013,57.189
Mauritania,MRT,"Life expectancy at birth, total (years)",SP.DYN.LE00.IN,2013,65.89
Mauritius,MUS,"Life expectancy at birth, total (years)",SP.DYN.LE00.IN,2013,74.0170731707317
Malawi,MWI,"Life expectancy at birth, total (years)",SP.DYN.LE00.IN,2013,60.816
Malaysia,MYS,"Life expectancy at birth, total (years)",SP.DYN.LE00.IN,2013,75.464
North America,NAC,"Life expectancy at birth, total (years)",SP.DYN.LE00.IN,2013,79.0411295925554
Namibia,NAM,"Life expectancy at birth, total (years)",SP.DYN.LE00.IN,2013,58.468
New Caledonia,NCL,"Life expectancy at birth, total (years)",SP.DYN.LE00.IN,2013,76.867
Niger,NER,"Life expectancy at birth, total (years)",SP.DYN.LE00.IN,2013,58.364
Nigeria,NGA,"Life expectancy at birth, total (years)",SP.DYN.LE00.IN,2013,51.827
Nicaragua,NIC,"Life expectancy at birth, total (years)",SP.DYN.LE00.IN,2013,72.551
Netherlands,NLD,"Life expectancy at birth, total (years)",SP.DYN.LE00.IN,2013,81.3048780487805
Norway,NOR,"Life expectancy at birth, total (years)",SP.DYN.LE00.IN,2013,81.7512195121951
Nepal,NPL,"Life expectancy at birth, total (years)",SP.DYN.LE00.IN,2013,67.598
Nauru,NRU,"Life expectancy at birth, total (years)",SP.DYN.LE00.IN,2013,60.701
New Zealand,NZL,"Life expectancy at birth, total (years)",SP.DYN.LE00.IN,2013,81.4048780487805
OECD members,OED,"Life expectancy at birth, total (years)",SP.DYN.LE00.IN,2013,79.6249276178205
Oman,OMN,"Life expectancy at birth, total (years)",SP.DYN.LE00.IN,2013,78.633
Other small states,OSS,"Life expectancy at birth, total (years)",SP.DYN.LE00.IN,2013,70.8040790092001
Pakistan,PAK,"Life expectancy at birth, total (years)",SP.DYN.LE00.IN,2013,65.129
Panama,PAN,"Life expectancy at birth, total (years)",SP.DYN.LE00.IN,2013,77.129
Peru,PER,"Life expectancy at birth, total (years)",SP.DYN.LE00.IN,2013,74.591
Philippines,PHL,"Life expectancy at birth, total (years)",SP.DYN.LE00.IN,2013,69.283
Palau,PLW,"Life expectancy at birth, total (years)",SP.DYN.LE00.IN,2013,68.981
Papua New Guinea,PNG,"Life expectancy at birth, total (years)",SP.DYN.LE00.IN,2013,63.927
Poland,POL,"Life expectancy at birth, total (years)",SP.DYN.LE00.IN,2013,77.0
Pre-demographic dividend,PRE,"Life expectancy at birth, total (years)",SP.DYN.LE00.IN,2013,58.4504605942713
Puerto Rico (US),PRI,"Life expectancy at birth, total (years)",SP.DYN.LE00.IN,2013,80.318
"Korea, Dem. People's Rep.",PRK,"Life expectancy at birth, total (years)",SP.DYN.LE00.IN,2013,71.867
Portugal,PRT,"Life expectancy at birth, total (years)",SP.DYN.LE00.IN,2013,80.7219512195122
Paraguay,PRY,"Life expectancy at birth, total (years)",SP.DYN.LE00.IN,2013,73.292
West Bank and Gaza,PSE,"Life expectancy at birth, total (years)",SP.DYN.LE00.IN,2013,74.14
Pacific island small states,PSS,"Life expectancy at birth, total (years)",SP.DYN.LE00.IN,2013,68.0054625635404
Post-demographic dividend,PST,"Life expectancy at birth, total (years)",SP.DYN.LE00.IN,2013,80.2734415662981
French Polynesia,PYF,"Life expectancy at birth, total (years)",SP.DYN.LE00.IN,2013,81.935
Qatar,QAT,"Life expectancy at birth, total (years)",SP.DYN.LE00.IN,2013,80.974
Romania,ROU,"Life expectancy at birth, total (years)",SP.DYN.LE00.IN,2013,75.0634146341463
Russian Federation,RUS,"Life expectancy at birth, total (years)",SP.DYN.LE00.IN,2013,70.5787804878049
Rwanda,RWA,"Life expectancy at birth, total (years)",SP.DYN.LE00.IN,2013,64.651
South Asia,SAS,"Life expectancy at birth, total (years)",SP.DYN.LE00.IN,2013,68.6853288301062
Saudi Arabia,SAU,"Life expectancy at birth, total (years)",SP.DYN.LE00.IN,2013,76.517
Sudan,SDN,"Life expectancy at birth, total (years)",SP.DYN.LE00.IN,2013,63.443
Senegal,SEN,"Life expectancy at birth, total (years)",SP.DYN.LE00.IN,2013,65.638
Singapore,SGP,"Life expectancy at birth, total (years)",SP.DYN.LE00.IN,2013,82.2463414634147
Solomon Islands,SLB,"Life expectancy at birth, total (years)",SP.DYN.LE00.IN,2013,69.007
Sierra Leone,SLE,"Life expectancy at birth, total (years)",SP.DYN.LE00.IN,2013,54.051
El Salvador,SLV,"Life expectancy at birth, total (years)",SP.DYN.LE00.IN,2013,71.225
San Marino,SMR,"Life expectancy at birth, total (years)",SP.DYN.LE00.IN,2013,84.175
"Somalia, Fed. Rep.",SOM,"Life expectancy at birth, total (years)",SP.DYN.LE00.IN,2013,54.016
Serbia,SRB,"Life expectancy at birth, total (years)",SP.DYN.LE00.IN,2013,75.1853658536585
Sub-Saharan Africa (excluding high income),SSA,"Life expectancy at birth, total (years)",SP.DYN.LE00.IN,2013,58.328202048148
South Sudan,SSD,"Life expectancy at birth, total (years)",SP.DYN.LE00.IN,2013,58.285
Sub-Saharan Africa,SSF,"Life expectancy at birth, total (years)",SP.DYN.LE00.IN,2013,58.7180429446344
Small states,SST,"Life expectancy at birth, total (years)",SP.DYN.LE00.IN,2013,70.6156980246326
Sao Tome and Principe,STP,"Life expectancy at birth, total (years)",SP.DYN.LE00.IN,2013,64.93
Suriname,SUR,"Life expectancy at birth, total (years)",SP.DYN.LE00.IN,2013,70.11
Slovak Republic,SVK,"Life expectancy at birth, total (years)",SP.DYN.LE00.IN,2013,76.4121951219512
Slovenia,SVN,"Life expectancy at birth, total (years)",SP.DYN.LE00.IN,2013,80.3219512195122
Sweden,SWE,"Life expectancy at birth, total (years)",SP.DYN.LE00.IN,2013,81.9560975609756
Eswatini,SWZ,"Life expectancy at birth, total (years)",SP.DYN.LE00.IN,2013,52.11
Sint Maarten (Dutch part),SXM,"Life expectancy at birth, total (years)",SP.DYN.LE00.IN,2013,75.391
Seychelles,SYC,"Life expectancy at birth, total (years)",SP.DYN.LE00.IN,2013,73.119512195122
Syrian Arab Republic,SYR,"Life expectancy at birth, total (years)",SP.DYN.LE00.IN,2013,65.146
Turks and Caicos Islands,TCA,"Life expectancy at birth, total (years)",SP.DYN.LE00.IN,2013,77.1
Chad,TCD,"Life expectancy at birth, total (years)",SP.DYN.LE00.IN,2013,51.051
East Asia & Pacific (IDA & IBRD countries),TEA,"Life expectancy at birth, total (years)",SP.DYN.LE00.IN,2013,74.5190033698096
Europe & Central Asia (IDA & IBRD countries),TEC,"Life expectancy at birth, total (years)",SP.DYN.LE00.IN,2013,72.7942035795041
Togo,TGO,"Life expectancy at birth, total (years)",SP.DYN.LE00.IN,2013,58.356
Thailand,THA,"Life expectancy at birth, total (years)",SP.DYN.LE00.IN,2013,75.96
Tajikistan,TJK,"Life expectancy at birth, total (years)",SP.DYN.LE00.IN,2013,69.579
Turkmenistan,TKM,"Life expectancy at birth, total (years)",SP.DYN.LE00.IN,2013,68.968
Latin America & the Caribbean (IDA & IBRD countries),TLA,"Life expectancy at birth, total (years)",SP.DYN.LE00.IN,2013,74.2726524054357
Timor-Leste,TLS,"Life expectancy at birth, total (years)",SP.DYN.LE00.IN,2013,64.719
"Middle East, North Africa, Afghanistan & Pakistan (IDA & IBRD)",TMN,"Life expectancy at birth, total (years)",SP.DYN.LE00.IN,2013,68.8786484698568
Tonga,TON,"Life expectancy at birth, total (years)",SP.DYN.LE00.IN,2013,71.65
South Asia (IDA & IBRD),TSA,"Life expectancy at birth, total (years)",SP.DYN.LE00.IN,2013,68.6853288301062
Sub-Saharan Africa (IDA & IBRD countries),TSS,"Life expectancy at birth, total (years)",SP.DYN.LE00.IN,2013,58.7180429446344
Trinidad and Tobago,TTO,"Life expectancy at birth, total (years)",SP.DYN.LE00.IN,2013,72.785
Tunisia,TUN,"Life expectancy at birth, total (years)",SP.DYN.LE00.IN,2013,74.674
Turkiye,TUR,"Life expectancy at birth, total (years)",SP.DYN.LE00.IN,2013,76.171
Tuvalu,TUV,"Life expectancy at birth, total (years)",SP.DYN.LE00.IN,2013,65.171
Tanzania,TZA,"Life expectancy at birth, total (years)",SP.DYN.LE00.IN,2013,62.788
Uganda,UGA,"Life expectancy at birth, total (years)",SP.DYN.LE00.IN,2013,62.353
Ukraine,UKR,"Life expectancy at birth, total (years)",SP.DYN.LE00.IN,2013,71.474
Upper middle income,UMC,"Life expectancy at birth, total (years)",SP.DYN.LE00.IN,2013,74.6707615928737
Uruguay,URY,"Life expectancy at birth, total (years)",SP.DYN.LE00.IN,2013,76.953
United States,USA,"Life expectancy at birth, total (years)",SP.DYN.LE00.IN,2013,78.7414634146342
Uzbekistan,UZB,"Life expectancy at birth, total (years)",SP.DYN.LE00.IN,2013,70.692
St. Vincent and the Grenadines,VCT,"Life expectancy at birth, total (years)",SP.DYN.LE00.IN,2013,70.091
"Venezuela, RB",VEN,"Life expectancy at birth, total (years)",SP.DYN.LE00.IN,2013,73.076
British Virgin Islands,VGB,"Life expectancy at birth, total (years)",SP.DYN.LE00.IN,2013,76.472
Virgin Islands (U.S.),VIR,"Life expectancy at birth, total (years)",SP.DYN.LE00.IN,2013,78.7170731707317
Viet Nam,VNM,"Life expectancy at birth, total (years)",SP.DYN.LE00.IN,2013,73.821
Vanuatu,VUT,"Life expectancy at birth, total (years)",SP.DYN.LE00.IN,2013,69.986
World,WLD,"Life expectancy at birth, total (years)",SP.DYN.LE00.IN,2013,71.5326075432729
Samoa,WSM,"Life expectancy at birth, total (years)",SP.DYN.LE00.IN,2013,71.229
Kosovo,XKX,"Life expectancy at birth, total (years)",SP.DYN.LE00.IN,2013,76.336
"Yemen, Rep.",YEM,"Life expectancy at birth, total (years)",SP.DYN.LE00.IN,2013,67.961
South Africa,ZAF,"Life expectancy at birth, total (years)",SP.DYN.LE00.IN,2013,62.388
Zambia,ZMB,"Life expectancy at birth, total (years)",SP.DYN.LE00.IN,2013,59.445
Zimbabwe,ZWE,"Life expectancy at birth, total (years)",SP.DYN.LE00.IN,2013,56.842
Aruba,ABW,"Life expectancy at birth, total (years)",SP.DYN.LE00.IN,2014,75.261
Africa Eastern and Southern,AFE,"Life expectancy at birth, total (years)",SP.DYN.LE00.IN,2014,61.2514360156709
Afghanistan,AFG,"Life expectancy at birth, total (years)",SP.DYN.LE00.IN,2014,62.26
Africa Western and Central,AFW,"Life expectancy at birth, total (years)",SP.DYN.LE00.IN,2014,55.6956299417246
Angola,AGO,"Life expectancy at birth, total (years)",SP.DYN.LE00.IN,2014,60.396
Albania,ALB,"Life expectancy at birth, total (years)",SP.DYN.LE00.IN,2014,78.029
Andorra,AND,"Life expectancy at birth, total (years)",SP.DYN.LE00.IN,2014,84.485
Arab World,ARB,"Life expectancy at birth, total (years)",SP.DYN.LE00.IN,2014,70.5350666310281
United Arab Emirates,ARE,"Life expectancy at birth, total (years)",SP.DYN.LE00.IN,2014,81.99
Argentina,ARG,"Life expectancy at birth, total (years)",SP.DYN.LE00.IN,2014,76.268
Armenia,ARM,"Life expectancy at birth, total (years)",SP.DYN.LE00.IN,2014,74.8731707317073
American Samoa,ASM,"Life expectancy at birth, total (years)",SP.DYN.LE00.IN,2014,72.687
Antigua and Barbuda,ATG,"Life expectancy at birth, total (years)",SP.DYN.LE00.IN,2014,76.912
Australia,AUS,"Life expectancy at birth, total (years)",SP.DYN.LE00.IN,2014,82.3
Austria,AUT,"Life expectancy at birth, total (years)",SP.DYN.LE00.IN,2014,81.490243902439
Azerbaijan,AZE,"Life expectancy at birth, total (years)",SP.DYN.LE00.IN,2014,71.93
Burundi,BDI,"Life expectancy at birth, total (years)",SP.DYN.LE00.IN,2014,59.764
Belgium,BEL,"Life expectancy at birth, total (years)",SP.DYN.LE00.IN,2014,81.2878048780488
Benin,BEN,"Life expectancy at birth, total (years)",SP.DYN.LE00.IN,2014,59.008
Burkina Faso,BFA,"Life expectancy at birth, total (years)",SP.DYN.LE00.IN,2014,58.331
Bangladesh,BGD,"Life expectancy at birth, total (years)",SP.DYN.LE00.IN,2014,70.016
Bulgaria,BGR,"Life expectancy at birth, total (years)",SP.DYN.LE00.IN,2014,74.4658536585366
Bahrain,BHR,"Life expectancy at birth, total (years)",SP.DYN.LE00.IN,2014,80.214
"Bahamas, The",BHS,"Life expectancy at birth, total (years)",SP.DYN.LE00.IN,2014,74.029
Bosnia and Herzegovina,BIH,"Life expectancy at birth, total (years)",SP.DYN.LE00.IN,2014,77.089
Belarus,BLR,"Life expectancy at birth, total (years)",SP.DYN.LE00.IN,2014,72.9707317073171
Belize,BLZ,"Life expectancy at birth, total (years)",SP.DYN.LE00.IN,2014,71.437
Bermuda,BMU,"Life expectancy at birth, total (years)",SP.DYN.LE00.IN,2014,80.199
Bolivia,BOL,"Life expectancy at birth, total (years)",SP.DYN.LE00.IN,2014,66.97
Brazil,BRA,"Life expectancy at birth, total (years)",SP.DYN.LE00.IN,2014,74.823
Barbados,BRB,"Life expectancy at birth, total (years)",SP.DYN.LE00.IN,2014,75.926
Brunei Darussalam,BRN,"Life expectancy at birth, total (years)",SP.DYN.LE00.IN,2014,74.862
Bhutan,BTN,"Life expectancy at birth, total (years)",SP.DYN.LE00.IN,2014,70.504
Botswana,BWA,"Life expectancy at birth, total (years)",SP.DYN.LE00.IN,2014,62.167
Central African Republic,CAF,"Life expectancy at birth, total (years)",SP.DYN.LE00.IN,2014,40.265
Canada,CAN,"Life expectancy at birth, total (years)",SP.DYN.LE00.IN,2014,81.7843902439025
Central Europe and the Baltics,CEB,"Life expectancy at birth, total (years)",SP.DYN.LE00.IN,2014,76.6887696437325
Switzerland,CHE,"Life expectancy at birth, total (years)",SP.DYN.LE00.IN,2014,83.1975609756098
Channel Islands,CHI,"Life expectancy at birth, total (years)",SP.DYN.LE00.IN,2014,81.6
Chile,CHL,"Life expectancy at birth, total (years)",SP.DYN.LE00.IN,2014,79.714
China,CHN,"Life expectancy at birth, total (years)",SP.DYN.LE00.IN,2014,76.714
Cote d'Ivoire,CIV,"Life expectancy at birth, total (years)",SP.DYN.LE00.IN,2014,57.772
Cameroon,CMR,"Life expectancy at birth, total (years)",SP.DYN.LE00.IN,2014,59.13
"Congo, Dem. Rep.",COD,"Life expectancy at birth, total (years)",SP.DYN.LE00.IN,2014,58.236
"Congo, Rep.",COG,"Life expectancy at birth, total (years)",SP.DYN.LE00.IN,2014,63.349
Colombia,COL,"Life expectancy at birth, total (years)",SP.DYN.LE00.IN,2014,75.95
Comoros,COM,"Life expectancy at birth, total (years)",SP.DYN.LE00.IN,2014,64.143
Cabo Verde,CPV,"Life expectancy at birth, total (years)",SP.DYN.LE00.IN,2014,73.788
Costa Rica,CRI,"Life expectancy at birth, total (years)",SP.DYN.LE00.IN,2014,80.231
Caribbean small states,CSS,"Life expectancy at birth, total (years)",SP.DYN.LE00.IN,2014,71.7739411761824
Cuba,CUB,"Life expectancy at birth, total (years)",SP.DYN.LE00.IN,2014,77.825
Curacao,CUW,"Life expectancy at birth, total (years)",SP.DYN.LE00.IN,2014,76.384
Cayman Islands,CYM,"Life expectancy at birth, total (years)",SP.DYN.LE00.IN,2014,77.865
Cyprus,CYP,"Life expectancy at birth, total (years)",SP.DYN.LE00.IN,2014,81.337
Czechia,CZE,"Life expectancy at birth, total (years)",SP.DYN.LE00.IN,2014,78.8243902439024
Germany,DEU,"Life expectancy at birth, total (years)",SP.DYN.LE00.IN,2014,81.090243902439
Djibouti,DJI,"Life expectancy at birth, total (years)",SP.DYN.LE00.IN,2014,62.427
Dominica,DMA,"Life expectancy at birth, total (years)",SP.DYN.LE00.IN,2014,71.189
Denmark,DNK,"Life expectancy at birth, total (years)",SP.DYN.LE00.IN,2014,80.7
Dominican Republic,DOM,"Life expectancy at birth, total (years)",SP.DYN.LE00.IN,2014,73.145
Algeria,DZA,"Life expectancy at birth, total (years)",SP.DYN.LE00.IN,2014,74.992
East Asia & Pacific (excluding high income),EAP,"Life expectancy at birth, total (years)",SP.DYN.LE00.IN,2014,74.7194528121745
Early-demographic dividend,EAR,"Life expectancy at birth, total (years)",SP.DYN.LE00.IN,2014,69.3249758824304
East Asia & Pacific,EAS,"Life expectancy at birth, total (years)",SP.DYN.LE00.IN,2014,75.5644270391791
Europe & Central Asia (excluding high income),ECA,"Life expectancy at birth, total (years)",SP.DYN.LE00.IN,2014,73.4195161256746
Europe & Central Asia,ECS,"Life expectancy at birth, total (years)",SP.DYN.LE00.IN,2014,77.353578845956
Ecuador,ECU,"Life expectancy at birth, total (years)",SP.DYN.LE00.IN,2014,76.141
"Egypt, Arab Rep.",EGY,"Life expectancy at birth, total (years)",SP.DYN.LE00.IN,2014,69.911
Euro area,EMU,"Life expectancy at birth, total (years)",SP.DYN.LE00.IN,2014,81.8930611162439
Eritrea,ERI,"Life expectancy at birth, total (years)",SP.DYN.LE00.IN,2014,65.517
Spain,ESP,"Life expectancy at birth, total (years)",SP.DYN.LE00.IN,2014,83.2292682926829
Estonia,EST,"Life expectancy at birth, total (years)",SP.DYN.LE00.IN,2014,77.0341463414634
Ethiopia,ETH,"Life expectancy at birth, total (years)",SP.DYN.LE00.IN,2014,62.927
European Union,EUU,"Life expectancy at birth, total (years)",SP.DYN.LE00.IN,2014,80.8760173893061
Fragile and conflict affected situations,FCS,"Life expectancy at birth, total (years)",SP.DYN.LE00.IN,2014,60.5536917998503
Finland,FIN,"Life expectancy at birth, total (years)",SP.DYN.LE00.IN,2014,81.1804878048781
Fiji,FJI,"Life expectancy at birth, total (years)",SP.DYN.LE00.IN,2014,66.581
France,FRA,"Life expectancy at birth, total (years)",SP.DYN.LE00.IN,2014,82.719512195122
Faroe Islands,FRO,"Life expectancy at birth, total (years)",SP.DYN.LE00.IN,2014,81.5912048780488
"Micronesia, Fed. Sts.",FSM,"Life expectancy at birth, total (years)",SP.DYN.LE00.IN,2014,65.294
Gabon,GAB,"Life expectancy at birth, total (years)",SP.DYN.LE00.IN,2014,66.07
United Kingdom,GBR,"Life expectancy at birth, total (years)",SP.DYN.LE00.IN,2014,81.3048780487805
Georgia,GEO,"Life expectancy at birth, total (years)",SP.DYN.LE00.IN,2014,73.105
Ghana,GHA,"Life expectancy at birth, total (years)",SP.DYN.LE00.IN,2014,62.832
Gibraltar,GIB,"Life expectancy at birth, total (years)",SP.DYN.LE00.IN,2014,82.644
Guinea,GIN,"Life expectancy at birth, total (years)",SP.DYN.LE00.IN,2014,57.581
"Gambia, The",GMB,"Life expectancy at birth, total (years)",SP.DYN.LE00.IN,2014,62.576
Guinea-Bissau,GNB,"Life expectancy at birth, total (years)",SP.DYN.LE00.IN,2014,59.476
Equatorial Guinea,GNQ,"Life expectancy at birth, total (years)",SP.DYN.LE00.IN,2014,60.228
Greece,GRC,"Life expectancy at birth, total (years)",SP.DYN.LE00.IN,2014,81.3853658536585
Grenada,GRD,"Life expectancy at birth, total (years)",SP.DYN.LE00.IN,2014,75.045
Greenland,GRL,"Life expectancy at birth, total (years)",SP.DYN.LE00.IN,2014,70.5082926829268
Guatemala,GTM,"Life expectancy at birth, total (years)",SP.DYN.LE00.IN,2014,70.942
Guam,GUM,"Life expectancy at birth, total (years)",SP.DYN.LE00.IN,2014,76.423
Guyana,GUY,"Life expectancy at birth, total (years)",SP.DYN.LE00.IN,2014,67.334
High income,HIC,"Life expectancy at birth, total (years)",SP.DYN.LE00.IN,2014,79.5653533601911
"Hong Kong SAR, China",HKG,"Life expectancy at birth, total (years)",SP.DYN.LE00.IN,2014,83.9356097560976
Honduras,HND,"Life expectancy at birth, total (years)",SP.DYN.LE00.IN,2014,71.032
Heavily indebted poor countries (HIPC),HPC,"Life expectancy at birth, total (years)",SP.DYN.LE00.IN,2014,61.0403853415258
Croatia,HRV,"Life expectancy at birth, total (years)",SP.DYN.LE00.IN,2014,77.7243902439024
Haiti,HTI,"Life expectancy at birth, total (years)",SP.DYN.LE00.IN,2014,62.969
Hungary,HUN,"Life expectancy at birth, total (years)",SP.DYN.LE00.IN,2014,75.7634146341463
IBRD only,IBD,"Life expectancy at birth, total (years)",SP.DYN.LE00.IN,2014,72.7509651570745
IDA & IBRD total,IBT,"Life expectancy at birth, total (years)",SP.DYN.LE00.IN,2014,70.1204588217939
IDA total,IDA,"Life expectancy at birth, total (years)",SP.DYN.LE00.IN,2014,62.3668979467875
IDA blend,IDB,"Life expectancy at birth, total (years)",SP.DYN.LE00.IN,2014,60.0998681978251
Indonesia,IDN,"Life expectancy at birth, total (years)",SP.DYN.LE00.IN,2014,69.292
IDA only,IDX,"Life expectancy at birth, total (years)",SP.DYN.LE00.IN,2014,63.6082846332207
Isle of Man,IMN,"Life expectancy at birth, total (years)",SP.DYN.LE00.IN,2014,80.199
India,IND,"Life expectancy at birth, total (years)",SP.DYN.LE00.IN,2014,68.932
Ireland,IRL,"Life expectancy at birth, total (years)",SP.DYN.LE00.IN,2014,81.3487804878049
"Iran, Islamic Rep.",IRN,"Life expectancy at birth, total (years)",SP.DYN.LE00.IN,2014,75.635
Iraq,IRQ,"Life expectancy at birth, total (years)",SP.DYN.LE00.IN,2014,69.679
Iceland,ISL,"Life expectancy at birth, total (years)",SP.DYN.LE00.IN,2014,82.8609756097561
Israel,ISR,"Life expectancy at birth, total (years)",SP.DYN.LE00.IN,2014,82.1536585365854
Italy,ITA,"Life expectancy at birth, total (years)",SP.DYN.LE00.IN,2014,83.090243902439
Jamaica,JAM,"Life expectancy at birth, total (years)",SP.DYN.LE00.IN,2014,72.357
Jordan,JOR,"Life expectancy at birth, total (years)",SP.DYN.LE00.IN,2014,74.606
Japan,JPN,"Life expectancy at birth, total (years)",SP.DYN.LE00.IN,2014,83.5878048780488
Kazakhstan,KAZ,"Life expectancy at birth, total (years)",SP.DYN.LE00.IN,2014,71.415
Kenya,KEN,"Life expectancy at birth, total (years)",SP.DYN.LE00.IN,2014,61.99
Kyrgyz Republic,KGZ,"Life expectancy at birth, total (years)",SP.DYN.LE00.IN,2014,70.4024390243902
Cambodia,KHM,"Life expectancy at birth, total (years)",SP.DYN.LE00.IN,2014,69.117
Kiribati,KIR,"Life expectancy at birth, total (years)",SP.DYN.LE00.IN,2014,65.869
St. Kitts and Nevis,KNA,"Life expectancy at birth, total (years)",SP.DYN.LE00.IN,2014,71.228
"Korea, Rep.",KOR,"Life expectancy at birth, total (years)",SP.DYN.LE00.IN,2014,81.7219512195122
Kuwait,KWT,"Life expectancy at birth, total (years)",SP.DYN.LE00.IN,2014,79.0803414634146
Latin America & Caribbean (excluding high income),LAC,"Life expectancy at birth, total (years)",SP.DYN.LE00.IN,2014,74.3770523065952
Lao PDR,LAO,"Life expectancy at birth, total (years)",SP.DYN.LE00.IN,2014,66.35
Lebanon,LBN,"Life expectancy at birth, total (years)",SP.DYN.LE00.IN,2014,78.148
Liberia,LBR,"Life expectancy at birth, total (years)",SP.DYN.LE00.IN,2014,59.21
Libya,LBY,"Life expectancy at birth, total (years)",SP.DYN.LE00.IN,2014,71.3
St. Lucia,LCA,"Life expectancy at birth, total (years)",SP.DYN.LE00.IN,2014,72.676
Latin America & Caribbean,LCN,"Life expectancy at birth, total (years)",SP.DYN.LE00.IN,2014,74.5608348669826
Least developed countries: UN classification,LDC,"Life expectancy at birth, total (years)",SP.DYN.LE00.IN,2014,62.959336766101
Low income,LIC,"Life expectancy at birth, total (years)",SP.DYN.LE00.IN,2014,60.8379762635091
Liechtenstein,LIE,"Life expectancy at birth, total (years)",SP.DYN.LE00.IN,2014,82.0731707317073
Sri Lanka,LKA,"Life expectancy at birth, total (years)",SP.DYN.LE00.IN,2014,75.757
Lower middle income,LMC,"Life expectancy at birth, total (years)",SP.DYN.LE00.IN,2014,67.0394397674064
Low & middle income,LMY,"Life expectancy at birth, total (years)",SP.DYN.LE00.IN,2014,70.1195447653603
Lesotho,LSO,"Life expectancy at birth, total (years)",SP.DYN.LE00.IN,2014,50.786
Late-demographic dividend,LTE,"Life expectancy at birth, total (years)",SP.DYN.LE00.IN,2014,75.8239893452747
Lithuania,LTU,"Life expectancy at birth, total (years)",SP.DYN.LE00.IN,2014,74.5170731707317
Luxembourg,LUX,"Life expectancy at birth, total (years)",SP.DYN.LE00.IN,2014,82.2292682926829
Latvia,LVA,"Life expectancy at birth, total (years)",SP.DYN.LE00.IN,2014,74.1243902439024
"Macao SAR, China",MAC,"Life expectancy at birth, total (years)",SP.DYN.LE00.IN,2014,83.0219512195122
St. Martin (French part),MAF,"Life expectancy at birth, total (years)",SP.DYN.LE00.IN,2014,79.727
Morocco,MAR,"Life expectancy at birth, total (years)",SP.DYN.LE00.IN,2014,72.522
Monaco,MCO,"Life expectancy at birth, total (years)",SP.DYN.LE00.IN,2014,85.093
Moldova,MDA,"Life expectancy at birth, total (years)",SP.DYN.LE00.IN,2014,70.241
Madagascar,MDG,"Life expectancy at birth, total (years)",SP.DYN.LE00.IN,2014,63.261
Maldives,MDV,"Life expectancy at birth, total (years)",SP.DYN.LE00.IN,2014,78.187
"Middle East, North Africa, Afghanistan & Pakistan",MEA,"Life expectancy at birth, total (years)",SP.DYN.LE00.IN,2014,69.9897867130321
Mexico,MEX,"Life expectancy at birth, total (years)",SP.DYN.LE00.IN,2014,74.404
Marshall Islands,MHL,"Life expectancy at birth, total (years)",SP.DYN.LE00.IN,2014,65.11
Middle income,MIC,"Life expectancy at birth, total (years)",SP.DYN.LE00.IN,2014,70.9402195787459
North Macedonia,MKD,"Life expectancy at birth, total (years)",SP.DYN.LE00.IN,2014,75.4512195121951
Mali,MLI,"Life expectancy at birth, total (years)",SP.DYN.LE00.IN,2014,57.482
Malta,MLT,"Life expectancy at birth, total (years)",SP.DYN.LE00.IN,2014,81.8951219512195
Myanmar,MMR,"Life expectancy at birth, total (years)",SP.DYN.LE00.IN,2014,64.994
"Middle East, North Africa, Afghanistan & Pakistan (excluding high income)",MNA,"Life expectancy at birth, total (years)",SP.DYN.LE00.IN,2014,69.1715558421355
Montenegro,MNE,"Life expectancy at birth, total (years)",SP.DYN.LE00.IN,2014,76.3390243902439
Mongolia,MNG,"Life expectancy at birth, total (years)",SP.DYN.LE00.IN,2014,70.5831707317073
Northern Mariana Islands,MNP,"Life expectancy at birth, total (years)",SP.DYN.LE00.IN,2014,77.377
Mozambique,MOZ,"Life expectancy at birth, total (years)",SP.DYN.LE00.IN,2014,57.965
Mauritania,MRT,"Life expectancy at birth, total (years)",SP.DYN.LE00.IN,2014,66.207
Mauritius,MUS,"Life expectancy at birth, total (years)",SP.DYN.LE00.IN,2014,74.1943902439024
Malawi,MWI,"Life expectancy at birth, total (years)",SP.DYN.LE00.IN,2014,61.651
Malaysia,MYS,"Life expectancy at birth, total (years)",SP.DYN.LE00.IN,2014,75.345
North America,NAC,"Life expectancy at birth, total (years)",SP.DYN.LE00.IN,2014,79.135655352291
Namibia,NAM,"Life expectancy at birth, total (years)",SP.DYN.LE00.IN,2014,59.311
New Caledonia,NCL,"Life expectancy at birth, total (years)",SP.DYN.LE00.IN,2014,77.053
Niger,NER,"Life expectancy at birth, total (years)",SP.DYN.LE00.IN,2014,58.693
Nigeria,NGA,"Life expectancy at birth, total (years)",SP.DYN.LE00.IN,2014,51.94
Nicaragua,NIC,"Life expectancy at birth, total (years)",SP.DYN.LE00.IN,2014,72.792
Netherlands,NLD,"Life expectancy at birth, total (years)",SP.DYN.LE00.IN,2014,81.7073170731707
Norway,NOR,"Life expectancy at birth, total (years)",SP.DYN.LE00.IN,2014,82.1
Nepal,NPL,"Life expectancy at birth, total (years)",SP.DYN.LE00.IN,2014,67.812
Nauru,NRU,"Life expectancy at birth, total (years)",SP.DYN.LE00.IN,2014,60.834
New Zealand,NZL,"Life expectancy at birth, total (years)",SP.DYN.LE00.IN,2014,81.4568292682927
OECD members,OED,"Life expectancy at birth, total (years)",SP.DYN.LE00.IN,2014,79.8766518985509
Oman,OMN,"Life expectancy at birth, total (years)",SP.DYN.LE00.IN,2014,79.03
Other small states,OSS,"Life expectancy at birth, total (years)",SP.DYN.LE00.IN,2014,71.0941610047193
Pakistan,PAK,"Life expectancy at birth, total (years)",SP.DYN.LE00.IN,2014,65.374
Panama,PAN,"Life expectancy at birth, total (years)",SP.DYN.LE00.IN,2014,77.365
Peru,PER,"Life expectancy at birth, total (years)",SP.DYN.LE00.IN,2014,75.26
Philippines,PHL,"Life expectancy at birth, total (years)",SP.DYN.LE00.IN,2014,69.311
Palau,PLW,"Life expectancy at birth, total (years)",SP.DYN.LE00.IN,2014,69.062
Papua New Guinea,PNG,"Life expectancy at birth, total (years)",SP.DYN.LE00.IN,2014,64.198
Poland,POL,"Life expectancy at birth, total (years)",SP.DYN.LE00.IN,2014,77.6024390243903
Pre-demographic dividend,PRE,"Life expectancy at birth, total (years)",SP.DYN.LE00.IN,2014,58.6087471026667
Puerto Rico (US),PRI,"Life expectancy at birth, total (years)",SP.DYN.LE00.IN,2014,80.039
"Korea, Dem. People's Rep.",PRK,"Life expectancy at birth, total (years)",SP.DYN.LE00.IN,2014,72.451
Portugal,PRT,"Life expectancy at birth, total (years)",SP.DYN.LE00.IN,2014,81.1219512195122
Paraguay,PRY,"Life expectancy at birth, total (years)",SP.DYN.LE00.IN,2014,73.415
West Bank and Gaza,PSE,"Life expectancy at birth, total (years)",SP.DYN.LE00.IN,2014,72.781
Pacific island small states,PSS,"Life expectancy at birth, total (years)",SP.DYN.LE00.IN,2014,68.0376132124003
Post-demographic dividend,PST,"Life expectancy at birth, total (years)",SP.DYN.LE00.IN,2014,80.5389854894445
French Polynesia,PYF,"Life expectancy at birth, total (years)",SP.DYN.LE00.IN,2014,82.151
Qatar,QAT,"Life expectancy at birth, total (years)",SP.DYN.LE00.IN,2014,81.395
Romania,ROU,"Life expectancy at birth, total (years)",SP.DYN.LE00.IN,2014,74.909756097561
Russian Federation,RUS,"Life expectancy at birth, total (years)",SP.DYN.LE00.IN,2014,70.7436585365854
Rwanda,RWA,"Life expectancy at birth, total (years)",SP.DYN.LE00.IN,2014,65.088
South Asia,SAS,"Life expectancy at birth, total (years)",SP.DYN.LE00.IN,2014,69.1208563538772
Saudi Arabia,SAU,"Life expectancy at birth, total (years)",SP.DYN.LE00.IN,2014,77.116
Sudan,SDN,"Life expectancy at birth, total (years)",SP.DYN.LE00.IN,2014,63.99
Senegal,SEN,"Life expectancy at birth, total (years)",SP.DYN.LE00.IN,2014,66.001
Singapore,SGP,"Life expectancy at birth, total (years)",SP.DYN.LE00.IN,2014,82.4951219512195
Solomon Islands,SLB,"Life expectancy at birth, total (years)",SP.DYN.LE00.IN,2014,68.984
Sierra Leone,SLE,"Life expectancy at birth, total (years)",SP.DYN.LE00.IN,2014,54.281
El Salvador,SLV,"Life expectancy at birth, total (years)",SP.DYN.LE00.IN,2014,71.144
San Marino,SMR,"Life expectancy at birth, total (years)",SP.DYN.LE00.IN,2014,84.394
"Somalia, Fed. Rep.",SOM,"Life expectancy at birth, total (years)",SP.DYN.LE00.IN,2014,54.442
Serbia,SRB,"Life expectancy at birth, total (years)",SP.DYN.LE00.IN,2014,75.3365853658537
Sub-Saharan Africa (excluding high income),SSA,"Life expectancy at birth, total (years)",SP.DYN.LE00.IN,2014,58.5397796868157
South Sudan,SSD,"Life expectancy at birth, total (years)",SP.DYN.LE00.IN,2014,45.625
Sub-Saharan Africa,SSF,"Life expectancy at birth, total (years)",SP.DYN.LE00.IN,2014,58.9856472694812
Small states,SST,"Life expectancy at birth, total (years)",SP.DYN.LE00.IN,2014,70.850031877117
Sao Tome and Principe,STP,"Life expectancy at birth, total (years)",SP.DYN.LE00.IN,2014,65.478
Suriname,SUR,"Life expectancy at birth, total (years)",SP.DYN.LE00.IN,2014,70.33
Slovak Republic,SVK,"Life expectancy at birth, total (years)",SP.DYN.LE00.IN,2014,76.8121951219512
Slovenia,SVN,"Life expectancy at birth, total (years)",SP.DYN.LE00.IN,2014,81.0780487804878
Sweden,SWE,"Life expectancy at birth, total (years)",SP.DYN.LE00.IN,2014,82.2536585365854
Eswatini,SWZ,"Life expectancy at birth, total (years)",SP.DYN.LE00.IN,2014,53.491
Sint Maarten (Dutch part),SXM,"Life expectancy at birth, total (years)",SP.DYN.LE00.IN,2014,75.735
Seychelles,SYC,"Life expectancy at birth, total (years)",SP.DYN.LE00.IN,2014,73.2292682926829
Syrian Arab Republic,SYR,"Life expectancy at birth, total (years)",SP.DYN.LE00.IN,2014,65.492
Turks and Caicos Islands,TCA,"Life expectancy at birth, total (years)",SP.DYN.LE00.IN,2014,77.212
Chad,TCD,"Life expectancy at birth, total (years)",SP.DYN.LE00.IN,2014,51.141
East Asia & Pacific (IDA & IBRD countries),TEA,"Life expectancy at birth, total (years)",SP.DYN.LE00.IN,2014,74.7479822020749
Europe & Central Asia (IDA & IBRD countries),TEC,"Life expectancy at birth, total (years)",SP.DYN.LE00.IN,2014,73.0389491798356
Togo,TGO,"Life expectancy at birth, total (years)",SP.DYN.LE00.IN,2014,58.776
Thailand,THA,"Life expectancy at birth, total (years)",SP.DYN.LE00.IN,2014,76.279
Tajikistan,TJK,"Life expectancy at birth, total (years)",SP.DYN.LE00.IN,2014,69.697
Turkmenistan,TKM,"Life expectancy at birth, total (years)",SP.DYN.LE00.IN,2014,69.001
Latin America & the Caribbean (IDA & IBRD countries),TLA,"Life expectancy at birth, total (years)",SP.DYN.LE00.IN,2014,74.4642031483392
Timor-Leste,TLS,"Life expectancy at birth, total (years)",SP.DYN.LE00.IN,2014,65.027
"Middle East, North Africa, Afghanistan & Pakistan (IDA & IBRD)",TMN,"Life expectancy at birth, total (years)",SP.DYN.LE00.IN,2014,69.147274936726
Tonga,TON,"Life expectancy at birth, total (years)",SP.DYN.LE00.IN,2014,71.721
South Asia (IDA & IBRD),TSA,"Life expectancy at birth, total (years)",SP.DYN.LE00.IN,2014,69.1208563538772
Sub-Saharan Africa (IDA & IBRD countries),TSS,"Life expectancy at birth, total (years)",SP.DYN.LE00.IN,2014,58.9856472694812
Trinidad and Tobago,TTO,"Life expectancy at birth, total (years)",SP.DYN.LE00.IN,2014,72.898
Tunisia,TUN,"Life expectancy at birth, total (years)",SP.DYN.LE00.IN,2014,74.784
Turkiye,TUR,"Life expectancy at birth, total (years)",SP.DYN.LE00.IN,2014,76.452
Tuvalu,TUV,"Life expectancy at birth, total (years)",SP.DYN.LE00.IN,2014,65.278
Tanzania,TZA,"Life expectancy at birth, total (years)",SP.DYN.LE00.IN,2014,63.364
Uganda,UGA,"Life expectancy at birth, total (years)",SP.DYN.LE00.IN,2014,63.057
Ukraine,UKR,"Life expectancy at birth, total (years)",SP.DYN.LE00.IN,2014,71.803
Upper middle income,UMC,"Life expectancy at birth, total (years)",SP.DYN.LE00.IN,2014,74.9249839632063
Uruguay,URY,"Life expectancy at birth, total (years)",SP.DYN.LE00.IN,2014,77.194
United States,USA,"Life expectancy at birth, total (years)",SP.DYN.LE00.IN,2014,78.8414634146341
Uzbekistan,UZB,"Life expectancy at birth, total (years)",SP.DYN.LE00.IN,2014,70.973
St. Vincent and the Grenadines,VCT,"Life expectancy at birth, total (years)",SP.DYN.LE00.IN,2014,70.355
"Venezuela, RB",VEN,"Life expectancy at birth, total (years)",SP.DYN.LE00.IN,2014,72.837
British Virgin Islands,VGB,"Life expectancy at birth, total (years)",SP.DYN.LE00.IN,2014,76.527
Virgin Islands (U.S.),VIR,"Life expectancy at birth, total (years)",SP.DYN.LE00.IN,2014,78.8682926829268
Viet Nam,VNM,"Life expectancy at birth, total (years)",SP.DYN.LE00.IN,2014,73.886
Vanuatu,VUT,"Life expectancy at birth, total (years)",SP.DYN.LE00.IN,2014,70.043
World,WLD,"Life expectancy at birth, total (years)",SP.DYN.LE00.IN,2014,71.775442613023
Samoa,WSM,"Life expectancy at birth, total (years)",SP.DYN.LE00.IN,2014,71.142
Kosovo,XKX,"Life expectancy at birth, total (years)",SP.DYN.LE00.IN,2014,76.179
"Yemen, Rep.",YEM,"Life expectancy at birth, total (years)",SP.DYN.LE00.IN,2014,68.003
South Africa,ZAF,"Life expectancy at birth, total (years)",SP.DYN.LE00.IN,2014,63.184
Zambia,ZMB,"Life expectancy at birth, total (years)",SP.DYN.LE00.IN,2014,60.109
Zimbabwe,ZWE,"Life expectancy at birth, total (years)",SP.DYN.LE00.IN,2014,58.106
Aruba,ABW,"Life expectancy at birth, total (years)",SP.DYN.LE00.IN,2015,75.405
Africa Eastern and Southern,AFE,"Life expectancy at birth, total (years)",SP.DYN.LE00.IN,2015,61.713030523495
Afghanistan,AFG,"Life expectancy at birth, total (years)",SP.DYN.LE00.IN,2015,62.27
Africa Western and Central,AFW,"Life expectancy at birth, total (years)",SP.DYN.LE00.IN,2015,56.0385189224052
Angola,AGO,"Life expectancy at birth, total (years)",SP.DYN.LE00.IN,2015,61.042
Albania,ALB,"Life expectancy at birth, total (years)",SP.DYN.LE00.IN,2015,78.358
Andorra,AND,"Life expectancy at birth, total (years)",SP.DYN.LE00.IN,2015,84.532
Arab World,ARB,"Life expectancy at birth, total (years)",SP.DYN.LE00.IN,2015,70.6580123695192
United Arab Emirates,ARE,"Life expectancy at birth, total (years)",SP.DYN.LE00.IN,2015,82.076
Argentina,ARG,"Life expectancy at birth, total (years)",SP.DYN.LE00.IN,2015,76.6
Armenia,ARM,"Life expectancy at birth, total (years)",SP.DYN.LE00.IN,2015,74.8707317073171
American Samoa,ASM,"Life expectancy at birth, total (years)",SP.DYN.LE00.IN,2015,72.654
Antigua and Barbuda,ATG,"Life expectancy at birth, total (years)",SP.DYN.LE00.IN,2015,76.892
Australia,AUS,"Life expectancy at birth, total (years)",SP.DYN.LE00.IN,2015,82.4
Austria,AUT,"Life expectancy at birth, total (years)",SP.DYN.LE00.IN,2015,81.190243902439
Azerbaijan,AZE,"Life expectancy at birth, total (years)",SP.DYN.LE00.IN,2015,72.349
Burundi,BDI,"Life expectancy at birth, total (years)",SP.DYN.LE00.IN,2015,60.107
Belgium,BEL,"Life expectancy at birth, total (years)",SP.DYN.LE00.IN,2015,80.9926829268293
Benin,BEN,"Life expectancy at birth, total (years)",SP.DYN.LE00.IN,2015,59.123
Burkina Faso,BFA,"Life expectancy at birth, total (years)",SP.DYN.LE00.IN,2015,58.778
Bangladesh,BGD,"Life expectancy at birth, total (years)",SP.DYN.LE00.IN,2015,70.543
Bulgaria,BGR,"Life expectancy at birth, total (years)",SP.DYN.LE00.IN,2015,74.6146341463415
Bahrain,BHR,"Life expectancy at birth, total (years)",SP.DYN.LE00.IN,2015,80.338
"Bahamas, The",BHS,"Life expectancy at birth, total (years)",SP.DYN.LE00.IN,2015,73.805
Bosnia and Herzegovina,BIH,"Life expectancy at birth, total (years)",SP.DYN.LE00.IN,2015,77.073
Belarus,BLR,"Life expectancy at birth, total (years)",SP.DYN.LE00.IN,2015,73.6243902439025
Belize,BLZ,"Life expectancy at birth, total (years)",SP.DYN.LE00.IN,2015,71.647
Bermuda,BMU,"Life expectancy at birth, total (years)",SP.DYN.LE00.IN,2015,80.338
Bolivia,BOL,"Life expectancy at birth, total (years)",SP.DYN.LE00.IN,2015,67.205
Brazil,BRA,"Life expectancy at birth, total (years)",SP.DYN.LE00.IN,2015,75.106
Barbados,BRB,"Life expectancy at birth, total (years)",SP.DYN.LE00.IN,2015,76.055
Brunei Darussalam,BRN,"Life expectancy at birth, total (years)",SP.DYN.LE00.IN,2015,74.88
Bhutan,BTN,"Life expectancy at birth, total (years)",SP.DYN.LE00.IN,2015,70.797
Botswana,BWA,"Life expectancy at birth, total (years)",SP.DYN.LE00.IN,2015,63.215
Central African Republic,CAF,"Life expectancy at birth, total (years)",SP.DYN.LE00.IN,2015,51.934
Canada,CAN,"Life expectancy at birth, total (years)",SP.DYN.LE00.IN,2015,81.8258536585366
Central Europe and the Baltics,CEB,"Life expectancy at birth, total (years)",SP.DYN.LE00.IN,2015,76.5755119772504
Switzerland,CHE,"Life expectancy at birth, total (years)",SP.DYN.LE00.IN,2015,82.8975609756098
Channel Islands,CHI,"Life expectancy at birth, total (years)",SP.DYN.LE00.IN,2015,81.4
Chile,CHL,"Life expectancy at birth, total (years)",SP.DYN.LE00.IN,2015,80.008
China,CHN,"Life expectancy at birth, total (years)",SP.DYN.LE00.IN,2015,76.975
Cote d'Ivoire,CIV,"Life expectancy at birth, total (years)",SP.DYN.LE00.IN,2015,58.281
Cameroon,CMR,"Life expectancy at birth, total (years)",SP.DYN.LE00.IN,2015,59.687
"Congo, Dem. Rep.",COD,"Life expectancy at birth, total (years)",SP.DYN.LE00.IN,2015,58.658
"Congo, Rep.",COG,"Life expectancy at birth, total (years)",SP.DYN.LE00.IN,2015,63.662
Colombia,COL,"Life expectancy at birth, total (years)",SP.DYN.LE00.IN,2015,76.067
Comoros,COM,"Life expectancy at birth, total (years)",SP.DYN.LE00.IN,2015,64.473
Cabo Verde,CPV,"Life expectancy at birth, total (years)",SP.DYN.LE00.IN,2015,74.096
Costa Rica,CRI,"Life expectancy at birth, total (years)",SP.DYN.LE00.IN,2015,80.407
Caribbean small states,CSS,"Life expectancy at birth, total (years)",SP.DYN.LE00.IN,2015,71.8641021665476
Cuba,CUB,"Life expectancy at birth, total (years)",SP.DYN.LE00.IN,2015,77.745
Curacao,CUW,"Life expectancy at birth, total (years)",SP.DYN.LE00.IN,2015,76.482
Cayman Islands,CYM,"Life expectancy at birth, total (years)",SP.DYN.LE00.IN,2015,78.119
Cyprus,CYP,"Life expectancy at birth, total (years)",SP.DYN.LE00.IN,2015,81.464
Czechia,CZE,"Life expectancy at birth, total (years)",SP.DYN.LE00.IN,2015,78.5780487804878
Germany,DEU,"Life expectancy at birth, total (years)",SP.DYN.LE00.IN,2015,80.6414634146341
Djibouti,DJI,"Life expectancy at birth, total (years)",SP.DYN.LE00.IN,2015,62.833
Dominica,DMA,"Life expectancy at birth, total (years)",SP.DYN.LE00.IN,2015,69.968
Denmark,DNK,"Life expectancy at birth, total (years)",SP.DYN.LE00.IN,2015,80.7024390243902
Dominican Republic,DOM,"Life expectancy at birth, total (years)",SP.DYN.LE00.IN,2015,72.982
Algeria,DZA,"Life expectancy at birth, total (years)",SP.DYN.LE00.IN,2015,75.159
East Asia & Pacific (excluding high income),EAP,"Life expectancy at birth, total (years)",SP.DYN.LE00.IN,2015,74.9511243848739
Early-demographic dividend,EAR,"Life expectancy at birth, total (years)",SP.DYN.LE00.IN,2015,69.6305484421664
East Asia & Pacific,EAS,"Life expectancy at birth, total (years)",SP.DYN.LE00.IN,2015,75.7926010192992
Europe & Central Asia (excluding high income),ECA,"Life expectancy at birth, total (years)",SP.DYN.LE00.IN,2015,73.755408258866
Europe & Central Asia,ECS,"Life expectancy at birth, total (years)",SP.DYN.LE00.IN,2015,77.330938408387
Ecuador,ECU,"Life expectancy at birth, total (years)",SP.DYN.LE00.IN,2015,76.222
"Egypt, Arab Rep.",EGY,"Life expectancy at birth, total (years)",SP.DYN.LE00.IN,2015,70.135
Euro area,EMU,"Life expectancy at birth, total (years)",SP.DYN.LE00.IN,2015,81.5192696796633
Eritrea,ERI,"Life expectancy at birth, total (years)",SP.DYN.LE00.IN,2015,65.909
Spain,ESP,"Life expectancy at birth, total (years)",SP.DYN.LE00.IN,2015,82.8317073170732
Estonia,EST,"Life expectancy at birth, total (years)",SP.DYN.LE00.IN,2015,77.590243902439
Ethiopia,ETH,"Life expectancy at birth, total (years)",SP.DYN.LE00.IN,2015,63.592
European Union,EUU,"Life expectancy at birth, total (years)",SP.DYN.LE00.IN,2015,80.5707965259
Fragile and conflict affected situations,FCS,"Life expectancy at birth, total (years)",SP.DYN.LE00.IN,2015,60.7449931085508
Finland,FIN,"Life expectancy at birth, total (years)",SP.DYN.LE00.IN,2015,81.4804878048781
Fiji,FJI,"Life expectancy at birth, total (years)",SP.DYN.LE00.IN,2015,66.48
France,FRA,"Life expectancy at birth, total (years)",SP.DYN.LE00.IN,2015,82.3219512195122
Faroe Islands,FRO,"Life expectancy at birth, total (years)",SP.DYN.LE00.IN,2015,81.7995975609756
"Micronesia, Fed. Sts.",FSM,"Life expectancy at birth, total (years)",SP.DYN.LE00.IN,2015,65.306
Gabon,GAB,"Life expectancy at birth, total (years)",SP.DYN.LE00.IN,2015,66.336
United Kingdom,GBR,"Life expectancy at birth, total (years)",SP.DYN.LE00.IN,2015,80.9560975609756
Georgia,GEO,"Life expectancy at birth, total (years)",SP.DYN.LE00.IN,2015,73.241
Ghana,GHA,"Life expectancy at birth, total (years)",SP.DYN.LE00.IN,2015,63.175
Gibraltar,GIB,"Life expectancy at birth, total (years)",SP.DYN.LE00.IN,2015,82.668
Guinea,GIN,"Life expectancy at birth, total (years)",SP.DYN.LE00.IN,2015,57.899
"Gambia, The",GMB,"Life expectancy at birth, total (years)",SP.DYN.LE00.IN,2015,62.971
Guinea-Bissau,GNB,"Life expectancy at birth, total (years)",SP.DYN.LE00.IN,2015,60.071
Equatorial Guinea,GNQ,"Life expectancy at birth, total (years)",SP.DYN.LE00.IN,2015,60.635
Greece,GRC,"Life expectancy at birth, total (years)",SP.DYN.LE00.IN,2015,81.0365853658537
Grenada,GRD,"Life expectancy at birth, total (years)",SP.DYN.LE00.IN,2015,75.037
Greenland,GRL,"Life expectancy at birth, total (years)",SP.DYN.LE00.IN,2015,70.909756097561
Guatemala,GTM,"Life expectancy at birth, total (years)",SP.DYN.LE00.IN,2015,70.915
Guam,GUM,"Life expectancy at birth, total (years)",SP.DYN.LE00.IN,2015,76.444
Guyana,GUY,"Life expectancy at birth, total (years)",SP.DYN.LE00.IN,2015,67.719
High income,HIC,"Life expectancy at birth, total (years)",SP.DYN.LE00.IN,2015,79.5243189639773
"Hong Kong SAR, China",HKG,"Life expectancy at birth, total (years)",SP.DYN.LE00.IN,2015,84.2526829268293
Honduras,HND,"Life expectancy at birth, total (years)",SP.DYN.LE00.IN,2015,71.323
Heavily indebted poor countries (HIPC),HPC,"Life expectancy at birth, total (years)",SP.DYN.LE00.IN,2015,61.5618981364159
Croatia,HRV,"Life expectancy at birth, total (years)",SP.DYN.LE00.IN,2015,77.2756097560976
Haiti,HTI,"Life expectancy at birth, total (years)",SP.DYN.LE00.IN,2015,63.224
Hungary,HUN,"Life expectancy at birth, total (years)",SP.DYN.LE00.IN,2015,75.5682926829269
IBRD only,IBD,"Life expectancy at birth, total (years)",SP.DYN.LE00.IN,2015,73.0328490236397
IDA & IBRD total,IBT,"Life expectancy at birth, total (years)",SP.DYN.LE00.IN,2015,70.3717214077022
IDA total,IDA,"Life expectancy at birth, total (years)",SP.DYN.LE00.IN,2015,62.613597618261
IDA blend,IDB,"Life expectancy at birth, total (years)",SP.DYN.LE00.IN,2015,60.2944946354402
Indonesia,IDN,"Life expectancy at birth, total (years)",SP.DYN.LE00.IN,2015,69.52
IDA only,IDX,"Life expectancy at birth, total (years)",SP.DYN.LE00.IN,2015,63.8821918937357
Isle of Man,IMN,"Life expectancy at birth, total (years)",SP.DYN.LE00.IN,2015,80.267
India,IND,"Life expectancy at birth, total (years)",SP.DYN.LE00.IN,2015,69.326
Ireland,IRL,"Life expectancy at birth, total (years)",SP.DYN.LE00.IN,2015,81.4536585365854
"Iran, Islamic Rep.",IRN,"Life expectancy at birth, total (years)",SP.DYN.LE00.IN,2015,75.907
Iraq,IRQ,"Life expectancy at birth, total (years)",SP.DYN.LE00.IN,2015,69.977
Iceland,ISL,"Life expectancy at birth, total (years)",SP.DYN.LE00.IN,2015,82.4682926829268
Israel,ISR,"Life expectancy at birth, total (years)",SP.DYN.LE00.IN,2015,82.0512195121951
Italy,ITA,"Life expectancy at birth, total (years)",SP.DYN.LE00.IN,2015,82.5439024390244
Jamaica,JAM,"Life expectancy at birth, total (years)",SP.DYN.LE00.IN,2015,72.214
Jordan,JOR,"Life expectancy at birth, total (years)",SP.DYN.LE00.IN,2015,75.06
Japan,JPN,"Life expectancy at birth, total (years)",SP.DYN.LE00.IN,2015,83.7939024390244
Kazakhstan,KAZ,"Life expectancy at birth, total (years)",SP.DYN.LE00.IN,2015,72.024
Kenya,KEN,"Life expectancy at birth, total (years)",SP.DYN.LE00.IN,2015,62.279
Kyrgyz Republic,KGZ,"Life expectancy at birth, total (years)",SP.DYN.LE00.IN,2015,70.6512195121951
Cambodia,KHM,"Life expectancy at birth, total (years)",SP.DYN.LE00.IN,2015,69.398
Kiribati,KIR,"Life expectancy at birth, total (years)",SP.DYN.LE00.IN,2015,65.831
St. Kitts and Nevis,KNA,"Life expectancy at birth, total (years)",SP.DYN.LE00.IN,2015,71.211
"Korea, Rep.",KOR,"Life expectancy at birth, total (years)",SP.DYN.LE00.IN,2015,82.0243902439024
Kuwait,KWT,"Life expectancy at birth, total (years)",SP.DYN.LE00.IN,2015,79.3765609756098
Latin America & Caribbean (excluding high income),LAC,"Life expectancy at birth, total (years)",SP.DYN.LE00.IN,2015,74.5553955667316
Lao PDR,LAO,"Life expectancy at birth, total (years)",SP.DYN.LE00.IN,2015,66.688
Lebanon,LBN,"Life expectancy at birth, total (years)",SP.DYN.LE00.IN,2015,78.275
Liberia,LBR,"Life expectancy at birth, total (years)",SP.DYN.LE00.IN,2015,59.248
Libya,LBY,"Life expectancy at birth, total (years)",SP.DYN.LE00.IN,2015,71.644
St. Lucia,LCA,"Life expectancy at birth, total (years)",SP.DYN.LE00.IN,2015,72.932
Latin America & Caribbean,LCN,"Life expectancy at birth, total (years)",SP.DYN.LE00.IN,2015,74.7432221893097
Least developed countries: UN classification,LDC,"Life expectancy at birth, total (years)",SP.DYN.LE00.IN,2015,63.3049798787451
Low income,LIC,"Life expectancy at birth, total (years)",SP.DYN.LE00.IN,2015,60.9922916353431
Liechtenstein,LIE,"Life expectancy at birth, total (years)",SP.DYN.LE00.IN,2015,82.6560975609756
Sri Lanka,LKA,"Life expectancy at birth, total (years)",SP.DYN.LE00.IN,2015,75.99
Lower middle income,LMC,"Life expectancy at birth, total (years)",SP.DYN.LE00.IN,2015,67.3495071977304
Low & middle income,LMY,"Life expectancy at birth, total (years)",SP.DYN.LE00.IN,2015,70.3675172346245
Lesotho,LSO,"Life expectancy at birth, total (years)",SP.DYN.LE00.IN,2015,51.83
Late-demographic dividend,LTE,"Life expectancy at birth, total (years)",SP.DYN.LE00.IN,2015,76.0762328807769
Lithuania,LTU,"Life expectancy at birth, total (years)",SP.DYN.LE00.IN,2015,74.3219512195122
Luxembourg,LUX,"Life expectancy at birth, total (years)",SP.DYN.LE00.IN,2015,82.2926829268293
Latvia,LVA,"Life expectancy at birth, total (years)",SP.DYN.LE00.IN,2015,74.4804878048781
"Macao SAR, China",MAC,"Life expectancy at birth, total (years)",SP.DYN.LE00.IN,2015,83.2243902439024
St. Martin (French part),MAF,"Life expectancy at birth, total (years)",SP.DYN.LE00.IN,2015,79.829
Morocco,MAR,"Life expectancy at birth, total (years)",SP.DYN.LE00.IN,2015,72.894
Monaco,MCO,"Life expectancy at birth, total (years)",SP.DYN.LE00.IN,2015,85.323
Moldova,MDA,"Life expectancy at birth, total (years)",SP.DYN.LE00.IN,2015,70.118
Madagascar,MDG,"Life expectancy at birth, total (years)",SP.DYN.LE00.IN,2015,63.362
Maldives,MDV,"Life expectancy at birth, total (years)",SP.DYN.LE00.IN,2015,78.607
"Middle East, North Africa, Afghanistan & Pakistan",MEA,"Life expectancy at birth, total (years)",SP.DYN.LE00.IN,2015,70.1510409297575
Mexico,MEX,"Life expectancy at birth, total (years)",SP.DYN.LE00.IN,2015,74.431
Marshall Islands,MHL,"Life expectancy at birth, total (years)",SP.DYN.LE00.IN,2015,65.292
Middle income,MIC,"Life expectancy at birth, total (years)",SP.DYN.LE00.IN,2015,71.2070683012016
North Macedonia,MKD,"Life expectancy at birth, total (years)",SP.DYN.LE00.IN,2015,75.4024390243902
Mali,MLI,"Life expectancy at birth, total (years)",SP.DYN.LE00.IN,2015,57.852
Malta,MLT,"Life expectancy at birth, total (years)",SP.DYN.LE00.IN,2015,81.7975609756098
Myanmar,MMR,"Life expectancy at birth, total (years)",SP.DYN.LE00.IN,2015,65.288
"Middle East, North Africa, Afghanistan & Pakistan (excluding high income)",MNA,"Life expectancy at birth, total (years)",SP.DYN.LE00.IN,2015,69.2873263613117
Montenegro,MNE,"Life expectancy at birth, total (years)",SP.DYN.LE00.IN,2015,76.6024390243903
Mongolia,MNG,"Life expectancy at birth, total (years)",SP.DYN.LE00.IN,2015,70.810243902439
Northern Mariana Islands,MNP,"Life expectancy at birth, total (years)",SP.DYN.LE00.IN,2015,77.36
Mozambique,MOZ,"Life expectancy at birth, total (years)",SP.DYN.LE00.IN,2015,58.711
Mauritania,MRT,"Life expectancy at birth, total (years)",SP.DYN.LE00.IN,2015,66.498
Mauritius,MUS,"Life expectancy at birth, total (years)",SP.DYN.LE00.IN,2015,74.3531707317073
Malawi,MWI,"Life expectancy at birth, total (years)",SP.DYN.LE00.IN,2015,62.324
Malaysia,MYS,"Life expectancy at birth, total (years)",SP.DYN.LE00.IN,2015,75.288
North America,NAC,"Life expectancy at birth, total (years)",SP.DYN.LE00.IN,2015,79.0036254654542
Namibia,NAM,"Life expectancy at birth, total (years)",SP.DYN.LE00.IN,2015,60.008
New Caledonia,NCL,"Life expectancy at birth, total (years)",SP.DYN.LE00.IN,2015,77.206
Niger,NER,"Life expectancy at birth, total (years)",SP.DYN.LE00.IN,2015,58.85
Nigeria,NGA,"Life expectancy at birth, total (years)",SP.DYN.LE00.IN,2015,51.939
Nicaragua,NIC,"Life expectancy at birth, total (years)",SP.DYN.LE00.IN,2015,72.899
Netherlands,NLD,"Life expectancy at birth, total (years)",SP.DYN.LE00.IN,2015,81.509756097561
Norway,NOR,"Life expectancy at birth, total (years)",SP.DYN.LE00.IN,2015,82.3048780487805
Nepal,NPL,"Life expectancy at birth, total (years)",SP.DYN.LE00.IN,2015,67.374
Nauru,NRU,"Life expectancy at birth, total (years)",SP.DYN.LE00.IN,2015,60.897
New Zealand,NZL,"Life expectancy at birth, total (years)",SP.DYN.LE00.IN,2015,81.6124390243903
OECD members,OED,"Life expectancy at birth, total (years)",SP.DYN.LE00.IN,2015,79.761947694534
Oman,OMN,"Life expectancy at birth, total (years)",SP.DYN.LE00.IN,2015,79.346
Other small states,OSS,"Life expectancy at birth, total (years)",SP.DYN.LE00.IN,2015,71.4757935597765
Pakistan,PAK,"Life expectancy at birth, total (years)",SP.DYN.LE00.IN,2015,65.641
Panama,PAN,"Life expectancy at birth, total (years)",SP.DYN.LE00.IN,2015,77.583
Peru,PER,"Life expectancy at birth, total (years)",SP.DYN.LE00.IN,2015,75.732
Philippines,PHL,"Life expectancy at birth, total (years)",SP.DYN.LE00.IN,2015,69.45
Palau,PLW,"Life expectancy at birth, total (years)",SP.DYN.LE00.IN,2015,69.07
Papua New Guinea,PNG,"Life expectancy at birth, total (years)",SP.DYN.LE00.IN,2015,64.473
Poland,POL,"Life expectancy at birth, total (years)",SP.DYN.LE00.IN,2015,77.4512195121951
Pre-demographic dividend,PRE,"Life expectancy at birth, total (years)",SP.DYN.LE00.IN,2015,58.9363545235598
Puerto Rico (US),PRI,"Life expectancy at birth, total (years)",SP.DYN.LE00.IN,2015,80.677
"Korea, Dem. People's Rep.",PRK,"Life expectancy at birth, total (years)",SP.DYN.LE00.IN,2015,72.825
Portugal,PRT,"Life expectancy at birth, total (years)",SP.DYN.LE00.IN,2015,81.1243902439025
Paraguay,PRY,"Life expectancy at birth, total (years)",SP.DYN.LE00.IN,2015,73.454
West Bank and Gaza,PSE,"Life expectancy at birth, total (years)",SP.DYN.LE00.IN,2015,74.577
Pacific island small states,PSS,"Life expectancy at birth, total (years)",SP.DYN.LE00.IN,2015,68.1166096033138
Post-demographic dividend,PST,"Life expectancy at birth, total (years)",SP.DYN.LE00.IN,2015,80.4400592700903
French Polynesia,PYF,"Life expectancy at birth, total (years)",SP.DYN.LE00.IN,2015,82.339
Qatar,QAT,"Life expectancy at birth, total (years)",SP.DYN.LE00.IN,2015,81.785
Romania,ROU,"Life expectancy at birth, total (years)",SP.DYN.LE00.IN,2015,74.9121951219512
Russian Federation,RUS,"Life expectancy at birth, total (years)",SP.DYN.LE00.IN,2015,71.1834146341463
Rwanda,RWA,"Life expectancy at birth, total (years)",SP.DYN.LE00.IN,2015,65.419
South Asia,SAS,"Life expectancy at birth, total (years)",SP.DYN.LE00.IN,2015,69.5110334122263
Saudi Arabia,SAU,"Life expectancy at birth, total (years)",SP.DYN.LE00.IN,2015,77.776
Sudan,SDN,"Life expectancy at birth, total (years)",SP.DYN.LE00.IN,2015,64.375
Senegal,SEN,"Life expectancy at birth, total (years)",SP.DYN.LE00.IN,2015,66.451
Singapore,SGP,"Life expectancy at birth, total (years)",SP.DYN.LE00.IN,2015,82.7439024390244
Solomon Islands,SLB,"Life expectancy at birth, total (years)",SP.DYN.LE00.IN,2015,69.323
Sierra Leone,SLE,"Life expectancy at birth, total (years)",SP.DYN.LE00.IN,2015,55.454
El Salvador,SLV,"Life expectancy at birth, total (years)",SP.DYN.LE00.IN,2015,70.952
San Marino,SMR,"Life expectancy at birth, total (years)",SP.DYN.LE00.IN,2015,84.596
"Somalia, Fed. Rep.",SOM,"Life expectancy at birth, total (years)",SP.DYN.LE00.IN,2015,55.056
Serbia,SRB,"Life expectancy at birth, total (years)",SP.DYN.LE00.IN,2015,75.2878048780488
Sub-Saharan Africa (excluding high income),SSA,"Life expectancy at birth, total (years)",SP.DYN.LE00.IN,2015,58.9245401151408
South Sudan,SSD,"Life expectancy at birth, total (years)",SP.DYN.LE00.IN,2015,39.757
Sub-Saharan Africa,SSF,"Life expectancy at birth, total (years)",SP.DYN.LE00.IN,2015,59.3987962107574
Small states,SST,"Life expectancy at birth, total (years)",SP.DYN.LE00.IN,2015,71.1218770493238
Sao Tome and Principe,STP,"Life expectancy at birth, total (years)",SP.DYN.LE00.IN,2015,66.023
Suriname,SUR,"Life expectancy at birth, total (years)",SP.DYN.LE00.IN,2015,70.567
Slovak Republic,SVK,"Life expectancy at birth, total (years)",SP.DYN.LE00.IN,2015,76.5634146341463
Slovenia,SVN,"Life expectancy at birth, total (years)",SP.DYN.LE00.IN,2015,80.7756097560976
Sweden,SWE,"Life expectancy at birth, total (years)",SP.DYN.LE00.IN,2015,82.2048780487805
Eswatini,SWZ,"Life expectancy at birth, total (years)",SP.DYN.LE00.IN,2015,54.941
Sint Maarten (Dutch part),SXM,"Life expectancy at birth, total (years)",SP.DYN.LE00.IN,2015,75.899
Seychelles,SYC,"Life expectancy at birth, total (years)",SP.DYN.LE00.IN,2015,74.2951219512195
Syrian Arab Republic,SYR,"Life expectancy at birth, total (years)",SP.DYN.LE00.IN,2015,63.265
Turks and Caicos Islands,TCA,"Life expectancy at birth, total (years)",SP.DYN.LE00.IN,2015,77.321
Chad,TCD,"Life expectancy at birth, total (years)",SP.DYN.LE00.IN,2015,51.32
East Asia & Pacific (IDA & IBRD countries),TEA,"Life expectancy at birth, total (years)",SP.DYN.LE00.IN,2015,74.9777768374826
Europe & Central Asia (IDA & IBRD countries),TEC,"Life expectancy at birth, total (years)",SP.DYN.LE00.IN,2015,73.3408132950813
Togo,TGO,"Life expectancy at birth, total (years)",SP.DYN.LE00.IN,2015,59.23
Thailand,THA,"Life expectancy at birth, total (years)",SP.DYN.LE00.IN,2015,76.563
Tajikistan,TJK,"Life expectancy at birth, total (years)",SP.DYN.LE00.IN,2015,69.665
Turkmenistan,TKM,"Life expectancy at birth, total (years)",SP.DYN.LE00.IN,2015,69.061
Latin America & the Caribbean (IDA & IBRD countries),TLA,"Life expectancy at birth, total (years)",SP.DYN.LE00.IN,2015,74.6505904118153
Timor-Leste,TLS,"Life expectancy at birth, total (years)",SP.DYN.LE00.IN,2015,65.326
"Middle East, North Africa, Afghanistan & Pakistan (IDA & IBRD)",TMN,"Life expectancy at birth, total (years)",SP.DYN.LE00.IN,2015,69.2515348606398
Tonga,TON,"Life expectancy at birth, total (years)",SP.DYN.LE00.IN,2015,71.851
South Asia (IDA & IBRD),TSA,"Life expectancy at birth, total (years)",SP.DYN.LE00.IN,2015,69.5110334122263
Sub-Saharan Africa (IDA & IBRD countries),TSS,"Life expectancy at birth, total (years)",SP.DYN.LE00.IN,2015,59.3987962107574
Trinidad and Tobago,TTO,"Life expectancy at birth, total (years)",SP.DYN.LE00.IN,2015,72.882
Tunisia,TUN,"Life expectancy at birth, total (years)",SP.DYN.LE00.IN,2015,74.875
Turkiye,TUR,"Life expectancy at birth, total (years)",SP.DYN.LE00.IN,2015,76.539
Tuvalu,TUV,"Life expectancy at birth, total (years)",SP.DYN.LE00.IN,2015,65.365
Tanzania,TZA,"Life expectancy at birth, total (years)",SP.DYN.LE00.IN,2015,63.928
Uganda,UGA,"Life expectancy at birth, total (years)",SP.DYN.LE00.IN,2015,63.831
Ukraine,UKR,"Life expectancy at birth, total (years)",SP.DYN.LE00.IN,2015,72.686
Upper middle income,UMC,"Life expectancy at birth, total (years)",SP.DYN.LE00.IN,2015,75.1752922690271
Uruguay,URY,"Life expectancy at birth, total (years)",SP.DYN.LE00.IN,2015,77.285
United States,USA,"Life expectancy at birth, total (years)",SP.DYN.LE00.IN,2015,78.690243902439
Uzbekistan,UZB,"Life expectancy at birth, total (years)",SP.DYN.LE00.IN,2015,71.33
St. Vincent and the Grenadines,VCT,"Life expectancy at birth, total (years)",SP.DYN.LE00.IN,2015,70.463
"Venezuela, RB",VEN,"Life expectancy at birth, total (years)",SP.DYN.LE00.IN,2015,73.004
British Virgin Islands,VGB,"Life expectancy at birth, total (years)",SP.DYN.LE00.IN,2015,76.558
Virgin Islands (U.S.),VIR,"Life expectancy at birth, total (years)",SP.DYN.LE00.IN,2015,79.0170731707317
Viet Nam,VNM,"Life expectancy at birth, total (years)",SP.DYN.LE00.IN,2015,73.955
Vanuatu,VUT,"Life expectancy at birth, total (years)",SP.DYN.LE00.IN,2015,70.163
World,WLD,"Life expectancy at birth, total (years)",SP.DYN.LE00.IN,2015,71.9646262286432
Samoa,WSM,"Life expectancy at birth, total (years)",SP.DYN.LE00.IN,2015,71.06
Kosovo,XKX,"Life expectancy at birth, total (years)",SP.DYN.LE00.IN,2015,76.024
"Yemen, Rep.",YEM,"Life expectancy at birth, total (years)",SP.DYN.LE00.IN,2015,66.761
South Africa,ZAF,"Life expectancy at birth, total (years)",SP.DYN.LE00.IN,2015,64.053
Zambia,ZMB,"Life expectancy at birth, total (years)",SP.DYN.LE00.IN,2015,60.728
Zimbabwe,ZWE,"Life expectancy at birth, total (years)",SP.DYN.LE00.IN,2015,58.989
Aruba,ABW,"Life expectancy at birth, total (years)",SP.DYN.LE00.IN,2016,75.54
Africa Eastern and Southern,AFE,"Life expectancy at birth, total (years)",SP.DYN.LE00.IN,2016,62.1679813169199
Afghanistan,AFG,"Life expectancy at birth, total (years)",SP.DYN.LE00.IN,2016,62.646
Africa Western and Central,AFW,"Life expectancy at birth, total (years)",SP.DYN.LE00.IN,2016,56.3925982370859
Angola,AGO,"Life expectancy at birth, total (years)",SP.DYN.LE00.IN,2016,61.619
Albania,ALB,"Life expectancy at birth, total (years)",SP.DYN.LE00.IN,2016,78.643
Andorra,AND,"Life expectancy at birth, total (years)",SP.DYN.LE00.IN,2016,84.489
Arab World,ARB,"Life expectancy at birth, total (years)",SP.DYN.LE00.IN,2016,70.8964881164428
United Arab Emirates,ARE,"Life expectancy at birth, total (years)",SP.DYN.LE00.IN,2016,82.195
Argentina,ARG,"Life expectancy at birth, total (years)",SP.DYN.LE00.IN,2016,76.105
Armenia,ARM,"Life expectancy at birth, total (years)",SP.DYN.LE00.IN,2016,74.8682926829268
American Samoa,ASM,"Life expectancy at birth, total (years)",SP.DYN.LE00.IN,2016,72.64
Antigua and Barbuda,ATG,"Life expectancy at birth, total (years)",SP.DYN.LE00.IN,2016,76.968
Australia,AUS,"Life expectancy at birth, total (years)",SP.DYN.LE00.IN,2016,82.4487804878049
Austria,AUT,"Life expectancy at birth, total (years)",SP.DYN.LE00.IN,2016,81.6414634146342
Azerbaijan,AZE,"Life expectancy at birth, total (years)",SP.DYN.LE00.IN,2016,72.568
Burundi,BDI,"Life expectancy at birth, total (years)",SP.DYN.LE00.IN,2016,60.789
Belgium,BEL,"Life expectancy at birth, total (years)",SP.DYN.LE00.IN,2016,81.4390243902439
Benin,BEN,"Life expectancy at birth, total (years)",SP.DYN.LE00.IN,2016,59.283
Burkina Faso,BFA,"Life expectancy at birth, total (years)",SP.DYN.LE00.IN,2016,59.173
Bangladesh,BGD,"Life expectancy at birth, total (years)",SP.DYN.LE00.IN,2016,71.075
Bulgaria,BGR,"Life expectancy at birth, total (years)",SP.DYN.LE00.IN,2016,74.8121951219512
Bahrain,BHR,"Life expectancy at birth, total (years)",SP.DYN.LE00.IN,2016,80.407
"Bahamas, The",BHS,"Life expectancy at birth, total (years)",SP.DYN.LE00.IN,2016,74.042
Bosnia and Herzegovina,BIH,"Life expectancy at birth, total (years)",SP.DYN.LE00.IN,2016,77.124
Belarus,BLR,"Life expectancy at birth, total (years)",SP.DYN.LE00.IN,2016,73.8268292682927
Belize,BLZ,"Life expectancy at birth, total (years)",SP.DYN.LE00.IN,2016,71.843
Bermuda,BMU,"Life expectancy at birth, total (years)",SP.DYN.LE00.IN,2016,80.476
Bolivia,BOL,"Life expectancy at birth, total (years)",SP.DYN.LE00.IN,2016,67.392
Brazil,BRA,"Life expectancy at birth, total (years)",SP.DYN.LE00.IN,2016,75.081
Barbados,BRB,"Life expectancy at birth, total (years)",SP.DYN.LE00.IN,2016,76.168
Brunei Darussalam,BRN,"Life expectancy at birth, total (years)",SP.DYN.LE00.IN,2016,74.905
Bhutan,BTN,"Life expectancy at birth, total (years)",SP.DYN.LE00.IN,2016,71.119
Botswana,BWA,"Life expectancy at birth, total (years)",SP.DYN.LE00.IN,2016,64.32
Central African Republic,CAF,"Life expectancy at birth, total (years)",SP.DYN.LE00.IN,2016,50.999
Canada,CAN,"Life expectancy at birth, total (years)",SP.DYN.LE00.IN,2016,81.94
Central Europe and the Baltics,CEB,"Life expectancy at birth, total (years)",SP.DYN.LE00.IN,2016,76.9703062304413
Switzerland,CHE,"Life expectancy at birth, total (years)",SP.DYN.LE00.IN,2016,83.6024390243903
Channel Islands,CHI,"Life expectancy at birth, total (years)",SP.DYN.LE00.IN,2016,81.2
Chile,CHL,"Life expectancy at birth, total (years)",SP.DYN.LE00.IN,2016,80.295
China,CHN,"Life expectancy at birth, total (years)",SP.DYN.LE00.IN,2016,77.214
Cote d'Ivoire,CIV,"Life expectancy at birth, total (years)",SP.DYN.LE00.IN,2016,58.814
Cameroon,CMR,"Life expectancy at birth, total (years)",SP.DYN.LE00.IN,2016,60.293
"Congo, Dem. Rep.",COD,"Life expectancy at birth, total (years)",SP.DYN.LE00.IN,2016,59.081
"Congo, Rep.",COG,"Life expectancy at birth, total (years)",SP.DYN.LE00.IN,2016,63.911
Colombia,COL,"Life expectancy at birth, total (years)",SP.DYN.LE00.IN,2016,76.228
Comoros,COM,"Life expectancy at birth, total (years)",SP.DYN.LE00.IN,2016,64.792
Cabo Verde,CPV,"Life expectancy at birth, total (years)",SP.DYN.LE00.IN,2016,74.35
Costa Rica,CRI,"Life expectancy at birth, total (years)",SP.DYN.LE00.IN,2016,79.988
Caribbean small states,CSS,"Life expectancy at birth, total (years)",SP.DYN.LE00.IN,2016,72.0516361154512
Cuba,CUB,"Life expectancy at birth, total (years)",SP.DYN.LE00.IN,2016,77.571
Curacao,CUW,"Life expectancy at birth, total (years)",SP.DYN.LE00.IN,2016,76.322
Cayman Islands,CYM,"Life expectancy at birth, total (years)",SP.DYN.LE00.IN,2016,78.367
Cyprus,CYP,"Life expectancy at birth, total (years)",SP.DYN.LE00.IN,2016,81.534
Czechia,CZE,"Life expectancy at birth, total (years)",SP.DYN.LE00.IN,2016,79.0268292682927
Germany,DEU,"Life expectancy at birth, total (years)",SP.DYN.LE00.IN,2016,80.990243902439
Djibouti,DJI,"Life expectancy at birth, total (years)",SP.DYN.LE00.IN,2016,63.335
Dominica,DMA,"Life expectancy at birth, total (years)",SP.DYN.LE00.IN,2016,71.189
Denmark,DNK,"Life expectancy at birth, total (years)",SP.DYN.LE00.IN,2016,80.8536585365854
Dominican Republic,DOM,"Life expectancy at birth, total (years)",SP.DYN.LE00.IN,2016,72.889
Algeria,DZA,"Life expectancy at birth, total (years)",SP.DYN.LE00.IN,2016,75.31
East Asia & Pacific (excluding high income),EAP,"Life expectancy at birth, total (years)",SP.DYN.LE00.IN,2016,75.1559117663434
Early-demographic dividend,EAR,"Life expectancy at birth, total (years)",SP.DYN.LE00.IN,2016,69.9484837084835
East Asia & Pacific,EAS,"Life expectancy at birth, total (years)",SP.DYN.LE00.IN,2016,75.9870166732102
Europe & Central Asia (excluding high income),ECA,"Life expectancy at birth, total (years)",SP.DYN.LE00.IN,2016,74.0313769065099
Europe & Central Asia,ECS,"Life expectancy at birth, total (years)",SP.DYN.LE00.IN,2016,77.6812816553928
Ecuador,ECU,"Life expectancy at birth, total (years)",SP.DYN.LE00.IN,2016,76.094
"Egypt, Arab Rep.",EGY,"Life expectancy at birth, total (years)",SP.DYN.LE00.IN,2016,70.437
Euro area,EMU,"Life expectancy at birth, total (years)",SP.DYN.LE00.IN,2016,81.907455420636
Eritrea,ERI,"Life expectancy at birth, total (years)",SP.DYN.LE00.IN,2016,66.242
Spain,ESP,"Life expectancy at birth, total (years)",SP.DYN.LE00.IN,2016,83.3292682926829
Estonia,EST,"Life expectancy at birth, total (years)",SP.DYN.LE00.IN,2016,77.6414634146342
Ethiopia,ETH,"Life expectancy at birth, total (years)",SP.DYN.LE00.IN,2016,64.162
European Union,EUU,"Life expectancy at birth, total (years)",SP.DYN.LE00.IN,2016,80.9529785979391
Fragile and conflict affected situations,FCS,"Life expectancy at birth, total (years)",SP.DYN.LE00.IN,2016,60.9861836667017
Finland,FIN,"Life expectancy at birth, total (years)",SP.DYN.LE00.IN,2016,81.4292682926829
Fiji,FJI,"Life expectancy at birth, total (years)",SP.DYN.LE00.IN,2016,66.657
France,FRA,"Life expectancy at birth, total (years)",SP.DYN.LE00.IN,2016,82.5731707317073
Faroe Islands,FRO,"Life expectancy at birth, total (years)",SP.DYN.LE00.IN,2016,81.962112195122
"Micronesia, Fed. Sts.",FSM,"Life expectancy at birth, total (years)",SP.DYN.LE00.IN,2016,65.576
Gabon,GAB,"Life expectancy at birth, total (years)",SP.DYN.LE00.IN,2016,66.583
United Kingdom,GBR,"Life expectancy at birth, total (years)",SP.DYN.LE00.IN,2016,81.1560975609756
Georgia,GEO,"Life expectancy at birth, total (years)",SP.DYN.LE00.IN,2016,73.136
Ghana,GHA,"Life expectancy at birth, total (years)",SP.DYN.LE00.IN,2016,63.522
Gibraltar,GIB,"Life expectancy at birth, total (years)",SP.DYN.LE00.IN,2016,82.741
Guinea,GIN,"Life expectancy at birth, total (years)",SP.DYN.LE00.IN,2016,58.49
"Gambia, The",GMB,"Life expectancy at birth, total (years)",SP.DYN.LE00.IN,2016,63.386
Guinea-Bissau,GNB,"Life expectancy at birth, total (years)",SP.DYN.LE00.IN,2016,60.619
Equatorial Guinea,GNQ,"Life expectancy at birth, total (years)",SP.DYN.LE00.IN,2016,61.081
Greece,GRC,"Life expectancy at birth, total (years)",SP.DYN.LE00.IN,2016,81.3878048780488
Grenada,GRD,"Life expectancy at birth, total (years)",SP.DYN.LE00.IN,2016,75.01
Greenland,GRL,"Life expectancy at birth, total (years)",SP.DYN.LE00.IN,2016,71.1990243902439
Guatemala,GTM,"Life expectancy at birth, total (years)",SP.DYN.LE00.IN,2016,71.215
Guam,GUM,"Life expectancy at birth, total (years)",SP.DYN.LE00.IN,2016,76.449
Guyana,GUY,"Life expectancy at birth, total (years)",SP.DYN.LE00.IN,2016,68.069
High income,HIC,"Life expectancy at birth, total (years)",SP.DYN.LE00.IN,2016,79.7243121172073
"Hong Kong SAR, China",HKG,"Life expectancy at birth, total (years)",SP.DYN.LE00.IN,2016,84.2114634146342
Honduras,HND,"Life expectancy at birth, total (years)",SP.DYN.LE00.IN,2016,71.615
Heavily indebted poor countries (HIPC),HPC,"Life expectancy at birth, total (years)",SP.DYN.LE00.IN,2016,62.0038914309195
Croatia,HRV,"Life expectancy at birth, total (years)",SP.DYN.LE00.IN,2016,77.9219512195122
Haiti,HTI,"Life expectancy at birth, total (years)",SP.DYN.LE00.IN,2016,63.325
Hungary,HUN,"Life expectancy at birth, total (years)",SP.DYN.LE00.IN,2016,76.0634146341464
IBRD only,IBD,"Life expectancy at birth, total (years)",SP.DYN.LE00.IN,2016,73.2592309044272
IDA & IBRD total,IBT,"Life expectancy at birth, total (years)",SP.DYN.LE00.IN,2016,70.6140486514544
IDA total,IDA,"Life expectancy at birth, total (years)",SP.DYN.LE00.IN,2016,62.9919892121429
IDA blend,IDB,"Life expectancy at birth, total (years)",SP.DYN.LE00.IN,2016,60.5761664527178
Indonesia,IDN,"Life expectancy at birth, total (years)",SP.DYN.LE00.IN,2016,69.733
IDA only,IDX,"Life expectancy at birth, total (years)",SP.DYN.LE00.IN,2016,64.3102000912619
Isle of Man,IMN,"Life expectancy at birth, total (years)",SP.DYN.LE00.IN,2016,80.391
India,IND,"Life expectancy at birth, total (years)",SP.DYN.LE00.IN,2016,69.709
Ireland,IRL,"Life expectancy at birth, total (years)",SP.DYN.LE00.IN,2016,81.6536585365854
"Iran, Islamic Rep.",IRN,"Life expectancy at birth, total (years)",SP.DYN.LE00.IN,2016,76.155
Iraq,IRQ,"Life expectancy at birth, total (years)",SP.DYN.LE00.IN,2016,68.683
Iceland,ISL,"Life expectancy at birth, total (years)",SP.DYN.LE00.IN,2016,82.2048780487805
Israel,ISR,"Life expectancy at birth, total (years)",SP.DYN.LE00.IN,2016,82.4073170731707
Italy,ITA,"Life expectancy at birth, total (years)",SP.DYN.LE00.IN,2016,83.2439024390244
Jamaica,JAM,"Life expectancy at birth, total (years)",SP.DYN.LE00.IN,2016,72.052
Jordan,JOR,"Life expectancy at birth, total (years)",SP.DYN.LE00.IN,2016,75.55
Japan,JPN,"Life expectancy at birth, total (years)",SP.DYN.LE00.IN,2016,83.9848780487805
Kazakhstan,KAZ,"Life expectancy at birth, total (years)",SP.DYN.LE00.IN,2016,72.549
Kenya,KEN,"Life expectancy at birth, total (years)",SP.DYN.LE00.IN,2016,62.526
Kyrgyz Republic,KGZ,"Life expectancy at birth, total (years)",SP.DYN.LE00.IN,2016,70.9512195121951
Cambodia,KHM,"Life expectancy at birth, total (years)",SP.DYN.LE00.IN,2016,69.635
Kiribati,KIR,"Life expectancy at birth, total (years)",SP.DYN.LE00.IN,2016,65.799
St. Kitts and Nevis,KNA,"Life expectancy at birth, total (years)",SP.DYN.LE00.IN,2016,71.227
"Korea, Rep.",KOR,"Life expectancy at birth, total (years)",SP.DYN.LE00.IN,2016,82.2756097560976
Kuwait,KWT,"Life expectancy at birth, total (years)",SP.DYN.LE00.IN,2016,79.6775853658537
Latin America & Caribbean (excluding high income),LAC,"Life expectancy at birth, total (years)",SP.DYN.LE00.IN,2016,74.5306460760941
Lao PDR,LAO,"Life expectancy at birth, total (years)",SP.DYN.LE00.IN,2016,67.014
Lebanon,LBN,"Life expectancy at birth, total (years)",SP.DYN.LE00.IN,2016,78.306
Liberia,LBR,"Life expectancy at birth, total (years)",SP.DYN.LE00.IN,2016,60.483
Libya,LBY,"Life expectancy at birth, total (years)",SP.DYN.LE00.IN,2016,71.799
St. Lucia,LCA,"Life expectancy at birth, total (years)",SP.DYN.LE00.IN,2016,72.552
Latin America & Caribbean,LCN,"Life expectancy at birth, total (years)",SP.DYN.LE00.IN,2016,74.6774848833781
Least developed countries: UN classification,LDC,"Life expectancy at birth, total (years)",SP.DYN.LE00.IN,2016,63.7237908648278
Low income,LIC,"Life expectancy at birth, total (years)",SP.DYN.LE00.IN,2016,61.4018192735169
Liechtenstein,LIE,"Life expectancy at birth, total (years)",SP.DYN.LE00.IN,2016,82.2585365853659
Sri Lanka,LKA,"Life expectancy at birth, total (years)",SP.DYN.LE00.IN,2016,76.136
Lower middle income,LMC,"Life expectancy at birth, total (years)",SP.DYN.LE00.IN,2016,67.679193904199
Low & middle income,LMY,"Life expectancy at birth, total (years)",SP.DYN.LE00.IN,2016,70.6059453671367
Lesotho,LSO,"Life expectancy at birth, total (years)",SP.DYN.LE00.IN,2016,52.908
Late-demographic dividend,LTE,"Life expectancy at birth, total (years)",SP.DYN.LE00.IN,2016,76.2928997245812
Lithuania,LTU,"Life expectancy at birth, total (years)",SP.DYN.LE00.IN,2016,74.6707317073171
Luxembourg,LUX,"Life expectancy at birth, total (years)",SP.DYN.LE00.IN,2016,82.6853658536585
Latvia,LVA,"Life expectancy at birth, total (years)",SP.DYN.LE00.IN,2016,74.580487804878
"Macao SAR, China",MAC,"Life expectancy at birth, total (years)",SP.DYN.LE00.IN,2016,83.2756097560976
St. Martin (French part),MAF,"Life expectancy at birth, total (years)",SP.DYN.LE00.IN,2016,79.885
Morocco,MAR,"Life expectancy at birth, total (years)",SP.DYN.LE00.IN,2016,73.228
Monaco,MCO,"Life expectancy at birth, total (years)",SP.DYN.LE00.IN,2016,85.63
Moldova,MDA,"Life expectancy at birth, total (years)",SP.DYN.LE00.IN,2016,70.179
Madagascar,MDG,"Life expectancy at birth, total (years)",SP.DYN.LE00.IN,2016,63.431
Maldives,MDV,"Life expectancy at birth, total (years)",SP.DYN.LE00.IN,2016,78.913
"Middle East, North Africa, Afghanistan & Pakistan",MEA,"Life expectancy at birth, total (years)",SP.DYN.LE00.IN,2016,70.4288635225293
Mexico,MEX,"Life expectancy at birth, total (years)",SP.DYN.LE00.IN,2016,74.376
Marshall Islands,MHL,"Life expectancy at birth, total (years)",SP.DYN.LE00.IN,2016,65.477
Middle income,MIC,"Life expectancy at birth, total (years)",SP.DYN.LE00.IN,2016,71.4421804907716
North Macedonia,MKD,"Life expectancy at birth, total (years)",SP.DYN.LE00.IN,2016,75.4
Mali,MLI,"Life expectancy at birth, total (years)",SP.DYN.LE00.IN,2016,58.286
Malta,MLT,"Life expectancy at birth, total (years)",SP.DYN.LE00.IN,2016,82.3536585365854
Myanmar,MMR,"Life expectancy at birth, total (years)",SP.DYN.LE00.IN,2016,65.64
"Middle East, North Africa, Afghanistan & Pakistan (excluding high income)",MNA,"Life expectancy at birth, total (years)",SP.DYN.LE00.IN,2016,69.5328376363007
Montenegro,MNE,"Life expectancy at birth, total (years)",SP.DYN.LE00.IN,2016,76.5414634146342
Mongolia,MNG,"Life expectancy at birth, total (years)",SP.DYN.LE00.IN,2016,70.2239024390244
Northern Mariana Islands,MNP,"Life expectancy at birth, total (years)",SP.DYN.LE00.IN,2016,77.392
Mozambique,MOZ,"Life expectancy at birth, total (years)",SP.DYN.LE00.IN,2016,59.455
Mauritania,MRT,"Life expectancy at birth, total (years)",SP.DYN.LE00.IN,2016,66.823
Mauritius,MUS,"Life expectancy at birth, total (years)",SP.DYN.LE00.IN,2016,74.3948780487805
Malawi,MWI,"Life expectancy at birth, total (years)",SP.DYN.LE00.IN,2016,63.163
Malaysia,MYS,"Life expectancy at birth, total (years)",SP.DYN.LE00.IN,2016,75.371
North America,NAC,"Life expectancy at birth, total (years)",SP.DYN.LE00.IN,2016,78.8800103845064
Namibia,NAM,"Life expectancy at birth, total (years)",SP.DYN.LE00.IN,2016,60.81
New Caledonia,NCL,"Life expectancy at birth, total (years)",SP.DYN.LE00.IN,2016,77.359
Niger,NER,"Life expectancy at birth, total (years)",SP.DYN.LE00.IN,2016,59.228
Nigeria,NGA,"Life expectancy at birth, total (years)",SP.DYN.LE00.IN,2016,52.189
Nicaragua,NIC,"Life expectancy at birth, total (years)",SP.DYN.LE00.IN,2016,73.18
Netherlands,NLD,"Life expectancy at birth, total (years)",SP.DYN.LE00.IN,2016,81.5609756097561
Norway,NOR,"Life expectancy at birth, total (years)",SP.DYN.LE00.IN,2016,82.4073170731707
Nepal,NPL,"Life expectancy at birth, total (years)",SP.DYN.LE00.IN,2016,68.444
Nauru,NRU,"Life expectancy at birth, total (years)",SP.DYN.LE00.IN,2016,60.996
New Zealand,NZL,"Life expectancy at birth, total (years)",SP.DYN.LE00.IN,2016,81.6585365853659
OECD members,OED,"Life expectancy at birth, total (years)",SP.DYN.LE00.IN,2016,79.8914226918913
Oman,OMN,"Life expectancy at birth, total (years)",SP.DYN.LE00.IN,2016,79.581
Other small states,OSS,"Life expectancy at birth, total (years)",SP.DYN.LE00.IN,2016,71.7707341897413
Pakistan,PAK,"Life expectancy at birth, total (years)",SP.DYN.LE00.IN,2016,65.943
Panama,PAN,"Life expectancy at birth, total (years)",SP.DYN.LE00.IN,2016,77.772
Peru,PER,"Life expectancy at birth, total (years)",SP.DYN.LE00.IN,2016,75.951
Philippines,PHL,"Life expectancy at birth, total (years)",SP.DYN.LE00.IN,2016,69.49
Palau,PLW,"Life expectancy at birth, total (years)",SP.DYN.LE00.IN,2016,69.046
Papua New Guinea,PNG,"Life expectancy at birth, total (years)",SP.DYN.LE00.IN,2016,64.7
Poland,POL,"Life expectancy at birth, total (years)",SP.DYN.LE00.IN,2016,77.8512195121951
Pre-demographic dividend,PRE,"Life expectancy at birth, total (years)",SP.DYN.LE00.IN,2016,59.2364264629514
Puerto Rico (US),PRI,"Life expectancy at birth, total (years)",SP.DYN.LE00.IN,2016,80.355
"Korea, Dem. People's Rep.",PRK,"Life expectancy at birth, total (years)",SP.DYN.LE00.IN,2016,72.971
Portugal,PRT,"Life expectancy at birth, total (years)",SP.DYN.LE00.IN,2016,81.1243902439025
Paraguay,PRY,"Life expectancy at birth, total (years)",SP.DYN.LE00.IN,2016,73.487
West Bank and Gaza,PSE,"Life expectancy at birth, total (years)",SP.DYN.LE00.IN,2016,74.917
Pacific island small states,PSS,"Life expectancy at birth, total (years)",SP.DYN.LE00.IN,2016,68.2856508563666
Post-demographic dividend,PST,"Life expectancy at birth, total (years)",SP.DYN.LE00.IN,2016,80.6111999426604
French Polynesia,PYF,"Life expectancy at birth, total (years)",SP.DYN.LE00.IN,2016,82.555
Qatar,QAT,"Life expectancy at birth, total (years)",SP.DYN.LE00.IN,2016,82.147
Romania,ROU,"Life expectancy at birth, total (years)",SP.DYN.LE00.IN,2016,75.209756097561
Russian Federation,RUS,"Life expectancy at birth, total (years)",SP.DYN.LE00.IN,2016,71.6512195121951
Rwanda,RWA,"Life expectancy at birth, total (years)",SP.DYN.LE00.IN,2016,65.733
South Asia,SAS,"Life expectancy at birth, total (years)",SP.DYN.LE00.IN,2016,69.9184707063298
Saudi Arabia,SAU,"Life expectancy at birth, total (years)",SP.DYN.LE00.IN,2016,78.354
Sudan,SDN,"Life expectancy at birth, total (years)",SP.DYN.LE00.IN,2016,64.677
Senegal,SEN,"Life expectancy at birth, total (years)",SP.DYN.LE00.IN,2016,66.724
Singapore,SGP,"Life expectancy at birth, total (years)",SP.DYN.LE00.IN,2016,82.8463414634146
Solomon Islands,SLB,"Life expectancy at birth, total (years)",SP.DYN.LE00.IN,2016,69.501
Sierra Leone,SLE,"Life expectancy at birth, total (years)",SP.DYN.LE00.IN,2016,56.937
El Salvador,SLV,"Life expectancy at birth, total (years)",SP.DYN.LE00.IN,2016,70.908
San Marino,SMR,"Life expectancy at birth, total (years)",SP.DYN.LE00.IN,2016,84.775
"Somalia, Fed. Rep.",SOM,"Life expectancy at birth, total (years)",SP.DYN.LE00.IN,2016,55.283
Serbia,SRB,"Life expectancy at birth, total (years)",SP.DYN.LE00.IN,2016,75.6878048780488
Sub-Saharan Africa (excluding high income),SSA,"Life expectancy at birth, total (years)",SP.DYN.LE00.IN,2016,59.3200098416324
South Sudan,SSD,"Life expectancy at birth, total (years)",SP.DYN.LE00.IN,2016,36.72
Sub-Saharan Africa,SSF,"Life expectancy at birth, total (years)",SP.DYN.LE00.IN,2016,59.8121599098867
Small states,SST,"Life expectancy at birth, total (years)",SP.DYN.LE00.IN,2016,71.3735507555474
Sao Tome and Principe,STP,"Life expectancy at birth, total (years)",SP.DYN.LE00.IN,2016,66.563
Suriname,SUR,"Life expectancy at birth, total (years)",SP.DYN.LE00.IN,2016,70.979
Slovak Republic,SVK,"Life expectancy at birth, total (years)",SP.DYN.LE00.IN,2016,77.1658536585366
Slovenia,SVN,"Life expectancy at birth, total (years)",SP.DYN.LE00.IN,2016,81.1756097560976
Sweden,SWE,"Life expectancy at birth, total (years)",SP.DYN.LE00.IN,2016,82.3073170731707
Eswatini,SWZ,"Life expectancy at birth, total (years)",SP.DYN.LE00.IN,2016,56.228
Sint Maarten (Dutch part),SXM,"Life expectancy at birth, total (years)",SP.DYN.LE00.IN,2016,75.952
Seychelles,SYC,"Life expectancy at birth, total (years)",SP.DYN.LE00.IN,2016,74.309756097561
Syrian Arab Republic,SYR,"Life expectancy at birth, total (years)",SP.DYN.LE00.IN,2016,65.19
Turks and Caicos Islands,TCA,"Life expectancy at birth, total (years)",SP.DYN.LE00.IN,2016,77.437
Chad,TCD,"Life expectancy at birth, total (years)",SP.DYN.LE00.IN,2016,51.603
East Asia & Pacific (IDA & IBRD countries),TEA,"Life expectancy at birth, total (years)",SP.DYN.LE00.IN,2016,75.1832269955477
Europe & Central Asia (IDA & IBRD countries),TEC,"Life expectancy at birth, total (years)",SP.DYN.LE00.IN,2016,73.6902109808946
Togo,TGO,"Life expectancy at birth, total (years)",SP.DYN.LE00.IN,2016,59.677
Thailand,THA,"Life expectancy at birth, total (years)",SP.DYN.LE00.IN,2016,76.769
Tajikistan,TJK,"Life expectancy at birth, total (years)",SP.DYN.LE00.IN,2016,69.982
Turkmenistan,TKM,"Life expectancy at birth, total (years)",SP.DYN.LE00.IN,2016,69.142
Latin America & the Caribbean (IDA & IBRD countries),TLA,"Life expectancy at birth, total (years)",SP.DYN.LE00.IN,2016,74.5894794269073
Timor-Leste,TLS,"Life expectancy at birth, total (years)",SP.DYN.LE00.IN,2016,65.61
"Middle East, North Africa, Afghanistan & Pakistan (IDA & IBRD)",TMN,"Life expectancy at birth, total (years)",SP.DYN.LE00.IN,2016,69.4961826399098
Tonga,TON,"Life expectancy at birth, total (years)",SP.DYN.LE00.IN,2016,71.951
South Asia (IDA & IBRD),TSA,"Life expectancy at birth, total (years)",SP.DYN.LE00.IN,2016,69.9184707063299
Sub-Saharan Africa (IDA & IBRD countries),TSS,"Life expectancy at birth, total (years)",SP.DYN.LE00.IN,2016,59.8121599098867
Trinidad and Tobago,TTO,"Life expectancy at birth, total (years)",SP.DYN.LE00.IN,2016,72.935
Tunisia,TUN,"Life expectancy at birth, total (years)",SP.DYN.LE00.IN,2016,75.007
Turkiye,TUR,"Life expectancy at birth, total (years)",SP.DYN.LE00.IN,2016,76.595
Tuvalu,TUV,"Life expectancy at birth, total (years)",SP.DYN.LE00.IN,2016,65.51
Tanzania,TZA,"Life expectancy at birth, total (years)",SP.DYN.LE00.IN,2016,64.404
Uganda,UGA,"Life expectancy at birth, total (years)",SP.DYN.LE00.IN,2016,64.494
Ukraine,UKR,"Life expectancy at birth, total (years)",SP.DYN.LE00.IN,2016,73.389
Upper middle income,UMC,"Life expectancy at birth, total (years)",SP.DYN.LE00.IN,2016,75.3401910593772
Uruguay,URY,"Life expectancy at birth, total (years)",SP.DYN.LE00.IN,2016,77.351
United States,USA,"Life expectancy at birth, total (years)",SP.DYN.LE00.IN,2016,78.5390243902439
Uzbekistan,UZB,"Life expectancy at birth, total (years)",SP.DYN.LE00.IN,2016,71.58
St. Vincent and the Grenadines,VCT,"Life expectancy at birth, total (years)",SP.DYN.LE00.IN,2016,70.7
"Venezuela, RB",VEN,"Life expectancy at birth, total (years)",SP.DYN.LE00.IN,2016,72.002
British Virgin Islands,VGB,"Life expectancy at birth, total (years)",SP.DYN.LE00.IN,2016,76.624
Virgin Islands (U.S.),VIR,"Life expectancy at birth, total (years)",SP.DYN.LE00.IN,2016,79.1682926829268
Viet Nam,VNM,"Life expectancy at birth, total (years)",SP.DYN.LE00.IN,2016,73.984
Vanuatu,VUT,"Life expectancy at birth, total (years)",SP.DYN.LE00.IN,2016,70.397
World,WLD,"Life expectancy at birth, total (years)",SP.DYN.LE00.IN,2016,72.1847318478467
Samoa,WSM,"Life expectancy at birth, total (years)",SP.DYN.LE00.IN,2016,71.003
Kosovo,XKX,"Life expectancy at birth, total (years)",SP.DYN.LE00.IN,2016,76.748
"Yemen, Rep.",YEM,"Life expectancy at birth, total (years)",SP.DYN.LE00.IN,2016,67.105
South Africa,ZAF,"Life expectancy at birth, total (years)",SP.DYN.LE00.IN,2016,64.749
Zambia,ZMB,"Life expectancy at birth, total (years)",SP.DYN.LE00.IN,2016,61.129
Zimbabwe,ZWE,"Life expectancy at birth, total (years)",SP.DYN.LE00.IN,2016,59.76
Aruba,ABW,"Life expectancy at birth, total (years)",SP.DYN.LE00.IN,2017,75.62
Africa Eastern and Southern,AFE,"Life expectancy at birth, total (years)",SP.DYN.LE00.IN,2017,62.5912750961501
Afghanistan,AFG,"Life expectancy at birth, total (years)",SP.DYN.LE00.IN,2017,62.406
Africa Western and Central,AFW,"Life expectancy at birth, total (years)",SP.DYN.LE00.IN,2017,56.6266215613676
Angola,AGO,"Life expectancy at birth, total (years)",SP.DYN.LE00.IN,2017,62.122
Albania,ALB,"Life expectancy at birth, total (years)",SP.DYN.LE00.IN,2017,78.9
Andorra,AND,"Life expectancy at birth, total (years)",SP.DYN.LE00.IN,2017,84.359
Arab World,ARB,"Life expectancy at birth, total (years)",SP.DYN.LE00.IN,2017,71.1128560080646
United Arab Emirates,ARE,"Life expectancy at birth, total (years)",SP.DYN.LE00.IN,2017,82.388
Argentina,ARG,"Life expectancy at birth, total (years)",SP.DYN.LE00.IN,2017,76.543
Armenia,ARM,"Life expectancy at birth, total (years)",SP.DYN.LE00.IN,2017,75.2170731707317
American Samoa,ASM,"Life expectancy at birth, total (years)",SP.DYN.LE00.IN,2017,72.801
Antigua and Barbuda,ATG,"Life expectancy at birth, total (years)",SP.DYN.LE00.IN,2017,77.03
Australia,AUS,"Life expectancy at birth, total (years)",SP.DYN.LE00.IN,2017,82.5
Austria,AUT,"Life expectancy at birth, total (years)",SP.DYN.LE00.IN,2017,81.6439024390244
Azerbaijan,AZE,"Life expectancy at birth, total (years)",SP.DYN.LE00.IN,2017,72.694
Burundi,BDI,"Life expectancy at birth, total (years)",SP.DYN.LE00.IN,2017,61.345
Belgium,BEL,"Life expectancy at birth, total (years)",SP.DYN.LE00.IN,2017,81.4926829268293
Benin,BEN,"Life expectancy at birth, total (years)",SP.DYN.LE00.IN,2017,59.528
Burkina Faso,BFA,"Life expectancy at birth, total (years)",SP.DYN.LE00.IN,2017,59.578
Bangladesh,BGD,"Life expectancy at birth, total (years)",SP.DYN.LE00.IN,2017,71.606
Bulgaria,BGR,"Life expectancy at birth, total (years)",SP.DYN.LE00.IN,2017,74.8146341463415
Bahrain,BHR,"Life expectancy at birth, total (years)",SP.DYN.LE00.IN,2017,80.407
"Bahamas, The",BHS,"Life expectancy at birth, total (years)",SP.DYN.LE00.IN,2017,74.031
Bosnia and Herzegovina,BIH,"Life expectancy at birth, total (years)",SP.DYN.LE00.IN,2017,77.385
Belarus,BLR,"Life expectancy at birth, total (years)",SP.DYN.LE00.IN,2017,74.1292682926829
Belize,BLZ,"Life expectancy at birth, total (years)",SP.DYN.LE00.IN,2017,72.062
Bermuda,BMU,"Life expectancy at birth, total (years)",SP.DYN.LE00.IN,2017,80.686
Bolivia,BOL,"Life expectancy at birth, total (years)",SP.DYN.LE00.IN,2017,67.536
Brazil,BRA,"Life expectancy at birth, total (years)",SP.DYN.LE00.IN,2017,75.383
Barbados,BRB,"Life expectancy at birth, total (years)",SP.DYN.LE00.IN,2017,76.237
Brunei Darussalam,BRN,"Life expectancy at birth, total (years)",SP.DYN.LE00.IN,2017,74.943
Bhutan,BTN,"Life expectancy at birth, total (years)",SP.DYN.LE00.IN,2017,71.413
Botswana,BWA,"Life expectancy at birth, total (years)",SP.DYN.LE00.IN,2017,65.42
Central African Republic,CAF,"Life expectancy at birth, total (years)",SP.DYN.LE00.IN,2017,45.231
Canada,CAN,"Life expectancy at birth, total (years)",SP.DYN.LE00.IN,2017,81.8078048780488
Central Europe and the Baltics,CEB,"Life expectancy at birth, total (years)",SP.DYN.LE00.IN,2017,76.929788715597
Switzerland,CHE,"Life expectancy at birth, total (years)",SP.DYN.LE00.IN,2017,83.5512195121951
Channel Islands,CHI,"Life expectancy at birth, total (years)",SP.DYN.LE00.IN,2017,81.0
Chile,CHL,"Life expectancy at birth, total (years)",SP.DYN.LE00.IN,2017,80.61
China,CHN,"Life expectancy at birth, total (years)",SP.DYN.LE00.IN,2017,77.235
Cote d'Ivoire,CIV,"Life expectancy at birth, total (years)",SP.DYN.LE00.IN,2017,59.315
Cameroon,CMR,"Life expectancy at birth, total (years)",SP.DYN.LE00.IN,2017,60.817
"Congo, Dem. Rep.",COD,"Life expectancy at birth, total (years)",SP.DYN.LE00.IN,2017,59.495
"Congo, Rep.",COG,"Life expectancy at birth, total (years)",SP.DYN.LE00.IN,2017,64.203
Colombia,COL,"Life expectancy at birth, total (years)",SP.DYN.LE00.IN,2017,76.418
Comoros,COM,"Life expectancy at birth, total (years)",SP.DYN.LE00.IN,2017,65.127
Cabo Verde,CPV,"Life expectancy at birth, total (years)",SP.DYN.LE00.IN,2017,74.71
Costa Rica,CRI,"Life expectancy at birth, total (years)",SP.DYN.LE00.IN,2017,79.994
Caribbean small states,CSS,"Life expectancy at birth, total (years)",SP.DYN.LE00.IN,2017,72.1731041595093
Cuba,CUB,"Life expectancy at birth, total (years)",SP.DYN.LE00.IN,2017,77.3
Curacao,CUW,"Life expectancy at birth, total (years)",SP.DYN.LE00.IN,2017,76.423
Cayman Islands,CYM,"Life expectancy at birth, total (years)",SP.DYN.LE00.IN,2017,78.615
Cyprus,CYP,"Life expectancy at birth, total (years)",SP.DYN.LE00.IN,2017,81.543
Czechia,CZE,"Life expectancy at birth, total (years)",SP.DYN.LE00.IN,2017,78.9780487804878
Germany,DEU,"Life expectancy at birth, total (years)",SP.DYN.LE00.IN,2017,80.9926829268293
Djibouti,DJI,"Life expectancy at birth, total (years)",SP.DYN.LE00.IN,2017,63.71
Dominica,DMA,"Life expectancy at birth, total (years)",SP.DYN.LE00.IN,2017,68.62
Denmark,DNK,"Life expectancy at birth, total (years)",SP.DYN.LE00.IN,2017,81.1024390243903
Dominican Republic,DOM,"Life expectancy at birth, total (years)",SP.DYN.LE00.IN,2017,73.37
Algeria,DZA,"Life expectancy at birth, total (years)",SP.DYN.LE00.IN,2017,75.431
East Asia & Pacific (excluding high income),EAP,"Life expectancy at birth, total (years)",SP.DYN.LE00.IN,2017,75.2396714880306
Early-demographic dividend,EAR,"Life expectancy at birth, total (years)",SP.DYN.LE00.IN,2017,70.2729949393554
East Asia & Pacific,EAS,"Life expectancy at birth, total (years)",SP.DYN.LE00.IN,2017,76.0789923585537
Europe & Central Asia (excluding high income),ECA,"Life expectancy at birth, total (years)",SP.DYN.LE00.IN,2017,74.4033539029016
Europe & Central Asia,ECS,"Life expectancy at birth, total (years)",SP.DYN.LE00.IN,2017,77.8990151719065
Ecuador,ECU,"Life expectancy at birth, total (years)",SP.DYN.LE00.IN,2017,76.22
"Egypt, Arab Rep.",EGY,"Life expectancy at birth, total (years)",SP.DYN.LE00.IN,2017,70.709
Euro area,EMU,"Life expectancy at birth, total (years)",SP.DYN.LE00.IN,2017,81.8838037060629
Eritrea,ERI,"Life expectancy at birth, total (years)",SP.DYN.LE00.IN,2017,66.612
Spain,ESP,"Life expectancy at birth, total (years)",SP.DYN.LE00.IN,2017,83.2829268292683
Estonia,EST,"Life expectancy at birth, total (years)",SP.DYN.LE00.IN,2017,78.0926829268293
Ethiopia,ETH,"Life expectancy at birth, total (years)",SP.DYN.LE00.IN,2017,64.766
European Union,EUU,"Life expectancy at birth, total (years)",SP.DYN.LE00.IN,2017,80.9301511681956
Fragile and conflict affected situations,FCS,"Life expectancy at birth, total (years)",SP.DYN.LE00.IN,2017,61.2296826870125
Finland,FIN,"Life expectancy at birth, total (years)",SP.DYN.LE00.IN,2017,81.6317073170732
Fiji,FJI,"Life expectancy at birth, total (years)",SP.DYN.LE00.IN,2017,67.06
France,FRA,"Life expectancy at birth, total (years)",SP.DYN.LE00.IN,2017,82.5756097560976
Faroe Islands,FRO,"Life expectancy at birth, total (years)",SP.DYN.LE00.IN,2017,82.1062926829268
"Micronesia, Fed. Sts.",FSM,"Life expectancy at birth, total (years)",SP.DYN.LE00.IN,2017,65.761
Gabon,GAB,"Life expectancy at birth, total (years)",SP.DYN.LE00.IN,2017,66.816
United Kingdom,GBR,"Life expectancy at birth, total (years)",SP.DYN.LE00.IN,2017,81.2560975609756
Georgia,GEO,"Life expectancy at birth, total (years)",SP.DYN.LE00.IN,2017,73.435
Ghana,GHA,"Life expectancy at birth, total (years)",SP.DYN.LE00.IN,2017,63.829
Gibraltar,GIB,"Life expectancy at birth, total (years)",SP.DYN.LE00.IN,2017,82.858
Guinea,GIN,"Life expectancy at birth, total (years)",SP.DYN.LE00.IN,2017,58.715
"Gambia, The",GMB,"Life expectancy at birth, total (years)",SP.DYN.LE00.IN,2017,63.708
Guinea-Bissau,GNB,"Life expectancy at birth, total (years)",SP.DYN.LE00.IN,2017,61.148
Equatorial Guinea,GNQ,"Life expectancy at birth, total (years)",SP.DYN.LE00.IN,2017,61.481
Greece,GRC,"Life expectancy at birth, total (years)",SP.DYN.LE00.IN,2017,81.2878048780488
Grenada,GRD,"Life expectancy at birth, total (years)",SP.DYN.LE00.IN,2017,74.977
Greenland,GRL,"Life expectancy at birth, total (years)",SP.DYN.LE00.IN,2017,71.2563414634146
Guatemala,GTM,"Life expectancy at birth, total (years)",SP.DYN.LE00.IN,2017,71.583
Guam,GUM,"Life expectancy at birth, total (years)",SP.DYN.LE00.IN,2017,76.463
Guyana,GUY,"Life expectancy at birth, total (years)",SP.DYN.LE00.IN,2017,68.543
High income,HIC,"Life expectancy at birth, total (years)",SP.DYN.LE00.IN,2017,79.8536254138921
"Hong Kong SAR, China",HKG,"Life expectancy at birth, total (years)",SP.DYN.LE00.IN,2017,84.6956097560976
Honduras,HND,"Life expectancy at birth, total (years)",SP.DYN.LE00.IN,2017,71.805
Heavily indebted poor countries (HIPC),HPC,"Life expectancy at birth, total (years)",SP.DYN.LE00.IN,2017,62.3152990434581
Croatia,HRV,"Life expectancy at birth, total (years)",SP.DYN.LE00.IN,2017,77.7268292682927
Haiti,HTI,"Life expectancy at birth, total (years)",SP.DYN.LE00.IN,2017,63.832
Hungary,HUN,"Life expectancy at birth, total (years)",SP.DYN.LE00.IN,2017,75.8170731707317
IBRD only,IBD,"Life expectancy at birth, total (years)",SP.DYN.LE00.IN,2017,73.4857607809887
IDA & IBRD total,IBT,"Life expectancy at birth, total (years)",SP.DYN.LE00.IN,2017,70.8308974097559
IDA total,IDA,"Life expectancy at birth, total (years)",SP.DYN.LE00.IN,2017,63.2737435487005
IDA blend,IDB,"Life expectancy at birth, total (years)",SP.DYN.LE00.IN,2017,60.818392907263
Indonesia,IDN,"Life expectancy at birth, total (years)",SP.DYN.LE00.IN,2017,69.953
IDA only,IDX,"Life expectancy at birth, total (years)",SP.DYN.LE00.IN,2017,64.6099332119955
Isle of Man,IMN,"Life expectancy at birth, total (years)",SP.DYN.LE00.IN,2017,80.506
India,IND,"Life expectancy at birth, total (years)",SP.DYN.LE00.IN,2017,70.068
Ireland,IRL,"Life expectancy at birth, total (years)",SP.DYN.LE00.IN,2017,82.1560975609756
"Iran, Islamic Rep.",IRN,"Life expectancy at birth, total (years)",SP.DYN.LE00.IN,2017,76.396
Iraq,IRQ,"Life expectancy at birth, total (years)",SP.DYN.LE00.IN,2017,69.788
Iceland,ISL,"Life expectancy at birth, total (years)",SP.DYN.LE00.IN,2017,82.6609756097561
Israel,ISR,"Life expectancy at birth, total (years)",SP.DYN.LE00.IN,2017,82.5512195121951
Italy,ITA,"Life expectancy at birth, total (years)",SP.DYN.LE00.IN,2017,82.9463414634147
Jamaica,JAM,"Life expectancy at birth, total (years)",SP.DYN.LE00.IN,2017,71.879
Jordan,JOR,"Life expectancy at birth, total (years)",SP.DYN.LE00.IN,2017,76.071
Japan,JPN,"Life expectancy at birth, total (years)",SP.DYN.LE00.IN,2017,84.099756097561
Kazakhstan,KAZ,"Life expectancy at birth, total (years)",SP.DYN.LE00.IN,2017,72.996
Kenya,KEN,"Life expectancy at birth, total (years)",SP.DYN.LE00.IN,2017,62.725
Kyrgyz Republic,KGZ,"Life expectancy at birth, total (years)",SP.DYN.LE00.IN,2017,71.2
Cambodia,KHM,"Life expectancy at birth, total (years)",SP.DYN.LE00.IN,2017,69.842
Kiribati,KIR,"Life expectancy at birth, total (years)",SP.DYN.LE00.IN,2017,65.787
St. Kitts and Nevis,KNA,"Life expectancy at birth, total (years)",SP.DYN.LE00.IN,2017,71.284
"Korea, Rep.",KOR,"Life expectancy at birth, total (years)",SP.DYN.LE00.IN,2017,82.6268292682927
Kuwait,KWT,"Life expectancy at birth, total (years)",SP.DYN.LE00.IN,2017,79.9160731707317
Latin America & Caribbean (excluding high income),LAC,"Life expectancy at birth, total (years)",SP.DYN.LE00.IN,2017,74.7006534427421
Lao PDR,LAO,"Life expectancy at birth, total (years)",SP.DYN.LE00.IN,2017,67.345
Lebanon,LBN,"Life expectancy at birth, total (years)",SP.DYN.LE00.IN,2017,78.192
Liberia,LBR,"Life expectancy at birth, total (years)",SP.DYN.LE00.IN,2017,60.777
Libya,LBY,"Life expectancy at birth, total (years)",SP.DYN.LE00.IN,2017,72.721
St. Lucia,LCA,"Life expectancy at birth, total (years)",SP.DYN.LE00.IN,2017,72.522
Latin America & Caribbean,LCN,"Life expectancy at birth, total (years)",SP.DYN.LE00.IN,2017,74.8318087892113
Least developed countries: UN classification,LDC,"Life expectancy at birth, total (years)",SP.DYN.LE00.IN,2017,64.0340553688659
Low income,LIC,"Life expectancy at birth, total (years)",SP.DYN.LE00.IN,2017,61.5796648683271
Liechtenstein,LIE,"Life expectancy at birth, total (years)",SP.DYN.LE00.IN,2017,83.7463414634147
Sri Lanka,LKA,"Life expectancy at birth, total (years)",SP.DYN.LE00.IN,2017,76.239
Lower middle income,LMC,"Life expectancy at birth, total (years)",SP.DYN.LE00.IN,2017,67.9952915350318
Low & middle income,LMY,"Life expectancy at birth, total (years)",SP.DYN.LE00.IN,2017,70.8080047482829
Lesotho,LSO,"Life expectancy at birth, total (years)",SP.DYN.LE00.IN,2017,53.874
Late-demographic dividend,LTE,"Life expectancy at birth, total (years)",SP.DYN.LE00.IN,2017,76.4174343501022
Lithuania,LTU,"Life expectancy at birth, total (years)",SP.DYN.LE00.IN,2017,75.4804878048781
Luxembourg,LUX,"Life expectancy at birth, total (years)",SP.DYN.LE00.IN,2017,82.0951219512195
Latvia,LVA,"Life expectancy at birth, total (years)",SP.DYN.LE00.IN,2017,74.6292682926829
"Macao SAR, China",MAC,"Life expectancy at birth, total (years)",SP.DYN.LE00.IN,2017,83.5268292682927
St. Martin (French part),MAF,"Life expectancy at birth, total (years)",SP.DYN.LE00.IN,2017,78.762
Morocco,MAR,"Life expectancy at birth, total (years)",SP.DYN.LE00.IN,2017,73.608
Monaco,MCO,"Life expectancy at birth, total (years)",SP.DYN.LE00.IN,2017,85.878
Moldova,MDA,"Life expectancy at birth, total (years)",SP.DYN.LE00.IN,2017,70.375
Madagascar,MDG,"Life expectancy at birth, total (years)",SP.DYN.LE00.IN,2017,63.433
Maldives,MDV,"Life expectancy at birth, total (years)",SP.DYN.LE00.IN,2017,79.228
"Middle East, North Africa, Afghanistan & Pakistan",MEA,"Life expectancy at birth, total (years)",SP.DYN.LE00.IN,2017,70.7096592741194
Mexico,MEX,"Life expectancy at birth, total (years)",SP.DYN.LE00.IN,2017,74.261
Marshall Islands,MHL,"Life expectancy at birth, total (years)",SP.DYN.LE00.IN,2017,65.673
Middle income,MIC,"Life expectancy at birth, total (years)",SP.DYN.LE00.IN,2017,71.6596834645843
North Macedonia,MKD,"Life expectancy at birth, total (years)",SP.DYN.LE00.IN,2017,75.9536585365854
Mali,MLI,"Life expectancy at birth, total (years)",SP.DYN.LE00.IN,2017,58.562
Malta,MLT,"Life expectancy at birth, total (years)",SP.DYN.LE00.IN,2017,82.1951219512195
Myanmar,MMR,"Life expectancy at birth, total (years)",SP.DYN.LE00.IN,2017,65.909
"Middle East, North Africa, Afghanistan & Pakistan (excluding high income)",MNA,"Life expectancy at birth, total (years)",SP.DYN.LE00.IN,2017,69.8141316373328
Montenegro,MNE,"Life expectancy at birth, total (years)",SP.DYN.LE00.IN,2017,76.6853658536585
Mongolia,MNG,"Life expectancy at birth, total (years)",SP.DYN.LE00.IN,2017,70.5434146341463
Northern Mariana Islands,MNP,"Life expectancy at birth, total (years)",SP.DYN.LE00.IN,2017,77.47
Mozambique,MOZ,"Life expectancy at birth, total (years)",SP.DYN.LE00.IN,2017,60.148
Mauritania,MRT,"Life expectancy at birth, total (years)",SP.DYN.LE00.IN,2017,67.088
Mauritius,MUS,"Life expectancy at birth, total (years)",SP.DYN.LE00.IN,2017,74.5146341463415
Malawi,MWI,"Life expectancy at birth, total (years)",SP.DYN.LE00.IN,2017,63.914
Malaysia,MYS,"Life expectancy at birth, total (years)",SP.DYN.LE00.IN,2017,75.542
North America,NAC,"Life expectancy at birth, total (years)",SP.DYN.LE00.IN,2017,78.868288279967
Namibia,NAM,"Life expectancy at birth, total (years)",SP.DYN.LE00.IN,2017,61.661
New Caledonia,NCL,"Life expectancy at birth, total (years)",SP.DYN.LE00.IN,2017,77.504
Niger,NER,"Life expectancy at birth, total (years)",SP.DYN.LE00.IN,2017,59.524
Nigeria,NGA,"Life expectancy at birth, total (years)",SP.DYN.LE00.IN,2017,52.397
Nicaragua,NIC,"Life expectancy at birth, total (years)",SP.DYN.LE00.IN,2017,73.389
Netherlands,NLD,"Life expectancy at birth, total (years)",SP.DYN.LE00.IN,2017,81.7609756097561
Norway,NOR,"Life expectancy at birth, total (years)",SP.DYN.LE00.IN,2017,82.609756097561
Nepal,NPL,"Life expectancy at birth, total (years)",SP.DYN.LE00.IN,2017,68.74
Nauru,NRU,"Life expectancy at birth, total (years)",SP.DYN.LE00.IN,2017,61.101
New Zealand,NZL,"Life expectancy at birth, total (years)",SP.DYN.LE00.IN,2017,81.8585365853659
OECD members,OED,"Life expectancy at birth, total (years)",SP.DYN.LE00.IN,2017,79.9309195257905
Oman,OMN,"Life expectancy at birth, total (years)",SP.DYN.LE00.IN,2017,79.748
Other small states,OSS,"Life expectancy at birth, total (years)",SP.DYN.LE00.IN,2017,72.1178742995091
Pakistan,PAK,"Life expectancy at birth, total (years)",SP.DYN.LE00.IN,2017,66.223
Panama,PAN,"Life expectancy at birth, total (years)",SP.DYN.LE00.IN,2017,77.901
Peru,PER,"Life expectancy at birth, total (years)",SP.DYN.LE00.IN,2017,75.958
Philippines,PHL,"Life expectancy at birth, total (years)",SP.DYN.LE00.IN,2017,69.966
Palau,PLW,"Life expectancy at birth, total (years)",SP.DYN.LE00.IN,2017,69.019
Papua New Guinea,PNG,"Life expectancy at birth, total (years)",SP.DYN.LE00.IN,2017,64.923
Poland,POL,"Life expectancy at birth, total (years)",SP.DYN.LE00.IN,2017,77.7536585365854
Pre-demographic dividend,PRE,"Life expectancy at birth, total (years)",SP.DYN.LE00.IN,2017,59.5403225971681
Puerto Rico (US),PRI,"Life expectancy at birth, total (years)",SP.DYN.LE00.IN,2017,79.07
"Korea, Dem. People's Rep.",PRK,"Life expectancy at birth, total (years)",SP.DYN.LE00.IN,2017,73.034
Portugal,PRT,"Life expectancy at birth, total (years)",SP.DYN.LE00.IN,2017,81.4243902439025
Paraguay,PRY,"Life expectancy at birth, total (years)",SP.DYN.LE00.IN,2017,73.45
West Bank and Gaza,PSE,"Life expectancy at birth, total (years)",SP.DYN.LE00.IN,2017,75.216
Pacific island small states,PSS,"Life expectancy at birth, total (years)",SP.DYN.LE00.IN,2017,68.5192875005129
Post-demographic dividend,PST,"Life expectancy at birth, total (years)",SP.DYN.LE00.IN,2017,80.6648225207994
French Polynesia,PYF,"Life expectancy at birth, total (years)",SP.DYN.LE00.IN,2017,82.774
Qatar,QAT,"Life expectancy at birth, total (years)",SP.DYN.LE00.IN,2017,82.458
Romania,ROU,"Life expectancy at birth, total (years)",SP.DYN.LE00.IN,2017,75.209756097561
Russian Federation,RUS,"Life expectancy at birth, total (years)",SP.DYN.LE00.IN,2017,72.4514634146342
Rwanda,RWA,"Life expectancy at birth, total (years)",SP.DYN.LE00.IN,2017,66.14
South Asia,SAS,"Life expectancy at birth, total (years)",SP.DYN.LE00.IN,2017,70.2904723380061
Saudi Arabia,SAU,"Life expectancy at birth, total (years)",SP.DYN.LE00.IN,2017,78.721
Sudan,SDN,"Life expectancy at birth, total (years)",SP.DYN.LE00.IN,2017,65.146
Senegal,SEN,"Life expectancy at birth, total (years)",SP.DYN.LE00.IN,2017,67.059
Singapore,SGP,"Life expectancy at birth, total (years)",SP.DYN.LE00.IN,2017,83.0951219512195
Solomon Islands,SLB,"Life expectancy at birth, total (years)",SP.DYN.LE00.IN,2017,69.652
Sierra Leone,SLE,"Life expectancy at birth, total (years)",SP.DYN.LE00.IN,2017,57.761
El Salvador,SLV,"Life expectancy at birth, total (years)",SP.DYN.LE00.IN,2017,71.007
San Marino,SMR,"Life expectancy at birth, total (years)",SP.DYN.LE00.IN,2017,84.933
"Somalia, Fed. Rep.",SOM,"Life expectancy at birth, total (years)",SP.DYN.LE00.IN,2017,52.19
Serbia,SRB,"Life expectancy at birth, total (years)",SP.DYN.LE00.IN,2017,75.5390243902439
Sub-Saharan Africa (excluding high income),SSA,"Life expectancy at birth, total (years)",SP.DYN.LE00.IN,2017,59.6367945564451
South Sudan,SSD,"Life expectancy at birth, total (years)",SP.DYN.LE00.IN,2017,35.351
Sub-Saharan Africa,SSF,"Life expectancy at birth, total (years)",SP.DYN.LE00.IN,2017,60.1584760722652
Small states,SST,"Life expectancy at birth, total (years)",SP.DYN.LE00.IN,2017,71.6518752446228
Sao Tome and Principe,STP,"Life expectancy at birth, total (years)",SP.DYN.LE00.IN,2017,67.074
Suriname,SUR,"Life expectancy at birth, total (years)",SP.DYN.LE00.IN,2017,71.247
Slovak Republic,SVK,"Life expectancy at birth, total (years)",SP.DYN.LE00.IN,2017,77.1658536585366
Slovenia,SVN,"Life expectancy at birth, total (years)",SP.DYN.LE00.IN,2017,81.0292682926829
Sweden,SWE,"Life expectancy at birth, total (years)",SP.DYN.LE00.IN,2017,82.409756097561
Eswatini,SWZ,"Life expectancy at birth, total (years)",SP.DYN.LE00.IN,2017,57.574
Sint Maarten (Dutch part),SXM,"Life expectancy at birth, total (years)",SP.DYN.LE00.IN,2017,75.455
Seychelles,SYC,"Life expectancy at birth, total (years)",SP.DYN.LE00.IN,2017,74.3
Syrian Arab Republic,SYR,"Life expectancy at birth, total (years)",SP.DYN.LE00.IN,2017,65.651
Turks and Caicos Islands,TCA,"Life expectancy at birth, total (years)",SP.DYN.LE00.IN,2017,77.505
Chad,TCD,"Life expectancy at birth, total (years)",SP.DYN.LE00.IN,2017,51.875
East Asia & Pacific (IDA & IBRD countries),TEA,"Life expectancy at birth, total (years)",SP.DYN.LE00.IN,2017,75.2671640185859
Europe & Central Asia (IDA & IBRD countries),TEC,"Life expectancy at birth, total (years)",SP.DYN.LE00.IN,2017,74.1318681774556
Togo,TGO,"Life expectancy at birth, total (years)",SP.DYN.LE00.IN,2017,60.145
Thailand,THA,"Life expectancy at birth, total (years)",SP.DYN.LE00.IN,2017,76.989
Tajikistan,TJK,"Life expectancy at birth, total (years)",SP.DYN.LE00.IN,2017,70.524
Turkmenistan,TKM,"Life expectancy at birth, total (years)",SP.DYN.LE00.IN,2017,69.19
Latin America & the Caribbean (IDA & IBRD countries),TLA,"Life expectancy at birth, total (years)",SP.DYN.LE00.IN,2017,74.7614101353626
Timor-Leste,TLS,"Life expectancy at birth, total (years)",SP.DYN.LE00.IN,2017,65.898
"Middle East, North Africa, Afghanistan & Pakistan (IDA & IBRD)",TMN,"Life expectancy at birth, total (years)",SP.DYN.LE00.IN,2017,69.7772409464567
Tonga,TON,"Life expectancy at birth, total (years)",SP.DYN.LE00.IN,2017,72.066
South Asia (IDA & IBRD),TSA,"Life expectancy at birth, total (years)",SP.DYN.LE00.IN,2017,70.2904723380061
Sub-Saharan Africa (IDA & IBRD countries),TSS,"Life expectancy at birth, total (years)",SP.DYN.LE00.IN,2017,60.1584760722652
Trinidad and Tobago,TTO,"Life expectancy at birth, total (years)",SP.DYN.LE00.IN,2017,72.984
Tunisia,TUN,"Life expectancy at birth, total (years)",SP.DYN.LE00.IN,2017,75.177
Turkiye,TUR,"Life expectancy at birth, total (years)",SP.DYN.LE00.IN,2017,77.037
Tuvalu,TUV,"Life expectancy at birth, total (years)",SP.DYN.LE00.IN,2017,65.683
Tanzania,TZA,"Life expectancy at birth, total (years)",SP.DYN.LE00.IN,2017,64.963
Uganda,UGA,"Life expectancy at birth, total (years)",SP.DYN.LE00.IN,2017,65.174
Ukraine,UKR,"Life expectancy at birth, total (years)",SP.DYN.LE00.IN,2017,73.993
Upper middle income,UMC,"Life expectancy at birth, total (years)",SP.DYN.LE00.IN,2017,75.4807608424492
Uruguay,URY,"Life expectancy at birth, total (years)",SP.DYN.LE00.IN,2017,77.618
United States,USA,"Life expectancy at birth, total (years)",SP.DYN.LE00.IN,2017,78.5390243902439
Uzbekistan,UZB,"Life expectancy at birth, total (years)",SP.DYN.LE00.IN,2017,71.737
St. Vincent and the Grenadines,VCT,"Life expectancy at birth, total (years)",SP.DYN.LE00.IN,2017,71.013
"Venezuela, RB",VEN,"Life expectancy at birth, total (years)",SP.DYN.LE00.IN,2017,71.903
British Virgin Islands,VGB,"Life expectancy at birth, total (years)",SP.DYN.LE00.IN,2017,75.67
Virgin Islands (U.S.),VIR,"Life expectancy at birth, total (years)",SP.DYN.LE00.IN,2017,79.3682926829268
Viet Nam,VNM,"Life expectancy at birth, total (years)",SP.DYN.LE00.IN,2017,74.026
Vanuatu,VUT,"Life expectancy at birth, total (years)",SP.DYN.LE00.IN,2017,70.5
World,WLD,"Life expectancy at birth, total (years)",SP.DYN.LE00.IN,2017,72.3651230321768
Samoa,WSM,"Life expectancy at birth, total (years)",SP.DYN.LE00.IN,2017,70.991
Kosovo,XKX,"Life expectancy at birth, total (years)",SP.DYN.LE00.IN,2017,77.105
"Yemen, Rep.",YEM,"Life expectancy at birth, total (years)",SP.DYN.LE00.IN,2017,67.12
South Africa,ZAF,"Life expectancy at birth, total (years)",SP.DYN.LE00.IN,2017,65.422
Zambia,ZMB,"Life expectancy at birth, total (years)",SP.DYN.LE00.IN,2017,61.564
Zimbabwe,ZWE,"Life expectancy at birth, total (years)",SP.DYN.LE00.IN,2017,60.263
Aruba,ABW,"Life expectancy at birth, total (years)",SP.DYN.LE00.IN,2018,75.88
Africa Eastern and Southern,AFE,"Life expectancy at birth, total (years)",SP.DYN.LE00.IN,2018,63.3306913582336
Afghanistan,AFG,"Life expectancy at birth, total (years)",SP.DYN.LE00.IN,2018,62.443
Africa Western and Central,AFW,"Life expectancy at birth, total (years)",SP.DYN.LE00.IN,2018,57.0371042874016
Angola,AGO,"Life expectancy at birth, total (years)",SP.DYN.LE00.IN,2018,62.622
Albania,ALB,"Life expectancy at birth, total (years)",SP.DYN.LE00.IN,2018,79.238
Andorra,AND,"Life expectancy at birth, total (years)",SP.DYN.LE00.IN,2018,84.242
Arab World,ARB,"Life expectancy at birth, total (years)",SP.DYN.LE00.IN,2018,71.4312997859137
United Arab Emirates,ARE,"Life expectancy at birth, total (years)",SP.DYN.LE00.IN,2018,82.449
Argentina,ARG,"Life expectancy at birth, total (years)",SP.DYN.LE00.IN,2018,76.77
Armenia,ARM,"Life expectancy at birth, total (years)",SP.DYN.LE00.IN,2018,75.619512195122
American Samoa,ASM,"Life expectancy at birth, total (years)",SP.DYN.LE00.IN,2018,72.794
Antigua and Barbuda,ATG,"Life expectancy at birth, total (years)",SP.DYN.LE00.IN,2018,77.132
Australia,AUS,"Life expectancy at birth, total (years)",SP.DYN.LE00.IN,2018,82.7487804878049
Austria,AUT,"Life expectancy at birth, total (years)",SP.DYN.LE00.IN,2018,81.6926829268293
Azerbaijan,AZE,"Life expectancy at birth, total (years)",SP.DYN.LE00.IN,2018,73.016
Burundi,BDI,"Life expectancy at birth, total (years)",SP.DYN.LE00.IN,2018,61.806
Belgium,BEL,"Life expectancy at birth, total (years)",SP.DYN.LE00.IN,2018,81.5951219512195
Benin,BEN,"Life expectancy at birth, total (years)",SP.DYN.LE00.IN,2018,59.71
Burkina Faso,BFA,"Life expectancy at birth, total (years)",SP.DYN.LE00.IN,2018,59.972
Bangladesh,BGD,"Life expectancy at birth, total (years)",SP.DYN.LE00.IN,2018,72.122
Bulgaria,BGR,"Life expectancy at birth, total (years)",SP.DYN.LE00.IN,2018,74.9634146341464
Bahrain,BHR,"Life expectancy at birth, total (years)",SP.DYN.LE00.IN,2018,80.412
"Bahamas, The",BHS,"Life expectancy at birth, total (years)",SP.DYN.LE00.IN,2018,74.062
Bosnia and Herzegovina,BIH,"Life expectancy at birth, total (years)",SP.DYN.LE00.IN,2018,77.942
Belarus,BLR,"Life expectancy at birth, total (years)",SP.DYN.LE00.IN,2018,74.1756097560976
Belize,BLZ,"Life expectancy at birth, total (years)",SP.DYN.LE00.IN,2018,72.322
Bermuda,BMU,"Life expectancy at birth, total (years)",SP.DYN.LE00.IN,2018,80.986
Bolivia,BOL,"Life expectancy at birth, total (years)",SP.DYN.LE00.IN,2018,67.699
Brazil,BRA,"Life expectancy at birth, total (years)",SP.DYN.LE00.IN,2018,75.633
Barbados,BRB,"Life expectancy at birth, total (years)",SP.DYN.LE00.IN,2018,76.378
Brunei Darussalam,BRN,"Life expectancy at birth, total (years)",SP.DYN.LE00.IN,2018,74.992
Bhutan,BTN,"Life expectancy at birth, total (years)",SP.DYN.LE00.IN,2018,71.711
Botswana,BWA,"Life expectancy at birth, total (years)",SP.DYN.LE00.IN,2018,66.371
Central African Republic,CAF,"Life expectancy at birth, total (years)",SP.DYN.LE00.IN,2018,52.297
Canada,CAN,"Life expectancy at birth, total (years)",SP.DYN.LE00.IN,2018,81.8036585365854
Central Europe and the Baltics,CEB,"Life expectancy at birth, total (years)",SP.DYN.LE00.IN,2018,76.9764380835075
Switzerland,CHE,"Life expectancy at birth, total (years)",SP.DYN.LE00.IN,2018,83.7536585365854
Channel Islands,CHI,"Life expectancy at birth, total (years)",SP.DYN.LE00.IN,2018,81.1
Chile,CHL,"Life expectancy at birth, total (years)",SP.DYN.LE00.IN,2018,80.559
China,CHN,"Life expectancy at birth, total (years)",SP.DYN.LE00.IN,2018,77.709
Cote d'Ivoire,CIV,"Life expectancy at birth, total (years)",SP.DYN.LE00.IN,2018,59.795
Cameroon,CMR,"Life expectancy at birth, total (years)",SP.DYN.LE00.IN,2018,61.189
"Congo, Dem. Rep.",COD,"Life expectancy at birth, total (years)",SP.DYN.LE00.IN,2018,59.926
"Congo, Rep.",COG,"Life expectancy at birth, total (years)",SP.DYN.LE00.IN,2018,64.472
Colombia,COL,"Life expectancy at birth, total (years)",SP.DYN.LE00.IN,2018,76.579
Comoros,COM,"Life expectancy at birth, total (years)",SP.DYN.LE00.IN,2018,65.401
Cabo Verde,CPV,"Life expectancy at birth, total (years)",SP.DYN.LE00.IN,2018,74.84
Costa Rica,CRI,"Life expectancy at birth, total (years)",SP.DYN.LE00.IN,2018,80.09
Caribbean small states,CSS,"Life expectancy at birth, total (years)",SP.DYN.LE00.IN,2018,72.2210854022703
Cuba,CUB,"Life expectancy at birth, total (years)",SP.DYN.LE00.IN,2018,77.426
Curacao,CUW,"Life expectancy at birth, total (years)",SP.DYN.LE00.IN,2018,76.493
Cayman Islands,CYM,"Life expectancy at birth, total (years)",SP.DYN.LE00.IN,2018,78.835
Cyprus,CYP,"Life expectancy at birth, total (years)",SP.DYN.LE00.IN,2018,81.556
Czechia,CZE,"Life expectancy at birth, total (years)",SP.DYN.LE00.IN,2018,79.0292682926829
Germany,DEU,"Life expectancy at birth, total (years)",SP.DYN.LE00.IN,2018,80.8926829268293
Djibouti,DJI,"Life expectancy at birth, total (years)",SP.DYN.LE00.IN,2018,64.105
Dominica,DMA,"Life expectancy at birth, total (years)",SP.DYN.LE00.IN,2018,71.378
Denmark,DNK,"Life expectancy at birth, total (years)",SP.DYN.LE00.IN,2018,80.9536585365854
Dominican Republic,DOM,"Life expectancy at birth, total (years)",SP.DYN.LE00.IN,2018,73.555
Algeria,DZA,"Life expectancy at birth, total (years)",SP.DYN.LE00.IN,2018,75.555
East Asia & Pacific (excluding high income),EAP,"Life expectancy at birth, total (years)",SP.DYN.LE00.IN,2018,75.57828618156
Early-demographic dividend,EAR,"Life expectancy at birth, total (years)",SP.DYN.LE00.IN,2018,70.5486659921504
East Asia & Pacific,EAS,"Life expectancy at birth, total (years)",SP.DYN.LE00.IN,2018,76.3914229383171
Europe & Central Asia (excluding high income),ECA,"Life expectancy at birth, total (years)",SP.DYN.LE00.IN,2018,74.5927989243036
Europe & Central Asia,ECS,"Life expectancy at birth, total (years)",SP.DYN.LE00.IN,2018,78.0318405978087
Ecuador,ECU,"Life expectancy at birth, total (years)",SP.DYN.LE00.IN,2018,77.248
"Egypt, Arab Rep.",EGY,"Life expectancy at birth, total (years)",SP.DYN.LE00.IN,2018,70.974
Euro area,EMU,"Life expectancy at birth, total (years)",SP.DYN.LE00.IN,2018,82.0027602577719
Eritrea,ERI,"Life expectancy at birth, total (years)",SP.DYN.LE00.IN,2018,66.979
Spain,ESP,"Life expectancy at birth, total (years)",SP.DYN.LE00.IN,2018,83.4317073170732
Estonia,EST,"Life expectancy at birth, total (years)",SP.DYN.LE00.IN,2018,78.2439024390244
Ethiopia,ETH,"Life expectancy at birth, total (years)",SP.DYN.LE00.IN,2018,65.257
European Union,EUU,"Life expectancy at birth, total (years)",SP.DYN.LE00.IN,2018,81.0317510064821
Fragile and conflict affected situations,FCS,"Life expectancy at birth, total (years)",SP.DYN.LE00.IN,2018,61.7825083062786
Finland,FIN,"Life expectancy at birth, total (years)",SP.DYN.LE00.IN,2018,81.7341463414634
Fiji,FJI,"Life expectancy at birth, total (years)",SP.DYN.LE00.IN,2018,66.965
France,FRA,"Life expectancy at birth, total (years)",SP.DYN.LE00.IN,2018,82.6756097560976
Faroe Islands,FRO,"Life expectancy at birth, total (years)",SP.DYN.LE00.IN,2018,82.2486024390244
"Micronesia, Fed. Sts.",FSM,"Life expectancy at birth, total (years)",SP.DYN.LE00.IN,2018,65.943
Gabon,GAB,"Life expectancy at birth, total (years)",SP.DYN.LE00.IN,2018,67.043
United Kingdom,GBR,"Life expectancy at birth, total (years)",SP.DYN.LE00.IN,2018,81.2560975609756
Georgia,GEO,"Life expectancy at birth, total (years)",SP.DYN.LE00.IN,2018,73.985
Ghana,GHA,"Life expectancy at birth, total (years)",SP.DYN.LE00.IN,2018,64.138
Gibraltar,GIB,"Life expectancy at birth, total (years)",SP.DYN.LE00.IN,2018,83.028
Guinea,GIN,"Life expectancy at birth, total (years)",SP.DYN.LE00.IN,2018,59.043
"Gambia, The",GMB,"Life expectancy at birth, total (years)",SP.DYN.LE00.IN,2018,64.034
Guinea-Bissau,GNB,"Life expectancy at birth, total (years)",SP.DYN.LE00.IN,2018,61.652
Equatorial Guinea,GNQ,"Life expectancy at birth, total (years)",SP.DYN.LE00.IN,2018,61.915
Greece,GRC,"Life expectancy at birth, total (years)",SP.DYN.LE00.IN,2018,81.7878048780488
Grenada,GRD,"Life expectancy at birth, total (years)",SP.DYN.LE00.IN,2018,74.957
Greenland,GRL,"Life expectancy at birth, total (years)",SP.DYN.LE00.IN,2018,71.3609756097561
Guatemala,GTM,"Life expectancy at birth, total (years)",SP.DYN.LE00.IN,2018,71.496
Guam,GUM,"Life expectancy at birth, total (years)",SP.DYN.LE00.IN,2018,76.561
Guyana,GUY,"Life expectancy at birth, total (years)",SP.DYN.LE00.IN,2018,68.829
High income,HIC,"Life expectancy at birth, total (years)",SP.DYN.LE00.IN,2018,79.9666388096738
"Hong Kong SAR, China",HKG,"Life expectancy at birth, total (years)",SP.DYN.LE00.IN,2018,84.869756097561
Honduras,HND,"Life expectancy at birth, total (years)",SP.DYN.LE00.IN,2018,72.001
Heavily indebted poor countries (HIPC),HPC,"Life expectancy at birth, total (years)",SP.DYN.LE00.IN,2018,62.7986163404611
Croatia,HRV,"Life expectancy at birth, total (years)",SP.DYN.LE00.IN,2018,77.919512195122
Haiti,HTI,"Life expectancy at birth, total (years)",SP.DYN.LE00.IN,2018,64.077
Hungary,HUN,"Life expectancy at birth, total (years)",SP.DYN.LE00.IN,2018,76.0658536585366
IBRD only,IBD,"Life expectancy at birth, total (years)",SP.DYN.LE00.IN,2018,73.794943952938
IDA & IBRD total,IBT,"Life expectancy at birth, total (years)",SP.DYN.LE00.IN,2018,71.1530163508746
IDA total,IDA,"Life expectancy at birth, total (years)",SP.DYN.LE00.IN,2018,63.7309649694635
IDA blend,IDB,"Life expectancy at birth, total (years)",SP.DYN.LE00.IN,2018,61.0740542759518
Indonesia,IDN,"Life expectancy at birth, total (years)",SP.DYN.LE00.IN,2018,70.08
IDA only,IDX,"Life expectancy at birth, total (years)",SP.DYN.LE00.IN,2018,65.1729422228289
Isle of Man,IMN,"Life expectancy at birth, total (years)",SP.DYN.LE00.IN,2018,80.614
India,IND,"Life expectancy at birth, total (years)",SP.DYN.LE00.IN,2018,70.415
Ireland,IRL,"Life expectancy at birth, total (years)",SP.DYN.LE00.IN,2018,82.2048780487805
"Iran, Islamic Rep.",IRN,"Life expectancy at birth, total (years)",SP.DYN.LE00.IN,2018,76.621
Iraq,IRQ,"Life expectancy at birth, total (years)",SP.DYN.LE00.IN,2018,71.116
Iceland,ISL,"Life expectancy at birth, total (years)",SP.DYN.LE00.IN,2018,82.8609756097561
Israel,ISR,"Life expectancy at birth, total (years)",SP.DYN.LE00.IN,2018,82.8024390243903
Italy,ITA,"Life expectancy at birth, total (years)",SP.DYN.LE00.IN,2018,83.3463414634146
Jamaica,JAM,"Life expectancy at birth, total (years)",SP.DYN.LE00.IN,2018,71.606
Jordan,JOR,"Life expectancy at birth, total (years)",SP.DYN.LE00.IN,2018,76.491
Japan,JPN,"Life expectancy at birth, total (years)",SP.DYN.LE00.IN,2018,84.2109756097561
Kazakhstan,KAZ,"Life expectancy at birth, total (years)",SP.DYN.LE00.IN,2018,73.369
Kenya,KEN,"Life expectancy at birth, total (years)",SP.DYN.LE00.IN,2018,62.825
Kyrgyz Republic,KGZ,"Life expectancy at birth, total (years)",SP.DYN.LE00.IN,2018,71.4
Cambodia,KHM,"Life expectancy at birth, total (years)",SP.DYN.LE00.IN,2018,69.993
Kiribati,KIR,"Life expectancy at birth, total (years)",SP.DYN.LE00.IN,2018,65.807
St. Kitts and Nevis,KNA,"Life expectancy at birth, total (years)",SP.DYN.LE00.IN,2018,71.336
"Korea, Rep.",KOR,"Life expectancy at birth, total (years)",SP.DYN.LE00.IN,2018,82.6268292682927
Kuwait,KWT,"Life expectancy at birth, total (years)",SP.DYN.LE00.IN,2018,80.1063658536585
Latin America & Caribbean (excluding high income),LAC,"Life expectancy at birth, total (years)",SP.DYN.LE00.IN,2018,74.8906731016397
Lao PDR,LAO,"Life expectancy at birth, total (years)",SP.DYN.LE00.IN,2018,67.594
Lebanon,LBN,"Life expectancy at birth, total (years)",SP.DYN.LE00.IN,2018,78.263
Liberia,LBR,"Life expectancy at birth, total (years)",SP.DYN.LE00.IN,2018,60.999
Libya,LBY,"Life expectancy at birth, total (years)",SP.DYN.LE00.IN,2018,73.151
St. Lucia,LCA,"Life expectancy at birth, total (years)",SP.DYN.LE00.IN,2018,72.655
Latin America & Caribbean,LCN,"Life expectancy at birth, total (years)",SP.DYN.LE00.IN,2018,75.052717198381
Least developed countries: UN classification,LDC,"Life expectancy at birth, total (years)",SP.DYN.LE00.IN,2018,64.6023317246507
Low income,LIC,"Life expectancy at birth, total (years)",SP.DYN.LE00.IN,2018,62.3400968181546
Liechtenstein,LIE,"Life expectancy at birth, total (years)",SP.DYN.LE00.IN,2018,83.0414634146342
Sri Lanka,LKA,"Life expectancy at birth, total (years)",SP.DYN.LE00.IN,2018,76.485
Lower middle income,LMC,"Life expectancy at birth, total (years)",SP.DYN.LE00.IN,2018,68.2810033644819
Low & middle income,LMY,"Life expectancy at birth, total (years)",SP.DYN.LE00.IN,2018,71.1341707290628
Lesotho,LSO,"Life expectancy at birth, total (years)",SP.DYN.LE00.IN,2018,54.638
Late-demographic dividend,LTE,"Life expectancy at birth, total (years)",SP.DYN.LE00.IN,2018,76.7781489421434
Lithuania,LTU,"Life expectancy at birth, total (years)",SP.DYN.LE00.IN,2018,75.6804878048781
Luxembourg,LUX,"Life expectancy at birth, total (years)",SP.DYN.LE00.IN,2018,82.2951219512195
Latvia,LVA,"Life expectancy at birth, total (years)",SP.DYN.LE00.IN,2018,74.7829268292683
"Macao SAR, China",MAC,"Life expectancy at birth, total (years)",SP.DYN.LE00.IN,2018,83.6780487804878
St. Martin (French part),MAF,"Life expectancy at birth, total (years)",SP.DYN.LE00.IN,2018,80.029
Morocco,MAR,"Life expectancy at birth, total (years)",SP.DYN.LE00.IN,2018,73.946
Monaco,MCO,"Life expectancy at birth, total (years)",SP.DYN.LE00.IN,2018,86.084
Moldova,MDA,"Life expectancy at birth, total (years)",SP.DYN.LE00.IN,2018,70.236
Madagascar,MDG,"Life expectancy at birth, total (years)",SP.DYN.LE00.IN,2018,63.491
Maldives,MDV,"Life expectancy at birth, total (years)",SP.DYN.LE00.IN,2018,79.433
"Middle East, North Africa, Afghanistan & Pakistan",MEA,"Life expectancy at birth, total (years)",SP.DYN.LE00.IN,2018,70.9403213532696
Mexico,MEX,"Life expectancy at birth, total (years)",SP.DYN.LE00.IN,2018,74.301
Marshall Islands,MHL,"Life expectancy at birth, total (years)",SP.DYN.LE00.IN,2018,65.87
Middle income,MIC,"Life expectancy at birth, total (years)",SP.DYN.LE00.IN,2018,71.9597989462594
North Macedonia,MKD,"Life expectancy at birth, total (years)",SP.DYN.LE00.IN,2018,76.6487804878049
Mali,MLI,"Life expectancy at birth, total (years)",SP.DYN.LE00.IN,2018,58.873
Malta,MLT,"Life expectancy at birth, total (years)",SP.DYN.LE00.IN,2018,82.2487804878049
Myanmar,MMR,"Life expectancy at birth, total (years)",SP.DYN.LE00.IN,2018,66.232
"Middle East, North Africa, Afghanistan & Pakistan (excluding high income)",MNA,"Life expectancy at birth, total (years)",SP.DYN.LE00.IN,2018,70.0733668958653
Montenegro,MNE,"Life expectancy at birth, total (years)",SP.DYN.LE00.IN,2018,77.8853658536585
Mongolia,MNG,"Life expectancy at birth, total (years)",SP.DYN.LE00.IN,2018,70.8270731707317
Northern Mariana Islands,MNP,"Life expectancy at birth, total (years)",SP.DYN.LE00.IN,2018,77.51
Mozambique,MOZ,"Life expectancy at birth, total (years)",SP.DYN.LE00.IN,2018,60.79
Mauritania,MRT,"Life expectancy at birth, total (years)",SP.DYN.LE00.IN,2018,67.419
Mauritius,MUS,"Life expectancy at birth, total (years)",SP.DYN.LE00.IN,2018,74.4163414634146
Malawi,MWI,"Life expectancy at birth, total (years)",SP.DYN.LE00.IN,2018,64.464
Malaysia,MYS,"Life expectancy at birth, total (years)",SP.DYN.LE00.IN,2018,75.734
North America,NAC,"Life expectancy at birth, total (years)",SP.DYN.LE00.IN,2018,78.960276789842
Namibia,NAM,"Life expectancy at birth, total (years)",SP.DYN.LE00.IN,2018,62.579
New Caledonia,NCL,"Life expectancy at birth, total (years)",SP.DYN.LE00.IN,2018,77.557
Niger,NER,"Life expectancy at birth, total (years)",SP.DYN.LE00.IN,2018,59.765
Nigeria,NGA,"Life expectancy at birth, total (years)",SP.DYN.LE00.IN,2018,52.669
Nicaragua,NIC,"Life expectancy at birth, total (years)",SP.DYN.LE00.IN,2018,73.879
Netherlands,NLD,"Life expectancy at birth, total (years)",SP.DYN.LE00.IN,2018,81.8121951219512
Norway,NOR,"Life expectancy at birth, total (years)",SP.DYN.LE00.IN,2018,82.7585365853659
Nepal,NPL,"Life expectancy at birth, total (years)",SP.DYN.LE00.IN,2018,69.036
Nauru,NRU,"Life expectancy at birth, total (years)",SP.DYN.LE00.IN,2018,61.238
New Zealand,NZL,"Life expectancy at birth, total (years)",SP.DYN.LE00.IN,2018,81.7073170731707
OECD members,OED,"Life expectancy at birth, total (years)",SP.DYN.LE00.IN,2018,80.0280311277289
Oman,OMN,"Life expectancy at birth, total (years)",SP.DYN.LE00.IN,2018,79.864
Other small states,OSS,"Life expectancy at birth, total (years)",SP.DYN.LE00.IN,2018,72.4217850423792
Pakistan,PAK,"Life expectancy at birth, total (years)",SP.DYN.LE00.IN,2018,66.481
Panama,PAN,"Life expectancy at birth, total (years)",SP.DYN.LE00.IN,2018,78.266
Peru,PER,"Life expectancy at birth, total (years)",SP.DYN.LE00.IN,2018,76.018
Philippines,PHL,"Life expectancy at birth, total (years)",SP.DYN.LE00.IN,2018,69.761
Palau,PLW,"Life expectancy at birth, total (years)",SP.DYN.LE00.IN,2018,68.989
Papua New Guinea,PNG,"Life expectancy at birth, total (years)",SP.DYN.LE00.IN,2018,65.114
Poland,POL,"Life expectancy at birth, total (years)",SP.DYN.LE00.IN,2018,77.6024390243903
Pre-demographic dividend,PRE,"Life expectancy at birth, total (years)",SP.DYN.LE00.IN,2018,60.2075335712172
Puerto Rico (US),PRI,"Life expectancy at birth, total (years)",SP.DYN.LE00.IN,2018,81.086
"Korea, Dem. People's Rep.",PRK,"Life expectancy at birth, total (years)",SP.DYN.LE00.IN,2018,73.02
Portugal,PRT,"Life expectancy at birth, total (years)",SP.DYN.LE00.IN,2018,81.3243902439024
Paraguay,PRY,"Life expectancy at birth, total (years)",SP.DYN.LE00.IN,2018,73.627
West Bank and Gaza,PSE,"Life expectancy at birth, total (years)",SP.DYN.LE00.IN,2018,75.38
Pacific island small states,PSS,"Life expectancy at birth, total (years)",SP.DYN.LE00.IN,2018,68.5825887890247
Post-demographic dividend,PST,"Life expectancy at birth, total (years)",SP.DYN.LE00.IN,2018,80.7441118099251
French Polynesia,PYF,"Life expectancy at birth, total (years)",SP.DYN.LE00.IN,2018,82.985
Qatar,QAT,"Life expectancy at birth, total (years)",SP.DYN.LE00.IN,2018,82.714
Romania,ROU,"Life expectancy at birth, total (years)",SP.DYN.LE00.IN,2018,75.3585365853659
Russian Federation,RUS,"Life expectancy at birth, total (years)",SP.DYN.LE00.IN,2018,72.6621951219512
Rwanda,RWA,"Life expectancy at birth, total (years)",SP.DYN.LE00.IN,2018,66.354
South Asia,SAS,"Life expectancy at birth, total (years)",SP.DYN.LE00.IN,2018,70.6523573971364
Saudi Arabia,SAU,"Life expectancy at birth, total (years)",SP.DYN.LE00.IN,2018,78.75
Sudan,SDN,"Life expectancy at birth, total (years)",SP.DYN.LE00.IN,2018,65.501
Senegal,SEN,"Life expectancy at birth, total (years)",SP.DYN.LE00.IN,2018,67.379
Singapore,SGP,"Life expectancy at birth, total (years)",SP.DYN.LE00.IN,2018,83.2975609756098
Solomon Islands,SLB,"Life expectancy at birth, total (years)",SP.DYN.LE00.IN,2018,69.806
Sierra Leone,SLE,"Life expectancy at birth, total (years)",SP.DYN.LE00.IN,2018,59.059
El Salvador,SLV,"Life expectancy at birth, total (years)",SP.DYN.LE00.IN,2018,71.384
San Marino,SMR,"Life expectancy at birth, total (years)",SP.DYN.LE00.IN,2018,85.095
"Somalia, Fed. Rep.",SOM,"Life expectancy at birth, total (years)",SP.DYN.LE00.IN,2018,54.767
Serbia,SRB,"Life expectancy at birth, total (years)",SP.DYN.LE00.IN,2018,75.890243902439
Sub-Saharan Africa (excluding high income),SSA,"Life expectancy at birth, total (years)",SP.DYN.LE00.IN,2018,60.25831901022
South Sudan,SSD,"Life expectancy at birth, total (years)",SP.DYN.LE00.IN,2018,51.905
Sub-Saharan Africa,SSF,"Life expectancy at birth, total (years)",SP.DYN.LE00.IN,2018,60.7667795961955
Small states,SST,"Life expectancy at birth, total (years)",SP.DYN.LE00.IN,2018,71.8640735615265
Sao Tome and Principe,STP,"Life expectancy at birth, total (years)",SP.DYN.LE00.IN,2018,67.602
Suriname,SUR,"Life expectancy at birth, total (years)",SP.DYN.LE00.IN,2018,71.468
Slovak Republic,SVK,"Life expectancy at birth, total (years)",SP.DYN.LE00.IN,2018,77.2658536585366
Slovenia,SVN,"Life expectancy at birth, total (years)",SP.DYN.LE00.IN,2018,81.3780487804878
Sweden,SWE,"Life expectancy at birth, total (years)",SP.DYN.LE00.IN,2018,82.5585365853659
Eswatini,SWZ,"Life expectancy at birth, total (years)",SP.DYN.LE00.IN,2018,58.707
Sint Maarten (Dutch part),SXM,"Life expectancy at birth, total (years)",SP.DYN.LE00.IN,2018,75.693
Seychelles,SYC,"Life expectancy at birth, total (years)",SP.DYN.LE00.IN,2018,72.8414634146341
Syrian Arab Republic,SYR,"Life expectancy at birth, total (years)",SP.DYN.LE00.IN,2018,67.371
Turks and Caicos Islands,TCA,"Life expectancy at birth, total (years)",SP.DYN.LE00.IN,2018,77.596
Chad,TCD,"Life expectancy at birth, total (years)",SP.DYN.LE00.IN,2018,52.447
East Asia & Pacific (IDA & IBRD countries),TEA,"Life expectancy at birth, total (years)",SP.DYN.LE00.IN,2018,75.6101241544348
Europe & Central Asia (IDA & IBRD countries),TEC,"Life expectancy at birth, total (years)",SP.DYN.LE00.IN,2018,74.2976622013592
Togo,TGO,"Life expectancy at birth, total (years)",SP.DYN.LE00.IN,2018,60.608
Thailand,THA,"Life expectancy at birth, total (years)",SP.DYN.LE00.IN,2018,77.19
Tajikistan,TJK,"Life expectancy at birth, total (years)",SP.DYN.LE00.IN,2018,70.737
Turkmenistan,TKM,"Life expectancy at birth, total (years)",SP.DYN.LE00.IN,2018,69.272
Latin America & the Caribbean (IDA & IBRD countries),TLA,"Life expectancy at birth, total (years)",SP.DYN.LE00.IN,2018,74.9760978010797
Timor-Leste,TLS,"Life expectancy at birth, total (years)",SP.DYN.LE00.IN,2018,66.204
"Middle East, North Africa, Afghanistan & Pakistan (IDA & IBRD)",TMN,"Life expectancy at birth, total (years)",SP.DYN.LE00.IN,2018,70.0368444388331
Tonga,TON,"Life expectancy at birth, total (years)",SP.DYN.LE00.IN,2018,72.169
South Asia (IDA & IBRD),TSA,"Life expectancy at birth, total (years)",SP.DYN.LE00.IN,2018,70.6523573971364
Sub-Saharan Africa (IDA & IBRD countries),TSS,"Life expectancy at birth, total (years)",SP.DYN.LE00.IN,2018,60.7667795961954
Trinidad and Tobago,TTO,"Life expectancy at birth, total (years)",SP.DYN.LE00.IN,2018,72.658
Tunisia,TUN,"Life expectancy at birth, total (years)",SP.DYN.LE00.IN,2018,75.37
Turkiye,TUR,"Life expectancy at birth, total (years)",SP.DYN.LE00.IN,2018,77.454
Tuvalu,TUV,"Life expectancy at birth, total (years)",SP.DYN.LE00.IN,2018,65.871
Tanzania,TZA,"Life expectancy at birth, total (years)",SP.DYN.LE00.IN,2018,65.488
Uganda,UGA,"Life expectancy at birth, total (years)",SP.DYN.LE00.IN,2018,65.775
Ukraine,UKR,"Life expectancy at birth, total (years)",SP.DYN.LE00.IN,2018,73.569
Upper middle income,UMC,"Life expectancy at birth, total (years)",SP.DYN.LE00.IN,2018,75.8217431147146
Uruguay,URY,"Life expectancy at birth, total (years)",SP.DYN.LE00.IN,2018,77.527
United States,USA,"Life expectancy at birth, total (years)",SP.DYN.LE00.IN,2018,78.6390243902439
Uzbekistan,UZB,"Life expectancy at birth, total (years)",SP.DYN.LE00.IN,2018,71.999
St. Vincent and the Grenadines,VCT,"Life expectancy at birth, total (years)",SP.DYN.LE00.IN,2018,71.017
"Venezuela, RB",VEN,"Life expectancy at birth, total (years)",SP.DYN.LE00.IN,2018,72.641
British Virgin Islands,VGB,"Life expectancy at birth, total (years)",SP.DYN.LE00.IN,2018,76.728
Virgin Islands (U.S.),VIR,"Life expectancy at birth, total (years)",SP.DYN.LE00.IN,2018,79.5195121951219
Viet Nam,VNM,"Life expectancy at birth, total (years)",SP.DYN.LE00.IN,2018,74.1
Vanuatu,VUT,"Life expectancy at birth, total (years)",SP.DYN.LE00.IN,2018,70.626
World,WLD,"Life expectancy at birth, total (years)",SP.DYN.LE00.IN,2018,72.6433686298045
Samoa,WSM,"Life expectancy at birth, total (years)",SP.DYN.LE00.IN,2018,71.052
Kosovo,XKX,"Life expectancy at birth, total (years)",SP.DYN.LE00.IN,2018,77.117
"Yemen, Rep.",YEM,"Life expectancy at birth, total (years)",SP.DYN.LE00.IN,2018,65.915
South Africa,ZAF,"Life expectancy at birth, total (years)",SP.DYN.LE00.IN,2018,65.726
Zambia,ZMB,"Life expectancy at birth, total (years)",SP.DYN.LE00.IN,2018,62.138
Zimbabwe,ZWE,"Life expectancy at birth, total (years)",SP.DYN.LE00.IN,2018,60.906
Aruba,ABW,"Life expectancy at birth, total (years)",SP.DYN.LE00.IN,2019,76.019
Africa Eastern and Southern,AFE,"Life expectancy at birth, total (years)",SP.DYN.LE00.IN,2019,63.8572612837043
Afghanistan,AFG,"Life expectancy at birth, total (years)",SP.DYN.LE00.IN,2019,62.941
Africa Western and Central,AFW,"Life expectancy at birth, total (years)",SP.DYN.LE00.IN,2019,57.149956341607
Angola,AGO,"Life expectancy at birth, total (years)",SP.DYN.LE00.IN,2019,63.051
Albania,ALB,"Life expectancy at birth, total (years)",SP.DYN.LE00.IN,2019,79.467
Andorra,AND,"Life expectancy at birth, total (years)",SP.DYN.LE00.IN,2019,84.098
Arab World,ARB,"Life expectancy at birth, total (years)",SP.DYN.LE00.IN,2019,71.8398932674972
United Arab Emirates,ARE,"Life expectancy at birth, total (years)",SP.DYN.LE00.IN,2019,82.596
Argentina,ARG,"Life expectancy at birth, total (years)",SP.DYN.LE00.IN,2019,76.847
Armenia,ARM,"Life expectancy at birth, total (years)",SP.DYN.LE00.IN,2019,76.2219512195122
American Samoa,ASM,"Life expectancy at birth, total (years)",SP.DYN.LE00.IN,2019,72.751
Antigua and Barbuda,ATG,"Life expectancy at birth, total (years)",SP.DYN.LE00.IN,2019,77.168
Australia,AUS,"Life expectancy at birth, total (years)",SP.DYN.LE00.IN,2019,82.9
Austria,AUT,"Life expectancy at birth, total (years)",SP.DYN.LE00.IN,2019,81.8951219512195
Azerbaijan,AZE,"Life expectancy at birth, total (years)",SP.DYN.LE00.IN,2019,73.29
Burundi,BDI,"Life expectancy at birth, total (years)",SP.DYN.LE00.IN,2019,62.18
Belgium,BEL,"Life expectancy at birth, total (years)",SP.DYN.LE00.IN,2019,81.9951219512195
Benin,BEN,"Life expectancy at birth, total (years)",SP.DYN.LE00.IN,2019,59.888
Burkina Faso,BFA,"Life expectancy at birth, total (years)",SP.DYN.LE00.IN,2019,60.184
Bangladesh,BGD,"Life expectancy at birth, total (years)",SP.DYN.LE00.IN,2019,72.625
Bulgaria,BGR,"Life expectancy at birth, total (years)",SP.DYN.LE00.IN,2019,75.1121951219512
Bahrain,BHR,"Life expectancy at birth, total (years)",SP.DYN.LE00.IN,2019,80.471
"Bahamas, The",BHS,"Life expectancy at birth, total (years)",SP.DYN.LE00.IN,2019,71.408
Bosnia and Herzegovina,BIH,"Life expectancy at birth, total (years)",SP.DYN.LE00.IN,2019,77.394
Belarus,BLR,"Life expectancy at birth, total (years)",SP.DYN.LE00.IN,2019,74.2268292682927
Belize,BLZ,"Life expectancy at birth, total (years)",SP.DYN.LE00.IN,2019,72.577
Bermuda,BMU,"Life expectancy at birth, total (years)",SP.DYN.LE00.IN,2019,81.251
Bolivia,BOL,"Life expectancy at birth, total (years)",SP.DYN.LE00.IN,2019,67.82
Brazil,BRA,"Life expectancy at birth, total (years)",SP.DYN.LE00.IN,2019,75.809
Barbados,BRB,"Life expectancy at birth, total (years)",SP.DYN.LE00.IN,2019,76.495
Brunei Darussalam,BRN,"Life expectancy at birth, total (years)",SP.DYN.LE00.IN,2019,75.049
Bhutan,BTN,"Life expectancy at birth, total (years)",SP.DYN.LE00.IN,2019,72.005
Botswana,BWA,"Life expectancy at birth, total (years)",SP.DYN.LE00.IN,2019,67.167
Central African Republic,CAF,"Life expectancy at birth, total (years)",SP.DYN.LE00.IN,2019,31.53
Canada,CAN,"Life expectancy at birth, total (years)",SP.DYN.LE00.IN,2019,82.1585365853659
Central Europe and the Baltics,CEB,"Life expectancy at birth, total (years)",SP.DYN.LE00.IN,2019,77.2659141936307
Switzerland,CHE,"Life expectancy at birth, total (years)",SP.DYN.LE00.IN,2019,83.9048780487805
Channel Islands,CHI,"Life expectancy at birth, total (years)",SP.DYN.LE00.IN,2019,81.2
Chile,CHL,"Life expectancy at birth, total (years)",SP.DYN.LE00.IN,2019,80.324
China,CHN,"Life expectancy at birth, total (years)",SP.DYN.LE00.IN,2019,77.94
Cote d'Ivoire,CIV,"Life expectancy at birth, total (years)",SP.DYN.LE00.IN,2019,60.274
Cameroon,CMR,"Life expectancy at birth, total (years)",SP.DYN.LE00.IN,2019,61.695
"Congo, Dem. Rep.",COD,"Life expectancy at birth, total (years)",SP.DYN.LE00.IN,2019,60.242
"Congo, Rep.",COG,"Life expectancy at birth, total (years)",SP.DYN.LE00.IN,2019,63.152
Colombia,COL,"Life expectancy at birth, total (years)",SP.DYN.LE00.IN,2019,76.793
Comoros,COM,"Life expectancy at birth, total (years)",SP.DYN.LE00.IN,2019,65.662
Cabo Verde,CPV,"Life expectancy at birth, total (years)",SP.DYN.LE00.IN,2019,75.449
Costa Rica,CRI,"Life expectancy at birth, total (years)",SP.DYN.LE00.IN,2019,80.296
Caribbean small states,CSS,"Life expectancy at birth, total (years)",SP.DYN.LE00.IN,2019,72.1292604830284
Cuba,CUB,"Life expectancy at birth, total (years)",SP.DYN.LE00.IN,2019,77.413
Curacao,CUW,"Life expectancy at birth, total (years)",SP.DYN.LE00.IN,2019,76.492
Cayman Islands,CYM,"Life expectancy at birth, total (years)",SP.DYN.LE00.IN,2019,79.052
Cyprus,CYP,"Life expectancy at birth, total (years)",SP.DYN.LE00.IN,2019,81.454
Czechia,CZE,"Life expectancy at birth, total (years)",SP.DYN.LE00.IN,2019,79.2292682926829
Germany,DEU,"Life expectancy at birth, total (years)",SP.DYN.LE00.IN,2019,81.2926829268293
Djibouti,DJI,"Life expectancy at birth, total (years)",SP.DYN.LE00.IN,2019,64.381
Dominica,DMA,"Life expectancy at birth, total (years)",SP.DYN.LE00.IN,2019,71.305
Denmark,DNK,"Life expectancy at birth, total (years)",SP.DYN.LE00.IN,2019,81.4512195121951
Dominican Republic,DOM,"Life expectancy at birth, total (years)",SP.DYN.LE00.IN,2019,73.112
Algeria,DZA,"Life expectancy at birth, total (years)",SP.DYN.LE00.IN,2019,75.682
East Asia & Pacific (excluding high income),EAP,"Life expectancy at birth, total (years)",SP.DYN.LE00.IN,2019,75.7689690321509
Early-demographic dividend,EAR,"Life expectancy at birth, total (years)",SP.DYN.LE00.IN,2019,70.8424064605001
East Asia & Pacific,EAS,"Life expectancy at birth, total (years)",SP.DYN.LE00.IN,2019,76.5862412994962
Europe & Central Asia (excluding high income),ECA,"Life expectancy at birth, total (years)",SP.DYN.LE00.IN,2019,74.8158340567546
Europe & Central Asia,ECS,"Life expectancy at birth, total (years)",SP.DYN.LE00.IN,2019,78.3038716113385
Ecuador,ECU,"Life expectancy at birth, total (years)",SP.DYN.LE00.IN,2019,77.286
"Egypt, Arab Rep.",EGY,"Life expectancy at birth, total (years)",SP.DYN.LE00.IN,2019,71.213
Euro area,EMU,"Life expectancy at birth, total (years)",SP.DYN.LE00.IN,2019,82.2804211551829
Eritrea,ERI,"Life expectancy at birth, total (years)",SP.DYN.LE00.IN,2019,67.306
Spain,ESP,"Life expectancy at birth, total (years)",SP.DYN.LE00.IN,2019,83.8317073170732
Estonia,EST,"Life expectancy at birth, total (years)",SP.DYN.LE00.IN,2019,78.6463414634147
Ethiopia,ETH,"Life expectancy at birth, total (years)",SP.DYN.LE00.IN,2019,65.741
European Union,EUU,"Life expectancy at birth, total (years)",SP.DYN.LE00.IN,2019,81.3194524901835
Fragile and conflict affected situations,FCS,"Life expectancy at birth, total (years)",SP.DYN.LE00.IN,2019,62.1379545505037
Finland,FIN,"Life expectancy at birth, total (years)",SP.DYN.LE00.IN,2019,81.9829268292683
Fiji,FJI,"Life expectancy at birth, total (years)",SP.DYN.LE00.IN,2019,67.009
France,FRA,"Life expectancy at birth, total (years)",SP.DYN.LE00.IN,2019,82.8268292682927
Faroe Islands,FRO,"Life expectancy at birth, total (years)",SP.DYN.LE00.IN,2019,82.3912829268293
"Micronesia, Fed. Sts.",FSM,"Life expectancy at birth, total (years)",SP.DYN.LE00.IN,2019,66.196
Gabon,GAB,"Life expectancy at birth, total (years)",SP.DYN.LE00.IN,2019,67.337
United Kingdom,GBR,"Life expectancy at birth, total (years)",SP.DYN.LE00.IN,2019,81.3691219512195
Georgia,GEO,"Life expectancy at birth, total (years)",SP.DYN.LE00.IN,2019,74.165
Ghana,GHA,"Life expectancy at birth, total (years)",SP.DYN.LE00.IN,2019,64.455
Gibraltar,GIB,"Life expectancy at birth, total (years)",SP.DYN.LE00.IN,2019,83.183
Guinea,GIN,"Life expectancy at birth, total (years)",SP.DYN.LE00.IN,2019,59.379
"Gambia, The",GMB,"Life expectancy at birth, total (years)",SP.DYN.LE00.IN,2019,64.427
Guinea-Bissau,GNB,"Life expectancy at birth, total (years)",SP.DYN.LE00.IN,2019,62.161
Equatorial Guinea,GNQ,"Life expectancy at birth, total (years)",SP.DYN.LE00.IN,2019,62.297
Greece,GRC,"Life expectancy at birth, total (years)",SP.DYN.LE00.IN,2019,81.6390243902439
Grenada,GRD,"Life expectancy at birth, total (years)",SP.DYN.LE00.IN,2019,74.971
Greenland,GRL,"Life expectancy at birth, total (years)",SP.DYN.LE00.IN,2019,71.4092682926829
Guatemala,GTM,"Life expectancy at birth, total (years)",SP.DYN.LE00.IN,2019,71.639
Guam,GUM,"Life expectancy at birth, total (years)",SP.DYN.LE00.IN,2019,76.645
Guyana,GUY,"Life expectancy at birth, total (years)",SP.DYN.LE00.IN,2019,69.067
High income,HIC,"Life expectancy at birth, total (years)",SP.DYN.LE00.IN,2019,80.1992640609664
"Hong Kong SAR, China",HKG,"Life expectancy at birth, total (years)",SP.DYN.LE00.IN,2019,85.1558536585366
Honduras,HND,"Life expectancy at birth, total (years)",SP.DYN.LE00.IN,2019,72.124
Heavily indebted poor countries (HIPC),HPC,"Life expectancy at birth, total (years)",SP.DYN.LE00.IN,2019,63.089861994107
Croatia,HRV,"Life expectancy at birth, total (years)",SP.DYN.LE00.IN,2019,78.2243902439024
Haiti,HTI,"Life expectancy at birth, total (years)",SP.DYN.LE00.IN,2019,64.328
Hungary,HUN,"Life expectancy at birth, total (years)",SP.DYN.LE00.IN,2019,76.3195121951219
IBRD only,IBD,"Life expectancy at birth, total (years)",SP.DYN.LE00.IN,2019,74.031271888226
IDA & IBRD total,IBT,"Life expectancy at birth, total (years)",SP.DYN.LE00.IN,2019,71.3939314839846
IDA total,IDA,"Life expectancy at birth, total (years)",SP.DYN.LE00.IN,2019,64.0885690256803
IDA blend,IDB,"Life expectancy at birth, total (years)",SP.DYN.LE00.IN,2019,61.3259973798573
Indonesia,IDN,"Life expectancy at birth, total (years)",SP.DYN.LE00.IN,2019,70.349
IDA only,IDX,"Life expectancy at birth, total (years)",SP.DYN.LE00.IN,2019,65.582913848475
Isle of Man,IMN,"Life expectancy at birth, total (years)",SP.DYN.LE00.IN,2019,80.74
India,IND,"Life expectancy at birth, total (years)",SP.DYN.LE00.IN,2019,70.746
Ireland,IRL,"Life expectancy at birth, total (years)",SP.DYN.LE00.IN,2019,82.7024390243903
"Iran, Islamic Rep.",IRN,"Life expectancy at birth, total (years)",SP.DYN.LE00.IN,2019,76.855
Iraq,IRQ,"Life expectancy at birth, total (years)",SP.DYN.LE00.IN,2019,71.245
Iceland,ISL,"Life expectancy at birth, total (years)",SP.DYN.LE00.IN,2019,83.1634146341463
Israel,ISR,"Life expectancy at birth, total (years)",SP.DYN.LE00.IN,2019,82.8048780487805
Italy,ITA,"Life expectancy at birth, total (years)",SP.DYN.LE00.IN,2019,83.4975609756098
Jamaica,JAM,"Life expectancy at birth, total (years)",SP.DYN.LE00.IN,2019,71.532
Jordan,JOR,"Life expectancy at birth, total (years)",SP.DYN.LE00.IN,2019,76.865
Japan,JPN,"Life expectancy at birth, total (years)",SP.DYN.LE00.IN,2019,84.3563414634146
Kazakhstan,KAZ,"Life expectancy at birth, total (years)",SP.DYN.LE00.IN,2019,73.658
Kenya,KEN,"Life expectancy at birth, total (years)",SP.DYN.LE00.IN,2019,62.939
Kyrgyz Republic,KGZ,"Life expectancy at birth, total (years)",SP.DYN.LE00.IN,2019,71.6
Cambodia,KHM,"Life expectancy at birth, total (years)",SP.DYN.LE00.IN,2019,70.127
Kiribati,KIR,"Life expectancy at birth, total (years)",SP.DYN.LE00.IN,2019,65.866
St. Kitts and Nevis,KNA,"Life expectancy at birth, total (years)",SP.DYN.LE00.IN,2019,71.54
"Korea, Rep.",KOR,"Life expectancy at birth, total (years)",SP.DYN.LE00.IN,2019,83.2268292682927
Kuwait,KWT,"Life expectancy at birth, total (years)",SP.DYN.LE00.IN,2019,81.969756097561
Latin America & Caribbean (excluding high income),LAC,"Life expectancy at birth, total (years)",SP.DYN.LE00.IN,2019,75.0513524613511
Lao PDR,LAO,"Life expectancy at birth, total (years)",SP.DYN.LE00.IN,2019,67.911
Lebanon,LBN,"Life expectancy at birth, total (years)",SP.DYN.LE00.IN,2019,78.208
Liberia,LBR,"Life expectancy at birth, total (years)",SP.DYN.LE00.IN,2019,61.232
Libya,LBY,"Life expectancy at birth, total (years)",SP.DYN.LE00.IN,2019,72.941
St. Lucia,LCA,"Life expectancy at birth, total (years)",SP.DYN.LE00.IN,2019,72.249
Latin America & Caribbean,LCN,"Life expectancy at birth, total (years)",SP.DYN.LE00.IN,2019,75.2042598654921
Least developed countries: UN classification,LDC,"Life expectancy at birth, total (years)",SP.DYN.LE00.IN,2019,64.9725014356556
Low income,LIC,"Life expectancy at birth, total (years)",SP.DYN.LE00.IN,2019,62.7975396947089
Liechtenstein,LIE,"Life expectancy at birth, total (years)",SP.DYN.LE00.IN,2019,84.1609756097561
Sri Lanka,LKA,"Life expectancy at birth, total (years)",SP.DYN.LE00.IN,2019,76.698
Lower middle income,LMC,"Life expectancy at birth, total (years)",SP.DYN.LE00.IN,2019,68.5574256254118
Low & middle income,LMY,"Life expectancy at birth, total (years)",SP.DYN.LE00.IN,2019,71.3694923345361
Lesotho,LSO,"Life expectancy at birth, total (years)",SP.DYN.LE00.IN,2019,55.249
Late-demographic dividend,LTE,"Life expectancy at birth, total (years)",SP.DYN.LE00.IN,2019,76.9979606258316
Lithuania,LTU,"Life expectancy at birth, total (years)",SP.DYN.LE00.IN,2019,76.2829268292683
Luxembourg,LUX,"Life expectancy at birth, total (years)",SP.DYN.LE00.IN,2019,82.6390243902439
Latvia,LVA,"Life expectancy at birth, total (years)",SP.DYN.LE00.IN,2019,75.3878048780488
"Macao SAR, China",MAC,"Life expectancy at birth, total (years)",SP.DYN.LE00.IN,2019,83.9292682926829
St. Martin (French part),MAF,"Life expectancy at birth, total (years)",SP.DYN.LE00.IN,2019,80.078
Morocco,MAR,"Life expectancy at birth, total (years)",SP.DYN.LE00.IN,2019,74.245
Monaco,MCO,"Life expectancy at birth, total (years)",SP.DYN.LE00.IN,2019,86.151
Moldova,MDA,"Life expectancy at birth, total (years)",SP.DYN.LE00.IN,2019,70.181
Madagascar,MDG,"Life expectancy at birth, total (years)",SP.DYN.LE00.IN,2019,63.504
Maldives,MDV,"Life expectancy at birth, total (years)",SP.DYN.LE00.IN,2019,79.707
"Middle East, North Africa, Afghanistan & Pakistan",MEA,"Life expectancy at birth, total (years)",SP.DYN.LE00.IN,2019,71.2438695042576
Mexico,MEX,"Life expectancy at birth, total (years)",SP.DYN.LE00.IN,2019,74.53
Marshall Islands,MHL,"Life expectancy at birth, total (years)",SP.DYN.LE00.IN,2019,66.047
Middle income,MIC,"Life expectancy at birth, total (years)",SP.DYN.LE00.IN,2019,72.1892666738243
North Macedonia,MKD,"Life expectancy at birth, total (years)",SP.DYN.LE00.IN,2019,76.6024390243903
Mali,MLI,"Life expectancy at birth, total (years)",SP.DYN.LE00.IN,2019,59.217
Malta,MLT,"Life expectancy at birth, total (years)",SP.DYN.LE00.IN,2019,82.6585365853659
Myanmar,MMR,"Life expectancy at birth, total (years)",SP.DYN.LE00.IN,2019,66.457
"Middle East, North Africa, Afghanistan & Pakistan (excluding high income)",MNA,"Life expectancy at birth, total (years)",SP.DYN.LE00.IN,2019,70.417484585256
Montenegro,MNE,"Life expectancy at birth, total (years)",SP.DYN.LE00.IN,2019,76.6829268292683
Mongolia,MNG,"Life expectancy at birth, total (years)",SP.DYN.LE00.IN,2019,71.0531707317073
Northern Mariana Islands,MNP,"Life expectancy at birth, total (years)",SP.DYN.LE00.IN,2019,77.844
Mozambique,MOZ,"Life expectancy at birth, total (years)",SP.DYN.LE00.IN,2019,61.306
Mauritania,MRT,"Life expectancy at birth, total (years)",SP.DYN.LE00.IN,2019,67.64
Mauritius,MUS,"Life expectancy at birth, total (years)",SP.DYN.LE00.IN,2019,74.2358536585366
Malawi,MWI,"Life expectancy at birth, total (years)",SP.DYN.LE00.IN,2019,64.995
Malaysia,MYS,"Life expectancy at birth, total (years)",SP.DYN.LE00.IN,2019,75.9
North America,NAC,"Life expectancy at birth, total (years)",SP.DYN.LE00.IN,2019,79.1328897249464
Namibia,NAM,"Life expectancy at birth, total (years)",SP.DYN.LE00.IN,2019,63.546
New Caledonia,NCL,"Life expectancy at birth, total (years)",SP.DYN.LE00.IN,2019,77.262
Niger,NER,"Life expectancy at birth, total (years)",SP.DYN.LE00.IN,2019,60.031
Nigeria,NGA,"Life expectancy at birth, total (years)",SP.DYN.LE00.IN,2019,53.009
Nicaragua,NIC,"Life expectancy at birth, total (years)",SP.DYN.LE00.IN,2019,73.764
Netherlands,NLD,"Life expectancy at birth, total (years)",SP.DYN.LE00.IN,2019,82.1121951219512
Norway,NOR,"Life expectancy at birth, total (years)",SP.DYN.LE00.IN,2019,82.9585365853659
Nepal,NPL,"Life expectancy at birth, total (years)",SP.DYN.LE00.IN,2019,69.299
Nauru,NRU,"Life expectancy at birth, total (years)",SP.DYN.LE00.IN,2019,61.393
New Zealand,NZL,"Life expectancy at birth, total (years)",SP.DYN.LE00.IN,2019,82.0560975609756
OECD members,OED,"Life expectancy at birth, total (years)",SP.DYN.LE00.IN,2019,80.2449246601415
Oman,OMN,"Life expectancy at birth, total (years)",SP.DYN.LE00.IN,2019,79.946
Other small states,OSS,"Life expectancy at birth, total (years)",SP.DYN.LE00.IN,2019,72.6570116424877
Pakistan,PAK,"Life expectancy at birth, total (years)",SP.DYN.LE00.IN,2019,66.729
Panama,PAN,"Life expectancy at birth, total (years)",SP.DYN.LE00.IN,2019,78.514
Peru,PER,"Life expectancy at birth, total (years)",SP.DYN.LE00.IN,2019,76.275
Philippines,PHL,"Life expectancy at birth, total (years)",SP.DYN.LE00.IN,2019,69.68
Palau,PLW,"Life expectancy at birth, total (years)",SP.DYN.LE00.IN,2019,68.982
Papua New Guinea,PNG,"Life expectancy at birth, total (years)",SP.DYN.LE00.IN,2019,65.331
Poland,POL,"Life expectancy at birth, total (years)",SP.DYN.LE00.IN,2019,77.9048780487805
Pre-demographic dividend,PRE,"Life expectancy at birth, total (years)",SP.DYN.LE00.IN,2019,60.5568531204624
Puerto Rico (US),PRI,"Life expectancy at birth, total (years)",SP.DYN.LE00.IN,2019,81.438
"Korea, Dem. People's Rep.",PRK,"Life expectancy at birth, total (years)",SP.DYN.LE00.IN,2019,72.928
Portugal,PRT,"Life expectancy at birth, total (years)",SP.DYN.LE00.IN,2019,81.6756097560976
Paraguay,PRY,"Life expectancy at birth, total (years)",SP.DYN.LE00.IN,2019,73.668
West Bank and Gaza,PSE,"Life expectancy at birth, total (years)",SP.DYN.LE00.IN,2019,75.811
Pacific island small states,PSS,"Life expectancy at birth, total (years)",SP.DYN.LE00.IN,2019,68.6421578303985
Post-demographic dividend,PST,"Life expectancy at birth, total (years)",SP.DYN.LE00.IN,2019,80.9699118452096
French Polynesia,PYF,"Life expectancy at birth, total (years)",SP.DYN.LE00.IN,2019,83.195
Qatar,QAT,"Life expectancy at birth, total (years)",SP.DYN.LE00.IN,2019,82.945
Romania,ROU,"Life expectancy at birth, total (years)",SP.DYN.LE00.IN,2019,75.6073170731707
Russian Federation,RUS,"Life expectancy at birth, total (years)",SP.DYN.LE00.IN,2019,73.0839024390244
Rwanda,RWA,"Life expectancy at birth, total (years)",SP.DYN.LE00.IN,2019,66.691
South Asia,SAS,"Life expectancy at birth, total (years)",SP.DYN.LE00.IN,2019,70.9975623145981
Saudi Arabia,SAU,"Life expectancy at birth, total (years)",SP.DYN.LE00.IN,2019,78.313
Sudan,SDN,"Life expectancy at birth, total (years)",SP.DYN.LE00.IN,2019,65.803
Senegal,SEN,"Life expectancy at birth, total (years)",SP.DYN.LE00.IN,2019,67.668
Singapore,SGP,"Life expectancy at birth, total (years)",SP.DYN.LE00.IN,2019,83.5951219512195
Solomon Islands,SLB,"Life expectancy at birth, total (years)",SP.DYN.LE00.IN,2019,69.981
Sierra Leone,SLE,"Life expectancy at birth, total (years)",SP.DYN.LE00.IN,2019,59.593
El Salvador,SLV,"Life expectancy at birth, total (years)",SP.DYN.LE00.IN,2019,71.725
San Marino,SMR,"Life expectancy at birth, total (years)",SP.DYN.LE00.IN,2019,85.257
"Somalia, Fed. Rep.",SOM,"Life expectancy at birth, total (years)",SP.DYN.LE00.IN,2019,57.249
Serbia,SRB,"Life expectancy at birth, total (years)",SP.DYN.LE00.IN,2019,75.9365853658537
Sub-Saharan Africa (excluding high income),SSA,"Life expectancy at birth, total (years)",SP.DYN.LE00.IN,2019,60.6066409029614
South Sudan,SSD,"Life expectancy at birth, total (years)",SP.DYN.LE00.IN,2019,58.129
Sub-Saharan Africa,SSF,"Life expectancy at birth, total (years)",SP.DYN.LE00.IN,2019,61.1293664117069
Small states,SST,"Life expectancy at birth, total (years)",SP.DYN.LE00.IN,2019,72.0009607335469
Sao Tome and Principe,STP,"Life expectancy at birth, total (years)",SP.DYN.LE00.IN,2019,68.043
Suriname,SUR,"Life expectancy at birth, total (years)",SP.DYN.LE00.IN,2019,71.773
Slovak Republic,SVK,"Life expectancy at birth, total (years)",SP.DYN.LE00.IN,2019,77.6658536585366
Slovenia,SVN,"Life expectancy at birth, total (years)",SP.DYN.LE00.IN,2019,81.5292682926829
Sweden,SWE,"Life expectancy at birth, total (years)",SP.DYN.LE00.IN,2019,83.109756097561
Eswatini,SWZ,"Life expectancy at birth, total (years)",SP.DYN.LE00.IN,2019,59.85
Sint Maarten (Dutch part),SXM,"Life expectancy at birth, total (years)",SP.DYN.LE00.IN,2019,75.68
Seychelles,SYC,"Life expectancy at birth, total (years)",SP.DYN.LE00.IN,2019,74.0463414634146
Syrian Arab Republic,SYR,"Life expectancy at birth, total (years)",SP.DYN.LE00.IN,2019,70.97
Turks and Caicos Islands,TCA,"Life expectancy at birth, total (years)",SP.DYN.LE00.IN,2019,77.691
Chad,TCD,"Life expectancy at birth, total (years)",SP.DYN.LE00.IN,2019,52.993
East Asia & Pacific (IDA & IBRD countries),TEA,"Life expectancy at birth, total (years)",SP.DYN.LE00.IN,2019,75.8042877234534
Europe & Central Asia (IDA & IBRD countries),TEC,"Life expectancy at birth, total (years)",SP.DYN.LE00.IN,2019,74.590946255432
Togo,TGO,"Life expectancy at birth, total (years)",SP.DYN.LE00.IN,2019,61.061
Thailand,THA,"Life expectancy at birth, total (years)",SP.DYN.LE00.IN,2019,77.197
Tajikistan,TJK,"Life expectancy at birth, total (years)",SP.DYN.LE00.IN,2019,70.962
Turkmenistan,TKM,"Life expectancy at birth, total (years)",SP.DYN.LE00.IN,2019,69.405
Latin America & the Caribbean (IDA & IBRD countries),TLA,"Life expectancy at birth, total (years)",SP.DYN.LE00.IN,2019,75.1319711493442
Timor-Leste,TLS,"Life expectancy at birth, total (years)",SP.DYN.LE00.IN,2019,66.496
"Middle East, North Africa, Afghanistan & Pakistan (IDA & IBRD)",TMN,"Life expectancy at birth, total (years)",SP.DYN.LE00.IN,2019,70.3800917806817
Tonga,TON,"Life expectancy at birth, total (years)",SP.DYN.LE00.IN,2019,72.292
South Asia (IDA & IBRD),TSA,"Life expectancy at birth, total (years)",SP.DYN.LE00.IN,2019,70.9975623145981
Sub-Saharan Africa (IDA & IBRD countries),TSS,"Life expectancy at birth, total (years)",SP.DYN.LE00.IN,2019,61.1293664117069
Trinidad and Tobago,TTO,"Life expectancy at birth, total (years)",SP.DYN.LE00.IN,2019,72.836
Tunisia,TUN,"Life expectancy at birth, total (years)",SP.DYN.LE00.IN,2019,75.599
Turkiye,TUR,"Life expectancy at birth, total (years)",SP.DYN.LE00.IN,2019,77.737
Tuvalu,TUV,"Life expectancy at birth, total (years)",SP.DYN.LE00.IN,2019,66.109
Tanzania,TZA,"Life expectancy at birth, total (years)",SP.DYN.LE00.IN,2019,66.007
Uganda,UGA,"Life expectancy at birth, total (years)",SP.DYN.LE00.IN,2019,66.354
Ukraine,UKR,"Life expectancy at birth, total (years)",SP.DYN.LE00.IN,2019,73.92
Upper middle income,UMC,"Life expectancy at birth, total (years)",SP.DYN.LE00.IN,2019,76.0291253616976
Uruguay,URY,"Life expectancy at birth, total (years)",SP.DYN.LE00.IN,2019,77.503
United States,USA,"Life expectancy at birth, total (years)",SP.DYN.LE00.IN,2019,78.7878048780488
Uzbekistan,UZB,"Life expectancy at birth, total (years)",SP.DYN.LE00.IN,2019,72.093
St. Vincent and the Grenadines,VCT,"Life expectancy at birth, total (years)",SP.DYN.LE00.IN,2019,70.994
"Venezuela, RB",VEN,"Life expectancy at birth, total (years)",SP.DYN.LE00.IN,2019,72.766
British Virgin Islands,VGB,"Life expectancy at birth, total (years)",SP.DYN.LE00.IN,2019,76.845
Virgin Islands (U.S.),VIR,"Life expectancy at birth, total (years)",SP.DYN.LE00.IN,2019,79.6682926829268
Viet Nam,VNM,"Life expectancy at birth, total (years)",SP.DYN.LE00.IN,2019,74.211
Vanuatu,VUT,"Life expectancy at birth, total (years)",SP.DYN.LE00.IN,2019,70.783
World,WLD,"Life expectancy at birth, total (years)",SP.DYN.LE00.IN,2019,72.8686343875761
Samoa,WSM,"Life expectancy at birth, total (years)",SP.DYN.LE00.IN,2019,70.269
Kosovo,XKX,"Life expectancy at birth, total (years)",SP.DYN.LE00.IN,2019,77.249
"Yemen, Rep.",YEM,"Life expectancy at birth, total (years)",SP.DYN.LE00.IN,2019,66.567
South Africa,ZAF,"Life expectancy at birth, total (years)",SP.DYN.LE00.IN,2019,66.071
Zambia,ZMB,"Life expectancy at birth, total (years)",SP.DYN.LE00.IN,2019,62.914
Zimbabwe,ZWE,"Life expectancy at birth, total (years)",SP.DYN.LE00.IN,2019,61.06
Aruba,ABW,"Life expectancy at birth, total (years)",SP.DYN.LE00.IN,2020,75.406
Africa Eastern and Southern,AFE,"Life expectancy at birth, total (years)",SP.DYN.LE00.IN,2020,63.7664840026943
Afghanistan,AFG,"Life expectancy at birth, total (years)",SP.DYN.LE00.IN,2020,61.454
Africa Western and Central,AFW,"Life expectancy at birth, total (years)",SP.DYN.LE00.IN,2020,57.364735967395
Angola,AGO,"Life expectancy at birth, total (years)",SP.DYN.LE00.IN,2020,63.116
Albania,ALB,"Life expectancy at birth, total (years)",SP.DYN.LE00.IN,2020,77.824
Andorra,AND,"Life expectancy at birth, total (years)",SP.DYN.LE00.IN,2020,79.418
Arab World,ARB,"Life expectancy at birth, total (years)",SP.DYN.LE00.IN,2020,70.7265588103862
United Arab Emirates,ARE,"Life expectancy at birth, total (years)",SP.DYN.LE00.IN,2020,81.936
Argentina,ARG,"Life expectancy at birth, total (years)",SP.DYN.LE00.IN,2020,75.878
Armenia,ARM,"Life expectancy at birth, total (years)",SP.DYN.LE00.IN,2020,73.3756097560976
American Samoa,ASM,"Life expectancy at birth, total (years)",SP.DYN.LE00.IN,2020,72.672
Antigua and Barbuda,ATG,"Life expectancy at birth, total (years)",SP.DYN.LE00.IN,2020,77.161
Australia,AUS,"Life expectancy at birth, total (years)",SP.DYN.LE00.IN,2020,83.2
Austria,AUT,"Life expectancy at birth, total (years)",SP.DYN.LE00.IN,2020,81.1926829268293
Azerbaijan,AZE,"Life expectancy at birth, total (years)",SP.DYN.LE00.IN,2020,70.312
Burundi,BDI,"Life expectancy at birth, total (years)",SP.DYN.LE00.IN,2020,62.569
Belgium,BEL,"Life expectancy at birth, total (years)",SP.DYN.LE00.IN,2020,80.6951219512195
Benin,BEN,"Life expectancy at birth, total (years)",SP.DYN.LE00.IN,2020,60.154
Burkina Faso,BFA,"Life expectancy at birth, total (years)",SP.DYN.LE00.IN,2020,60.454
Bangladesh,BGD,"Life expectancy at birth, total (years)",SP.DYN.LE00.IN,2020,71.421
Bulgaria,BGR,"Life expectancy at birth, total (years)",SP.DYN.LE00.IN,2020,73.3560975609756
Bahrain,BHR,"Life expectancy at birth, total (years)",SP.DYN.LE00.IN,2020,78.683
"Bahamas, The",BHS,"Life expectancy at birth, total (years)",SP.DYN.LE00.IN,2020,72.994
Bosnia and Herzegovina,BIH,"Life expectancy at birth, total (years)",SP.DYN.LE00.IN,2020,76.04
Belarus,BLR,"Life expectancy at birth, total (years)",SP.DYN.LE00.IN,2020,72.1385609756098
Belize,BLZ,"Life expectancy at birth, total (years)",SP.DYN.LE00.IN,2020,71.58
Bermuda,BMU,"Life expectancy at birth, total (years)",SP.DYN.LE00.IN,2020,81.456
Bolivia,BOL,"Life expectancy at birth, total (years)",SP.DYN.LE00.IN,2020,62.906
Brazil,BRA,"Life expectancy at birth, total (years)",SP.DYN.LE00.IN,2020,74.506
Barbados,BRB,"Life expectancy at birth, total (years)",SP.DYN.LE00.IN,2020,76.647
Brunei Darussalam,BRN,"Life expectancy at birth, total (years)",SP.DYN.LE00.IN,2020,75.114
Bhutan,BTN,"Life expectancy at birth, total (years)",SP.DYN.LE00.IN,2020,72.253
Botswana,BWA,"Life expectancy at birth, total (years)",SP.DYN.LE00.IN,2020,67.643
Central African Republic,CAF,"Life expectancy at birth, total (years)",SP.DYN.LE00.IN,2020,50.596
Canada,CAN,"Life expectancy at birth, total (years)",SP.DYN.LE00.IN,2020,81.53
Central Europe and the Baltics,CEB,"Life expectancy at birth, total (years)",SP.DYN.LE00.IN,2020,76.0162701269145
Switzerland,CHE,"Life expectancy at birth, total (years)",SP.DYN.LE00.IN,2020,83.0
Channel Islands,CHI,"Life expectancy at birth, total (years)",SP.DYN.LE00.IN,2020,80.9
Chile,CHL,"Life expectancy at birth, total (years)",SP.DYN.LE00.IN,2020,79.349
China,CHN,"Life expectancy at birth, total (years)",SP.DYN.LE00.IN,2020,78.019
Cote d'Ivoire,CIV,"Life expectancy at birth, total (years)",SP.DYN.LE00.IN,2020,60.14
Cameroon,CMR,"Life expectancy at birth, total (years)",SP.DYN.LE00.IN,2020,61.674
"Congo, Dem. Rep.",COD,"Life expectancy at birth, total (years)",SP.DYN.LE00.IN,2020,60.428
"Congo, Rep.",COG,"Life expectancy at birth, total (years)",SP.DYN.LE00.IN,2020,64.391
Colombia,COL,"Life expectancy at birth, total (years)",SP.DYN.LE00.IN,2020,74.757
Comoros,COM,"Life expectancy at birth, total (years)",SP.DYN.LE00.IN,2020,65.756
Cabo Verde,CPV,"Life expectancy at birth, total (years)",SP.DYN.LE00.IN,2020,73.818
Costa Rica,CRI,"Life expectancy at birth, total (years)",SP.DYN.LE00.IN,2020,79.725
Caribbean small states,CSS,"Life expectancy at birth, total (years)",SP.DYN.LE00.IN,2020,71.9394359303317
Cuba,CUB,"Life expectancy at birth, total (years)",SP.DYN.LE00.IN,2020,77.407
Curacao,CUW,"Life expectancy at birth, total (years)",SP.DYN.LE00.IN,2020,76.501
Cayman Islands,CYM,"Life expectancy at birth, total (years)",SP.DYN.LE00.IN,2020,79.23
Cyprus,CYP,"Life expectancy at birth, total (years)",SP.DYN.LE00.IN,2020,81.23
Czechia,CZE,"Life expectancy at birth, total (years)",SP.DYN.LE00.IN,2020,78.2268292682927
Germany,DEU,"Life expectancy at birth, total (years)",SP.DYN.LE00.IN,2020,81.0414634146342
Djibouti,DJI,"Life expectancy at birth, total (years)",SP.DYN.LE00.IN,2020,64.2
Dominica,DMA,"Life expectancy at birth, total (years)",SP.DYN.LE00.IN,2020,71.269
Denmark,DNK,"Life expectancy at birth, total (years)",SP.DYN.LE00.IN,2020,81.6024390243903
Dominican Republic,DOM,"Life expectancy at birth, total (years)",SP.DYN.LE00.IN,2020,72.636
Algeria,DZA,"Life expectancy at birth, total (years)",SP.DYN.LE00.IN,2020,73.257
East Asia & Pacific (excluding high income),EAP,"Life expectancy at birth, total (years)",SP.DYN.LE00.IN,2020,75.6976393295064
Early-demographic dividend,EAR,"Life expectancy at birth, total (years)",SP.DYN.LE00.IN,2020,69.8801308490982
East Asia & Pacific,EAS,"Life expectancy at birth, total (years)",SP.DYN.LE00.IN,2020,76.5433946923267
Europe & Central Asia (excluding high income),ECA,"Life expectancy at birth, total (years)",SP.DYN.LE00.IN,2020,73.5536868675669
Europe & Central Asia,ECS,"Life expectancy at birth, total (years)",SP.DYN.LE00.IN,2020,77.1754906029407
Ecuador,ECU,"Life expectancy at birth, total (years)",SP.DYN.LE00.IN,2020,72.004
"Egypt, Arab Rep.",EGY,"Life expectancy at birth, total (years)",SP.DYN.LE00.IN,2020,69.79
Euro area,EMU,"Life expectancy at birth, total (years)",SP.DYN.LE00.IN,2020,81.4873571657503
Eritrea,ERI,"Life expectancy at birth, total (years)",SP.DYN.LE00.IN,2020,66.98
Spain,ESP,"Life expectancy at birth, total (years)",SP.DYN.LE00.IN,2020,82.2317073170732
Estonia,EST,"Life expectancy at birth, total (years)",SP.DYN.LE00.IN,2020,78.5951219512195
Ethiopia,ETH,"Life expectancy at birth, total (years)",SP.DYN.LE00.IN,2020,65.969
European Union,EUU,"Life expectancy at birth, total (years)",SP.DYN.LE00.IN,2020,80.4414754678551
Fragile and conflict affected situations,FCS,"Life expectancy at birth, total (years)",SP.DYN.LE00.IN,2020,62.0663682854031
Finland,FIN,"Life expectancy at birth, total (years)",SP.DYN.LE00.IN,2020,81.9317073170732
Fiji,FJI,"Life expectancy at birth, total (years)",SP.DYN.LE00.IN,2020,66.924
France,FRA,"Life expectancy at birth, total (years)",SP.DYN.LE00.IN,2020,82.1756097560976
Faroe Islands,FRO,"Life expectancy at birth, total (years)",SP.DYN.LE00.IN,2020,82.5341926829268
"Micronesia, Fed. Sts.",FSM,"Life expectancy at birth, total (years)",SP.DYN.LE00.IN,2020,65.878
Gabon,GAB,"Life expectancy at birth, total (years)",SP.DYN.LE00.IN,2020,67.073
United Kingdom,GBR,"Life expectancy at birth, total (years)",SP.DYN.LE00.IN,2020,80.331756097561
Georgia,GEO,"Life expectancy at birth, total (years)",SP.DYN.LE00.IN,2020,73.509
Ghana,GHA,"Life expectancy at birth, total (years)",SP.DYN.LE00.IN,2020,64.309
Gibraltar,GIB,"Life expectancy at birth, total (years)",SP.DYN.LE00.IN,2020,83.07
Guinea,GIN,"Life expectancy at birth, total (years)",SP.DYN.LE00.IN,2020,59.35
"Gambia, The",GMB,"Life expectancy at birth, total (years)",SP.DYN.LE00.IN,2020,64.418
Guinea-Bissau,GNB,"Life expectancy at birth, total (years)",SP.DYN.LE00.IN,2020,61.343
Equatorial Guinea,GNQ,"Life expectancy at birth, total (years)",SP.DYN.LE00.IN,2020,62.141
Greece,GRC,"Life expectancy at birth, total (years)",SP.DYN.LE00.IN,2020,81.2878048780488
Grenada,GRD,"Life expectancy at birth, total (years)",SP.DYN.LE00.IN,2020,75.019
Greenland,GRL,"Life expectancy at birth, total (years)",SP.DYN.LE00.IN,2020,71.2858536585366
Guatemala,GTM,"Life expectancy at birth, total (years)",SP.DYN.LE00.IN,2020,69.971
Guam,GUM,"Life expectancy at birth, total (years)",SP.DYN.LE00.IN,2020,75.529
Guyana,GUY,"Life expectancy at birth, total (years)",SP.DYN.LE00.IN,2020,67.751
High income,HIC,"Life expectancy at birth, total (years)",SP.DYN.LE00.IN,2020,79.2041448995884
"Hong Kong SAR, China",HKG,"Life expectancy at birth, total (years)",SP.DYN.LE00.IN,2020,85.4963414634146
Honduras,HND,"Life expectancy at birth, total (years)",SP.DYN.LE00.IN,2020,70.864
Heavily indebted poor countries (HIPC),HPC,"Life expectancy at birth, total (years)",SP.DYN.LE00.IN,2020,63.0728058249774
Croatia,HRV,"Life expectancy at birth, total (years)",SP.DYN.LE00.IN,2020,77.5243902439024
Haiti,HTI,"Life expectancy at birth, total (years)",SP.DYN.LE00.IN,2020,63.773
Hungary,HUN,"Life expectancy at birth, total (years)",SP.DYN.LE00.IN,2020,75.419512195122
IBRD only,IBD,"Life expectancy at birth, total (years)",SP.DYN.LE00.IN,2020,73.2951356970762
IDA & IBRD total,IBT,"Life expectancy at birth, total (years)",SP.DYN.LE00.IN,2020,70.7488503512362
IDA total,IDA,"Life expectancy at birth, total (years)",SP.DYN.LE00.IN,2020,63.8023574072865
IDA blend,IDB,"Life expectancy at birth, total (years)",SP.DYN.LE00.IN,2020,60.818006614062
Indonesia,IDN,"Life expectancy at birth, total (years)",SP.DYN.LE00.IN,2020,68.817
IDA only,IDX,"Life expectancy at birth, total (years)",SP.DYN.LE00.IN,2020,65.4116059350943
Isle of Man,IMN,"Life expectancy at birth, total (years)",SP.DYN.LE00.IN,2020,80.591
India,IND,"Life expectancy at birth, total (years)",SP.DYN.LE00.IN,2020,70.156
Ireland,IRL,"Life expectancy at birth, total (years)",SP.DYN.LE00.IN,2020,82.4560975609756
"Iran, Islamic Rep.",IRN,"Life expectancy at birth, total (years)",SP.DYN.LE00.IN,2020,74.141
Iraq,IRQ,"Life expectancy at birth, total (years)",SP.DYN.LE00.IN,2020,69.651
Iceland,ISL,"Life expectancy at birth, total (years)",SP.DYN.LE00.IN,2020,83.0634146341463
Israel,ISR,"Life expectancy at birth, total (years)",SP.DYN.LE00.IN,2020,82.6487804878049
Italy,ITA,"Life expectancy at birth, total (years)",SP.DYN.LE00.IN,2020,82.1951219512195
Jamaica,JAM,"Life expectancy at birth, total (years)",SP.DYN.LE00.IN,2020,71.452
Jordan,JOR,"Life expectancy at birth, total (years)",SP.DYN.LE00.IN,2020,75.583
Japan,JPN,"Life expectancy at birth, total (years)",SP.DYN.LE00.IN,2020,84.56
Kazakhstan,KAZ,"Life expectancy at birth, total (years)",SP.DYN.LE00.IN,2020,71.195
Kenya,KEN,"Life expectancy at birth, total (years)",SP.DYN.LE00.IN,2020,61.596
Kyrgyz Republic,KGZ,"Life expectancy at birth, total (years)",SP.DYN.LE00.IN,2020,71.8
Cambodia,KHM,"Life expectancy at birth, total (years)",SP.DYN.LE00.IN,2020,70.059
Kiribati,KIR,"Life expectancy at birth, total (years)",SP.DYN.LE00.IN,2020,65.205
St. Kitts and Nevis,KNA,"Life expectancy at birth, total (years)",SP.DYN.LE00.IN,2020,71.181
"Korea, Rep.",KOR,"Life expectancy at birth, total (years)",SP.DYN.LE00.IN,2020,83.4268292682927
Kuwait,KWT,"Life expectancy at birth, total (years)",SP.DYN.LE00.IN,2020,78.7609756097561
Latin America & Caribbean (excluding high income),LAC,"Life expectancy at birth, total (years)",SP.DYN.LE00.IN,2020,72.8759217271338
Lao PDR,LAO,"Life expectancy at birth, total (years)",SP.DYN.LE00.IN,2020,68.339
Lebanon,LBN,"Life expectancy at birth, total (years)",SP.DYN.LE00.IN,2020,76.299
Liberia,LBR,"Life expectancy at birth, total (years)",SP.DYN.LE00.IN,2020,61.267
Libya,LBY,"Life expectancy at birth, total (years)",SP.DYN.LE00.IN,2020,72.388
St. Lucia,LCA,"Life expectancy at birth, total (years)",SP.DYN.LE00.IN,2020,72.308
Latin America & Caribbean,LCN,"Life expectancy at birth, total (years)",SP.DYN.LE00.IN,2020,73.1889367681402
Least developed countries: UN classification,LDC,"Life expectancy at birth, total (years)",SP.DYN.LE00.IN,2020,64.8324945516306
Low income,LIC,"Life expectancy at birth, total (years)",SP.DYN.LE00.IN,2020,62.8183623879662
Liechtenstein,LIE,"Life expectancy at birth, total (years)",SP.DYN.LE00.IN,2020,81.6585365853659
Sri Lanka,LKA,"Life expectancy at birth, total (years)",SP.DYN.LE00.IN,2020,76.928
Lower middle income,LMC,"Life expectancy at birth, total (years)",SP.DYN.LE00.IN,2020,68.040356336938
Low & middle income,LMY,"Life expectancy at birth, total (years)",SP.DYN.LE00.IN,2020,70.7483566757416
Lesotho,LSO,"Life expectancy at birth, total (years)",SP.DYN.LE00.IN,2020,55.133
Late-demographic dividend,LTE,"Life expectancy at birth, total (years)",SP.DYN.LE00.IN,2020,76.6935638074913
Lithuania,LTU,"Life expectancy at birth, total (years)",SP.DYN.LE00.IN,2020,75.0292682926829
Luxembourg,LUX,"Life expectancy at birth, total (years)",SP.DYN.LE00.IN,2020,82.1439024390244
Latvia,LVA,"Life expectancy at birth, total (years)",SP.DYN.LE00.IN,2020,75.1853658536585
"Macao SAR, China",MAC,"Life expectancy at birth, total (years)",SP.DYN.LE00.IN,2020,84.1292682926829
St. Martin (French part),MAF,"Life expectancy at birth, total (years)",SP.DYN.LE00.IN,2020,80.085
Morocco,MAR,"Life expectancy at birth, total (years)",SP.DYN.LE00.IN,2020,73.133
Monaco,MCO,"Life expectancy at birth, total (years)",SP.DYN.LE00.IN,2020,86.089
Moldova,MDA,"Life expectancy at birth, total (years)",SP.DYN.LE00.IN,2020,69.914
Madagascar,MDG,"Life expectancy at birth, total (years)",SP.DYN.LE00.IN,2020,62.706
Maldives,MDV,"Life expectancy at birth, total (years)",SP.DYN.LE00.IN,2020,78.713
"Middle East, North Africa, Afghanistan & Pakistan",MEA,"Life expectancy at birth, total (years)",SP.DYN.LE00.IN,2020,69.9110789555644
Mexico,MEX,"Life expectancy at birth, total (years)",SP.DYN.LE00.IN,2020,70.449
Marshall Islands,MHL,"Life expectancy at birth, total (years)",SP.DYN.LE00.IN,2020,65.387
Middle income,MIC,"Life expectancy at birth, total (years)",SP.DYN.LE00.IN,2020,71.5211164808267
North Macedonia,MKD,"Life expectancy at birth, total (years)",SP.DYN.LE00.IN,2020,74.3951219512195
Mali,MLI,"Life expectancy at birth, total (years)",SP.DYN.LE00.IN,2020,58.858
Malta,MLT,"Life expectancy at birth, total (years)",SP.DYN.LE00.IN,2020,82.0975609756098
Myanmar,MMR,"Life expectancy at birth, total (years)",SP.DYN.LE00.IN,2020,66.612
"Middle East, North Africa, Afghanistan & Pakistan (excluding high income)",MNA,"Life expectancy at birth, total (years)",SP.DYN.LE00.IN,2020,69.050634286622
Montenegro,MNE,"Life expectancy at birth, total (years)",SP.DYN.LE00.IN,2020,75.9317073170732
Mongolia,MNG,"Life expectancy at birth, total (years)",SP.DYN.LE00.IN,2020,71.3490243902439
Northern Mariana Islands,MNP,"Life expectancy at birth, total (years)",SP.DYN.LE00.IN,2020,78.03
Mozambique,MOZ,"Life expectancy at birth, total (years)",SP.DYN.LE00.IN,2020,61.39
Mauritania,MRT,"Life expectancy at birth, total (years)",SP.DYN.LE00.IN,2020,66.794
Mauritius,MUS,"Life expectancy at birth, total (years)",SP.DYN.LE00.IN,2020,74.1770731707317
Malawi,MWI,"Life expectancy at birth, total (years)",SP.DYN.LE00.IN,2020,65.216
Malaysia,MYS,"Life expectancy at birth, total (years)",SP.DYN.LE00.IN,2020,76.057
North America,NAC,"Life expectancy at birth, total (years)",SP.DYN.LE00.IN,2020,77.4492830759645
Namibia,NAM,"Life expectancy at birth, total (years)",SP.DYN.LE00.IN,2020,64.071
New Caledonia,NCL,"Life expectancy at birth, total (years)",SP.DYN.LE00.IN,2020,77.049
Niger,NER,"Life expectancy at birth, total (years)",SP.DYN.LE00.IN,2020,59.89
Nigeria,NGA,"Life expectancy at birth, total (years)",SP.DYN.LE00.IN,2020,53.072
Nicaragua,NIC,"Life expectancy at birth, total (years)",SP.DYN.LE00.IN,2020,70.766
Netherlands,NLD,"Life expectancy at birth, total (years)",SP.DYN.LE00.IN,2020,81.3585365853659
Norway,NOR,"Life expectancy at birth, total (years)",SP.DYN.LE00.IN,2020,83.209756097561
Nepal,NPL,"Life expectancy at birth, total (years)",SP.DYN.LE00.IN,2020,69.106
Nauru,NRU,"Life expectancy at birth, total (years)",SP.DYN.LE00.IN,2020,61.527
New Zealand,NZL,"Life expectancy at birth, total (years)",SP.DYN.LE00.IN,2020,82.2560975609756
OECD members,OED,"Life expectancy at birth, total (years)",SP.DYN.LE00.IN,2020,78.957862837755
Oman,OMN,"Life expectancy at birth, total (years)",SP.DYN.LE00.IN,2020,77.763
Other small states,OSS,"Life expectancy at birth, total (years)",SP.DYN.LE00.IN,2020,72.5097097789427
Pakistan,PAK,"Life expectancy at birth, total (years)",SP.DYN.LE00.IN,2020,65.701
Panama,PAN,"Life expectancy at birth, total (years)",SP.DYN.LE00.IN,2020,76.33
Peru,PER,"Life expectancy at birth, total (years)",SP.DYN.LE00.IN,2020,73.832
Philippines,PHL,"Life expectancy at birth, total (years)",SP.DYN.LE00.IN,2020,70.097
Palau,PLW,"Life expectancy at birth, total (years)",SP.DYN.LE00.IN,2020,68.689
Papua New Guinea,PNG,"Life expectancy at birth, total (years)",SP.DYN.LE00.IN,2020,65.075
Poland,POL,"Life expectancy at birth, total (years)",SP.DYN.LE00.IN,2020,76.4
Pre-demographic dividend,PRE,"Life expectancy at birth, total (years)",SP.DYN.LE00.IN,2020,60.5013545897269
Puerto Rico (US),PRI,"Life expectancy at birth, total (years)",SP.DYN.LE00.IN,2020,80.009
"Korea, Dem. People's Rep.",PRK,"Life expectancy at birth, total (years)",SP.DYN.LE00.IN,2020,72.783
Portugal,PRT,"Life expectancy at birth, total (years)",SP.DYN.LE00.IN,2020,81.3292682926829
Paraguay,PRY,"Life expectancy at birth, total (years)",SP.DYN.LE00.IN,2020,72.72
West Bank and Gaza,PSE,"Life expectancy at birth, total (years)",SP.DYN.LE00.IN,2020,74.998
Pacific island small states,PSS,"Life expectancy at birth, total (years)",SP.DYN.LE00.IN,2020,68.3568108792759
Post-demographic dividend,PST,"Life expectancy at birth, total (years)",SP.DYN.LE00.IN,2020,80.0657047954118
French Polynesia,PYF,"Life expectancy at birth, total (years)",SP.DYN.LE00.IN,2020,82.459
Qatar,QAT,"Life expectancy at birth, total (years)",SP.DYN.LE00.IN,2020,80.409
Romania,ROU,"Life expectancy at birth, total (years)",SP.DYN.LE00.IN,2020,74.2536585365854
Russian Federation,RUS,"Life expectancy at birth, total (years)",SP.DYN.LE00.IN,2020,71.3387804878049
Rwanda,RWA,"Life expectancy at birth, total (years)",SP.DYN.LE00.IN,2020,66.953
South Asia,SAS,"Life expectancy at birth, total (years)",SP.DYN.LE00.IN,2020,70.3622206982499
Saudi Arabia,SAU,"Life expectancy at birth, total (years)",SP.DYN.LE00.IN,2020,77.596
Sudan,SDN,"Life expectancy at birth, total (years)",SP.DYN.LE00.IN,2020,65.124
Senegal,SEN,"Life expectancy at birth, total (years)",SP.DYN.LE00.IN,2020,67.496
Singapore,SGP,"Life expectancy at birth, total (years)",SP.DYN.LE00.IN,2020,83.5439024390244
Solomon Islands,SLB,"Life expectancy at birth, total (years)",SP.DYN.LE00.IN,2020,69.258
Sierra Leone,SLE,"Life expectancy at birth, total (years)",SP.DYN.LE00.IN,2020,59.694
El Salvador,SLV,"Life expectancy at birth, total (years)",SP.DYN.LE00.IN,2020,70.244
San Marino,SMR,"Life expectancy at birth, total (years)",SP.DYN.LE00.IN,2020,82.65
"Somalia, Fed. Rep.",SOM,"Life expectancy at birth, total (years)",SP.DYN.LE00.IN,2020,57.095
Serbia,SRB,"Life expectancy at birth, total (years)",SP.DYN.LE00.IN,2020,74.4780487804878
Sub-Saharan Africa (excluding high income),SSA,"Life expectancy at birth, total (years)",SP.DYN.LE00.IN,2020,60.6223697926718
South Sudan,SSD,"Life expectancy at birth, total (years)",SP.DYN.LE00.IN,2020,57.648
Sub-Saharan Africa,SSF,"Life expectancy at birth, total (years)",SP.DYN.LE00.IN,2020,61.1676531593734
Small states,SST,"Life expectancy at birth, total (years)",SP.DYN.LE00.IN,2020,71.8255552822673
Sao Tome and Principe,STP,"Life expectancy at birth, total (years)",SP.DYN.LE00.IN,2020,67.979
Suriname,SUR,"Life expectancy at birth, total (years)",SP.DYN.LE00.IN,2020,72.321
Slovak Republic,SVK,"Life expectancy at birth, total (years)",SP.DYN.LE00.IN,2020,76.8658536585366
Slovenia,SVN,"Life expectancy at birth, total (years)",SP.DYN.LE00.IN,2020,80.5317073170732
Sweden,SWE,"Life expectancy at birth, total (years)",SP.DYN.LE00.IN,2020,82.3560975609756
Eswatini,SWZ,"Life expectancy at birth, total (years)",SP.DYN.LE00.IN,2020,59.862
Sint Maarten (Dutch part),SXM,"Life expectancy at birth, total (years)",SP.DYN.LE00.IN,2020,75.002
Seychelles,SYC,"Life expectancy at birth, total (years)",SP.DYN.LE00.IN,2020,77.2365853658537
Syrian Arab Republic,SYR,"Life expectancy at birth, total (years)",SP.DYN.LE00.IN,2020,71.944
Turks and Caicos Islands,TCA,"Life expectancy at birth, total (years)",SP.DYN.LE00.IN,2020,77.499
Chad,TCD,"Life expectancy at birth, total (years)",SP.DYN.LE00.IN,2020,53.082
East Asia & Pacific (IDA & IBRD countries),TEA,"Life expectancy at birth, total (years)",SP.DYN.LE00.IN,2020,75.7338497054699
Europe & Central Asia (IDA & IBRD countries),TEC,"Life expectancy at birth, total (years)",SP.DYN.LE00.IN,2020,73.1492512511888
Togo,TGO,"Life expectancy at birth, total (years)",SP.DYN.LE00.IN,2020,61.14
Thailand,THA,"Life expectancy at birth, total (years)",SP.DYN.LE00.IN,2020,77.331
Tajikistan,TJK,"Life expectancy at birth, total (years)",SP.DYN.LE00.IN,2020,68.605
Turkmenistan,TKM,"Life expectancy at birth, total (years)",SP.DYN.LE00.IN,2020,68.846
Latin America & the Caribbean (IDA & IBRD countries),TLA,"Life expectancy at birth, total (years)",SP.DYN.LE00.IN,2020,73.0747493617473
Timor-Leste,TLS,"Life expectancy at birth, total (years)",SP.DYN.LE00.IN,2020,66.919
"Middle East, North Africa, Afghanistan & Pakistan (IDA & IBRD)",TMN,"Life expectancy at birth, total (years)",SP.DYN.LE00.IN,2020,69.0090964026373
Tonga,TON,"Life expectancy at birth, total (years)",SP.DYN.LE00.IN,2020,72.379
South Asia (IDA & IBRD),TSA,"Life expectancy at birth, total (years)",SP.DYN.LE00.IN,2020,70.3622206982498
Sub-Saharan Africa (IDA & IBRD countries),TSS,"Life expectancy at birth, total (years)",SP.DYN.LE00.IN,2020,61.1676531593734
Trinidad and Tobago,TTO,"Life expectancy at birth, total (years)",SP.DYN.LE00.IN,2020,72.645
Tunisia,TUN,"Life expectancy at birth, total (years)",SP.DYN.LE00.IN,2020,75.004
Turkiye,TUR,"Life expectancy at birth, total (years)",SP.DYN.LE00.IN,2020,76.525
Tuvalu,TUV,"Life expectancy at birth, total (years)",SP.DYN.LE00.IN,2020,66.357
Tanzania,TZA,"Life expectancy at birth, total (years)",SP.DYN.LE00.IN,2020,66.771
Uganda,UGA,"Life expectancy at birth, total (years)",SP.DYN.LE00.IN,2020,66.41
Ukraine,UKR,"Life expectancy at birth, total (years)",SP.DYN.LE00.IN,2020,73.283
Upper middle income,UMC,"Life expectancy at birth, total (years)",SP.DYN.LE00.IN,2020,75.2312636272767
Uruguay,URY,"Life expectancy at birth, total (years)",SP.DYN.LE00.IN,2020,78.381
United States,USA,"Life expectancy at birth, total (years)",SP.DYN.LE00.IN,2020,76.9804878048781
Uzbekistan,UZB,"Life expectancy at birth, total (years)",SP.DYN.LE00.IN,2020,71.461
St. Vincent and the Grenadines,VCT,"Life expectancy at birth, total (years)",SP.DYN.LE00.IN,2020,69.605
"Venezuela, RB",VEN,"Life expectancy at birth, total (years)",SP.DYN.LE00.IN,2020,72.369
British Virgin Islands,VGB,"Life expectancy at birth, total (years)",SP.DYN.LE00.IN,2020,76.894
Virgin Islands (U.S.),VIR,"Life expectancy at birth, total (years)",SP.DYN.LE00.IN,2020,79.819512195122
Viet Nam,VNM,"Life expectancy at birth, total (years)",SP.DYN.LE00.IN,2020,75.383
Vanuatu,VUT,"Life expectancy at birth, total (years)",SP.DYN.LE00.IN,2020,70.385
World,WLD,"Life expectancy at birth, total (years)",SP.DYN.LE00.IN,2020,72.181968378825
Samoa,WSM,"Life expectancy at birth, total (years)",SP.DYN.LE00.IN,2020,70.727
Kosovo,XKX,"Life expectancy at birth, total (years)",SP.DYN.LE00.IN,2020,74.212
"Yemen, Rep.",YEM,"Life expectancy at birth, total (years)",SP.DYN.LE00.IN,2020,66.435
South Africa,ZAF,"Life expectancy at birth, total (years)",SP.DYN.LE00.IN,2020,65.15
Zambia,ZMB,"Life expectancy at birth, total (years)",SP.DYN.LE00.IN,2020,63.361
Zimbabwe,ZWE,"Life expectancy at birth, total (years)",SP.DYN.LE00.IN,2020,61.53
Aruba,ABW,"Life expectancy at birth, total (years)",SP.DYN.LE00.IN,2021,73.655
Africa Eastern and Southern,AFE,"Life expectancy at birth, total (years)",SP.DYN.LE00.IN,2021,62.9799991857494
Afghanistan,AFG,"Life expectancy at birth, total (years)",SP.DYN.LE00.IN,2021,60.417
Africa Western and Central,AFW,"Life expectancy at birth, total (years)",SP.DYN.LE00.IN,2021,57.3627361321845
Angola,AGO,"Life expectancy at birth, total (years)",SP.DYN.LE00.IN,2021,62.958
Albania,ALB,"Life expectancy at birth, total (years)",SP.DYN.LE00.IN,2021,76.844
Andorra,AND,"Life expectancy at birth, total (years)",SP.DYN.LE00.IN,2021,82.331
Arab World,ARB,"Life expectancy at birth, total (years)",SP.DYN.LE00.IN,2021,70.4041144889903
United Arab Emirates,ARE,"Life expectancy at birth, total (years)",SP.DYN.LE00.IN,2021,79.083
Argentina,ARG,"Life expectancy at birth, total (years)",SP.DYN.LE00.IN,2021,73.948
Armenia,ARM,"Life expectancy at birth, total (years)",SP.DYN.LE00.IN,2021,72.2780487804878
American Samoa,ASM,"Life expectancy at birth, total (years)",SP.DYN.LE00.IN,2021,72.708
Antigua and Barbuda,ATG,"Life expectancy at birth, total (years)",SP.DYN.LE00.IN,2021,77.197
Australia,AUS,"Life expectancy at birth, total (years)",SP.DYN.LE00.IN,2021,83.3
Austria,AUT,"Life expectancy at birth, total (years)",SP.DYN.LE00.IN,2021,81.190243902439
Azerbaijan,AZE,"Life expectancy at birth, total (years)",SP.DYN.LE00.IN,2021,70.999
Burundi,BDI,"Life expectancy at birth, total (years)",SP.DYN.LE00.IN,2021,62.101
Belgium,BEL,"Life expectancy at birth, total (years)",SP.DYN.LE00.IN,2021,81.790243902439
Benin,BEN,"Life expectancy at birth, total (years)",SP.DYN.LE00.IN,2021,59.61
Burkina Faso,BFA,"Life expectancy at birth, total (years)",SP.DYN.LE00.IN,2021,60.046
Bangladesh,BGD,"Life expectancy at birth, total (years)",SP.DYN.LE00.IN,2021,71.103
Bulgaria,BGR,"Life expectancy at birth, total (years)",SP.DYN.LE00.IN,2021,71.2121951219512
Bahrain,BHR,"Life expectancy at birth, total (years)",SP.DYN.LE00.IN,2021,78.083
"Bahamas, The",BHS,"Life expectancy at birth, total (years)",SP.DYN.LE00.IN,2021,70.752
Bosnia and Herzegovina,BIH,"Life expectancy at birth, total (years)",SP.DYN.LE00.IN,2021,74.567
Belarus,BLR,"Life expectancy at birth, total (years)",SP.DYN.LE00.IN,2021,72.0714634146342
Belize,BLZ,"Life expectancy at birth, total (years)",SP.DYN.LE00.IN,2021,70.917
Bermuda,BMU,"Life expectancy at birth, total (years)",SP.DYN.LE00.IN,2021,81.745
Bolivia,BOL,"Life expectancy at birth, total (years)",SP.DYN.LE00.IN,2021,61.427
Brazil,BRA,"Life expectancy at birth, total (years)",SP.DYN.LE00.IN,2021,73.038
Barbados,BRB,"Life expectancy at birth, total (years)",SP.DYN.LE00.IN,2021,76.58
Brunei Darussalam,BRN,"Life expectancy at birth, total (years)",SP.DYN.LE00.IN,2021,74.869
Bhutan,BTN,"Life expectancy at birth, total (years)",SP.DYN.LE00.IN,2021,72.448
Botswana,BWA,"Life expectancy at birth, total (years)",SP.DYN.LE00.IN,2021,63.303
Central African Republic,CAF,"Life expectancy at birth, total (years)",SP.DYN.LE00.IN,2021,40.279
Canada,CAN,"Life expectancy at birth, total (years)",SP.DYN.LE00.IN,2021,81.4514634146342
Central Europe and the Baltics,CEB,"Life expectancy at birth, total (years)",SP.DYN.LE00.IN,2021,74.7232827859077
Switzerland,CHE,"Life expectancy at birth, total (years)",SP.DYN.LE00.IN,2021,83.7512195121951
Channel Islands,CHI,"Life expectancy at birth, total (years)",SP.DYN.LE00.IN,2021,80.3
Chile,CHL,"Life expectancy at birth, total (years)",SP.DYN.LE00.IN,2021,78.876
China,CHN,"Life expectancy at birth, total (years)",SP.DYN.LE00.IN,2021,78.117
Cote d'Ivoire,CIV,"Life expectancy at birth, total (years)",SP.DYN.LE00.IN,2021,60.29
Cameroon,CMR,"Life expectancy at birth, total (years)",SP.DYN.LE00.IN,2021,61.146
"Congo, Dem. Rep.",COD,"Life expectancy at birth, total (years)",SP.DYN.LE00.IN,2021,60.044
"Congo, Rep.",COG,"Life expectancy at birth, total (years)",SP.DYN.LE00.IN,2021,64.192
Colombia,COL,"Life expectancy at birth, total (years)",SP.DYN.LE00.IN,2021,72.698
Comoros,COM,"Life expectancy at birth, total (years)",SP.DYN.LE00.IN,2021,65.201
Cabo Verde,CPV,"Life expectancy at birth, total (years)",SP.DYN.LE00.IN,2021,74.424
Costa Rica,CRI,"Life expectancy at birth, total (years)",SP.DYN.LE00.IN,2021,78.05
Caribbean small states,CSS,"Life expectancy at birth, total (years)",SP.DYN.LE00.IN,2021,69.9228107471769
Cuba,CUB,"Life expectancy at birth, total (years)",SP.DYN.LE00.IN,2021,73.201
Curacao,CUW,"Life expectancy at birth, total (years)",SP.DYN.LE00.IN,2021,75.686
Cayman Islands,CYM,"Life expectancy at birth, total (years)",SP.DYN.LE00.IN,2021,79.3
Cyprus,CYP,"Life expectancy at birth, total (years)",SP.DYN.LE00.IN,2021,80.573
Czechia,CZE,"Life expectancy at birth, total (years)",SP.DYN.LE00.IN,2021,77.2219512195122
Germany,DEU,"Life expectancy at birth, total (years)",SP.DYN.LE00.IN,2021,80.790243902439
Djibouti,DJI,"Life expectancy at birth, total (years)",SP.DYN.LE00.IN,2021,63.83
Dominica,DMA,"Life expectancy at birth, total (years)",SP.DYN.LE00.IN,2021,69.832
Denmark,DNK,"Life expectancy at birth, total (years)",SP.DYN.LE00.IN,2021,81.4048780487805
Dominican Republic,DOM,"Life expectancy at birth, total (years)",SP.DYN.LE00.IN,2021,71.757
Algeria,DZA,"Life expectancy at birth, total (years)",SP.DYN.LE00.IN,2021,75.208
East Asia & Pacific (excluding high income),EAP,"Life expectancy at birth, total (years)",SP.DYN.LE00.IN,2021,75.2781418410849
Early-demographic dividend,EAR,"Life expectancy at birth, total (years)",SP.DYN.LE00.IN,2021,68.1790994839634
East Asia & Pacific,EAS,"Life expectancy at birth, total (years)",SP.DYN.LE00.IN,2021,76.152941315904
Europe & Central Asia (excluding high income),ECA,"Life expectancy at birth, total (years)",SP.DYN.LE00.IN,2021,72.8823762052943
Europe & Central Asia,ECS,"Life expectancy at birth, total (years)",SP.DYN.LE00.IN,2021,76.72864297207
Ecuador,ECU,"Life expectancy at birth, total (years)",SP.DYN.LE00.IN,2021,72.746
"Egypt, Arab Rep.",EGY,"Life expectancy at birth, total (years)",SP.DYN.LE00.IN,2021,68.976
Euro area,EMU,"Life expectancy at birth, total (years)",SP.DYN.LE00.IN,2021,81.5839330415712
Eritrea,ERI,"Life expectancy at birth, total (years)",SP.DYN.LE00.IN,2021,66.94
Spain,ESP,"Life expectancy at birth, total (years)",SP.DYN.LE00.IN,2021,83.1780487804878
Estonia,EST,"Life expectancy at birth, total (years)",SP.DYN.LE00.IN,2021,76.9439024390244
Ethiopia,ETH,"Life expectancy at birth, total (years)",SP.DYN.LE00.IN,2021,65.33
European Union,EUU,"Life expectancy at birth, total (years)",SP.DYN.LE00.IN,2021,80.3071964400875
Fragile and conflict affected situations,FCS,"Life expectancy at birth, total (years)",SP.DYN.LE00.IN,2021,61.6086810439385
Finland,FIN,"Life expectancy at birth, total (years)",SP.DYN.LE00.IN,2021,81.8853658536585
Fiji,FJI,"Life expectancy at birth, total (years)",SP.DYN.LE00.IN,2021,64.904
France,FRA,"Life expectancy at birth, total (years)",SP.DYN.LE00.IN,2021,82.3243902439024
Faroe Islands,FRO,"Life expectancy at birth, total (years)",SP.DYN.LE00.IN,2021,82.6763219512195
"Micronesia, Fed. Sts.",FSM,"Life expectancy at birth, total (years)",SP.DYN.LE00.IN,2021,66.152
Gabon,GAB,"Life expectancy at birth, total (years)",SP.DYN.LE00.IN,2021,67.072
United Kingdom,GBR,"Life expectancy at birth, total (years)",SP.DYN.LE00.IN,2021,80.6473170731707
Georgia,GEO,"Life expectancy at birth, total (years)",SP.DYN.LE00.IN,2021,71.635
Ghana,GHA,"Life expectancy at birth, total (years)",SP.DYN.LE00.IN,2021,64.286
Gibraltar,GIB,"Life expectancy at birth, total (years)",SP.DYN.LE00.IN,2021,80.274
Guinea,GIN,"Life expectancy at birth, total (years)",SP.DYN.LE00.IN,2021,59.373
"Gambia, The",GMB,"Life expectancy at birth, total (years)",SP.DYN.LE00.IN,2021,63.847
Guinea-Bissau,GNB,"Life expectancy at birth, total (years)",SP.DYN.LE00.IN,2021,61.653
Equatorial Guinea,GNQ,"Life expectancy at birth, total (years)",SP.DYN.LE00.IN,2021,62.447
Greece,GRC,"Life expectancy at birth, total (years)",SP.DYN.LE00.IN,2021,80.0829268292683
Grenada,GRD,"Life expectancy at birth, total (years)",SP.DYN.LE00.IN,2021,74.522
Greenland,GRL,"Life expectancy at birth, total (years)",SP.DYN.LE00.IN,2021,71.2614634146342
Guatemala,GTM,"Life expectancy at birth, total (years)",SP.DYN.LE00.IN,2021,67.858
Guam,GUM,"Life expectancy at birth, total (years)",SP.DYN.LE00.IN,2021,75.434
Guyana,GUY,"Life expectancy at birth, total (years)",SP.DYN.LE00.IN,2021,64.323
High income,HIC,"Life expectancy at birth, total (years)",SP.DYN.LE00.IN,2021,78.7981627051457
"Hong Kong SAR, China",HKG,"Life expectancy at birth, total (years)",SP.DYN.LE00.IN,2021,85.5326829268293
Honduras,HND,"Life expectancy at birth, total (years)",SP.DYN.LE00.IN,2021,69.492
Heavily indebted poor countries (HIPC),HPC,"Life expectancy at birth, total (years)",SP.DYN.LE00.IN,2021,62.5314653172853
Croatia,HRV,"Life expectancy at birth, total (years)",SP.DYN.LE00.IN,2021,76.4243902439025
Haiti,HTI,"Life expectancy at birth, total (years)",SP.DYN.LE00.IN,2021,62.613
Hungary,HUN,"Life expectancy at birth, total (years)",SP.DYN.LE00.IN,2021,74.0658536585366
IBRD only,IBD,"Life expectancy at birth, total (years)",SP.DYN.LE00.IN,2021,71.974203378406
IDA & IBRD total,IBT,"Life expectancy at birth, total (years)",SP.DYN.LE00.IN,2021,69.6679287075032
IDA total,IDA,"Life expectancy at birth, total (years)",SP.DYN.LE00.IN,2021,63.4774236571682
IDA blend,IDB,"Life expectancy at birth, total (years)",SP.DYN.LE00.IN,2021,60.876535738179
Indonesia,IDN,"Life expectancy at birth, total (years)",SP.DYN.LE00.IN,2021,67.452
IDA only,IDX,"Life expectancy at birth, total (years)",SP.DYN.LE00.IN,2021,64.8765306607314
Isle of Man,IMN,"Life expectancy at birth, total (years)",SP.DYN.LE00.IN,2021,80.42
India,IND,"Life expectancy at birth, total (years)",SP.DYN.LE00.IN,2021,67.282
Ireland,IRL,"Life expectancy at birth, total (years)",SP.DYN.LE00.IN,2021,82.2536585365854
"Iran, Islamic Rep.",IRN,"Life expectancy at birth, total (years)",SP.DYN.LE00.IN,2021,73.752
Iraq,IRQ,"Life expectancy at birth, total (years)",SP.DYN.LE00.IN,2021,70.704
Iceland,ISL,"Life expectancy at birth, total (years)",SP.DYN.LE00.IN,2021,83.1658536585366
Israel,ISR,"Life expectancy at birth, total (years)",SP.DYN.LE00.IN,2021,82.5
Italy,ITA,"Life expectancy at birth, total (years)",SP.DYN.LE00.IN,2021,82.6463414634146
Jamaica,JAM,"Life expectancy at birth, total (years)",SP.DYN.LE00.IN,2021,69.085
Jordan,JOR,"Life expectancy at birth, total (years)",SP.DYN.LE00.IN,2021,74.204
Japan,JPN,"Life expectancy at birth, total (years)",SP.DYN.LE00.IN,2021,84.4456097560976
Kazakhstan,KAZ,"Life expectancy at birth, total (years)",SP.DYN.LE00.IN,2021,70.131
Kenya,KEN,"Life expectancy at birth, total (years)",SP.DYN.LE00.IN,2021,61.225
Kyrgyz Republic,KGZ,"Life expectancy at birth, total (years)",SP.DYN.LE00.IN,2021,71.9
Cambodia,KHM,"Life expectancy at birth, total (years)",SP.DYN.LE00.IN,2021,69.301
Kiribati,KIR,"Life expectancy at birth, total (years)",SP.DYN.LE00.IN,2021,64.148
St. Kitts and Nevis,KNA,"Life expectancy at birth, total (years)",SP.DYN.LE00.IN,2021,69.271
"Korea, Rep.",KOR,"Life expectancy at birth, total (years)",SP.DYN.LE00.IN,2021,83.5268292682927
Kuwait,KWT,"Life expectancy at birth, total (years)",SP.DYN.LE00.IN,2021,78.7365853658537
Latin America & Caribbean (excluding high income),LAC,"Life expectancy at birth, total (years)",SP.DYN.LE00.IN,2021,71.4377016432982
Lao PDR,LAO,"Life expectancy at birth, total (years)",SP.DYN.LE00.IN,2021,67.807
Lebanon,LBN,"Life expectancy at birth, total (years)",SP.DYN.LE00.IN,2021,73.65
Liberia,LBR,"Life expectancy at birth, total (years)",SP.DYN.LE00.IN,2021,61.166
Libya,LBY,"Life expectancy at birth, total (years)",SP.DYN.LE00.IN,2021,72.062
St. Lucia,LCA,"Life expectancy at birth, total (years)",SP.DYN.LE00.IN,2021,69.119
Latin America & Caribbean,LCN,"Life expectancy at birth, total (years)",SP.DYN.LE00.IN,2021,71.8141762189306
Least developed countries: UN classification,LDC,"Life expectancy at birth, total (years)",SP.DYN.LE00.IN,2021,64.2674143744269
Low income,LIC,"Life expectancy at birth, total (years)",SP.DYN.LE00.IN,2021,62.3801274289699
Liechtenstein,LIE,"Life expectancy at birth, total (years)",SP.DYN.LE00.IN,2021,84.4024390243902
Sri Lanka,LKA,"Life expectancy at birth, total (years)",SP.DYN.LE00.IN,2021,76.278
Lower middle income,LMC,"Life expectancy at birth, total (years)",SP.DYN.LE00.IN,2021,66.3662902978306
Low & middle income,LMY,"Life expectancy at birth, total (years)",SP.DYN.LE00.IN,2021,69.6714349467729
Lesotho,LSO,"Life expectancy at birth, total (years)",SP.DYN.LE00.IN,2021,54.209
Late-demographic dividend,LTE,"Life expectancy at birth, total (years)",SP.DYN.LE00.IN,2021,76.3060136977083
Lithuania,LTU,"Life expectancy at birth, total (years)",SP.DYN.LE00.IN,2021,74.0365853658537
Luxembourg,LUX,"Life expectancy at birth, total (years)",SP.DYN.LE00.IN,2021,82.5975609756098
Latvia,LVA,"Life expectancy at birth, total (years)",SP.DYN.LE00.IN,2021,72.9804878048781
"Macao SAR, China",MAC,"Life expectancy at birth, total (years)",SP.DYN.LE00.IN,2021,83.7292682926829
St. Martin (French part),MAF,"Life expectancy at birth, total (years)",SP.DYN.LE00.IN,2021,80.206
Morocco,MAR,"Life expectancy at birth, total (years)",SP.DYN.LE00.IN,2021,73.385
Monaco,MCO,"Life expectancy at birth, total (years)",SP.DYN.LE00.IN,2021,85.113
Moldova,MDA,"Life expectancy at birth, total (years)",SP.DYN.LE00.IN,2021,68.991
Madagascar,MDG,"Life expectancy at birth, total (years)",SP.DYN.LE00.IN,2021,62.516
Maldives,MDV,"Life expectancy at birth, total (years)",SP.DYN.LE00.IN,2021,78.052
"Middle East, North Africa, Afghanistan & Pakistan",MEA,"Life expectancy at birth, total (years)",SP.DYN.LE00.IN,2021,69.7113193479505
Mexico,MEX,"Life expectancy at birth, total (years)",SP.DYN.LE00.IN,2021,69.75
Marshall Islands,MHL,"Life expectancy at birth, total (years)",SP.DYN.LE00.IN,2021,65.421
Middle income,MIC,"Life expectancy at birth, total (years)",SP.DYN.LE00.IN,2021,70.3953530328654
North Macedonia,MKD,"Life expectancy at birth, total (years)",SP.DYN.LE00.IN,2021,73.2463414634146
Mali,MLI,"Life expectancy at birth, total (years)",SP.DYN.LE00.IN,2021,59.116
Malta,MLT,"Life expectancy at birth, total (years)",SP.DYN.LE00.IN,2021,82.2585365853659
Myanmar,MMR,"Life expectancy at birth, total (years)",SP.DYN.LE00.IN,2021,65.553
"Middle East, North Africa, Afghanistan & Pakistan (excluding high income)",MNA,"Life expectancy at birth, total (years)",SP.DYN.LE00.IN,2021,68.9280214782652
Montenegro,MNE,"Life expectancy at birth, total (years)",SP.DYN.LE00.IN,2021,73.8243902439024
Mongolia,MNG,"Life expectancy at birth, total (years)",SP.DYN.LE00.IN,2021,71.6451219512195
Northern Mariana Islands,MNP,"Life expectancy at birth, total (years)",SP.DYN.LE00.IN,2021,78.16
Mozambique,MOZ,"Life expectancy at birth, total (years)",SP.DYN.LE00.IN,2021,60.268
Mauritania,MRT,"Life expectancy at birth, total (years)",SP.DYN.LE00.IN,2021,66.762
Mauritius,MUS,"Life expectancy at birth, total (years)",SP.DYN.LE00.IN,2021,73.680243902439
Malawi,MWI,"Life expectancy at birth, total (years)",SP.DYN.LE00.IN,2021,64.782
Malaysia,MYS,"Life expectancy at birth, total (years)",SP.DYN.LE00.IN,2021,73.917
North America,NAC,"Life expectancy at birth, total (years)",SP.DYN.LE00.IN,2021,76.8590196370959
Namibia,NAM,"Life expectancy at birth, total (years)",SP.DYN.LE00.IN,2021,60.85
New Caledonia,NCL,"Life expectancy at birth, total (years)",SP.DYN.LE00.IN,2021,77.113
Niger,NER,"Life expectancy at birth, total (years)",SP.DYN.LE00.IN,2021,59.542
Nigeria,NGA,"Life expectancy at birth, total (years)",SP.DYN.LE00.IN,2021,53.455
Nicaragua,NIC,"Life expectancy at birth, total (years)",SP.DYN.LE00.IN,2021,70.478
Netherlands,NLD,"Life expectancy at birth, total (years)",SP.DYN.LE00.IN,2021,81.309756097561
Norway,NOR,"Life expectancy at birth, total (years)",SP.DYN.LE00.IN,2021,83.1634146341463
Nepal,NPL,"Life expectancy at birth, total (years)",SP.DYN.LE00.IN,2021,68.385
Nauru,NRU,"Life expectancy at birth, total (years)",SP.DYN.LE00.IN,2021,61.331
New Zealand,NZL,"Life expectancy at birth, total (years)",SP.DYN.LE00.IN,2021,82.2073170731707
OECD members,OED,"Life expectancy at birth, total (years)",SP.DYN.LE00.IN,2021,78.5867291925709
Oman,OMN,"Life expectancy at birth, total (years)",SP.DYN.LE00.IN,2021,75.969
Other small states,OSS,"Life expectancy at birth, total (years)",SP.DYN.LE00.IN,2021,71.7699719301416
Pakistan,PAK,"Life expectancy at birth, total (years)",SP.DYN.LE00.IN,2021,65.773
Panama,PAN,"Life expectancy at birth, total (years)",SP.DYN.LE00.IN,2021,77.004
Peru,PER,"Life expectancy at birth, total (years)",SP.DYN.LE00.IN,2021,71.596
Philippines,PHL,"Life expectancy at birth, total (years)",SP.DYN.LE00.IN,2021,66.675
Palau,PLW,"Life expectancy at birth, total (years)",SP.DYN.LE00.IN,2021,68.563
Papua New Guinea,PNG,"Life expectancy at birth, total (years)",SP.DYN.LE00.IN,2021,64.358
Poland,POL,"Life expectancy at birth, total (years)",SP.DYN.LE00.IN,2021,75.3512195121951
Pre-demographic dividend,PRE,"Life expectancy at birth, total (years)",SP.DYN.LE00.IN,2021,60.275328471243
Puerto Rico (US),PRI,"Life expectancy at birth, total (years)",SP.DYN.LE00.IN,2021,79.77
"Korea, Dem. People's Rep.",PRK,"Life expectancy at birth, total (years)",SP.DYN.LE00.IN,2021,73.437
Portugal,PRT,"Life expectancy at birth, total (years)",SP.DYN.LE00.IN,2021,81.3780487804878
Paraguay,PRY,"Life expectancy at birth, total (years)",SP.DYN.LE00.IN,2021,68.108
West Bank and Gaza,PSE,"Life expectancy at birth, total (years)",SP.DYN.LE00.IN,2021,73.89
Pacific island small states,PSS,"Life expectancy at birth, total (years)",SP.DYN.LE00.IN,2021,67.4810209240703
Post-demographic dividend,PST,"Life expectancy at birth, total (years)",SP.DYN.LE00.IN,2021,79.7932852795952
French Polynesia,PYF,"Life expectancy at birth, total (years)",SP.DYN.LE00.IN,2021,79.571
Qatar,QAT,"Life expectancy at birth, total (years)",SP.DYN.LE00.IN,2021,81.083
Romania,ROU,"Life expectancy at birth, total (years)",SP.DYN.LE00.IN,2021,72.809756097561
Russian Federation,RUS,"Life expectancy at birth, total (years)",SP.DYN.LE00.IN,2021,69.900243902439
Rwanda,RWA,"Life expectancy at birth, total (years)",SP.DYN.LE00.IN,2021,66.85
South Asia,SAS,"Life expectancy at birth, total (years)",SP.DYN.LE00.IN,2021,67.8215299767513
Saudi Arabia,SAU,"Life expectancy at birth, total (years)",SP.DYN.LE00.IN,2021,77.089
Sudan,SDN,"Life expectancy at birth, total (years)",SP.DYN.LE00.IN,2021,64.46
Senegal,SEN,"Life expectancy at birth, total (years)",SP.DYN.LE00.IN,2021,66.868
Singapore,SGP,"Life expectancy at birth, total (years)",SP.DYN.LE00.IN,2021,83.0926829268293
Solomon Islands,SLB,"Life expectancy at birth, total (years)",SP.DYN.LE00.IN,2021,68.89
Sierra Leone,SLE,"Life expectancy at birth, total (years)",SP.DYN.LE00.IN,2021,60.26
El Salvador,SLV,"Life expectancy at birth, total (years)",SP.DYN.LE00.IN,2021,69.941
San Marino,SMR,"Life expectancy at birth, total (years)",SP.DYN.LE00.IN,2021,83.539
"Somalia, Fed. Rep.",SOM,"Life expectancy at birth, total (years)",SP.DYN.LE00.IN,2021,55.703
Serbia,SRB,"Life expectancy at birth, total (years)",SP.DYN.LE00.IN,2021,72.780487804878
Sub-Saharan Africa (excluding high income),SSA,"Life expectancy at birth, total (years)",SP.DYN.LE00.IN,2021,60.1775488576346
South Sudan,SSD,"Life expectancy at birth, total (years)",SP.DYN.LE00.IN,2021,57.047
Sub-Saharan Africa,SSF,"Life expectancy at birth, total (years)",SP.DYN.LE00.IN,2021,60.7035030087831
Small states,SST,"Life expectancy at birth, total (years)",SP.DYN.LE00.IN,2021,70.7756825891382
Sao Tome and Principe,STP,"Life expectancy at birth, total (years)",SP.DYN.LE00.IN,2021,68.026
Suriname,SUR,"Life expectancy at birth, total (years)",SP.DYN.LE00.IN,2021,68.943
Slovak Republic,SVK,"Life expectancy at birth, total (years)",SP.DYN.LE00.IN,2021,74.6146341463415
Slovenia,SVN,"Life expectancy at birth, total (years)",SP.DYN.LE00.IN,2021,80.6756097560976
Sweden,SWE,"Life expectancy at birth, total (years)",SP.DYN.LE00.IN,2021,83.0560975609756
Eswatini,SWZ,"Life expectancy at birth, total (years)",SP.DYN.LE00.IN,2021,58.228
Sint Maarten (Dutch part),SXM,"Life expectancy at birth, total (years)",SP.DYN.LE00.IN,2021,74.505
Seychelles,SYC,"Life expectancy at birth, total (years)",SP.DYN.LE00.IN,2021,73.3975609756097
Syrian Arab Republic,SYR,"Life expectancy at birth, total (years)",SP.DYN.LE00.IN,2021,72.418
Turks and Caicos Islands,TCA,"Life expectancy at birth, total (years)",SP.DYN.LE00.IN,2021,77.234
Chad,TCD,"Life expectancy at birth, total (years)",SP.DYN.LE00.IN,2021,53.136
East Asia & Pacific (IDA & IBRD countries),TEA,"Life expectancy at birth, total (years)",SP.DYN.LE00.IN,2021,75.3009806060199
Europe & Central Asia (IDA & IBRD countries),TEC,"Life expectancy at birth, total (years)",SP.DYN.LE00.IN,2021,72.1506406826172
Togo,TGO,"Life expectancy at birth, total (years)",SP.DYN.LE00.IN,2021,61.337
Thailand,THA,"Life expectancy at birth, total (years)",SP.DYN.LE00.IN,2021,77.606
Tajikistan,TJK,"Life expectancy at birth, total (years)",SP.DYN.LE00.IN,2021,69.594
Turkmenistan,TKM,"Life expectancy at birth, total (years)",SP.DYN.LE00.IN,2021,69.353
Latin America & the Caribbean (IDA & IBRD countries),TLA,"Life expectancy at birth, total (years)",SP.DYN.LE00.IN,2021,71.7449274626405
Timor-Leste,TLS,"Life expectancy at birth, total (years)",SP.DYN.LE00.IN,2021,66.199
"Middle East, North Africa, Afghanistan & Pakistan (IDA & IBRD)",TMN,"Life expectancy at birth, total (years)",SP.DYN.LE00.IN,2021,68.8931032282321
Tonga,TON,"Life expectancy at birth, total (years)",SP.DYN.LE00.IN,2021,72.13
South Asia (IDA & IBRD),TSA,"Life expectancy at birth, total (years)",SP.DYN.LE00.IN,2021,67.8215299767513
Sub-Saharan Africa (IDA & IBRD countries),TSS,"Life expectancy at birth, total (years)",SP.DYN.LE00.IN,2021,60.7035030087831
Trinidad and Tobago,TTO,"Life expectancy at birth, total (years)",SP.DYN.LE00.IN,2021,71.111
Tunisia,TUN,"Life expectancy at birth, total (years)",SP.DYN.LE00.IN,2021,72.893
Turkiye,TUR,"Life expectancy at birth, total (years)",SP.DYN.LE00.IN,2021,75.722
Tuvalu,TUV,"Life expectancy at birth, total (years)",SP.DYN.LE00.IN,2021,65.824
Tanzania,TZA,"Life expectancy at birth, total (years)",SP.DYN.LE00.IN,2021,66.131
Uganda,UGA,"Life expectancy at birth, total (years)",SP.DYN.LE00.IN,2021,66.45
Ukraine,UKR,"Life expectancy at birth, total (years)",SP.DYN.LE00.IN,2021,71.631
Upper middle income,UMC,"Life expectancy at birth, total (years)",SP.DYN.LE00.IN,2021,74.7273713271635
Uruguay,URY,"Life expectancy at birth, total (years)",SP.DYN.LE00.IN,2021,75.434
United States,USA,"Life expectancy at birth, total (years)",SP.DYN.LE00.IN,2021,76.3292682926829
Uzbekistan,UZB,"Life expectancy at birth, total (years)",SP.DYN.LE00.IN,2021,71.681
St. Vincent and the Grenadines,VCT,"Life expectancy at birth, total (years)",SP.DYN.LE00.IN,2021,69.132
"Venezuela, RB",VEN,"Life expectancy at birth, total (years)",SP.DYN.LE00.IN,2021,71.536
British Virgin Islands,VGB,"Life expectancy at birth, total (years)",SP.DYN.LE00.IN,2021,75.297
Virgin Islands (U.S.),VIR,"Life expectancy at birth, total (years)",SP.DYN.LE00.IN,2021,80.0682926829268
Viet Nam,VNM,"Life expectancy at birth, total (years)",SP.DYN.LE00.IN,2021,74.145
Vanuatu,VUT,"Life expectancy at birth, total (years)",SP.DYN.LE00.IN,2021,69.952
World,WLD,"Life expectancy at birth, total (years)",SP.DYN.LE00.IN,2021,71.2149086723293
Samoa,WSM,"Life expectancy at birth, total (years)",SP.DYN.LE00.IN,2021,71.096
Kosovo,XKX,"Life expectancy at birth, total (years)",SP.DYN.LE00.IN,2021,74.981
"Yemen, Rep.",YEM,"Life expectancy at birth, total (years)",SP.DYN.LE00.IN,2021,66.019
South Africa,ZAF,"Life expectancy at birth, total (years)",SP.DYN.LE00.IN,2021,62.01
Zambia,ZMB,"Life expectancy at birth, total (years)",SP.DYN.LE00.IN,2021,62.363
Zimbabwe,ZWE,"Life expectancy at birth, total (years)",SP.DYN.LE00.IN,2021,60.135
Aruba,ABW,"Life expectancy at birth, total (years)",SP.DYN.LE00.IN,2022,76.226
Africa Eastern and Southern,AFE,"Life expectancy at birth, total (years)",SP.DYN.LE00.IN,2022,64.4871517904367
Afghanistan,AFG,"Life expectancy at birth, total (years)",SP.DYN.LE00.IN,2022,65.617
Africa Western and Central,AFW,"Life expectancy at birth, total (years)",SP.DYN.LE00.IN,2022,57.9878499444678
Angola,AGO,"Life expectancy at birth, total (years)",SP.DYN.LE00.IN,2022,64.246
Albania,ALB,"Life expectancy at birth, total (years)",SP.DYN.LE00.IN,2022,78.769
Andorra,AND,"Life expectancy at birth, total (years)",SP.DYN.LE00.IN,2022,84.016
Arab World,ARB,"Life expectancy at birth, total (years)",SP.DYN.LE00.IN,2022,71.8760955992222
United Arab Emirates,ARE,"Life expectancy at birth, total (years)",SP.DYN.LE00.IN,2022,80.487
Argentina,ARG,"Life expectancy at birth, total (years)",SP.DYN.LE00.IN,2022,75.806
Armenia,ARM,"Life expectancy at birth, total (years)",SP.DYN.LE00.IN,2022,74.7658536585366
American Samoa,ASM,"Life expectancy at birth, total (years)",SP.DYN.LE00.IN,2022,72.752
Antigua and Barbuda,ATG,"Life expectancy at birth, total (years)",SP.DYN.LE00.IN,2022,77.483
Australia,AUS,"Life expectancy at birth, total (years)",SP.DYN.LE00.IN,2022,83.2
Austria,AUT,"Life expectancy at birth, total (years)",SP.DYN.LE00.IN,2022,81.2951219512195
Azerbaijan,AZE,"Life expectancy at birth, total (years)",SP.DYN.LE00.IN,2022,74.125
Burundi,BDI,"Life expectancy at birth, total (years)",SP.DYN.LE00.IN,2022,62.882
Belgium,BEL,"Life expectancy at birth, total (years)",SP.DYN.LE00.IN,2022,81.7487804878049
Benin,BEN,"Life expectancy at birth, total (years)",SP.DYN.LE00.IN,2022,60.475
Burkina Faso,BFA,"Life expectancy at birth, total (years)",SP.DYN.LE00.IN,2022,60.7
Bangladesh,BGD,"Life expectancy at birth, total (years)",SP.DYN.LE00.IN,2022,74.265
Bulgaria,BGR,"Life expectancy at birth, total (years)",SP.DYN.LE00.IN,2022,74.1609756097561
Bahrain,BHR,"Life expectancy at birth, total (years)",SP.DYN.LE00.IN,2022,80.992
"Bahamas, The",BHS,"Life expectancy at birth, total (years)",SP.DYN.LE00.IN,2022,74.491
Bosnia and Herzegovina,BIH,"Life expectancy at birth, total (years)",SP.DYN.LE00.IN,2022,76.777
Belarus,BLR,"Life expectancy at birth, total (years)",SP.DYN.LE00.IN,2022,74.1033658536585
Belize,BLZ,"Life expectancy at birth, total (years)",SP.DYN.LE00.IN,2022,72.19
Bermuda,BMU,"Life expectancy at birth, total (years)",SP.DYN.LE00.IN,2022,82.062
Bolivia,BOL,"Life expectancy at birth, total (years)",SP.DYN.LE00.IN,2022,67.434
Brazil,BRA,"Life expectancy at birth, total (years)",SP.DYN.LE00.IN,2022,74.872
Barbados,BRB,"Life expectancy at birth, total (years)",SP.DYN.LE00.IN,2022,75.676
Brunei Darussalam,BRN,"Life expectancy at birth, total (years)",SP.DYN.LE00.IN,2022,72.917
Bhutan,BTN,"Life expectancy at birth, total (years)",SP.DYN.LE00.IN,2022,72.754
Botswana,BWA,"Life expectancy at birth, total (years)",SP.DYN.LE00.IN,2022,68.749
Central African Republic,CAF,"Life expectancy at birth, total (years)",SP.DYN.LE00.IN,2022,18.818
Canada,CAN,"Life expectancy at birth, total (years)",SP.DYN.LE00.IN,2022,81.0948780487805
Central Europe and the Baltics,CEB,"Life expectancy at birth, total (years)",SP.DYN.LE00.IN,2022,76.6522987292583
Switzerland,CHE,"Life expectancy at birth, total (years)",SP.DYN.LE00.IN,2022,83.6048780487805
Channel Islands,CHI,"Life expectancy at birth, total (years)",SP.DYN.LE00.IN,2022,81.0
Chile,CHL,"Life expectancy at birth, total (years)",SP.DYN.LE00.IN,2022,79.176
China,CHN,"Life expectancy at birth, total (years)",SP.DYN.LE00.IN,2022,78.202
Cote d'Ivoire,CIV,"Life expectancy at birth, total (years)",SP.DYN.LE00.IN,2022,61.562
Cameroon,CMR,"Life expectancy at birth, total (years)",SP.DYN.LE00.IN,2022,62.443
"Congo, Dem. Rep.",COD,"Life expectancy at birth, total (years)",SP.DYN.LE00.IN,2022,60.979
"Congo, Rep.",COG,"Life expectancy at birth, total (years)",SP.DYN.LE00.IN,2022,65.0
Colombia,COL,"Life expectancy at birth, total (years)",SP.DYN.LE00.IN,2022,76.508
Comoros,COM,"Life expectancy at birth, total (years)",SP.DYN.LE00.IN,2022,66.481
Cabo Verde,CPV,"Life expectancy at birth, total (years)",SP.DYN.LE00.IN,2022,75.907
Costa Rica,CRI,"Life expectancy at birth, total (years)",SP.DYN.LE00.IN,2022,79.316
Caribbean small states,CSS,"Life expectancy at birth, total (years)",SP.DYN.LE00.IN,2022,72.8322921090607
Cuba,CUB,"Life expectancy at birth, total (years)",SP.DYN.LE00.IN,2022,77.629
Curacao,CUW,"Life expectancy at birth, total (years)",SP.DYN.LE00.IN,2022,76.729
Cayman Islands,CYM,"Life expectancy at birth, total (years)",SP.DYN.LE00.IN,2022,79.984
Cyprus,CYP,"Life expectancy at birth, total (years)",SP.DYN.LE00.IN,2022,80.434
Czechia,CZE,"Life expectancy at birth, total (years)",SP.DYN.LE00.IN,2022,78.9292682926829
Germany,DEU,"Life expectancy at birth, total (years)",SP.DYN.LE00.IN,2022,80.6080487804878
Djibouti,DJI,"Life expectancy at birth, total (years)",SP.DYN.LE00.IN,2022,65.54
Dominica,DMA,"Life expectancy at birth, total (years)",SP.DYN.LE00.IN,2022,71.081
Denmark,DNK,"Life expectancy at birth, total (years)",SP.DYN.LE00.IN,2022,81.3048780487805
Dominican Republic,DOM,"Life expectancy at birth, total (years)",SP.DYN.LE00.IN,2022,74.211
Algeria,DZA,"Life expectancy at birth, total (years)",SP.DYN.LE00.IN,2022,76.129
East Asia & Pacific (excluding high income),EAP,"Life expectancy at birth, total (years)",SP.DYN.LE00.IN,2022,75.9325409436903
Early-demographic dividend,EAR,"Life expectancy at birth, total (years)",SP.DYN.LE00.IN,2022,71.4304552508694
East Asia & Pacific,EAS,"Life expectancy at birth, total (years)",SP.DYN.LE00.IN,2022,76.6767167147452
Europe & Central Asia (excluding high income),ECA,"Life expectancy at birth, total (years)",SP.DYN.LE00.IN,2022,74.5731684190474
Europe & Central Asia,ECS,"Life expectancy at birth, total (years)",SP.DYN.LE00.IN,2022,77.834452247983
Ecuador,ECU,"Life expectancy at birth, total (years)",SP.DYN.LE00.IN,2022,76.577
"Egypt, Arab Rep.",EGY,"Life expectancy at birth, total (years)",SP.DYN.LE00.IN,2022,71.01
Euro area,EMU,"Life expectancy at birth, total (years)",SP.DYN.LE00.IN,2022,81.6229719062905
Eritrea,ERI,"Life expectancy at birth, total (years)",SP.DYN.LE00.IN,2022,67.789
Spain,ESP,"Life expectancy at birth, total (years)",SP.DYN.LE00.IN,2022,83.1341463414634
Estonia,EST,"Life expectancy at birth, total (years)",SP.DYN.LE00.IN,2022,77.8439024390244
Ethiopia,ETH,"Life expectancy at birth, total (years)",SP.DYN.LE00.IN,2022,66.897
European Union,EUU,"Life expectancy at birth, total (years)",SP.DYN.LE00.IN,2022,80.7133260356871
Fragile and conflict affected situations,FCS,"Life expectancy at birth, total (years)",SP.DYN.LE00.IN,2022,62.702271566254
Finland,FIN,"Life expectancy at birth, total (years)",SP.DYN.LE00.IN,2022,81.1878048780488
Fiji,FJI,"Life expectancy at birth, total (years)",SP.DYN.LE00.IN,2022,67.148
France,FRA,"Life expectancy at birth, total (years)",SP.DYN.LE00.IN,2022,82.1292682926829
Faroe Islands,FRO,"Life expectancy at birth, total (years)",SP.DYN.LE00.IN,2022,82.8162292682927
"Micronesia, Fed. Sts.",FSM,"Life expectancy at birth, total (years)",SP.DYN.LE00.IN,2022,66.961
Gabon,GAB,"Life expectancy at birth, total (years)",SP.DYN.LE00.IN,2022,67.713
United Kingdom,GBR,"Life expectancy at birth, total (years)",SP.DYN.LE00.IN,2022,81.0112195121951
Georgia,GEO,"Life expectancy at birth, total (years)",SP.DYN.LE00.IN,2022,74.141
Ghana,GHA,"Life expectancy at birth, total (years)",SP.DYN.LE00.IN,2022,65.246
Gibraltar,GIB,"Life expectancy at birth, total (years)",SP.DYN.LE00.IN,2022,83.517
Guinea,GIN,"Life expectancy at birth, total (years)",SP.DYN.LE00.IN,2022,60.432
"Gambia, The",GMB,"Life expectancy at birth, total (years)",SP.DYN.LE00.IN,2022,64.859
Guinea-Bissau,GNB,"Life expectancy at birth, total (years)",SP.DYN.LE00.IN,2022,63.605
Equatorial Guinea,GNQ,"Life expectancy at birth, total (years)",SP.DYN.LE00.IN,2022,63.355
Greece,GRC,"Life expectancy at birth, total (years)",SP.DYN.LE00.IN,2022,80.7878048780488
Grenada,GRD,"Life expectancy at birth, total (years)",SP.DYN.LE00.IN,2022,75.151
Greenland,GRL,"Life expectancy at birth, total (years)",SP.DYN.LE00.IN,2022,71.230243902439
Guatemala,GTM,"Life expectancy at birth, total (years)",SP.DYN.LE00.IN,2022,71.206
Guam,GUM,"Life expectancy at birth, total (years)",SP.DYN.LE00.IN,2022,77.102
Guyana,GUY,"Life expectancy at birth, total (years)",SP.DYN.LE00.IN,2022,69.888
High income,HIC,"Life expectancy at birth, total (years)",SP.DYN.LE00.IN,2022,79.4267769342303
"Hong Kong SAR, China",HKG,"Life expectancy at birth, total (years)",SP.DYN.LE00.IN,2022,83.6609756097561
Honduras,HND,"Life expectancy at birth, total (years)",SP.DYN.LE00.IN,2022,72.715
Heavily indebted poor countries (HIPC),HPC,"Life expectancy at birth, total (years)",SP.DYN.LE00.IN,2022,63.8404661926623
Croatia,HRV,"Life expectancy at birth, total (years)",SP.DYN.LE00.IN,2022,77.5756097560976
Haiti,HTI,"Life expectancy at birth, total (years)",SP.DYN.LE00.IN,2022,63.948
Hungary,HUN,"Life expectancy at birth, total (years)",SP.DYN.LE00.IN,2022,75.8682926829268
IBRD only,IBD,"Life expectancy at birth, total (years)",SP.DYN.LE00.IN,2022,74.2512821129351
IDA & IBRD total,IBT,"Life expectancy at birth, total (years)",SP.DYN.LE00.IN,2022,71.6775988813721
IDA total,IDA,"Life expectancy at birth, total (years)",SP.DYN.LE00.IN,2022,64.8823000336808
IDA blend,IDB,"Life expectancy at birth, total (years)",SP.DYN.LE00.IN,2022,62.1288641416852
Indonesia,IDN,"Life expectancy at birth, total (years)",SP.DYN.LE00.IN,2022,70.925
IDA only,IDX,"Life expectancy at birth, total (years)",SP.DYN.LE00.IN,2022,66.3600754986121
Isle of Man,IMN,"Life expectancy at birth, total (years)",SP.DYN.LE00.IN,2022,80.956
India,IND,"Life expectancy at birth, total (years)",SP.DYN.LE00.IN,2022,71.698
Ireland,IRL,"Life expectancy at birth, total (years)",SP.DYN.LE00.IN,2022,82.509756097561
"Iran, Islamic Rep.",IRN,"Life expectancy at birth, total (years)",SP.DYN.LE00.IN,2022,76.799
Iraq,IRQ,"Life expectancy at birth, total (years)",SP.DYN.LE00.IN,2022,72.037
Iceland,ISL,"Life expectancy at birth, total (years)",SP.DYN.LE00.IN,2022,82.119512195122
Israel,ISR,"Life expectancy at birth, total (years)",SP.DYN.LE00.IN,2022,82.7
Italy,ITA,"Life expectancy at birth, total (years)",SP.DYN.LE00.IN,2022,82.7
Jamaica,JAM,"Life expectancy at birth, total (years)",SP.DYN.LE00.IN,2022,71.481
Jordan,JOR,"Life expectancy at birth, total (years)",SP.DYN.LE00.IN,2022,77.088
Japan,JPN,"Life expectancy at birth, total (years)",SP.DYN.LE00.IN,2022,83.9963414634146
Kazakhstan,KAZ,"Life expectancy at birth, total (years)",SP.DYN.LE00.IN,2022,73.503
Kenya,KEN,"Life expectancy at birth, total (years)",SP.DYN.LE00.IN,2022,63.549
Kyrgyz Republic,KGZ,"Life expectancy at birth, total (years)",SP.DYN.LE00.IN,2022,72.0487804878049
Cambodia,KHM,"Life expectancy at birth, total (years)",SP.DYN.LE00.IN,2022,70.528
Kiribati,KIR,"Life expectancy at birth, total (years)",SP.DYN.LE00.IN,2022,66.269
St. Kitts and Nevis,KNA,"Life expectancy at birth, total (years)",SP.DYN.LE00.IN,2022,70.313
"Korea, Rep.",KOR,"Life expectancy at birth, total (years)",SP.DYN.LE00.IN,2022,82.6804878048781
Kuwait,KWT,"Life expectancy at birth, total (years)",SP.DYN.LE00.IN,2022,80.5878048780488
Latin America & Caribbean (excluding high income),LAC,"Life expectancy at birth, total (years)",SP.DYN.LE00.IN,2022,74.4897262626476
Lao PDR,LAO,"Life expectancy at birth, total (years)",SP.DYN.LE00.IN,2022,68.715
Lebanon,LBN,"Life expectancy at birth, total (years)",SP.DYN.LE00.IN,2022,78.003
Liberia,LBR,"Life expectancy at birth, total (years)",SP.DYN.LE00.IN,2022,61.934
Libya,LBY,"Life expectancy at birth, total (years)",SP.DYN.LE00.IN,2022,74.462
St. Lucia,LCA,"Life expectancy at birth, total (years)",SP.DYN.LE00.IN,2022,72.67
Latin America & Caribbean,LCN,"Life expectancy at birth, total (years)",SP.DYN.LE00.IN,2022,74.6472095421659
Least developed countries: UN classification,LDC,"Life expectancy at birth, total (years)",SP.DYN.LE00.IN,2022,65.7632017862259
Low income,LIC,"Life expectancy at birth, total (years)",SP.DYN.LE00.IN,2022,63.4583410155387
Liechtenstein,LIE,"Life expectancy at birth, total (years)",SP.DYN.LE00.IN,2022,84.1219512195122
Sri Lanka,LKA,"Life expectancy at birth, total (years)",SP.DYN.LE00.IN,2022,77.3
Lower middle income,LMC,"Life expectancy at birth, total (years)",SP.DYN.LE00.IN,2022,69.3010946755529
Low & middle income,LMY,"Life expectancy at birth, total (years)",SP.DYN.LE00.IN,2022,71.6849259477066
Lesotho,LSO,"Life expectancy at birth, total (years)",SP.DYN.LE00.IN,2022,56.812
Late-demographic dividend,LTE,"Life expectancy at birth, total (years)",SP.DYN.LE00.IN,2022,76.954367313865
Lithuania,LTU,"Life expectancy at birth, total (years)",SP.DYN.LE00.IN,2022,75.6439024390244
Luxembourg,LUX,"Life expectancy at birth, total (years)",SP.DYN.LE00.IN,2022,82.9463414634147
Latvia,LVA,"Life expectancy at birth, total (years)",SP.DYN.LE00.IN,2022,74.2780487804878
"Macao SAR, China",MAC,"Life expectancy at birth, total (years)",SP.DYN.LE00.IN,2022,83.0804878048781
St. Martin (French part),MAF,"Life expectancy at birth, total (years)",SP.DYN.LE00.IN,2022,80.236
Morocco,MAR,"Life expectancy at birth, total (years)",SP.DYN.LE00.IN,2022,75.161
Monaco,MCO,"Life expectancy at birth, total (years)",SP.DYN.LE00.IN,2022,85.746
Moldova,MDA,"Life expectancy at birth, total (years)",SP.DYN.LE00.IN,2022,71.546
Madagascar,MDG,"Life expectancy at birth, total (years)",SP.DYN.LE00.IN,2022,63.068
Maldives,MDV,"Life expectancy at birth, total (years)",SP.DYN.LE00.IN,2022,80.76
"Middle East, North Africa, Afghanistan & Pakistan",MEA,"Life expectancy at birth, total (years)",SP.DYN.LE00.IN,2022,71.6917293154863
Mexico,MEX,"Life expectancy at birth, total (years)",SP.DYN.LE00.IN,2022,73.973
Marshall Islands,MHL,"Life expectancy at birth, total (years)",SP.DYN.LE00.IN,2022,66.725
Middle income,MIC,"Life expectancy at birth, total (years)",SP.DYN.LE00.IN,2022,72.5172020330295
North Macedonia,MKD,"Life expectancy at birth, total (years)",SP.DYN.LE00.IN,2022,74.4248780487805
Mali,MLI,"Life expectancy at birth, total (years)",SP.DYN.LE00.IN,2022,60.035
Malta,MLT,"Life expectancy at birth, total (years)",SP.DYN.LE00.IN,2022,82.2975609756098
Myanmar,MMR,"Life expectancy at birth, total (years)",SP.DYN.LE00.IN,2022,66.506
"Middle East, North Africa, Afghanistan & Pakistan (excluding high income)",MNA,"Life expectancy at birth, total (years)",SP.DYN.LE00.IN,2022,71.0055315443397
Montenegro,MNE,"Life expectancy at birth, total (years)",SP.DYN.LE00.IN,2022,76.1878048780488
Mongolia,MNG,"Life expectancy at birth, total (years)",SP.DYN.LE00.IN,2022,71.9007317073171
Northern Mariana Islands,MNP,"Life expectancy at birth, total (years)",SP.DYN.LE00.IN,2022,78.531
Mozambique,MOZ,"Life expectancy at birth, total (years)",SP.DYN.LE00.IN,2022,63.011
Mauritania,MRT,"Life expectancy at birth, total (years)",SP.DYN.LE00.IN,2022,68.281
Mauritius,MUS,"Life expectancy at birth, total (years)",SP.DYN.LE00.IN,2022,73.5146341463415
Malawi,MWI,"Life expectancy at birth, total (years)",SP.DYN.LE00.IN,2022,66.037
Malaysia,MYS,"Life expectancy at birth, total (years)",SP.DYN.LE00.IN,2022,75.444
North America,NAC,"Life expectancy at birth, total (years)",SP.DYN.LE00.IN,2022,77.8170599153732
Namibia,NAM,"Life expectancy at birth, total (years)",SP.DYN.LE00.IN,2022,64.19
New Caledonia,NCL,"Life expectancy at birth, total (years)",SP.DYN.LE00.IN,2022,77.698
Niger,NER,"Life expectancy at birth, total (years)",SP.DYN.LE00.IN,2022,60.398
Nigeria,NGA,"Life expectancy at birth, total (years)",SP.DYN.LE00.IN,2022,54.079
Nicaragua,NIC,"Life expectancy at birth, total (years)",SP.DYN.LE00.IN,2022,74.463
Netherlands,NLD,"Life expectancy at birth, total (years)",SP.DYN.LE00.IN,2022,81.6146341463415
Norway,NOR,"Life expectancy at birth, total (years)",SP.DYN.LE00.IN,2022,82.509756097561
Nepal,NPL,"Life expectancy at birth, total (years)",SP.DYN.LE00.IN,2022,70.087
Nauru,NRU,"Life expectancy at birth, total (years)",SP.DYN.LE00.IN,2022,61.93
New Zealand,NZL,"Life expectancy at birth, total (years)",SP.DYN.LE00.IN,2022,81.9585365853658
OECD members,OED,"Life expectancy at birth, total (years)",SP.DYN.LE00.IN,2022,79.5170042308814
Oman,OMN,"Life expectancy at birth, total (years)",SP.DYN.LE00.IN,2022,77.911
Other small states,OSS,"Life expectancy at birth, total (years)",SP.DYN.LE00.IN,2022,72.9062214171014
Pakistan,PAK,"Life expectancy at birth, total (years)",SP.DYN.LE00.IN,2022,67.417
Panama,PAN,"Life expectancy at birth, total (years)",SP.DYN.LE00.IN,2022,79.324
Peru,PER,"Life expectancy at birth, total (years)",SP.DYN.LE00.IN,2022,76.834
Philippines,PHL,"Life expectancy at birth, total (years)",SP.DYN.LE00.IN,2022,69.472
Palau,PLW,"Life expectancy at birth, total (years)",SP.DYN.LE00.IN,2022,68.922
Papua New Guinea,PNG,"Life expectancy at birth, total (years)",SP.DYN.LE00.IN,2022,65.274
Poland,POL,"Life expectancy at birth, total (years)",SP.DYN.LE00.IN,2022,77.1560975609756
Pre-demographic dividend,PRE,"Life expectancy at birth, total (years)",SP.DYN.LE00.IN,2022,61.3833052969468
Puerto Rico (US),PRI,"Life expectancy at birth, total (years)",SP.DYN.LE00.IN,2022,79.427
"Korea, Dem. People's Rep.",PRK,"Life expectancy at birth, total (years)",SP.DYN.LE00.IN,2022,73.641
Portugal,PRT,"Life expectancy at birth, total (years)",SP.DYN.LE00.IN,2022,81.6317073170732
Paraguay,PRY,"Life expectancy at birth, total (years)",SP.DYN.LE00.IN,2022,72.319
West Bank and Gaza,PSE,"Life expectancy at birth, total (years)",SP.DYN.LE00.IN,2022,76.662
Pacific island small states,PSS,"Life expectancy at birth, total (years)",SP.DYN.LE00.IN,2022,69.1004348993561
Post-demographic dividend,PST,"Life expectancy at birth, total (years)",SP.DYN.LE00.IN,2022,80.1924721633692
French Polynesia,PYF,"Life expectancy at birth, total (years)",SP.DYN.LE00.IN,2022,83.859
Qatar,QAT,"Life expectancy at birth, total (years)",SP.DYN.LE00.IN,2022,81.857
Romania,ROU,"Life expectancy at birth, total (years)",SP.DYN.LE00.IN,2022,75.1536585365854
Russian Federation,RUS,"Life expectancy at birth, total (years)",SP.DYN.LE00.IN,2022,72.5456097560976
Rwanda,RWA,"Life expectancy at birth, total (years)",SP.DYN.LE00.IN,2022,67.528
South Asia,SAS,"Life expectancy at birth, total (years)",SP.DYN.LE00.IN,2022,72.0115731308447
Saudi Arabia,SAU,"Life expectancy at birth, total (years)",SP.DYN.LE00.IN,2022,77.31
Sudan,SDN,"Life expectancy at birth, total (years)",SP.DYN.LE00.IN,2022,65.695
Senegal,SEN,"Life expectancy at birth, total (years)",SP.DYN.LE00.IN,2022,67.788
Singapore,SGP,"Life expectancy at birth, total (years)",SP.DYN.LE00.IN,2022,82.8951219512195
Solomon Islands,SLB,"Life expectancy at birth, total (years)",SP.DYN.LE00.IN,2022,70.409
Sierra Leone,SLE,"Life expectancy at birth, total (years)",SP.DYN.LE00.IN,2022,61.275
El Salvador,SLV,"Life expectancy at birth, total (years)",SP.DYN.LE00.IN,2022,71.969
San Marino,SMR,"Life expectancy at birth, total (years)",SP.DYN.LE00.IN,2022,85.708
"Somalia, Fed. Rep.",SOM,"Life expectancy at birth, total (years)",SP.DYN.LE00.IN,2022,53.931
Serbia,SRB,"Life expectancy at birth, total (years)",SP.DYN.LE00.IN,2022,75.2365853658537
Sub-Saharan Africa (excluding high income),SSA,"Life expectancy at birth, total (years)",SP.DYN.LE00.IN,2022,61.2833700706225
South Sudan,SSD,"Life expectancy at birth, total (years)",SP.DYN.LE00.IN,2022,57.203
Sub-Saharan Africa,SSF,"Life expectancy at birth, total (years)",SP.DYN.LE00.IN,2022,61.8572731122839
Small states,SST,"Life expectancy at birth, total (years)",SP.DYN.LE00.IN,2022,72.380297225352
Sao Tome and Principe,STP,"Life expectancy at birth, total (years)",SP.DYN.LE00.IN,2022,69.237
Suriname,SUR,"Life expectancy at birth, total (years)",SP.DYN.LE00.IN,2022,73.254
Slovak Republic,SVK,"Life expectancy at birth, total (years)",SP.DYN.LE00.IN,2022,76.9658536585366
Slovenia,SVN,"Life expectancy at birth, total (years)",SP.DYN.LE00.IN,2022,81.2829268292683
Sweden,SWE,"Life expectancy at birth, total (years)",SP.DYN.LE00.IN,2022,83.0585365853659
Eswatini,SWZ,"Life expectancy at birth, total (years)",SP.DYN.LE00.IN,2022,63.028
Sint Maarten (Dutch part),SXM,"Life expectancy at birth, total (years)",SP.DYN.LE00.IN,2022,76.18
Seychelles,SYC,"Life expectancy at birth, total (years)",SP.DYN.LE00.IN,2022,74.509756097561
Syrian Arab Republic,SYR,"Life expectancy at birth, total (years)",SP.DYN.LE00.IN,2022,72.79
Turks and Caicos Islands,TCA,"Life expectancy at birth, total (years)",SP.DYN.LE00.IN,2022,77.918
Chad,TCD,"Life expectancy at birth, total (years)",SP.DYN.LE00.IN,2022,54.528
East Asia & Pacific (IDA & IBRD countries),TEA,"Life expectancy at birth, total (years)",SP.DYN.LE00.IN,2022,75.9610347461336
Europe & Central Asia (IDA & IBRD countries),TEC,"Life expectancy at birth, total (years)",SP.DYN.LE00.IN,2022,74.1883654842503
Togo,TGO,"Life expectancy at birth, total (years)",SP.DYN.LE00.IN,2022,62.292
Thailand,THA,"Life expectancy at birth, total (years)",SP.DYN.LE00.IN,2022,75.291
Tajikistan,TJK,"Life expectancy at birth, total (years)",SP.DYN.LE00.IN,2022,71.562
Turkmenistan,TKM,"Life expectancy at birth, total (years)",SP.DYN.LE00.IN,2022,69.913
Latin America & the Caribbean (IDA & IBRD countries),TLA,"Life expectancy at birth, total (years)",SP.DYN.LE00.IN,2022,74.5684293540859
Timor-Leste,TLS,"Life expectancy at birth, total (years)",SP.DYN.LE00.IN,2022,67.368
"Middle East, North Africa, Afghanistan & Pakistan (IDA & IBRD)",TMN,"Life expectancy at birth, total (years)",SP.DYN.LE00.IN,2022,70.965432550888
Tonga,TON,"Life expectancy at birth, total (years)",SP.DYN.LE00.IN,2022,72.635
South Asia (IDA & IBRD),TSA,"Life expectancy at birth, total (years)",SP.DYN.LE00.IN,2022,72.0115731308447
Sub-Saharan Africa (IDA & IBRD countries),TSS,"Life expectancy at birth, total (years)",SP.DYN.LE00.IN,2022,61.8572731122839
Trinidad and Tobago,TTO,"Life expectancy at birth, total (years)",SP.DYN.LE00.IN,2022,73.331
Tunisia,TUN,"Life expectancy at birth, total (years)",SP.DYN.LE00.IN,2022,76.05
Turkiye,TUR,"Life expectancy at birth, total (years)",SP.DYN.LE00.IN,2022,77.591
Tuvalu,TUV,"Life expectancy at birth, total (years)",SP.DYN.LE00.IN,2022,66.852
Tanzania,TZA,"Life expectancy at birth, total (years)",SP.DYN.LE00.IN,2022,66.879
Uganda,UGA,"Life expectancy at birth, total (years)",SP.DYN.LE00.IN,2022,67.675
Ukraine,UKR,"Life expectancy at birth, total (years)",SP.DYN.LE00.IN,2022,72.658
Upper middle income,UMC,"Life expectancy at birth, total (years)",SP.DYN.LE00.IN,2022,76.0089594269564
Uruguay,URY,"Life expectancy at birth, total (years)",SP.DYN.LE00.IN,2022,76.468
United States,USA,"Life expectancy at birth, total (years)",SP.DYN.LE00.IN,2022,77.4341463414634
Uzbekistan,UZB,"Life expectancy at birth, total (years)",SP.DYN.LE00.IN,2022,72.147
St. Vincent and the Grenadines,VCT,"Life expectancy at birth, total (years)",SP.DYN.LE00.IN,2022,71.191
"Venezuela, RB",VEN,"Life expectancy at birth, total (years)",SP.DYN.LE00.IN,2022,72.566
British Virgin Islands,VGB,"Life expectancy at birth, total (years)",SP.DYN.LE00.IN,2022,77.177
Virgin Islands (U.S.),VIR,"Life expectancy at birth, total (years)",SP.DYN.LE00.IN,2022,80.319512195122
Viet Nam,VNM,"Life expectancy at birth, total (years)",SP.DYN.LE00.IN,2022,74.502
Vanuatu,VUT,"Life expectancy at birth, total (years)",SP.DYN.LE00.IN,2022,71.302
World,WLD,"Life expectancy at birth, total (years)",SP.DYN.LE00.IN,2022,72.9675581482237
Samoa,WSM,"Life expectancy at birth, total (years)",SP.DYN.LE00.IN,2022,71.55
Kosovo,XKX,"Life expectancy at birth, total (years)",SP.DYN.LE00.IN,2022,77.623
"Yemen, Rep.",YEM,"Life expectancy at birth, total (years)",SP.DYN.LE00.IN,2022,67.952
South Africa,ZAF,"Life expectancy at birth, total (years)",SP.DYN.LE00.IN,2022,65.454
Zambia,ZMB,"Life expectancy at birth, total (years)",SP.DYN.LE00.IN,2022,65.279
Zimbabwe,ZWE,"Life expectancy at birth, total (years)",SP.DYN.LE00.IN,2022,62.36
Aruba,ABW,"Life expectancy at birth, total (years)",SP.DYN.LE00.IN,2023,76.353
Africa Eastern and Southern,AFE,"Life expectancy at birth, total (years)",SP.DYN.LE00.IN,2023,65.1462279163724
Afghanistan,AFG,"Life expectancy at birth, total (years)",SP.DYN.LE00.IN,2023,66.035
Africa Western and Central,AFW,"Life expectancy at birth, total (years)",SP.DYN.LE00.IN,2023,58.8557398136649
Angola,AGO,"Life expectancy at birth, total (years)",SP.DYN.LE00.IN,2023,64.617
Albania,ALB,"Life expectancy at birth, total (years)",SP.DYN.LE00.IN,2023,79.602
Andorra,AND,"Life expectancy at birth, total (years)",SP.DYN.LE00.IN,2023,84.041
Arab World,ARB,"Life expectancy at birth, total (years)",SP.DYN.LE00.IN,2023,72.4446783578531
United Arab Emirates,ARE,"Life expectancy at birth, total (years)",SP.DYN.LE00.IN,2023,82.909
Argentina,ARG,"Life expectancy at birth, total (years)",SP.DYN.LE00.IN,2023,77.395
Armenia,ARM,"Life expectancy at birth, total (years)",SP.DYN.LE00.IN,2023,77.4658536585366
American Samoa,ASM,"Life expectancy at birth, total (years)",SP.DYN.LE00.IN,2023,72.852
Antigua and Barbuda,ATG,"Life expectancy at birth, total (years)",SP.DYN.LE00.IN,2023,77.598
Australia,AUS,"Life expectancy at birth, total (years)",SP.DYN.LE00.IN,2023,83.0512195121951
Austria,AUT,"Life expectancy at birth, total (years)",SP.DYN.LE00.IN,2023,81.7926829268293
Azerbaijan,AZE,"Life expectancy at birth, total (years)",SP.DYN.LE00.IN,2023,74.429
Burundi,BDI,"Life expectancy at birth, total (years)",SP.DYN.LE00.IN,2023,63.651
Belgium,BEL,"Life expectancy at birth, total (years)",SP.DYN.LE00.IN,2023,82.4
Benin,BEN,"Life expectancy at birth, total (years)",SP.DYN.LE00.IN,2023,60.774
Burkina Faso,BFA,"Life expectancy at birth, total (years)",SP.DYN.LE00.IN,2023,61.092
Bangladesh,BGD,"Life expectancy at birth, total (years)",SP.DYN.LE00.IN,2023,74.672
Bulgaria,BGR,"Life expectancy at birth, total (years)",SP.DYN.LE00.IN,2023,75.7560975609756
Bahrain,BHR,"Life expectancy at birth, total (years)",SP.DYN.LE00.IN,2023,81.284
"Bahamas, The",BHS,"Life expectancy at birth, total (years)",SP.DYN.LE00.IN,2023,74.552
Bosnia and Herzegovina,BIH,"Life expectancy at birth, total (years)",SP.DYN.LE00.IN,2023,77.85
Belarus,BLR,"Life expectancy at birth, total (years)",SP.DYN.LE00.IN,2023,74.1837804878049
Belize,BLZ,"Life expectancy at birth, total (years)",SP.DYN.LE00.IN,2023,73.566
Bermuda,BMU,"Life expectancy at birth, total (years)",SP.DYN.LE00.IN,2023,82.309
Bolivia,BOL,"Life expectancy at birth, total (years)",SP.DYN.LE00.IN,2023,68.581
Brazil,BRA,"Life expectancy at birth, total (years)",SP.DYN.LE00.IN,2023,75.848
Barbados,BRB,"Life expectancy at birth, total (years)",SP.DYN.LE00.IN,2023,76.178
Brunei Darussalam,BRN,"Life expectancy at birth, total (years)",SP.DYN.LE00.IN,2023,75.327
Bhutan,BTN,"Life expectancy at birth, total (years)",SP.DYN.LE00.IN,2023,72.975
Botswana,BWA,"Life expectancy at birth, total (years)",SP.DYN.LE00.IN,2023,69.163
Central African Republic,CAF,"Life expectancy at birth, total (years)",SP.DYN.LE00.IN,2023,57.408
Canada,CAN,"Life expectancy at birth, total (years)",SP.DYN.LE00.IN,2023,81.6263414634146
Central Europe and the Baltics,CEB,"Life expectancy at birth, total (years)",SP.DYN.LE00.IN,2023,77.7580384683685
Switzerland,CHE,"Life expectancy at birth, total (years)",SP.DYN.LE00.IN,2023,84.1560975609756
Channel Islands,CHI,"Life expectancy at birth, total (years)",SP.DYN.LE00.IN,2023,81.1
Chile,CHL,"Life expectancy at birth, total (years)",SP.DYN.LE00.IN,2023,81.167
China,CHN,"Life expectancy at birth, total (years)",SP.DYN.LE00.IN,2023,77.953
Cote d'Ivoire,CIV,"Life expectancy at birth, total (years)",SP.DYN.LE00.IN,2023,61.944
Cameroon,CMR,"Life expectancy at birth, total (years)",SP.DYN.LE00.IN,2023,63.7
"Congo, Dem. Rep.",COD,"Life expectancy at birth, total (years)",SP.DYN.LE00.IN,2023,61.895
"Congo, Rep.",COG,"Life expectancy at birth, total (years)",SP.DYN.LE00.IN,2023,65.772
Colombia,COL,"Life expectancy at birth, total (years)",SP.DYN.LE00.IN,2023,77.725
Comoros,COM,"Life expectancy at birth, total (years)",SP.DYN.LE00.IN,2023,66.777
Cabo Verde,CPV,"Life expectancy at birth, total (years)",SP.DYN.LE00.IN,2023,76.059
Costa Rica,CRI,"Life expectancy at birth, total (years)",SP.DYN.LE00.IN,2023,80.799
Caribbean small states,CSS,"Life expectancy at birth, total (years)",SP.DYN.LE00.IN,2023,73.1716450013098
Cuba,CUB,"Life expectancy at birth, total (years)",SP.DYN.LE00.IN,2023,78.085
Curacao,CUW,"Life expectancy at birth, total (years)",SP.DYN.LE00.IN,2023,76.8
Cayman Islands,CYM,"Life expectancy at birth, total (years)",SP.DYN.LE00.IN,2023,80.358
Cyprus,CYP,"Life expectancy at birth, total (years)",SP.DYN.LE00.IN,2023,81.648
Czechia,CZE,"Life expectancy at birth, total (years)",SP.DYN.LE00.IN,2023,79.8268292682927
Germany,DEU,"Life expectancy at birth, total (years)",SP.DYN.LE00.IN,2023,81.0414634146342
Djibouti,DJI,"Life expectancy at birth, total (years)",SP.DYN.LE00.IN,2023,65.987
Dominica,DMA,"Life expectancy at birth, total (years)",SP.DYN.LE00.IN,2023,71.132
Denmark,DNK,"Life expectancy at birth, total (years)",SP.DYN.LE00.IN,2023,81.7536585365854
Dominican Republic,DOM,"Life expectancy at birth, total (years)",SP.DYN.LE00.IN,2023,73.72
Algeria,DZA,"Life expectancy at birth, total (years)",SP.DYN.LE00.IN,2023,76.261
East Asia & Pacific (excluding high income),EAP,"Life expectancy at birth, total (years)",SP.DYN.LE00.IN,2023,75.8806830895266
Early-demographic dividend,EAR,"Life expectancy at birth, total (years)",SP.DYN.LE00.IN,2023,71.7962449795855
East Asia & Pacific,EAS,"Life expectancy at birth, total (years)",SP.DYN.LE00.IN,2023,76.6572021082574
Europe & Central Asia (excluding high income),ECA,"Life expectancy at birth, total (years)",SP.DYN.LE00.IN,2023,74.7901887741185
Europe & Central Asia,ECS,"Life expectancy at birth, total (years)",SP.DYN.LE00.IN,2023,78.3911328035275
Ecuador,ECU,"Life expectancy at birth, total (years)",SP.DYN.LE00.IN,2023,77.392
"Egypt, Arab Rep.",EGY,"Life expectancy at birth, total (years)",SP.DYN.LE00.IN,2023,71.633
Euro area,EMU,"Life expectancy at birth, total (years)",SP.DYN.LE00.IN,2023,82.2555207096815
Eritrea,ERI,"Life expectancy at birth, total (years)",SP.DYN.LE00.IN,2023,68.624
Spain,ESP,"Life expectancy at birth, total (years)",SP.DYN.LE00.IN,2023,83.9341463414634
Estonia,EST,"Life expectancy at birth, total (years)",SP.DYN.LE00.IN,2023,78.7926829268293
Ethiopia,ETH,"Life expectancy at birth, total (years)",SP.DYN.LE00.IN,2023,67.315
European Union,EUU,"Life expectancy at birth, total (years)",SP.DYN.LE00.IN,2023,81.4249329538218
Fragile and conflict affected situations,FCS,"Life expectancy at birth, total (years)",SP.DYN.LE00.IN,2023,63.3499447771075
Finland,FIN,"Life expectancy at birth, total (years)",SP.DYN.LE00.IN,2023,81.5853658536585
Fiji,FJI,"Life expectancy at birth, total (years)",SP.DYN.LE00.IN,2023,67.316
France,FRA,"Life expectancy at birth, total (years)",SP.DYN.LE00.IN,2023,82.8317073170732
Faroe Islands,FRO,"Life expectancy at birth, total (years)",SP.DYN.LE00.IN,2023,82.9521195121951
"Micronesia, Fed. Sts.",FSM,"Life expectancy at birth, total (years)",SP.DYN.LE00.IN,2023,67.198
Gabon,GAB,"Life expectancy at birth, total (years)",SP.DYN.LE00.IN,2023,68.337
United Kingdom,GBR,"Life expectancy at birth, total (years)",SP.DYN.LE00.IN,2023,81.2380975609756
Georgia,GEO,"Life expectancy at birth, total (years)",SP.DYN.LE00.IN,2023,74.496
Ghana,GHA,"Life expectancy at birth, total (years)",SP.DYN.LE00.IN,2023,65.498
Gibraltar,GIB,"Life expectancy at birth, total (years)",SP.DYN.LE00.IN,2023,83.553
Guinea,GIN,"Life expectancy at birth, total (years)",SP.DYN.LE00.IN,2023,60.74
"Gambia, The",GMB,"Life expectancy at birth, total (years)",SP.DYN.LE00.IN,2023,65.86
Guinea-Bissau,GNB,"Life expectancy at birth, total (years)",SP.DYN.LE00.IN,2023,64.085
Equatorial Guinea,GNQ,"Life expectancy at birth, total (years)",SP.DYN.LE00.IN,2023,63.707
Greece,GRC,"Life expectancy at birth, total (years)",SP.DYN.LE00.IN,2023,81.7365853658537
Grenada,GRD,"Life expectancy at birth, total (years)",SP.DYN.LE00.IN,2023,75.205
Greenland,GRL,"Life expectancy at birth, total (years)",SP.DYN.LE00.IN,2023,70.9724390243902
Guatemala,GTM,"Life expectancy at birth, total (years)",SP.DYN.LE00.IN,2023,72.602
Guam,GUM,"Life expectancy at birth, total (years)",SP.DYN.LE00.IN,2023,77.209
Guyana,GUY,"Life expectancy at birth, total (years)",SP.DYN.LE00.IN,2023,70.18
High income,HIC,"Life expectancy at birth, total (years)",SP.DYN.LE00.IN,2023,80.1496259588259
"Hong Kong SAR, China",HKG,"Life expectancy at birth, total (years)",SP.DYN.LE00.IN,2023,85.2473170731707
Honduras,HND,"Life expectancy at birth, total (years)",SP.DYN.LE00.IN,2023,72.884
Heavily indebted poor countries (HIPC),HPC,"Life expectancy at birth, total (years)",SP.DYN.LE00.IN,2023,64.7159155608789
Croatia,HRV,"Life expectancy at birth, total (years)",SP.DYN.LE00.IN,2023,78.4731707317073
Haiti,HTI,"Life expectancy at birth, total (years)",SP.DYN.LE00.IN,2023,64.936
Hungary,HUN,"Life expectancy at birth, total (years)",SP.DYN.LE00.IN,2023,76.5707317073171
IBRD only,IBD,"Life expectancy at birth, total (years)",SP.DYN.LE00.IN,2023,74.5179789642607
IDA & IBRD total,IBT,"Life expectancy at birth, total (years)",SP.DYN.LE00.IN,2023,71.9985367096848
IDA total,IDA,"Life expectancy at birth, total (years)",SP.DYN.LE00.IN,2023,65.4535271943526
IDA blend,IDB,"Life expectancy at birth, total (years)",SP.DYN.LE00.IN,2023,62.4621643327349
Indonesia,IDN,"Life expectancy at birth, total (years)",SP.DYN.LE00.IN,2023,71.146
IDA only,IDX,"Life expectancy at birth, total (years)",SP.DYN.LE00.IN,2023,67.0538393822484
Isle of Man,IMN,"Life expectancy at birth, total (years)",SP.DYN.LE00.IN,2023,80.999
India,IND,"Life expectancy at birth, total (years)",SP.DYN.LE00.IN,2023,72.003
Ireland,IRL,"Life expectancy at birth, total (years)",SP.DYN.LE00.IN,2023,82.8073170731707
"Iran, Islamic Rep.",IRN,"Life expectancy at birth, total (years)",SP.DYN.LE00.IN,2023,77.654
Iraq,IRQ,"Life expectancy at birth, total (years)",SP.DYN.LE00.IN,2023,72.324
Iceland,ISL,"Life expectancy at birth, total (years)",SP.DYN.LE00.IN,2023,82.4560975609756
Israel,ISR,"Life expectancy at birth, total (years)",SP.DYN.LE00.IN,2023,83.1951219512195
Italy,ITA,"Life expectancy at birth, total (years)",SP.DYN.LE00.IN,2023,83.3512195121951
Jamaica,JAM,"Life expectancy at birth, total (years)",SP.DYN.LE00.IN,2023,71.479
Jordan,JOR,"Life expectancy at birth, total (years)",SP.DYN.LE00.IN,2023,77.814
Japan,JPN,"Life expectancy at birth, total (years)",SP.DYN.LE00.IN,2023,84.0412195121951
Kazakhstan,KAZ,"Life expectancy at birth, total (years)",SP.DYN.LE00.IN,2023,74.402
Kenya,KEN,"Life expectancy at birth, total (years)",SP.DYN.LE00.IN,2023,63.646
Kyrgyz Republic,KGZ,"Life expectancy at birth, total (years)",SP.DYN.LE00.IN,2023,72.2487804878049
Cambodia,KHM,"Life expectancy at birth, total (years)",SP.DYN.LE00.IN,2023,70.668
Kiribati,KIR,"Life expectancy at birth, total (years)",SP.DYN.LE00.IN,2023,66.473
St. Kitts and Nevis,KNA,"Life expectancy at birth, total (years)",SP.DYN.LE00.IN,2023,72.145
"Korea, Rep.",KOR,"Life expectancy at birth, total (years)",SP.DYN.LE00.IN,2023,83.4292682926829
Kuwait,KWT,"Life expectancy at birth, total (years)",SP.DYN.LE00.IN,2023,83.1878048780488
Latin America & Caribbean (excluding high income),LAC,"Life expectancy at birth, total (years)",SP.DYN.LE00.IN,2023,75.4986013301867
Lao PDR,LAO,"Life expectancy at birth, total (years)",SP.DYN.LE00.IN,2023,68.964
Lebanon,LBN,"Life expectancy at birth, total (years)",SP.DYN.LE00.IN,2023,77.817
Liberia,LBR,"Life expectancy at birth, total (years)",SP.DYN.LE00.IN,2023,62.163
Libya,LBY,"Life expectancy at birth, total (years)",SP.DYN.LE00.IN,2023,69.339
St. Lucia,LCA,"Life expectancy at birth, total (years)",SP.DYN.LE00.IN,2023,72.697
Latin America & Caribbean,LCN,"Life expectancy at birth, total (years)",SP.DYN.LE00.IN,2023,75.6435273174016
Least developed countries: UN classification,LDC,"Life expectancy at birth, total (years)",SP.DYN.LE00.IN,2023,66.5161082750607
Low income,LIC,"Life expectancy at birth, total (years)",SP.DYN.LE00.IN,2023,64.5179111025439
Liechtenstein,LIE,"Life expectancy at birth, total (years)",SP.DYN.LE00.IN,2023,84.5951219512195
Sri Lanka,LKA,"Life expectancy at birth, total (years)",SP.DYN.LE00.IN,2023,77.483
Lower middle income,LMC,"Life expectancy at birth, total (years)",SP.DYN.LE00.IN,2023,69.5963746571515
Low & middle income,LMY,"Life expectancy at birth, total (years)",SP.DYN.LE00.IN,2023,71.9735329954044
Lesotho,LSO,"Life expectancy at birth, total (years)",SP.DYN.LE00.IN,2023,57.375
Late-demographic dividend,LTE,"Life expectancy at birth, total (years)",SP.DYN.LE00.IN,2023,77.1240563291033
Lithuania,LTU,"Life expectancy at birth, total (years)",SP.DYN.LE00.IN,2023,77.290243902439
Luxembourg,LUX,"Life expectancy at birth, total (years)",SP.DYN.LE00.IN,2023,83.309756097561
Latvia,LVA,"Life expectancy at birth, total (years)",SP.DYN.LE00.IN,2023,75.4268292682927
"Macao SAR, China",MAC,"Life expectancy at birth, total (years)",SP.DYN.LE00.IN,2023,83.1804878048781
St. Martin (French part),MAF,"Life expectancy at birth, total (years)",SP.DYN.LE00.IN,2023,80.224
Morocco,MAR,"Life expectancy at birth, total (years)",SP.DYN.LE00.IN,2023,75.313
Monaco,MCO,"Life expectancy at birth, total (years)",SP.DYN.LE00.IN,2023,86.372
Moldova,MDA,"Life expectancy at birth, total (years)",SP.DYN.LE00.IN,2023,71.198
Madagascar,MDG,"Life expectancy at birth, total (years)",SP.DYN.LE00.IN,2023,63.632
Maldives,MDV,"Life expectancy at birth, total (years)",SP.DYN.LE00.IN,2023,81.041
"Middle East, North Africa, Afghanistan & Pakistan",MEA,"Life expectancy at birth, total (years)",SP.DYN.LE00.IN,2023,72.0838364704563
Mexico,MEX,"Life expectancy at birth, total (years)",SP.DYN.LE00.IN,2023,75.069
Marshall Islands,MHL,"Life expectancy at birth, total (years)",SP.DYN.LE00.IN,2023,66.945
Middle income,MIC,"Life expectancy at birth, total (years)",SP.DYN.LE00.IN,2023,72.7427166791526
North Macedonia,MKD,"Life expectancy at birth, total (years)",SP.DYN.LE00.IN,2023,75.3160975609756
Mali,MLI,"Life expectancy at birth, total (years)",SP.DYN.LE00.IN,2023,60.439
Malta,MLT,"Life expectancy at birth, total (years)",SP.DYN.LE00.IN,2023,83.3560975609756
Myanmar,MMR,"Life expectancy at birth, total (years)",SP.DYN.LE00.IN,2023,66.889
"Middle East, North Africa, Afghanistan & Pakistan (excluding high income)",MNA,"Life expectancy at birth, total (years)",SP.DYN.LE00.IN,2023,71.2758849884582
Montenegro,MNE,"Life expectancy at birth, total (years)",SP.DYN.LE00.IN,2023,77.5878048780488
Mongolia,MNG,"Life expectancy at birth, total (years)",SP.DYN.LE00.IN,2023,72.1224390243902
Northern Mariana Islands,MNP,"Life expectancy at birth, total (years)",SP.DYN.LE00.IN,2023,78.808
Mozambique,MOZ,"Life expectancy at birth, total (years)",SP.DYN.LE00.IN,2023,63.611
Mauritania,MRT,"Life expectancy at birth, total (years)",SP.DYN.LE00.IN,2023,68.484
Mauritius,MUS,"Life expectancy at birth, total (years)",SP.DYN.LE00.IN,2023,73.4121951219512
Malawi,MWI,"Life expectancy at birth, total (years)",SP.DYN.LE00.IN,2023,67.353
Malaysia,MYS,"Life expectancy at birth, total (years)",SP.DYN.LE00.IN,2023,76.657
North America,NAC,"Life expectancy at birth, total (years)",SP.DYN.LE00.IN,2023,78.7306687358934
Namibia,NAM,"Life expectancy at birth, total (years)",SP.DYN.LE00.IN,2023,67.385
New Caledonia,NCL,"Life expectancy at birth, total (years)",SP.DYN.LE00.IN,2023,78.766
Niger,NER,"Life expectancy at birth, total (years)",SP.DYN.LE00.IN,2023,61.183
Nigeria,NGA,"Life expectancy at birth, total (years)",SP.DYN.LE00.IN,2023,54.462
Nicaragua,NIC,"Life expectancy at birth, total (years)",SP.DYN.LE00.IN,2023,74.947
Netherlands,NLD,"Life expectancy at birth, total (years)",SP.DYN.LE00.IN,2023,81.8634146341464
Norway,NOR,"Life expectancy at birth, total (years)",SP.DYN.LE00.IN,2023,83.0121951219512
Nepal,NPL,"Life expectancy at birth, total (years)",SP.DYN.LE00.IN,2023,70.354
Nauru,NRU,"Life expectancy at birth, total (years)",SP.DYN.LE00.IN,2023,62.109
New Zealand,NZL,"Life expectancy at birth, total (years)",SP.DYN.LE00.IN,2023,81.7585365853659
OECD members,OED,"Life expectancy at birth, total (years)",SP.DYN.LE00.IN,2023,80.1629177851037
Oman,OMN,"Life expectancy at birth, total (years)",SP.DYN.LE00.IN,2023,80.031
Other small states,OSS,"Life expectancy at birth, total (years)",SP.DYN.LE00.IN,2023,73.5849815358082
Pakistan,PAK,"Life expectancy at birth, total (years)",SP.DYN.LE00.IN,2023,67.649
Panama,PAN,"Life expectancy at birth, total (years)",SP.DYN.LE00.IN,2023,79.594
Peru,PER,"Life expectancy at birth, total (years)",SP.DYN.LE00.IN,2023,77.74
Philippines,PHL,"Life expectancy at birth, total (years)",SP.DYN.LE00.IN,2023,69.833
Palau,PLW,"Life expectancy at birth, total (years)",SP.DYN.LE00.IN,2023,69.269
Papua New Guinea,PNG,"Life expectancy at birth, total (years)",SP.DYN.LE00.IN,2023,66.134
Poland,POL,"Life expectancy at birth, total (years)",SP.DYN.LE00.IN,2023,78.2585365853659
Pre-demographic dividend,PRE,"Life expectancy at birth, total (years)",SP.DYN.LE00.IN,2023,62.163638519596
Puerto Rico (US),PRI,"Life expectancy at birth, total (years)",SP.DYN.LE00.IN,2023,81.69
"Korea, Dem. People's Rep.",PRK,"Life expectancy at birth, total (years)",SP.DYN.LE00.IN,2023,73.642
Portugal,PRT,"Life expectancy at birth, total (years)",SP.DYN.LE00.IN,2023,82.3292682926829
Paraguay,PRY,"Life expectancy at birth, total (years)",SP.DYN.LE00.IN,2023,73.844
West Bank and Gaza,PSE,"Life expectancy at birth, total (years)",SP.DYN.LE00.IN,2023,65.17
Pacific island small states,PSS,"Life expectancy at birth, total (years)",SP.DYN.LE00.IN,2023,69.2745949035856
Post-demographic dividend,PST,"Life expectancy at birth, total (years)",SP.DYN.LE00.IN,2023,80.8341681111503
French Polynesia,PYF,"Life expectancy at birth, total (years)",SP.DYN.LE00.IN,2023,84.07
Qatar,QAT,"Life expectancy at birth, total (years)",SP.DYN.LE00.IN,2023,82.368
Romania,ROU,"Life expectancy at birth, total (years)",SP.DYN.LE00.IN,2023,76.4048780487805
Russian Federation,RUS,"Life expectancy at birth, total (years)",SP.DYN.LE00.IN,2023,73.2546341463415
Rwanda,RWA,"Life expectancy at birth, total (years)",SP.DYN.LE00.IN,2023,67.785
South Asia,SAS,"Life expectancy at birth, total (years)",SP.DYN.LE00.IN,2023,72.3247648783903
Saudi Arabia,SAU,"Life expectancy at birth, total (years)",SP.DYN.LE00.IN,2023,78.732
Sudan,SDN,"Life expectancy at birth, total (years)",SP.DYN.LE00.IN,2023,66.331
Senegal,SEN,"Life expectancy at birth, total (years)",SP.DYN.LE00.IN,2023,68.683
Singapore,SGP,"Life expectancy at birth, total (years)",SP.DYN.LE00.IN,2023,83.0975609756098
Solomon Islands,SLB,"Life expectancy at birth, total (years)",SP.DYN.LE00.IN,2023,70.528
Sierra Leone,SLE,"Life expectancy at birth, total (years)",SP.DYN.LE00.IN,2023,61.786
El Salvador,SLV,"Life expectancy at birth, total (years)",SP.DYN.LE00.IN,2023,72.099
San Marino,SMR,"Life expectancy at birth, total (years)",SP.DYN.LE00.IN,2023,85.706
"Somalia, Fed. Rep.",SOM,"Life expectancy at birth, total (years)",SP.DYN.LE00.IN,2023,58.816
Serbia,SRB,"Life expectancy at birth, total (years)",SP.DYN.LE00.IN,2023,76.1414634146341
Sub-Saharan Africa (excluding high income),SSA,"Life expectancy at birth, total (years)",SP.DYN.LE00.IN,2023,62.0653637736909
South Sudan,SSD,"Life expectancy at birth, total (years)",SP.DYN.LE00.IN,2023,57.617
Sub-Saharan Africa,SSF,"Life expectancy at birth, total (years)",SP.DYN.LE00.IN,2023,62.6028583619521
Small states,SST,"Life expectancy at birth, total (years)",SP.DYN.LE00.IN,2023,72.9130400157843
Sao Tome and Principe,STP,"Life expectancy at birth, total (years)",SP.DYN.LE00.IN,2023,69.718
Suriname,SUR,"Life expectancy at birth, total (years)",SP.DYN.LE00.IN,2023,73.631
Slovak Republic,SVK,"Life expectancy at birth, total (years)",SP.DYN.LE00.IN,2023,78.119512195122
Slovenia,SVN,"Life expectancy at birth, total (years)",SP.DYN.LE00.IN,2023,81.9292682926829
Sweden,SWE,"Life expectancy at birth, total (years)",SP.DYN.LE00.IN,2023,83.309756097561
Eswatini,SWZ,"Life expectancy at birth, total (years)",SP.DYN.LE00.IN,2023,64.123
Sint Maarten (Dutch part),SXM,"Life expectancy at birth, total (years)",SP.DYN.LE00.IN,2023,76.371
Seychelles,SYC,"Life expectancy at birth, total (years)",SP.DYN.LE00.IN,2023,75.419512195122
Syrian Arab Republic,SYR,"Life expectancy at birth, total (years)",SP.DYN.LE00.IN,2023,72.12
Turks and Caicos Islands,TCA,"Life expectancy at birth, total (years)",SP.DYN.LE00.IN,2023,78.008
Chad,TCD,"Life expectancy at birth, total (years)",SP.DYN.LE00.IN,2023,55.069
East Asia & Pacific (IDA & IBRD countries),TEA,"Life expectancy at birth, total (years)",SP.DYN.LE00.IN,2023,75.9085643603807
Europe & Central Asia (IDA & IBRD countries),TEC,"Life expectancy at birth, total (years)",SP.DYN.LE00.IN,2023,74.6977585417017
Togo,TGO,"Life expectancy at birth, total (years)",SP.DYN.LE00.IN,2023,62.74
Thailand,THA,"Life expectancy at birth, total (years)",SP.DYN.LE00.IN,2023,76.412
Tajikistan,TJK,"Life expectancy at birth, total (years)",SP.DYN.LE00.IN,2023,71.79
Turkmenistan,TKM,"Life expectancy at birth, total (years)",SP.DYN.LE00.IN,2023,70.073
Latin America & the Caribbean (IDA & IBRD countries),TLA,"Life expectancy at birth, total (years)",SP.DYN.LE00.IN,2023,75.5699258379688
Timor-Leste,TLS,"Life expectancy at birth, total (years)",SP.DYN.LE00.IN,2023,67.689
"Middle East, North Africa, Afghanistan & Pakistan (IDA & IBRD)",TMN,"Life expectancy at birth, total (years)",SP.DYN.LE00.IN,2023,71.3194560888195
Tonga,TON,"Life expectancy at birth, total (years)",SP.DYN.LE00.IN,2023,72.895
South Asia (IDA & IBRD),TSA,"Life expectancy at birth, total (years)",SP.DYN.LE00.IN,2023,72.3247648783903
Sub-Saharan Africa (IDA & IBRD countries),TSS,"Life expectancy at birth, total (years)",SP.DYN.LE00.IN,2023,62.6028583619521
Trinidad and Tobago,TTO,"Life expectancy at birth, total (years)",SP.DYN.LE00.IN,2023,73.49
Tunisia,TUN,"Life expectancy at birth, total (years)",SP.DYN.LE00.IN,2023,76.508
Turkiye,TUR,"Life expectancy at birth, total (years)",SP.DYN.LE00.IN,2023,77.156
Tuvalu,TUV,"Life expectancy at birth, total (years)",SP.DYN.LE00.IN,2023,67.105
Tanzania,TZA,"Life expectancy at birth, total (years)",SP.DYN.LE00.IN,2023,66.995
Uganda,UGA,"Life expectancy at birth, total (years)",SP.DYN.LE00.IN,2023,68.252
Ukraine,UKR,"Life expectancy at birth, total (years)",SP.DYN.LE00.IN,2023,73.422
Upper middle income,UMC,"Life expectancy at birth, total (years)",SP.DYN.LE00.IN,2023,76.1947274320673
Uruguay,URY,"Life expectancy at birth, total (years)",SP.DYN.LE00.IN,2023,78.138
United States,USA,"Life expectancy at birth, total (years)",SP.DYN.LE00.IN,2023,78.3853658536585
Uzbekistan,UZB,"Life expectancy at birth, total (years)",SP.DYN.LE00.IN,2023,72.388
St. Vincent and the Grenadines,VCT,"Life expectancy at birth, total (years)",SP.DYN.LE00.IN,2023,71.23
"Venezuela, RB",VEN,"Life expectancy at birth, total (years)",SP.DYN.LE00.IN,2023,72.514
British Virgin Islands,VGB,"Life expectancy at birth, total (years)",SP.DYN.LE00.IN,2023,77.276
Virgin Islands (U.S.),VIR,"Life expectancy at birth, total (years)",SP.DYN.LE00.IN,2023,80.519512195122
Viet Nam,VNM,"Life expectancy at birth, total (years)",SP.DYN.LE00.IN,2023,74.588
Vanuatu,VUT,"Life expectancy at birth, total (years)",SP.DYN.LE00.IN,2023,71.477
World,WLD,"Life expectancy at birth, total (years)",SP.DYN.LE00.IN,2023,73.3288401042825
Samoa,WSM,"Life expectancy at birth, total (years)",SP.DYN.LE00.IN,2023,71.698
Kosovo,XKX,"Life expectancy at birth, total (years)",SP.DYN.LE00.IN,2023,78.033
"Yemen, Rep.",YEM,"Life expectancy at birth, total (years)",SP.DYN.LE00.IN,2023,69.295
South Africa,ZAF,"Life expectancy at birth, total (years)",SP.DYN.LE00.IN,2023,66.139
Zambia,ZMB,"Life expectancy at birth, total (years)",SP.DYN.LE00.IN,2023,66.349
Zimbabwe,ZWE,"Life expectancy at birth, total (years)",SP.DYN.LE00.IN,2023,62.775
